label,C_wt_percent,Mn_wt_percent,P_wt_percent,S_wt_percent,yield_strength_MPa,ultimate_tensile_strength_MPa,uniform_strain,fracture_strain,youngs_modulus_MPa
Base steel,0.05,0.5,0.01,0.01,457.7461179749811,671.146117974981,0.09552786404500041,0.20305572809000083,210000.0
Higher carbon,0.25,0.5,0.01,0.01,706.5,969.9,0.09,0.192,210000.0
Low impurity,0.02,0.3,0.003,0.003,363.4792206135786,561.4992206135786,0.10567157287525382,0.22894314575050762,210000.0
Phosphorus-rich,0.05,0.5,0.04,0.01,493.7461179749811,704.7461179749811,0.06852786404500041,0.13705572809000083,210000.0
Mn-strengthened,0.05,1.5,0.01,0.01,492.7461179749811,751.146117974981,0.10552786404500042,0.2230557280900009,210000.0
Random_0000,0.20629379965820233,0.20225993572422307,0.011797633765857959,0.008190500617248119,655.7458038536931,894.8219001251852,0.0874065131497936,0.18681777254634474,210000.0
Random_0001,0.05689224082008395,1.64297956264597,0.046243904903325764,0.011786401514087143,555.9163014127338,819.4310174234304,0.07296802142109705,0.1427239202752289,210000.0
Random_0002,0.24682759566993562,1.7907961169112532,0.026135552306247065,0.010553619441683062,768.5637809077298,1087.9213713463857,0.08811744308538787,0.18155921747160364,210000.0
Random_0003,0.24815127084873634,0.5061496304126814,0.037331885559500774,0.025567667978997552,748.7439236391849,1008.5265104368597,0.05615924170610999,0.10715866199682061,210000.0
Random_0004,0.2785851412649243,0.5406255583521957,0.04015713130238406,0.021208436437255854,776.9868455008218,1046.0520355237306,0.05598354248481046,0.10742085787376493,210000.0
Random_0005,0.07330890932103491,0.41521758715741464,0.0253916594563919,0.023726260983997476,525.291552106926,738.3741372240373,0.07164880215886855,0.14365043614158132,210000.0
Random_0006,0.05937970629140152,0.12830034184444128,0.024085528215632583,0.029401489799147206,493.2857526642715,689.6252331789394,0.06709154383418557,0.1327882804624592,210000.0
Random_0007,0.2759871450731953,1.2885146108973817,0.04593900605483252,0.03472291979265722,817.3411706694002,1117.8681603602818,0.050199393046978374,0.08813401575496083,210000.0
Random_0008,0.06935214760874645,1.7456421184026616,0.036806844882191436,0.011836746321658185,570.5645736975313,842.5650186315296,0.08196125381328946,0.16446507114503905,210000.0
Random_0009,0.24012784818912203,1.7439212544030993,0.015672456886235406,0.021554641277181583,755.9580151876416,1071.4882658299884,0.09060064826619853,0.1863104572670303,210000.0
Random_0010,0.026088607953902086,1.2081529792870103,0.012657413581851261,0.03083358219804229,444.42547269343856,681.8352290874382,0.08895931459301099,0.18052223087406455,210000.0
Random_0011,0.05622133267174375,0.694210286876457,0.0017092493627132816,0.0022695249426569856,461.3364694341995,686.3129635671463,0.10929985586120824,0.23700820200026837,210000.0
Random_0012,0.15152704332962544,0.9897938154104946,0.007256825821731409,0.01104493769147143,621.4207032934619,882.3790447382843,0.09895453735779745,0.21058836931031374,210000.0
Random_0013,0.005938427241526926,0.8240287208500562,0.029217781117811363,0.017664652080035054,365.62267141293034,580.4379760057368,0.07980426912365418,0.16085556496816983,210000.0
Random_0014,0.251355192456028,1.2713333776793607,0.014038111688552464,0.03262986234140524,755.4013306673685,1051.71669285455,0.0804740486348456,0.16228090765770808,210000.0
Random_0015,0.15234859133939008,1.5417396099073488,0.028738365230009225,0.018060174100733104,672.3757655489638,956.0973126831826,0.08091039139705458,0.16310136706181225,210000.0
Random_0016,0.12186556110313991,0.14224704704776978,0.02399818862023017,0.02531877768416612,585.6828513170999,798.6050014056829,0.06765098445849896,0.13557518239523939,210000.0
Random_0017,0.2841034591981689,0.9271195523144249,0.024796428750919863,0.021245490615200327,776.7889496856128,1065.8518407900144,0.07354684400213253,0.14867692025781698,210000.0
Random_0018,0.1255343390976742,1.1997118658173698,0.00444718299051054,0.020046969416925735,600.2368423954233,863.6479289390286,0.09888030722963978,0.2079629534963051,210000.0
Random_0019,0.18499272434901104,1.5133703039073474,0.022061685701278085,0.012809283176172987,695.5055066484578,987.0656739013451,0.0889904598922895,0.18403253223359853,210000.0
Random_0020,0.006737559828653572,1.5373100432773188,0.004801222539730246,0.02010953346869764,367.5183682058365,616.388849629805,0.10734462726101149,0.2247249521186518,210000.0
Random_0021,0.09478652355082459,1.6975621081350858,0.04757331725025412,0.01343610857064094,622.9947112521103,898.2008829402238,0.06994048639667917,0.1354772024650003,210000.0
Random_0022,0.26984164523324594,0.7413051961596502,0.04079349341516525,0.032154900324305444,784.9228628696656,1059.9061365060036,0.051016710833834175,0.09285406417188005,210000.0
Random_0023,0.1983091272182683,0.5345365640736502,0.0077460487723711524,0.017550474418153442,661.0765870330187,912.6842923656579,0.088937254502024,0.18775589972783815,210000.0
Random_0024,0.04970393214069552,1.759218602697298,0.009777211116902274,0.0021814918028807604,495.4817569539019,766.1158808768715,0.11302492520098364,0.24126636923405412,210000.0
Random_0025,0.1699786547544313,0.914731881368837,0.04307127365640836,0.0072724236456307816,679.8480499406683,939.4781525067107,0.06777402479880622,0.13541057067679677,210000.0
Random_0026,0.11130434132058319,1.3169688799819028,0.046622888130976245,0.011210239861526892,630.1492919269912,892.6123266169222,0.06781048451019352,0.13248771782338573,210000.0
Random_0027,0.20798903200664484,0.3832000394751889,0.03726759369763274,0.012434070037821324,697.2892937259447,942.5544204051531,0.0637095611357301,0.12753845677727854,210000.0
Random_0028,0.07690480584827016,0.5366607319053424,0.01916190709321069,0.013813648411764752,521.0324097738993,741.7702997313093,0.08428635873794663,0.17538249527390307,210000.0
Random_0029,0.18572929318635453,1.1349592603641085,0.03773251213965453,0.012503217131615566,701.621734697907,975.1083663691788,0.07126913708730609,0.1424439824661041,210000.0
Random_0030,0.28836334987063394,1.132617241340201,0.03429178327206636,0.027842110691214738,803.5764860887656,1101.6643878996706,0.0630184062708906,0.1211832549564687,210000.0
Random_0031,0.04992784886105381,0.3755464579475395,0.023640147280439217,0.021355407803160677,477.56195241563233,683.3438608318471,0.07519717925210083,0.15239613647076167,210000.0
Random_0032,0.0852532021825506,0.4422297991937072,0.025692133272419298,0.026725895587939107,547.8000888112737,764.8202880117994,0.06942421049397327,0.13788120944380317,210000.0
Random_0033,0.07248256375956885,0.5149946386410946,0.04779005388918775,0.029270824432405328,558.1657282338497,773.2962576468636,0.04919188602421651,0.08755942071979576,210000.0
Random_0034,0.015129370236301166,1.9650723649641018,0.001416312148302544,0.011333513384400348,409.1119212355531,680.3025341753969,0.11911590458520038,0.2531318789573196,210000.0
Random_0035,0.27561062470270775,0.25273666114062576,0.04288106950679607,0.006642418497483169,757.4404376522576,1013.7543645389204,0.05944922677555674,0.11908905834940174,210000.0
Random_0036,0.05787611793010435,1.5908795992685263,0.04487577877399263,0.018968638716819603,559.3268697548501,820.277927805195,0.06932792070711374,0.13311807441790263,210000.0
Random_0037,0.016352686249654993,0.6990799944038222,0.0017493692349282246,0.014617773720112956,371.88934443539097,586.1267443095735,0.10408815095730693,0.22162944473259744,210000.0
Random_0038,0.19949645557165563,0.6039106511673699,0.032948923083606294,0.03717172766831744,708.6810246786974,960.1214658139892,0.05514903391722224,0.10224980753367499,210000.0
Random_0039,0.1425109337824081,0.4935081652645127,0.04621299798734911,0.037888407826761346,659.0058521187116,890.1133405360879,0.04306021469528741,0.07247986706493063,210000.0
Random_0040,0.04479716790610071,1.8093132141593558,0.015315309175082129,0.005998842285589589,496.39159623338736,767.3048507302299,0.10647698022093705,0.22442829985760535,210000.0
Random_0041,0.03983262361880844,1.5429551464618427,0.005333683206523171,0.03076291800064717,481.5609009314897,738.0643103304011,0.09817986337042495,0.20192108625798177,210000.0
Random_0042,0.07568747342592556,0.895689200853549,0.008007867579793344,0.026454122087775186,527.078656725445,763.5495799469305,0.09037506664209245,0.18696533741715748,210000.0
Random_0043,0.14004684842202847,0.8482772875416781,0.04042898373839253,0.018901589306137518,648.2411016147327,896.678845816053,0.0632711671816164,0.12281010514542073,210000.0
Random_0044,0.20901265950804643,1.5857792464771547,0.031129181653836525,0.038494244896046866,751.2643841684899,1049.3077410129827,0.06560140156913605,0.1233534325183187,210000.0
Random_0045,0.16750902398938997,0.5161238018149178,0.027552112303750452,0.010537722252495121,646.8540701073227,888.9097104218419,0.07585613033321995,0.1564763268439417,210000.0
Random_0046,0.029581470077109605,1.5370879743125598,0.013960379876554595,0.013231977044637556,454.6062997582309,708.9952375678781,0.10142749871912883,0.21197805466978076,210000.0
Random_0047,0.2965611431444675,0.8610598800308521,0.022624292695507375,0.036903350467573856,793.2354416418319,1081.3612105762904,0.06521523955427776,0.12661942184332298,210000.0
Random_0048,0.23806958159275157,1.7330159665477,0.023949478982707342,0.00928763937539305,755.0276522779828,1069.8717967021691,0.09044457004232036,0.1875942927414005,210000.0
Random_0049,0.024363450867770833,0.2516466362446762,0.00771248809811174,0.011504608042601509,386.5950064940858,582.4726001507819,0.09555070307351936,0.20341456769075342,210000.0
Random_0050,0.23432531534905848,0.5360994167124206,0.021667885492041624,0.018867324863995335,713.6365109025568,973.0994966633974,0.07485807027650343,0.15350205641059206,210000.0
Random_0051,0.09635736768109371,0.43632071507916514,0.014133508581450606,0.0342418208675819,555.5740583783817,775.4278061212949,0.07488966027481334,0.15042918877001368,210000.0
Random_0052,0.2982513210405377,0.8042810661919496,0.023625794529414663,0.014064553592845079,777.8574939437365,1065.5977443327279,0.0774183853035897,0.15976063135827553,210000.0
Random_0053,0.11280441797499852,1.4056296395021894,0.037030989388002325,0.013364465983100537,625.2666714539389,892.6894732955989,0.0759924525644575,0.15182672298047387,210000.0
Random_0054,0.047780925342141185,1.4442994049788693,0.022530158870928848,0.036735515747449814,520.0311664523128,772.2286170424269,0.07775277193726679,0.15179927402718205,210000.0
Random_0055,0.12575356219156422,0.15265851327495095,0.03658079335143219,0.03944549372093894,616.0075840247097,828.2335047041838,0.04784422514092582,0.08527793545290316,210000.0
Random_0056,0.14257673892613845,1.9100338387590765,0.008966895710211354,0.009301527833859829,643.9565448388946,944.090778431062,0.10789734852260975,0.22848732762759097,210000.0
Random_0057,0.1057460523248274,0.8712974684857664,0.045073451230070304,0.03892788102835749,624.5006325087986,863.4254250911907,0.04828641634042741,0.08297229977748365,210000.0
Random_0058,0.1555126077246849,1.423814126973582,0.0317533297550011,0.03456077742091633,687.0458162662815,964.6904753371906,0.06703666066165029,0.12754767845293358,210000.0
Random_0059,0.036795550842076294,1.1671821747317166,0.04060814093483304,0.03119485756201221,504.0570432770808,740.0348889707794,0.06257114708550983,0.11642109477228155,210000.0
Random_0060,0.23140127608801597,1.964280066078698,0.0023868869772681726,0.0051378117622762655,728.148213611157,1053.7891597075388,0.11479107801961126,0.24657227654340477,210000.0
Random_0061,0.05023212286573195,1.2036754462671415,0.022111026857832988,0.003501046986564701,492.8253210580447,737.4997809489472,0.0955536973138229,0.2008625650898867,210000.0
Random_0062,0.08735902131648964,0.8424444832564143,0.025787689741808416,0.030473816792290186,567.7714924202255,803.0203289731587,0.07101992207708518,0.13953524154053087,210000.0
Random_0063,0.14926199232991186,1.668882421638426,0.027482938881233925,0.014930144867437524,669.5514692328724,958.5736295891858,0.0852692043825703,0.17357317526567204,210000.0
Random_0064,0.24276335686035377,0.45411923869654114,0.0445751625575253,0.02726313459215387,751.9077569553416,1007.2868981398,0.048211461011735346,0.087687603163599,210000.0
Random_0065,0.28624628934715163,0.49870169202976344,0.012404539499485803,0.018805792331861877,747.0219678472729,1018.5282897788924,0.08183905804732007,0.17119398336210107,210000.0
Random_0066,0.048882964535982586,0.1754805681717369,0.0182434974459452,0.030291864041796283,468.2237514540589,664.4582892367633,0.07273864111520767,0.14606313763531872,210000.0
Random_0067,0.2672505849953649,0.5433288418921617,0.047270880871593375,0.0040902915642116195,763.8713327478071,1031.0248830869311,0.06009606375950014,0.1196476585446783,210000.0
Random_0068,0.02809599084048071,1.4402231165978097,0.0043223394275090045,0.03885524836401412,453.650018904742,702.0298498384417,0.09384660491490046,0.19042217471319167,210000.0
Random_0069,0.08589189403171896,0.34457524782087745,0.03865426877837326,0.017475583599556737,554.4440347063046,766.9325061759395,0.06231009664063133,0.12216825233009064,210000.0
Random_0070,0.27052223876411585,1.0356712271447375,0.0013911977745298917,0.00737038180473067,731.1829691360865,1024.717807682288,0.10428005471168154,0.22505547759165886,210000.0
Random_0071,0.034318727392272715,0.4445640377268991,0.014257840308238002,0.003939758919042713,422.15481060747265,629.2840662150688,0.09554466586678882,0.20381029204266532,210000.0
Random_0072,0.2642829933331551,1.379256331101517,0.022754889239751084,0.03604981929672294,783.4908673939038,1086.9237739438431,0.07140157907920669,0.13928127474382374,210000.0
Random_0073,0.18544198516896815,1.3952713847069067,0.035919632522954256,0.018139095548025445,712.2022031210188,997.0252134793932,0.07212899216437021,0.1426344931003485,210000.0
Random_0074,0.09148345075624552,1.7848412998790932,0.019085231018961674,0.018034974392778964,590.2122864502257,870.4313912009071,0.09380147418701898,0.19275486620934165,210000.0
Random_0075,0.08650066819752289,1.1519247302177786,0.027369005290935406,0.01783761763216175,570.3454676775146,820.1907177528477,0.08030237277374427,0.16252209637824966,210000.0
Random_0076,0.10921717127516384,1.1293118479512128,0.019720839151132253,0.03138486057902945,602.59251588839,856.6273858865726,0.07810384263333281,0.15576540537460087,210000.0
Random_0077,0.05025660197634404,1.4688773948994827,0.011224732518929637,0.03734896720848401,512.7865235275871,767.5642608139567,0.08769353749825773,0.17595759510554995,210000.0
Random_0078,0.11857255520696851,0.7151822824778262,0.04514784011519102,0.0028476676264804247,611.1114480890295,849.0981489829401,0.06792329297353941,0.13664838285041028,210000.0
Random_0079,0.29340230234381626,1.8645052697404123,0.03356680386214703,0.023214431951262698,829.2875564653083,1161.9983703245082,0.07367294549462676,0.14463339666388966,210000.0
Random_0080,0.15968409018027166,0.2584912255082731,0.005448324431844309,0.027935159643900313,614.7842198131842,843.6666687800648,0.08292822612782819,0.1725030586253585,210000.0
Random_0081,0.2876004648306221,1.0694736200583634,0.0010499039986770222,0.033324835190283474,764.6743925772887,1061.9508425524539,0.08902924267774567,0.18430858967990715,210000.0
Random_0082,0.2500054921901092,0.7393725912936195,0.034311112937782745,0.006521762317288317,741.6215527866686,1014.128062422003,0.07260055703535982,0.1488679639686912,210000.0
Random_0083,0.05315520352913971,1.4517218211299787,0.025986434599064277,0.023968098517608238,526.2703647194036,780.8902849032037,0.0821374855060514,0.1642931577654338,210000.0
Random_0084,0.15949322551043818,1.8868884837880782,0.03964591680251662,0.036065811597110524,718.2916917543891,1017.0180416304921,0.06356075216755375,0.11683681297525664,210000.0
Random_0085,0.09102600631145763,1.9612601760949357,0.041120110275444974,0.00488308256514637,612.9410443774715,900.2739984523606,0.08364054968311632,0.16887982222999612,210000.0
Random_0086,0.030696547033719202,0.4638899718742697,0.017482357370713963,0.009558071673423485,421.58949879012823,627.9754499593691,0.08966584906419546,0.18851552651073594,210000.0
Random_0087,0.02029284286943132,0.9455249460931033,0.013863081140390782,0.019044127477660246,411.2676144182929,636.2568710203961,0.09270294095460088,0.1922429984619814,210000.0
Random_0088,0.2361288051500984,0.7113680769547931,0.0029748464347354583,0.033546980957847014,709.2883632063264,977.4103817654101,0.08458951311200598,0.17457029526697895,210000.0
Random_0089,0.14964395944947226,0.5638828310971785,0.04648460838835035,0.029672607048546795,664.4428277393512,901.1359677661404,0.04826234822897403,0.08606181028318918,210000.0
Random_0090,0.12940266945445625,0.7595350958410529,0.004481537649822072,0.012140439862879368,584.213124291665,829.4131127671104,0.09908318664798914,0.21151758229089768,210000.0
Random_0091,0.21616968216675564,0.2437062619659595,0.019447419524123495,0.024071290176535896,687.1629889099602,928.6906944640646,0.07119280064894627,0.14497811741762878,210000.0
Random_0092,0.22328717453641397,1.5113627701921826,0.015337785981165402,0.013840453407939188,726.2708084393043,1027.7696675809277,0.09355469380922896,0.19543809186281602,210000.0
Random_0093,0.05141777807637129,1.4856468982203759,0.0140080086022473,0.019736510306499463,506.70220588180246,763.7111993081124,0.09587225734724057,0.19824670713098239,210000.0
Random_0094,0.27041912292649695,0.11221502861313705,0.0429779795717718,0.02985410471331338,764.4155231807227,1011.2434134571314,0.04412913810146389,0.0791254424888937,210000.0
Random_0095,0.1953199524636803,0.873446760230301,0.031576902981203095,0.037995278582567286,712.8147678885003,975.3840856896824,0.05867908437645321,0.10952929612739826,210000.0
Random_0096,0.03310842399445354,0.22876669545812806,0.017684354732930563,0.005019205704733528,416.5029873837565,613.2583098429725,0.08972108019721718,0.19036073621936872,210000.0
Random_0097,0.27573820708475466,1.596018606864011,0.008762497027934656,0.015571449682760388,769.8726871340882,1088.6813604773017,0.0982289128297895,0.20672424697530095,210000.0
Random_0098,0.12754043105884774,1.9134035256351678,0.017131767903016768,0.01972813231705317,642.7521660742835,937.7916404749725,0.09473600411848256,0.19472804814893713,210000.0
Random_0099,0.16104384179410883,1.585426219869438,0.04353418772967569,0.027160205719989595,707.9154998933356,993.8650887600143,0.06235131618958581,0.11642487499930546,210000.0
Random_0100,0.11218211940408267,0.5351874057960009,0.02050570171178782,0.02345767151367048,581.2011650127948,809.8130582665989,0.07612341974923267,0.15466149020828202,210000.0
Random_0101,0.23124202308677913,1.9230443260325616,0.043796715598369784,0.031723257783515056,794.85756730139,1113.1634698739992,0.061161918402267215,0.11211584745178042,210000.0
Random_0102,0.2706946284389902,1.4224956355958378,0.04732902117894204,0.021028390359018732,809.5569434149373,1115.7743112034607,0.05860613869054287,0.10986931276590142,210000.0
Random_0103,0.03186732955460973,1.4860915976743907,0.04747541585589452,0.002210570576747811,491.193909438923,742.0599848083116,0.07723641480284521,0.15459843503263349,210000.0
Random_0104,0.18851737456321455,0.6790601634679112,0.020804941077094203,0.03680585420565749,685.2644209902593,938.3426083644988,0.06729892463006852,0.13155353114703638,210000.0
Random_0105,0.10364490839829443,1.2890446374143867,0.02174653868829157,0.03714645304680088,606.9602895975039,866.1670860419175,0.07459190386595005,0.14562661103786306,210000.0
Random_0106,0.11375946709712412,0.2888211928581288,0.021530937675033855,0.016799643431693396,571.2598437348653,789.630217699224,0.076684932487088,0.15803763253148512,210000.0
Random_0107,0.26618675249539275,0.7296872721397145,0.015406217750063327,0.016874227757252603,740.1780810623314,1016.9782607918816,0.08298808218515996,0.17306398616739352,210000.0
Random_0108,0.20884787281619557,0.9023951731254782,0.026580601349370805,0.028698486839235326,714.8683835461968,983.2658074858036,0.06874234307816662,0.1353730508808908,210000.0
Random_0109,0.012905420850644046,0.35300254369096207,0.03653065833062998,0.03637984331889512,403.8995948855957,597.178224432388,0.05655248638052936,0.10394077210124864,210000.0
Random_0110,0.2607730126523866,1.4436852242548386,0.04911087832306218,0.03426331471204074,813.0398081854407,1116.528960997197,0.04946588512344759,0.08558209303285398,210000.0
Random_0111,0.20965703585743264,1.316231222745117,0.04280344969613138,0.03532609043526893,754.2553865616732,1039.6496873390497,0.05428588899920383,0.09731996194584752,210000.0
Random_0112,0.08584120482113515,1.72263635697637,0.029822133330448756,0.0010072688113134775,580.4719482691379,856.9845333670174,0.09392234833867157,0.19551293582063828,210000.0
Random_0113,0.06314432816764233,1.5812365104299964,0.017767334359701674,0.03387937744292035,546.5364601745684,809.3464482416192,0.08446843067330886,0.16827817662556885,210000.0
Random_0114,0.18278839425462542,1.9746443801962217,0.038428857391932865,0.0046287326823209445,723.2511296246215,1034.3626180911676,0.08383248066050096,0.17044192529130042,210000.0
Random_0115,0.25214742770756315,1.361433096173444,0.0117860149868063,0.021155372100689386,748.530689186165,1050.196724473861,0.09027083749396303,0.18736512015292783,210000.0
Random_0116,0.052303778063033976,0.808787545419165,0.03749463547290844,0.01868128947615032,512.2082025670232,737.1855126307194,0.0685599259922937,0.1346494820049639,210000.0
Random_0117,0.20013014471510188,1.808755773385406,0.03537472935710122,0.004590211295436368,731.59244545018,1039.8217961790956,0.08454899297417083,0.17311200968732665,210000.0
Random_0118,0.12667967056130794,0.7006523840648514,0.024444147814997465,0.03597706573808897,619.3685459812384,857.7341238202368,0.06630213382775721,0.12843578223427982,210000.0
Random_0119,0.10615559283454198,1.5087165897822545,0.023945556488168578,0.03367102593876345,618.3432132721167,888.165031426799,0.07681724401328384,0.15058785505579486,210000.0
Random_0120,0.07453161373187729,1.0945656701028963,0.03195877535161136,0.015691289317262283,553.3485397090941,797.4248931231839,0.07730788955396636,0.1555557532403832,210000.0
Random_0121,0.17123328194941204,0.6638034096425369,0.049383862735632854,0.027803167110915784,694.3790621535418,940.8835736870851,0.04723458868879183,0.08359436543896422,210000.0
Random_0122,0.19069071563887244,1.8756402963930754,0.02259297699936306,0.0392695047044138,733.2609687502131,1040.3884624613177,0.07612739122665282,0.1475097897717949,210000.0
Random_0123,0.031554119128954346,1.9776019021057123,0.03626491224322775,0.02361765535834699,509.13763230993874,781.2276422788084,0.079414308958399,0.15487559087616812,210000.0
Random_0124,0.110163528695812,0.4858647067850087,0.049145335870980855,0.010173645241587627,601.8192440897284,826.4785195800014,0.05788547931372663,0.11204336618242583,210000.0
Random_0125,0.2646317667638476,0.20839011596678825,0.040261951397747436,0.03491379524690542,763.0290030903068,1012.5504402682019,0.044611393293966656,0.0791524879300721,210000.0
Random_0126,0.07724916581576119,1.956211034994812,0.019219723620800995,0.007175879738004171,566.6977777617593,851.9279175217617,0.10240008441786082,0.2142419274921995,210000.0
Random_0127,0.12874959620064533,1.9474187168798078,0.006561070215197993,0.028025919286395355,638.5863285606606,935.6406107102857,0.09957733360970149,0.20531987141876565,210000.0
Random_0128,0.045147149342221395,1.402064589458842,0.008556776781825128,0.03780624308779151,497.03548997842296,747.7061422500568,0.08938622922609936,0.18022725050435204,210000.0
Random_0129,0.2745447894611325,1.9703854722384335,0.04404236214848909,0.01605087570668793,824.6231353958264,1157.1192199834247,0.06995579900262887,0.13587430286318694,210000.0
Random_0130,0.14241178804669713,0.6963911367233259,0.025116134495524953,0.010278121349129081,621.34511380504,865.4541215016916,0.08064502022998996,0.16713233812211825,210000.0
Random_0131,0.2882173311612661,0.8939220412783964,0.01746503040743625,0.037475730157942484,781.6512055358281,1069.5367693384424,0.06999807969595692,0.13801985516576237,210000.0
Random_0132,0.10752161441673008,0.9008472589574987,0.031768491894688805,0.02949170548939064,605.4104357911326,847.9281502576763,0.06616370886602245,0.12782333877841312,210000.0
Random_0133,0.13057200993921877,0.522289963986149,0.03147281115334488,0.0076352883264772286,606.6049667078893,839.6223696136849,0.0750892467669464,0.15453525374196395,210000.0
Random_0134,0.18757044030993583,1.3208738266395383,0.03230585628857645,0.014727320004720434,705.091364028371,987.6606422011704,0.07663519496948008,0.15445711942164136,210000.0
Random_0135,0.12191464045343225,0.603529363141663,0.0396790081504353,0.02893332884065848,623.2381613225144,855.3866558179598,0.05598093357732816,0.1045169323582188,210000.0
Random_0136,0.20897408316143468,1.9454983838640731,0.04445409331541502,0.017737260960679662,765.276586876804,1080.0922265989584,0.06966120663856856,0.13444587156669924,210000.0
Random_0137,0.22858192846503195,1.323695539050659,0.027314487156117707,0.006461569722219546,733.9220094529724,1027.931706276243,0.08521492662348439,0.17691943049563388,210000.0
Random_0138,0.15062634915572748,0.5122182288096511,0.040614450315165244,0.029832530860481953,656.8432449729045,891.9138940642189,0.05290753637740238,0.09763628028454586,210000.0
Random_0139,0.057831932182430316,0.27162418764055596,0.006320733154458975,0.03155989219352575,475.6180868446464,679.2687083062401,0.08328199258891239,0.17141173503863089,210000.0
Random_0140,0.2827472344763067,0.6504812040412317,0.006353004254697341,0.028601083433875803,748.9770422143828,1026.139178000229,0.08299166178277945,0.17200168849012962,210000.0
Random_0141,0.15916602387847753,1.250773887882649,0.02558924972528403,0.03257989273884019,676.350661742995,947.7734612702037,0.0719503551254429,0.14063305326523612,210000.0
Random_0142,0.17754460631184862,1.6242044108629206,0.03323021105958356,0.027713173983291543,715.3470103975043,1007.9468896608678,0.0712797412993069,0.1381821285814637,210000.0
Random_0143,0.22229128643478627,1.1985564109254108,0.018628289160346836,0.01645426377623895,720.1513979020567,1006.8526537674699,0.08591799022400118,0.17780295927336798,210000.0
Random_0144,0.011586190728157182,0.17063859706858248,0.023776209514747213,0.032276955531290376,373.97292339212913,560.0639547385716,0.06878884070630291,0.13515641539419077,210000.0
Random_0145,0.2136317918222568,0.8312900597462057,0.02449695407494769,0.03368645438113988,718.054888945358,984.2162169130144,0.06680970543693618,0.13034604749143736,210000.0
Random_0146,0.23736939748886995,1.259422151213984,0.04260409067704842,0.039189098846513955,781.1221864160484,1070.5950774310102,0.05099296652558697,0.08926865724174898,210000.0
Random_0147,0.18877507677652805,1.9427751325323357,0.0048224437831807165,0.031258375250248105,706.6992100371441,1018.4313946725568,0.09764287598845582,0.2008534243635401,210000.0
Random_0148,0.0333509173912691,0.5212135039706813,0.01761933438460815,0.005551330756764121,427.6317073008809,637.570391116069,0.09237148893126451,0.19547471180598006,210000.0
Random_0149,0.21620903372074138,0.7639273471939101,0.009263023033546581,0.009374960990891669,682.9001059624303,949.8380562943865,0.0943779195143952,0.2013006454190151,210000.0
Random_0150,0.012306350616291258,1.9250168888739512,0.04760792255086741,0.01092320476195419,451.99193444792746,717.0117919163023,0.07763043589261012,0.15184842086009157,210000.0
Random_0151,0.21128570264734625,0.18821958282982615,0.01812900157089559,0.027374382455161737,681.1969759441247,918.8480121112188,0.06994830003158646,0.14169524645274997,210000.0
Random_0152,0.07216462529788108,0.7443829365021138,0.007425683208629987,0.0069013490480338046,501.56643591484277,731.9586618013751,0.10124721018280522,0.2167636074629449,210000.0
Random_0153,0.006832002255998013,0.7433987094266794,0.021861211910965593,0.017481390272063912,358.87971654694684,570.8932508605045,0.08561694367263921,0.1754968464720666,210000.0
Random_0154,0.08905036821368187,1.110290008347369,0.0022435308932340957,0.016825202976800745,541.9018043108372,792.6019480302865,0.10302033882985949,0.21841318411170502,210000.0
Random_0155,0.18580503408488358,1.5517438803625718,0.049643632837013806,0.018135622081000655,734.524303212195,1025.3816959562905,0.06133577438974874,0.11555984681229163,210000.0
Random_0156,0.28235563908301997,1.8411067893601536,0.007820351354892976,0.02053288919354171,786.4305046492036,1117.6009606972907,0.09842558875895623,0.20550988129853856,210000.0
Random_0157,0.07116280628982051,1.6068472739217128,0.03702323490534166,0.038964805781615965,588.0301202863575,852.0499059303331,0.06403340630509435,0.11767159633540568,210000.0
Random_0158,0.02250359531265604,0.922766019984172,0.0188620579963444,0.02657144607748595,428.54207805642625,652.0577674579716,0.08330870067870404,0.16844399972787596,210000.0
Random_0159,0.1615922359441133,1.1833574933457665,0.007960080484936098,0.03770407147140868,659.1492899200704,929.1453039501506,0.084007352257702,0.16974904373286603,210000.0
Random_0160,0.10086961093893197,0.8471086995510099,0.012201250002587156,0.012831092768650534,559.1118582242318,800.4465650170613,0.09343931102535163,0.19686568494220819,210000.0
Random_0161,0.11672971542805645,0.5951486574056988,0.023221428708964004,0.033490495943393546,599.6308409223918,831.0580053904738,0.06812475702990747,0.13356474419887188,210000.0
Random_0162,0.25388150932044423,1.2634026849520876,0.028082764792212767,0.024489024345636882,768.5406319033839,1064.6583869253109,0.07258879274831481,0.14414886984148972,210000.0
Random_0163,0.15375043329550622,0.23490390935243424,0.005997802871803297,0.019668020292987802,602.0858224252224,829.0408408167754,0.08730799971207243,0.18434967015822842,210000.0
Random_0164,0.02678334322056953,0.34646248550743963,0.0316628412179498,0.037877773836522764,443.92659455357955,640.6499930021988,0.05896827998114562,0.11012031394050219,210000.0
Random_0165,0.01525507853539795,1.244398583501519,0.02317198430865616,0.002540831460735193,404.2992195419519,642.0539001718184,0.09759447206019471,0.20490381781263284,210000.0
Random_0166,0.2352097532871184,1.438893199263544,0.04678256699375066,0.026893677675984978,781.81177007604,1079.4703027911003,0.05644872946297717,0.10342696105806007,210000.0
Random_0167,0.21607380843132523,0.7841998737837047,0.029375827426301637,0.025198452078567066,718.6905649417911,983.6320690094997,0.06698793480718529,0.1321461578124231,210000.0
Random_0168,0.03936913261838107,0.47851063473998035,0.012568216845733896,0.024785329414290336,447.75437005110666,656.1413480681991,0.08463418227032458,0.17432694603663945,210000.0
Random_0169,0.16515098605145231,0.7132171311254659,0.039699682728956284,0.027980740219912977,677.9376928630351,925.9057764406346,0.05648625814891384,0.10590034711827996,210000.0
Random_0170,0.04609806195916517,1.6006243736621202,0.01616810792875841,0.0191786872823602,502.08279676967567,762.8076654573729,0.09565364238511496,0.1971685666857825,210000.0
Random_0171,0.05861587357635654,0.8662324853442248,0.01225115256198504,0.029601392281132118,503.63693243738567,733.9231590845155,0.08503330911721725,0.17332560029718763,210000.0
Random_0172,0.1785327023960989,1.7747497973119701,0.008744949442530086,0.023412967830492317,689.277432824304,991.2017159205257,0.09737863670752493,0.2018941065058409,210000.0
Random_0173,0.14426219140888033,1.004704699921023,0.03801684758496142,0.01717249201520254,654.6423926707524,911.5045048514054,0.06793201637115852,0.13378829690225139,210000.0
Random_0174,0.2101050104720211,0.6295518480076011,0.007226721697341283,0.031921457209051936,685.5863186580515,943.3105501238874,0.08147115200715682,0.16728303245175632,210000.0
Random_0175,0.16012764299579943,0.5707367790521126,0.023137916286395388,0.025673213205201564,645.85610579626,887.6662812432271,0.07147612477093056,0.14342779774522235,210000.0
Random_0176,0.07784592835507742,0.44318882468476894,0.049537964554311975,0.008192994024787932,551.8002109804808,766.5867134937367,0.059351747092338855,0.11561111075303775,210000.0
Random_0177,0.10360820888369872,0.8568580661499001,0.04319682143021326,0.011851118081115865,599.816062063031,839.872892099795,0.06614312471730983,0.13026707363008802,210000.0
Random_0178,0.07037737309929626,0.3406975341393863,0.03826913965562453,0.02304213510196131,532.7354824212877,740.7563127517773,0.059833721777526404,0.11514293365201847,210000.0
Random_0179,0.032812242536776906,0.9644020853148504,0.049433807344226394,0.03699980541308422,502.0018543822159,726.6883198349935,0.04933088102229498,0.08408831694166569,210000.0
Random_0180,0.17090323847350963,0.546848498412466,0.02985997624236375,0.020995467598358842,661.7325003764561,904.9980569161366,0.0677291368264857,0.13511609611668238,210000.0
Random_0181,0.29114413343651696,0.12857687370813725,0.01625597831689198,0.01672277489520195,741.3332695948855,997.2669620139133,0.075830168590131,0.15846883589542443,210000.0
Random_0182,0.22044128918903313,1.5234658476656604,0.03697558328944422,0.023186585905988297,756.4831953097196,1055.3365072162978,0.06865444684901056,0.13324402601984817,210000.0
Random_0183,0.16774627393354646,0.6514819341408745,0.04357437710758723,0.01764818179527394,676.0564071016546,922.4118579091516,0.058517602875839694,0.11254618219053492,210000.0
Random_0184,0.11047338817976468,1.6107380986623498,0.03651238680936855,0.013423509842295834,628.7249896763684,904.8316794289822,0.07854461950476238,0.15711488034885898,210000.0
Random_0185,0.011987955999204158,0.11592790364978275,0.042690469550052366,0.006890816608726302,378.65018386242195,562.8974256337609,0.06641357598402584,0.1329946375045402,210000.0
Random_0186,0.18272144872040288,1.222390138676061,0.012042327562707806,0.018377814684487348,674.8122835380427,953.0665905787906,0.09180993187340918,0.19145180684794028,210000.0
Random_0187,0.12861179672884568,1.0551450796617834,0.042994084881900665,0.036722893319327994,656.9913871497507,910.248506660644,0.0526505410295376,0.09341429077858376,210000.0
Random_0188,0.03053816388709937,0.915257127768571,0.015432309657891323,0.03172611383503639,450.037599374578,675.0860372165043,0.08273278987059093,0.16660221034401082,210000.0
Random_0189,0.10702512972372459,1.021700636285722,0.03562225953329771,0.025773551579353553,610.9799787074561,858.8011248822327,0.06614990274878935,0.12774148105251817,210000.0
Random_0190,0.22431360221560173,0.9187483183409236,0.027524835347625298,0.011613618729981293,719.5713392927685,993.862337845802,0.07797460874094216,0.16029383585084164,210000.0
Random_0191,0.2342430497508813,1.745951092782889,0.01580434506509957,0.020412541728266054,749.9502408480199,1064.181451517501,0.09130834290310824,0.18812993108887016,210000.0
Random_0192,0.035858607631878474,0.31228080561817245,0.008086808447619909,0.02556630886472683,428.95773682580887,629.2827756016085,0.08671762130589394,0.17997399568684913,210000.0
Random_0193,0.23694789188267515,0.34546189984685016,0.049874359062232594,0.014800792235847071,740.3965949451211,990.0053413050518,0.049951761767379615,0.09403346301552731,210000.0
Random_0194,0.2685366700616142,1.9992563854781267,0.042211912299825176,0.015833788355646874,818.0966354910095,1150.5536843004909,0.07213746498509424,0.14105664970799958,210000.0
Random_0195,0.012128213960684787,1.0651461702776244,0.024909222989997187,0.0011372153033116599,387.0825878040446,615.962503893244,0.09534826841770261,0.20027796151808164,210000.0
Random_0196,0.2612524565034876,0.37774973587879934,0.03172326344362824,0.011238080415483423,739.1715626569708,998.0465073886597,0.06826113979960984,0.13933774205557503,210000.0
Random_0197,0.12721631117664173,0.9927855711650176,0.02979552032991514,0.021261254728482382,626.3915584599077,878.7864449518222,0.07322165544956388,0.14602060087576868,210000.0
Random_0198,0.11250958499641993,0.17687840909635938,0.007203624992596,0.025335648037609494,554.4520842465232,767.9358670625479,0.08337564307926797,0.1737355769464537,210000.0
Random_0199,0.18377524212934174,1.369717211736434,0.00493847431213234,0.010742070869382017,667.2068534880862,953.5334949340399,0.10423349977494524,0.22219478147728475,210000.0
Random_0200,0.07428675730449832,1.6477991820487201,0.03823027585196639,0.030314019042418396,590.0694895853636,857.3085985121298,0.0684312127091196,0.1294447074604853,210000.0
Random_0201,0.2917113371150841,1.8401174581030018,0.032559671013864214,0.020844913880734287,824.1599280414067,1155.6206811432448,0.07578846073845275,0.15021508751906612,210000.0
Random_0202,0.24620794129678203,1.1443589305582411,0.03861331853976433,0.00802666806968081,758.5813188026998,1047.8982570732603,0.0719517327482823,0.14524747085278655,210000.0
Random_0203,0.15633666560423373,1.018850647691606,0.02474788100529598,0.021260628700108454,656.0945549109324,917.3463196816807,0.07725115001996694,0.15609889615777206,210000.0
Random_0204,0.18612714409671863,1.2502944427206686,0.047676696150461426,0.009562386840465682,715.9481084936403,994.1640178009759,0.06522799474685562,0.12756035629734036,210000.0
Random_0205,0.04745565694930284,1.4858984450262016,0.012930524847523325,0.011939612663792554,491.9396783973217,748.6794116599212,0.1017008806194439,0.2134537062343614,210000.0
Random_0206,0.057933062888643465,1.0073028387806178,0.021065083994715537,0.03903152111108698,524.4793576877046,759.4835227465292,0.07288168250904414,0.14172472297576733,210000.0
Random_0207,0.20417933697974527,1.211257975662747,0.029289797521130676,0.012115132804149636,712.698248784011,994.9372975077483,0.07944544075739667,0.1623289093846812,210000.0
Random_0208,0.2667194921705842,0.321076021982813,0.03704218639771716,0.005836507141103682,744.5778719776088,1002.2758705263758,0.06604190967650542,0.13493234193748252,210000.0
Random_0209,0.15202514430364863,0.5111557132304789,0.028137316554373296,0.008654140182206874,628.6267453689709,866.6917220013282,0.07679740773708667,0.15887823277954127,210000.0
Random_0210,0.153346335153028,0.15910720705242962,0.013091666522963508,0.029680401441662008,614.4901781442491,836.5648208126954,0.07416843922240006,0.1512280512589499,210000.0
Random_0211,0.1583084382368285,1.0407570222687732,0.03218794108103983,0.021484938049967633,668.1834181914014,930.3007634222228,0.070589861831332,0.13971057201026096,210000.0
Random_0212,0.08260475563296471,1.7909454319748297,0.01634492482772997,0.00171100212338317,562.1640889626987,841.963348153718,0.10642421208822953,0.2256260533960138,210000.0
Random_0213,0.060903243033562454,0.8772352907338241,0.0014782713651947605,0.022282468116756243,490.182130289303,722.9826699721597,0.09913671132430575,0.2087691268558311,210000.0
Random_0214,0.2862164645516965,1.163438559463004,0.01114629223032158,0.0035028613949531274,758.0407238314936,1060.7776428552309,0.09880116529264794,0.211742669135186,210000.0
Random_0215,0.16446837143500678,1.4023524423690183,0.03243640093916527,0.02313189090321948,689.1906427121725,968.9681321301392,0.07284068898162077,0.14345406122628757,210000.0
Random_0216,0.11353099413043972,0.8378847712512634,0.04325742615486739,0.002885227267956503,606.5037835431943,848.8999345082852,0.07097715567733609,0.14349724998554256,210000.0
Random_0217,0.09315381742953914,0.6457661949107144,0.049087602840229956,0.020569118319723866,590.5953158056535,817.3707112412242,0.05383312633991706,0.0998035642158526,210000.0
Random_0218,0.058458688517821426,1.7111190479685483,0.0193135786868795,0.016016607138011636,531.8811708487292,800.6697852707779,0.09528335905093216,0.1964346437719078,210000.0
Random_0219,0.10446119978362856,0.3854855596518211,0.022884724713155877,0.022419260818979304,567.5312677735642,787.3690990612325,0.07334295528647528,0.14856431636009648,210000.0
Random_0220,0.13858681054282823,0.8244946009307706,0.012255022043552423,0.03448940826351482,622.7511687805459,870.7605740335721,0.07907633131175172,0.15945489050067652,210000.0
Random_0221,0.2595943889969685,1.1691642656439205,0.035798118977394544,0.03652821507696538,788.0018982498245,1079.7267807286942,0.057366325294481824,0.10580211696721967,210000.0
Random_0222,0.05233520019698071,0.34196898716410246,0.010718737998312963,0.02406345828691376,467.5678124391609,673.2576412079725,0.08475937311235328,0.17560586771061584,210000.0
Random_0223,0.026636122311784315,1.4942745602305214,0.003445236572841207,0.002000446773060458,424.71939634285667,678.1851274635042,0.11737764928721771,0.2525770252360747,210000.0
Random_0224,0.2900572306483814,0.7712210717597004,0.028409960777445176,0.01983384166200043,779.6810334815247,1063.0407851776508,0.06947154871239386,0.13964557644900946,210000.0
Random_0225,0.1959251997771441,1.8901259990195776,0.028298340863001974,0.0135836538302587,727.9919241918053,1038.6783345165113,0.08642987319290907,0.17610694850851386,210000.0
Random_0226,0.01694290745786486,1.3252353514757125,0.021605412537797977,0.03825943450813347,436.23976816471907,675.3218980819179,0.07824852304448068,0.15255110727058874,210000.0
Random_0227,0.1776351179402415,1.3046713500531073,0.03242798738836509,0.02217677048442119,699.4218537391414,978.1724633467686,0.07212610628741312,0.1424103094257117,210000.0
Random_0228,0.11946093006683345,0.9759278678555393,0.03446057772034166,0.010314810872142456,613.7986210064468,863.9985764892557,0.07564324810126034,0.15337634076552703,210000.0
Random_0229,0.05884940341808137,1.8085949738270213,0.034457776389513334,0.03498067976496953,567.466695409132,838.0107435935096,0.07123376393267555,0.13469214540355798,210000.0
Random_0230,0.11335855228824751,1.1941472652739247,0.030610827190293118,0.0358901483089867,626.6701071614336,883.4262941308798,0.06612388683092334,0.12564738346213478,210000.0
Random_0231,0.26384252000727293,0.5945128982378302,0.04845955523348946,0.015517012020909642,772.1117556316303,1039.7073406737989,0.05274820140417017,0.0999057759065807,210000.0
Random_0232,0.1848525068318397,1.9871400582715677,0.020951756720254233,0.02603317591797061,719.8655279016463,1031.7411626207688,0.08679601854692101,0.17479806403855208,210000.0
Random_0233,0.296549976602933,1.2956560552753382,0.033223326449213754,0.031738267478953856,817.540362812942,1124.785451936812,0.06312132577433355,0.12025801397740005,210000.0
Random_0234,0.23743353583296367,1.9012294960936438,0.03279674063032548,0.010791476626001842,771.9975242630549,1093.4241781650035,0.08327491198459384,0.16911453706665674,210000.0
Random_0235,0.023048144270924914,0.2514644315804243,0.04815274987145956,0.03310896627348031,446.39536892158304,636.9723671188381,0.04627546661008956,0.08004624676220312,210000.0
Random_0236,0.18004608647566644,1.809945823966861,0.04363649156242068,0.015023473142440565,728.1148657148933,1029.8811522359297,0.07132616437466034,0.13918834286737614,210000.0
Random_0237,0.2437883312976362,0.4782011735496082,0.04920806569163174,0.013328649564195168,749.4911081863503,1006.9543066000255,0.05262257768368332,0.10023046926503586,210000.0
Random_0238,0.08747923749991857,0.446400456875495,0.02821188735532782,0.0361521907918855,560.9768172094085,777.7855208920084,0.06146661363298299,0.11718759600708062,210000.0
Random_0239,0.1685108635348978,0.17406969584337156,0.003613644893507734,0.021212829078289336,614.7284661526692,842.7032004316017,0.08755070416127785,0.18517081873383684,210000.0
Random_0240,0.2675334558084316,1.2083608822065914,0.03757491701561255,0.033632682245689,796.4381360890517,1092.001131799552,0.057741846889021134,0.10700065407352163,210000.0
Random_0241,0.04380188392088585,0.915012298535926,0.0011869179540380556,0.01733455219624671,453.9440150905112,684.5883218928265,0.10349538558543175,0.2195821831107496,210000.0
Random_0242,0.2582445431180521,1.5961893987627789,0.017390461911345804,0.028802438425093977,774.2567921130832,1086.9510188100062,0.08286546183535563,0.1672537635361353,210000.0
Random_0243,0.21519904153154354,1.033712043489713,0.006089649145083762,0.03712082101813721,706.9780316221955,983.8379963490609,0.08330603345092254,0.16932787883655667,210000.0
Random_0244,0.1739112188912534,0.4389785029915251,0.03402183052514439,0.031070868563941003,673.2640286845312,911.2884501148365,0.05678708360881191,0.10753708758198963,210000.0
Random_0245,0.037877747311007647,0.9074802924133628,0.04753303766130167,0.023908003537250505,500.69691438359695,725.287681074066,0.058057825651512004,0.10753923482360306,210000.0
Random_0246,0.23652392330561312,0.3877560700582715,0.01408736582353282,0.038562097148880564,715.1732968206711,967.5413437619036,0.06833492811727093,0.1356100710455765,210000.0
Random_0247,0.02883206849979126,1.7987950865710916,0.004114405936368186,0.024182510053706138,457.6429477206878,723.5329904621287,0.10637947781232332,0.22144018922861697,210000.0
Random_0248,0.00907070410626505,1.8144320869164063,0.027200617507496243,0.02195617807066868,417.2314084379637,677.215984729515,0.0885852533869623,0.17750778854265864,210000.0
Random_0249,0.11960909972952406,1.4248304221856616,0.03368985625966412,0.024465485442950567,638.6836689034628,908.0508854979895,0.07233123261560406,0.14140032855016224,210000.0
Random_0250,0.14114788113164914,0.46006270429121543,0.02939607622876776,0.037622828376303666,635.8403411646434,866.4686207722548,0.058056530851760824,0.10930549986149307,210000.0
Random_0251,0.09322634309519445,0.9749051166700743,0.0038206902710404664,0.004326784791227441,536.5321597784196,783.05767779739,0.10760776120323098,0.2319565323815548,210000.0
Random_0252,0.06383614537049162,1.2973115808203595,0.014350065393452183,0.0380428345033987,536.6483111622751,786.7949366500661,0.08217919306963428,0.1634012261805282,210000.0
Random_0253,0.12777944337489533,1.2860179576380746,0.028709794841927934,0.020383627948849674,635.4471775172991,901.3353726314741,0.07764193732432563,0.1556465055323402,210000.0
Random_0254,0.12290719461387555,0.9476693090589547,0.049804822389266694,0.00459096410502644,631.670989148123,880.6912437897015,0.06488614999744652,0.1280139853971758,210000.0
Random_0255,0.2900131394605419,0.5815139324673065,0.040104366184269345,0.010006454997488527,780.1585577880201,1054.8211039196437,0.06294676315517533,0.1258491978376475,210000.0
Random_0256,0.12047440905204664,1.4537970480480114,0.046300297929703284,0.018015860069886314,651.4391691487895,921.8333459339946,0.06511630157064772,0.12450613994145956,210000.0
Random_0257,0.18484530708659025,0.7601646040949451,0.011262985356354876,0.0376734871299837,673.4355435588442,929.9393597158571,0.07626213896453081,0.15294968893452618,210000.0
Random_0258,0.2820193199731951,1.9544663800516133,0.048932873728991876,0.03621421182270895,850.4251412031917,1182.069191454677,0.05315545210300476,0.0922520699853292,210000.0
Random_0259,0.17040710497022563,0.687464926887103,0.020187342143000005,0.012412523371362685,648.4984085527475,899.4281172640746,0.0830024482244613,0.17296495024317748,210000.0
Random_0260,0.09869993673836139,1.556073628261382,0.047049181961071655,0.02322876476488581,629.9306453673236,899.0067070855995,0.06299590444339631,0.11788063019640962,210000.0
Random_0261,0.21540963929540585,0.6207524174823492,0.04485607069743675,0.021692977679746504,728.4488998089724,984.9112445493549,0.053538825139630444,0.10045803092838752,210000.0
Random_0262,0.2003639014437889,1.741632985841733,0.0164954680467438,0.008336089600050767,709.4452171846714,1015.9231522967531,0.09861634956067117,0.20730007606262454,210000.0
Random_0263,0.16935727632410766,1.653329953372958,0.04305730143817206,0.0029562131469967937,701.9820260762725,995.040111892269,0.07777739220052077,0.15714937856697403,210000.0
Random_0264,0.2388198918120932,0.6229885998702547,0.006199727776112654,0.012576767513817796,697.8708308760021,964.1081711999925,0.09333023006325412,0.19914986201053608,210000.0
Random_0265,0.04090815176834787,0.8094783290087588,0.02475790501614361,0.03699219712173993,485.9676389167329,707.6811934931834,0.06957219776036246,0.13444435466557147,210000.0
Random_0266,0.26309388306142156,1.5292623609461222,0.00579689523345582,0.018560563116517766,755.1069543408375,1067.7486346807705,0.09868054440175114,0.20761810546351278,210000.0
Random_0267,0.10256025628339516,1.9580219927097258,0.0458240349663106,0.03664088628997238,657.393504402434,944.5473644447178,0.0599490506324334,0.10691213276235365,210000.0
Random_0268,0.25232342926304724,1.5236612592286076,0.035827262856575885,0.021550595308409606,783.4925265087651,1090.5479118366154,0.07001535771872233,0.13707957217145042,210000.0
Random_0269,0.17677209267695723,1.0124952148126274,0.025790872034349988,0.007280795913220664,669.8813968097594,936.9909712097613,0.0841358350868157,0.17504300299460318,210000.0
Random_0270,0.07675258916534242,0.5449251514758188,0.017705629653065495,0.019200545127080526,523.0978362781326,743.8551214034683,0.08245300622177662,0.17014354253149486,210000.0
Random_0271,0.13577459230716957,1.841300917926498,0.009038300805565943,0.017878359874886833,639.4347813156102,934.0836378446588,0.10218200172245503,0.21359733917272888,210000.0
Random_0272,0.07886270837424934,1.94173921226818,0.0257875739520345,0.024305346533006787,588.6622482109206,871.7487562177478,0.08600886665791362,0.17198056512181065,210000.0
Random_0273,0.2885029614334795,1.4076132111769446,0.02609459979331893,0.015233944000464343,794.6559880936608,1106.8180394514904,0.08070813156083359,0.16488484560415384,210000.0
Random_0274,0.23346024128174322,0.8770820003322287,0.03809098733666317,0.008820699425102177,737.4410567136762,1011.521872108121,0.06953296702747566,0.14030125935024518,210000.0
Random_0275,0.011992878658384536,0.6982722504939567,0.03622010299202363,0.0397430432125073,414.2845847201493,622.6280039606111,0.05834856383764332,0.10631186919347421,210000.0
Random_0276,0.0653407814224743,1.6454475275825655,0.03051704510583691,0.019424555337674967,557.8648927422057,824.2498988035588,0.08222203289100215,0.16446742560459954,210000.0
Random_0277,0.2750830139243765,1.1439887060659353,0.028126942842712867,0.0024802033708368016,767.5632903887282,1065.3649639457055,0.08414784510403615,0.17605283172265243,210000.0
Random_0278,0.18895040778398706,1.5749702063904065,0.029588007730619124,0.03245229987452905,724.5620123714884,1017.7100489966416,0.07095542993809807,0.13709473683413687,210000.0
Random_0279,0.17866142325025952,1.432319232192158,0.01481072231579451,0.006928842441854426,673.1694669973804,960.5500230779804,0.09838256483076269,0.20806930375846577,210000.0
Random_0280,0.17172104068051428,1.492309938730545,0.027859981197218515,0.00792636571176822,684.1644190319507,971.385718692235,0.08680544937738158,0.1792963599911685,210000.0
Random_0281,0.2430049908281513,0.43445582649403724,0.021338392862120494,0.03458164190646227,728.6790022340829,984.5071593518657,0.06453191226653848,0.12669581062564383,210000.0
Random_0282,0.06511146738484117,0.6764124745731714,0.047857803867322773,0.020380253277943714,545.0225173550666,766.2799009854482,0.05636055954704926,0.10542589623599188,210000.0
Random_0283,0.0826264667444841,0.11041607562298003,0.025852868901484014,0.0348446013719643,537.9826048193383,738.7521472866176,0.061180853954373865,0.1180827197993684,210000.0
Random_0284,0.0804242012925129,1.251357655779186,0.003329847826525407,0.0011216645730422203,523.810949593027,779.8719734342532,0.11317188256903155,0.244563160178236,210000.0
Random_0285,0.16867797422036945,0.3101063195540894,0.04888876594712559,0.02614360898252946,677.4545842154092,907.5762721560632,0.04520092361790587,0.08038889726394968,210000.0
Random_0286,0.15023729030887117,0.9330108430887929,0.005880594516730884,0.02910179478453291,628.9274479090899,885.6736672812023,0.08882440541440523,0.18365585510830496,210000.0
Random_0287,0.29012347647890785,1.1587153440862885,0.02877103633255947,0.008802159631422744,786.0097945747386,1087.67699850123,0.07963930269180236,0.1642493269980118,210000.0
Random_0288,0.06447984835426544,0.13754282622608596,0.035730344696735916,0.03154943198405456,518.3109577766805,715.2379649109575,0.055209882337347,0.10350785400237779,210000.0
Random_0289,0.18358533246211217,0.26796108923528406,0.005530024884866442,0.014167637005385258,631.5537447266057,867.9325139065014,0.09063263449634719,0.1933862042365937,210000.0
Random_0290,0.20323233795974227,1.641079482795236,0.032758373800670655,0.004340614985749988,725.5179379808999,1027.2066800937075,0.08530762992629352,0.17577566433801872,210000.0
Random_0291,0.12769614674377727,0.3151353411983793,0.019855982155862862,0.03603782605100662,601.6947723918388,823.3283947751606,0.06651135431605536,0.1306651853493629,210000.0
Random_0292,0.24935844768377854,1.3007548985951543,0.011330140456606453,0.004978672447186441,732.0298927206876,1031.5987700461108,0.099836058395385,0.21314859162925287,210000.0
Random_0293,0.2554315146535237,1.0547673090229988,0.005036006280755753,0.035249557686670395,742.4968502740297,1030.5964127260513,0.08475748623575538,0.17340074688454032,210000.0
Random_0294,0.16536086931774002,1.878819698192505,0.0028263206652317267,0.010122399149737546,662.2172429803792,967.0684491432794,0.11203815135247293,0.23889681477895808,210000.0
Random_0295,0.10303374041544511,0.321622888477314,0.009807332220366095,0.022463495345124873,547.6398693357818,765.289668215883,0.08449175883863431,0.1760751866510722,210000.0
Random_0296,0.09789964106556834,0.9859548585593149,0.006833455166703338,0.03872588478542507,571.4169506261223,816.6150823315132,0.084216124397045,0.17020851281323862,210000.0
Random_0297,0.1575768679157,0.7258851889836817,0.025840058244449265,0.027421476659630503,652.872661554952,900.6707892458162,0.069610722887711,0.1379168318137901,210000.0
Random_0298,0.13460387955616798,1.1196045394897676,0.025897832636411062,0.02677570656542844,639.2021650299527,899.0214560598871,0.0744848918075747,0.14790036793441363,210000.0
Random_0299,0.08807286481399511,1.5580843469295294,0.022441627338395956,0.03427687851166823,592.5503748282964,860.1449061756189,0.07888183720392644,0.15507627206782718,210000.0
Random_0300,0.11133766551395094,0.47838457612580276,0.014409500368205042,0.00426068024950497,557.3230294780279,785.19113733276,0.09258542744245661,0.19770278263782923,210000.0
Random_0301,0.1972439822144783,0.5561109417127976,0.020578525734469545,0.01247793987095968,672.6020982019081,924.2935688841693,0.08067124063462014,0.1681198950270686,210000.0
Random_0302,0.08144383158485198,1.8500541781837376,0.04889543113496205,0.03061909232542964,621.7050693719069,898.9573034095567,0.06041552522854217,0.10902524107292763,210000.0
Random_0303,0.2755845678684431,0.5270044292006393,0.001438637792115482,0.013973543573185709,722.4183434899863,993.7967102619018,0.09509191429927556,0.2040189560524307,210000.0
Random_0304,0.05962753044954532,0.3974758880866329,0.04934580315236174,0.008139266584242012,518.5928478011027,726.7873397984592,0.059796226285945164,0.11659842467724883,210000.0
Random_0305,0.11134897040964367,0.16602232701582018,0.0353130849654895,0.02002405561168306,582.5242607162612,793.4055367882103,0.06119021480345355,0.12024557337603806,210000.0
Random_0306,0.0422123440352932,0.6108014216509847,0.0036880341998268566,0.03909159581451734,458.0785935688101,672.6953731507801,0.08522469737682035,0.17333754274790303,210000.0
Random_0307,0.0953403373435618,0.2195376201412202,0.04369870840570439,0.022322333274016493,573.642976053443,782.0755699613106,0.053297692539205174,0.10018696840652197,210000.0
Random_0308,0.17324039801553048,0.8286448750944965,0.0333485371774239,0.012837867755286354,672.6067385698611,929.5109450583792,0.07224561317364842,0.14601666437421273,210000.0
Random_0309,0.17970523430416357,0.571804884672099,0.021828945940415095,0.010318137135311517,654.9554895926171,903.0412513328444,0.08140278438569654,0.16994673554110246,210000.0
Random_0310,0.2768325826527736,1.025289033502126,0.030331439147912545,0.024515686295423753,782.977763152273,1073.9361452875953,0.06772220688919223,0.13350556360104987,210000.0
Random_0311,0.2650470145607978,1.0537838456325785,0.047823411661866426,0.03231893731023513,800.2382373506866,1087.508876126584,0.04780886218245732,0.08356078477607397,210000.0
Random_0312,0.26739728857971373,1.2138921759501864,0.015630955904973407,0.007657342810312343,751.9977587168728,1051.6091648823367,0.09313456141427327,0.1969538033424323,210000.0
Random_0313,0.20455735124465194,0.18904536295631585,0.029506806677388253,0.017785027829581166,681.5264272711582,917.3894596547977,0.06561770754274025,0.13231868128269275,210000.0
Random_0314,0.06251622959987466,1.7615325615634454,0.01452603930229112,0.005363567031799091,527.8685951232704,801.175449286867,0.10632310088263652,0.22469035923163694,210000.0
Random_0315,0.08572550543562055,0.9582863806920998,0.0286826427127778,0.03804522494187864,578.1011163604968,817.3171504381739,0.06508556674870214,0.12347998643554167,210000.0
Random_0316,0.11044820206141368,1.6603525525887202,0.03935978777567312,0.013288098027973972,633.7494872525504,911.8655717701045,0.07656010806740687,0.15206106181335488,210000.0
Random_0317,0.19893539720391154,1.3825059468459566,0.010691094410090616,0.03740137831187165,708.8175569427981,996.9167760340871,0.08284181260797123,0.16644663612715757,210000.0
Random_0318,0.02378315560557906,0.2174328538943771,0.028125770841500246,0.013217296234646035,409.409277452256,601.8320994128061,0.0758463993698748,0.1551555719092911,210000.0
Random_0319,0.16808635596111315,0.663451128756542,0.044446659352138596,0.018725507752216285,678.6496606870832,925.4727771030574,0.0571975460075001,0.10912622517325823,210000.0
Random_0320,0.03828721938683933,0.6188686633202952,0.008868401479171992,0.03956507694072549,456.1021208675468,669.6483372900781,0.08055465509267237,0.16173591881738578,210000.0
Random_0321,0.23061537385559108,0.5536348964498972,0.0111191609699412,0.02868015001924958,704.9981853786336,964.3816543036413,0.07871652817276921,0.16151333194986206,210000.0
Random_0322,0.23616233658229507,1.0468110099572658,0.04620814667198773,0.017889587769380346,761.9797018515621,1042.9989626899035,0.05842771812075312,0.11121634246495901,210000.0
Random_0323,0.18101779434712617,0.21818332029298027,0.027463373105060467,0.009928092521946135,650.4578027360283,882.5391834858335,0.07299870469444461,0.1510408231380866,210000.0
Random_0324,0.04093106752458442,0.787946879105,0.030220416669106458,0.0339858263178537,489.71557037705327,710.2694473789676,0.06624331241629858,0.12680412763781307,210000.0
Random_0325,0.10327363754693639,1.0797153096230472,0.033724065464322835,0.0014199644149144601,588.478833018237,840.0729089476692,0.08316627233975118,0.17227493272780742,210000.0
Random_0326,0.17167267063420452,1.246261565993946,0.006931374024303465,0.01838544046447718,657.7072196515848,934.681812620761,0.09690643458854674,0.20368614338158117,210000.0
Random_0327,0.1350061702706952,1.516775246423444,0.016440619229401276,0.015176942349102888,634.1284085412447,913.6054322716931,0.09391639258838334,0.19518576054536496,210000.0
Random_0328,0.02282419158094538,0.5691591237830075,0.0330566794631911,0.013298594154431326,424.86669701374217,632.476483589804,0.07493988775235694,0.15133766605766494,210000.0
Random_0329,0.1802252118923576,0.7870830454777147,0.02988730891674892,0.026405398841594447,683.9729169346111,939.9445403335302,0.06663842511466475,0.1307597671259922,210000.0
Random_0330,0.1245188251846415,1.782397875818142,0.0012911520042843817,0.006067314212790108,605.7654534726584,896.5143868832691,0.11596410841631964,0.24898483034580948,210000.0
Random_0331,0.1686296172310051,0.40127428507399665,0.015588202612592764,0.010328169701892872,629.5609919765749,867.7024293274973,0.08557355134332524,0.18078055376085617,210000.0
Random_0332,0.24488268152415427,0.5872211304832342,0.023319259017637338,0.03480416006991858,738.2693632118868,1001.2651109376663,0.0641052576853439,0.12496114773566541,210000.0
Random_0333,0.14487770003199002,1.771666336586878,0.03105605725066629,0.03241905760152535,684.5341611249145,975.4005620911462,0.07270221660552044,0.1400143872701642,210000.0
Random_0334,0.12003942532999884,1.1433356649923059,0.0019237324851431317,0.027467305780438805,593.3726974656947,852.4813756616015,0.09629227269697574,0.2008281300877187,210000.0
Random_0335,0.011234910356024294,1.519808112802046,0.049663510377720405,0.03831986698302304,455.00877733022884,699.1701998064675,0.055389104397352125,0.09558485785040688,210000.0
Random_0336,0.190526333452804,1.5911712291241682,0.012339195602833891,0.019014699082165902,696.6522175197184,993.378194618707,0.09466775234562595,0.19679394681725199,210000.0
Random_0337,0.22334073023682877,0.3485385749104223,0.015201324543772057,0.007730532773171481,681.1822622741859,930.8671321190066,0.08571408622339372,0.18225542952001,210000.0
Random_0338,0.08126114911465294,0.31230434583894134,0.011069557329296754,0.02522777489809615,518.4306345284729,729.8958307916971,0.08232250867426938,0.1701260844575816,210000.0
Random_0339,0.28741486110400716,1.1370324794711728,0.04634170351046943,0.015261764446835042,808.589195893572,1106.6810953091922,0.059783515638594145,0.1149256440942665,210000.0
Random_0340,0.2149458626682341,0.7459943165622793,0.026074127689433044,0.006807959376657686,699.424614852573,964.1002577996468,0.0806360017528737,0.16811916867931107,210000.0
Random_0341,0.23141362597775036,0.598163206379708,0.02403850745381477,0.03894425125868194,729.9921285322422,989.7242586167669,0.06135933056719247,0.11752555764938627,210000.0
Random_0342,0.14352466103179523,1.828492987388026,0.04239265339609046,0.02058723560057246,690.2413422338616,983.3663008045386,0.07020227070862045,0.13521258581857568,210000.0
Random_0343,0.04464250931813905,0.4517348118614519,0.021693561704741356,0.018024032095012757,464.6187814466609,672.9300678059807,0.0799529685157994,0.16401889951169712,210000.0
Random_0344,0.23172421682965857,1.5147740982111633,0.004954740466084312,0.015331600114921823,722.9345766592597,1027.4075580396961,0.10186196616963547,0.21560939610686852,210000.0
Random_0345,0.016575890714377636,0.5324040061235025,0.04784293174437771,0.011426855556220101,419.91710918455766,623.2776791546619,0.06283434033561573,0.12196076575099231,210000.0
Random_0346,0.037258081903701244,1.401375710986732,0.0056898465259965164,0.03670637046709011,475.2915991752625,724.2763292861439,0.09300860241993711,0.18905871804263957,210000.0
Random_0347,0.18987465620657692,1.414448301268929,0.02809499389230633,0.015077848019491656,705.945659126208,993.6106693820103,0.08109735786908785,0.16492557897345644,210000.0
Random_0348,0.013960293753726857,0.6443121120053368,0.003935153445914209,0.031077534411223844,375.36570045088297,585.0488039009838,0.09189188863182422,0.18977870212079323,210000.0
Random_0349,0.1318761463927247,1.3824564959391044,0.04191899507709228,0.012530530616436504,654.2929419980493,925.1165588580078,0.07131619992867576,0.14085258957994,210000.0
Random_0350,0.26301192832417086,0.33742588283251473,0.026819486023779347,0.03131841834686074,747.4783792338332,1003.7644936926878,0.0601887326818438,0.11712230361543154,210000.0
Random_0351,0.22325348278804757,1.3555468791449865,0.02869139021167217,0.009593573686667838,733.8366751566275,1027.5868583032966,0.08252713195445802,0.16974027834958,210000.0
Random_0352,0.0753446536785758,0.11770149146602366,0.02296457603706352,0.011348760968037174,506.6620016556446,708.0496652308516,0.0782098437775423,0.1626943527530443,210000.0
Random_0353,0.0760405044840529,1.3132072708345373,0.008686043685001331,0.010223694220439672,531.7210779289583,788.3127522050903,0.10366532830239282,0.21976676144260923,210000.0
Random_0354,0.22521301249189157,0.8543554942934255,0.03862205238495656,0.008039453206805585,728.9860401169387,1000.0023700357749,0.06946871325661318,0.1402728242765215,210000.0
Random_0355,0.1178605165952268,1.281331940247282,0.029518987676293632,0.012544753969358446,618.0281061904349,881.7880733187171,0.08185321421682289,0.16688093177538493,210000.0
Random_0356,0.2977622248467214,0.8405974913486942,0.032293475388274505,0.007512348433511035,784.5400670840828,1073.6230445007113,0.07392091932576679,0.15191950912281932,210000.0
Random_0357,0.05615748178618516,0.12610574726364168,0.012641452743042552,0.008785922409671904,459.0117189851169,657.0116580463099,0.08987268258359568,0.19117441510610558,210000.0
Random_0358,0.23955094634649637,0.4375549271472208,0.01916532160518212,0.03712696917736933,724.7971652570767,979.8714903027217,0.06506178991024122,0.12760666350746186,210000.0
Random_0359,0.11801227406981908,0.4000032724959921,0.044511327168240675,0.007346267020666353,601.7323253467325,825.0869335913943,0.06266149514352089,0.12457995261147896,210000.0
Random_0360,0.2834139211898665,1.9007639928823674,0.01121972122425986,0.01101940090051668,786.8336928857184,1121.4424230929094,0.10165092346367173,0.21440619807743289,210000.0
Random_0361,0.20579574956903088,0.7496979124031075,0.007614715389587145,0.020296771912877043,677.8672735030985,940.8196979692989,0.08939272884206596,0.1876208627631462,210000.0
Random_0362,0.006671893748258418,0.5658146826736105,0.03133214112868423,0.03904816287948733,378.2492921886476,579.748502025371,0.06239668886267215,0.11664125612207565,210000.0
Random_0363,0.02247760947655984,0.27271079893253486,0.023698946308066775,0.033073106646688846,416.0675998951758,609.4172239798994,0.06855568539715917,0.13440254961241607,210000.0
Random_0364,0.05542083673685084,1.1926918695377835,0.01742187807708568,0.019279532784429256,508.0208167226076,752.6110471670994,0.08997118265207246,0.18526180095953895,210000.0
Random_0365,0.04840960470555595,1.7097825709716503,0.021568709140240186,0.0020467390803011404,505.1772033225818,772.3305843350519,0.10205750747945132,0.21466883567068615,210000.0
Random_0366,0.18564440464970802,0.5892847698335635,0.03825505959284007,0.001460784268057343,675.3318330505075,925.0834813465731,0.07196952915711662,0.14805272076987427,210000.0
Random_0367,0.12782090387815861,1.3152556804371918,0.016797244265971876,0.015602386042589327,618.8807570766251,887.4305182411535,0.09152319545250263,0.19008653878158077,210000.0
Random_0368,0.12008980642734852,1.3943545253020069,0.04654444268314964,0.03723290080257899,662.6045556819045,928.6707734484736,0.0527830111229769,0.09205508485166235,210000.0
Random_0369,0.06995814710139955,1.1412015729646041,0.022916766005823933,0.009816065765722838,532.359842559586,778.5848235766193,0.08960736637024123,0.18612160003186373,210000.0
Random_0370,0.2038640077409112,1.7141865398058405,0.0349413535057483,0.010434796166011447,735.5922289259875,1040.0665331787375,0.08040350913195192,0.16265655839519988,210000.0
Random_0371,0.25984052901793553,1.500977693445017,0.02018215639190219,0.024865935783495934,772.9299598788056,1081.8302409642833,0.08173136364742954,0.16544349042469975,210000.0
Random_0372,0.2182092271168882,1.4857656506720411,0.019722632338362626,0.005417457080249612,719.8770111146388,1019.2775650206137,0.09451423905229078,0.19897244233713662,210000.0
Random_0373,0.20019837013634265,1.1430342575187884,0.029351870430174874,0.03330357819216495,721.2327408428197,997.7064390754637,0.06608280577097737,0.12710343209301878,210000.0
Random_0374,0.2605137139340316,1.251748003569715,0.03745148521713932,0.02767760443421846,787.4921821528487,1083.738943624885,0.06199647186499872,0.1179413078694543,210000.0
Random_0375,0.15386573005672172,1.212819534909718,0.027686062372469313,0.02068366336473617,663.1820248413619,932.3557583675031,0.07695539670798324,0.15456290312108426,210000.0
Random_0376,0.11347263912287997,1.4426860879148955,0.004992891249881383,0.018878285617945238,592.8715834096623,864.2509229971265,0.10186914736348363,0.21418982397983666,210000.0
Random_0377,0.16577382010575203,1.6961963166441787,0.021041938407499117,0.01871606450100376,684.1564238220634,978.7480728648092,0.08865151364353886,0.18139982612367656,210000.0
Random_0378,0.15295857844944122,1.776320908809316,0.03524080595764149,0.020277418144268946,690.6436649951122,984.3762925757388,0.0760580489877294,0.14990880833469455,210000.0
Random_0379,0.0849375820006084,1.9626555779068229,0.019509520128116693,0.014814792820583407,584.7712005426027,871.5791520126659,0.09735030138946393,0.20097087759944784,210000.0
Random_0380,0.11059410212132083,0.41069220480278634,0.025717276836827535,0.00712959696567041,569.5269012989975,793.0288261412531,0.08003247640324222,0.16692620328548524,210000.0
Random_0381,0.08255616149223809,1.532753579781081,0.007990448871035196,0.0029078755410741467,543.863719089571,812.6048045998103,0.11064488888316266,0.2369304480014816,210000.0
Random_0382,0.269602219304291,0.4154535478842115,0.006181480250854848,0.023513222772087686,725.7270092995374,989.4473975385642,0.08409862285910676,0.17631936450903646,210000.0
Random_0383,0.1511233731398132,0.6115209233069212,0.00467808230955841,0.03222500779550371,619.4457446607047,861.7927822860645,0.08479501251901686,0.17482878899600884,210000.0
Random_0384,0.19317340745904094,0.37472277094576656,0.01518078227648647,0.03333155597630503,670.2277964699588,911.5026859670552,0.07129529070657772,0.14318564611203882,210000.0
Random_0385,0.27233859084687856,1.116477617108504,0.010230490271988534,0.0015474068766222623,742.1111202927506,1039.495029002464,0.10059167678801241,0.21647219471658052,210000.0
Random_0386,0.04095589404294597,1.7219321368764096,0.03723326779360391,0.010972685422298147,514.766489436566,778.6359328494686,0.08307825657896484,0.1668741318715688,210000.0
Random_0387,0.15147539365910448,0.36918345118272555,0.00643318312769081,0.0018853139651374812,592.2395192756248,826.0561432261974,0.09898681334103626,0.21464622784494122,210000.0
Random_0388,0.15455194241723236,1.4534098002338858,0.004006265436263317,0.016825442218034375,641.2725244466998,923.6474144491889,0.10297057481527294,0.2176084665688268,210000.0
Random_0389,0.17473006686366863,0.9123834776557088,0.0029194851472749243,0.015005879589965312,642.1474508635224,905.4531948949672,0.09913262525101121,0.21109510460712633,210000.0
Random_0390,0.184221602157388,0.4989629357919553,0.032241312594291784,0.019251140387277214,675.9184725064258,920.3078089178854,0.06583755498248031,0.13107812877233302,210000.0
Random_0391,0.20204137760495852,1.0802587829327968,0.0018449733053468457,0.03964509267371611,692.3157078789302,968.1184922338207,0.08636525363610248,0.17613448088057976,210000.0
Random_0392,0.2007990029821408,0.15053555616985867,0.017140663351739076,0.008947133064332098,655.3959494457587,890.2827765056518,0.08174835835514095,0.1730615981438534,210000.0
Random_0393,0.15996971888082462,1.0913706550824802,0.01872607640990364,0.02835592103257087,660.4843414715265,925.8218908750463,0.07904744222617,0.15926208547535017,210000.0
Random_0394,0.25889528389708444,0.638632151871646,0.005782373886796711,0.03990783829548036,735.1622422631589,1004.969293097072,0.07706113134382989,0.15584617781474897,210000.0
Random_0395,0.2526237142439522,0.64933262449725,0.030467149598109894,0.004035269634716553,734.4670897488975,1004.0827928736356,0.07659939250074453,0.1593978173083585,210000.0
Random_0396,0.2878579426716768,0.6610869773115264,0.014397325185048975,0.009390690579760087,749.8598675901018,1029.6702259758551,0.08728838387524164,0.18506156144455962,210000.0
Random_0397,0.07361913995533602,1.8091281476239893,0.013829164374411042,0.017766162851798162,556.5464216062556,833.8343470600724,0.0995587663794385,0.20647940186839336,210000.0
Random_0398,0.15525295552146223,1.5758441399495442,0.04836965267314257,0.03622759483351678,713.1768094039967,996.1352547815591,0.05260876676212305,0.0913786345215824,210000.0
Random_0399,0.1588652996413978,1.4336041066277643,0.013178021053847175,0.022384831998960634,660.3803421687676,941.7638236331419,0.0910733409012631,0.18792154058140303,210000.0
Random_0400,0.060989739497459866,0.320928718625784,0.004775444024904197,0.03212627131511191,481.7163351480723,688.4534251333963,0.08469640461376121,0.174632123091516,210000.0
Random_0401,0.09569233693067941,1.8739479433453567,0.03576437823473545,0.024530727950671453,624.0845435764136,907.511676764792,0.07564626664929604,0.1471744908244293,210000.0
Random_0402,0.10604629666196086,0.8406195262193732,0.04088819349675902,0.022397252305673233,607.2483455521214,846.5249627332887,0.06165551965783198,0.11799686099469109,210000.0
Random_0403,0.2052919765445553,1.102963168493047,0.04620367857205828,0.019122076362375943,735.2159973377179,1010.9462736612891,0.05891124362597849,0.11169218527818323,210000.0
Random_0404,0.2343000367653369,1.3613365522084229,0.038084709453100406,0.016112894586760323,760.2683982312985,1055.767743948823,0.06998848045446987,0.1382979192929954,210000.0
Random_0405,0.10506838720917873,0.878090473615625,0.0034452052070307257,0.0036172667514535973,549.1277868997511,794.3439572580701,0.10702700916898422,0.23122902955457472,210000.0
Random_0406,0.2621914553703725,1.4575116256374987,0.043703531161891754,0.01936446964220802,797.8539799753005,1103.944426907253,0.06338232960458821,0.12153745888753648,210000.0
Random_0407,0.10484413011803992,0.4672676212403045,0.001444946027663329,0.0014674133247131224,530.5322811352612,757.5373678723948,0.10601584812975916,0.23086675251856775,210000.0
Random_0408,0.24843790615930927,0.16568916073172107,0.007128032866704446,0.03871576382370403,710.0457072741626,955.9436923116848,0.07204349456568492,0.14574947045520645,210000.0
Random_0409,0.033101010829082796,0.3148417139892763,0.0434348434907612,0.03441280024696499,470.9733811288726,667.1886994666427,0.0497706412105296,0.08840222492596872,210000.0
Random_0410,0.19207727446069264,1.0914528899201799,0.0021629022538446284,0.0027386163101328813,657.1529579991065,933.8955351755695,0.10855942280176872,0.2351582381779464,210000.0
Random_0411,0.03964318564582222,1.6967763219784844,0.028231543364857666,0.030484964801257737,513.799867952757,775.3682781999552,0.07928627599321827,0.15508594871999046,210000.0
Random_0412,0.18880377195417164,0.5311796793583621,0.03052672248696971,0.004116975970732932,669.1692430160452,917.5017756990983,0.07667724977121278,0.15949702015934447,210000.0
Random_0413,0.08629653763447796,1.499080639507035,0.016521270527372317,0.016156923221871212,567.9896442927492,834.4081519792456,0.09455225452016039,0.19603323154062338,210000.0
Random_0414,0.09771871015142608,1.4398161864835202,0.04981425741989478,0.03272117873672011,634.4154287875082,897.0339998245938,0.05368062453954211,0.09434707461643821,210000.0
Random_0415,0.013862108257452602,0.7536504440098508,0.034427583893566434,0.019625792803029764,407.3926304743759,620.4481573834546,0.07242145415852351,0.14322155763840858,210000.0
Random_0416,0.03709843559960038,1.8656144895277238,0.0067253144932402885,0.024831952555742023,484.09783895118665,754.8005185159157,0.10385199948154224,0.2150810921434915,210000.0
Random_0417,0.28375960973581044,0.511049749568355,0.007767454355940369,0.010045709113914756,733.6615053384081,1006.1735934253484,0.09143854482928511,0.1957518242706281,210000.0
Random_0418,0.23902247767363258,1.5908549650654207,0.04814881802921204,0.03914350984600969,800.8682882462205,1105.2289948625548,0.049310522495831566,0.0837041138415744,210000.0
Random_0419,0.08070378212572286,0.5804772214721795,0.043077715316252506,0.010668412522963626,555.153549801955,777.1512800724965,0.06495209869620856,0.12840574625673062,210000.0
Random_0420,0.24853629493389923,1.1896177339544882,0.026428993661133535,0.03433592465058845,766.067291923079,1056.872970219568,0.06753784533004052,0.13076972333539222,210000.0
Random_0421,0.17245228987068012,1.5668235138760847,0.04242418797869287,0.010897718833817634,707.1226293787225,996.4770074258155,0.07264235959909213,0.14395595647317996,210000.0
Random_0422,0.2784330605656991,0.8643710239314525,0.020840440695157447,0.0359655964211148,775.3382418713087,1059.298720120347,0.06775460443423198,0.13278679402195506,210000.0
Random_0423,0.12415580496134547,0.5679026050063298,0.033504599878997655,0.03208454999549778,619.6630423936053,851.010478869267,0.0592270062424059,0.11221835253501358,210000.0
Random_0424,0.04095225126979322,0.14694485893216036,0.017857078487556147,0.024972879328265824,446.182543068895,639.6067279130248,0.07636701783597456,0.15560205254562032,210000.0
Random_0425,0.07764934710784238,0.3207478146863483,0.003903709706981088,0.03751167718120866,512.9594911165025,723.4922486032935,0.08161400661458293,0.16666185847388995,210000.0
Random_0426,0.05835447803113239,0.3964685194592841,0.017084028038693147,0.025377199440644163,489.5513153741741,698.584120059278,0.07853140598564437,0.1600783209795538,210000.0
Random_0427,0.2882168461026148,1.9628628611112326,0.0371921672779101,0.02590723535012895,834.6383455282398,1169.973433593656,0.06987417063067665,0.1345085802101377,210000.0
Random_0428,0.12934840690203953,1.317956517978901,0.008614519609870266,0.006385541962079144,604.621136882879,875.0662769916835,0.10440216444591788,0.22280430426305606,210000.0
Random_0429,0.1352945251556409,0.4977022340924151,0.007824455613900862,0.025203287638193565,595.4928631987597,829.070875561661,0.08545655888500593,0.17770202046917408,210000.0
Random_0430,0.0914653080878196,1.0064639211243074,0.025215745169365998,0.00806852807282802,563.3221889555443,808.8166505687176,0.0864807053181841,0.17964770133949057,210000.0
Random_0431,0.005137593705230083,0.5187828224884209,0.023807848553168438,0.016079997709029917,342.49212408741613,543.9307218247269,0.08267922570961027,0.16940331291434116,210000.0
Random_0432,0.19997926633549568,1.4550315029336327,0.04559268247955229,0.011070047601471813,735.8577274609357,1026.7959432703412,0.06793106395770585,0.133197035883002,210000.0
Random_0433,0.25478194410012805,0.9367804281653455,0.009891145320465655,0.023023960131486974,735.0568253676742,1018.2742222239905,0.08655621154978024,0.17994638091877943,210000.0
Random_0434,0.18242679111775362,0.3025368566587794,0.017522116743636563,0.017026429386355235,647.9368753858672,884.3938480245513,0.0784973159823907,0.16317521351278463,210000.0
Random_0435,0.0935617538092576,1.421145561905171,0.0077610776943820734,0.019322464706397077,567.8699059672573,833.045211313242,0.09951543369753982,0.208197450434768,210000.0
Random_0436,0.007425204480350082,0.6571762541736736,0.04864778879996464,0.004552024294277425,382.1175960467427,589.2908435571061,0.06833414552109739,0.13538836580449792,210000.0
Random_0437,0.2316754902626863,0.9952331574662886,0.012783220424709491,0.025953920444263753,721.5348910750563,1001.140284457193,0.08324854488713053,0.17100223342667173,210000.0
Random_0438,0.23268119435495166,0.3686631772326818,0.04284399928079231,0.010654715748133568,725.9076634890433,976.3879078509378,0.05908679514572793,0.11677410427988552,210000.0
Random_0439,0.233607252864912,0.18455801222989282,0.014396507609726657,0.02261634457653013,694.5631885882032,938.3090841798758,0.07565232968707322,0.15649951849964372,210000.0
Random_0440,0.2598088963808794,1.571016880633625,0.021421917606160544,0.02927962296638612,779.9306999830038,1091.522560460933,0.07866837869302756,0.15705614115703642,210000.0
Random_0441,0.16409058079481392,0.30655180092022705,0.005045360868049238,0.0129477734643332,610.4200477666378,843.7980732601609,0.09265441003229719,0.1981115663316414,210000.0
Random_0442,0.11804976117328514,1.7355949572244787,0.03431886535724312,0.029308820754303504,651.669969429486,934.1939679089851,0.07201200423214554,0.1385729340196724,210000.0
Random_0443,0.2957011947758602,0.17911181061057235,0.0035914046794856243,0.002472495219976613,721.7150748352839,983.2152930147677,0.09619967389159276,0.2099737878234006,210000.0
Random_0444,0.22215781146463875,1.921745058139942,0.0016617812124464426,0.01623742314091855,724.8239888116624,1045.4100329458504,0.10855266964735348,0.22994565755336094,210000.0
Random_0445,0.2760944178563732,0.5446900404497194,0.024592628753231725,0.018800562118863894,754.6378863967745,1024.7010874113375,0.07152425976651583,0.14569124318419338,210000.0
Random_0446,0.20392907258039375,1.5759636508206367,0.041394531444499796,0.028741769362938964,751.3779642097297,1047.6676925771617,0.062227795253869844,0.11640107018476413,210000.0
Random_0447,0.048545655818085585,0.12186272149740139,0.049526740265526566,0.03318415135959429,505.2238980638526,696.2272631557474,0.04232745441488585,0.07157055217972333,210000.0
Random_0448,0.22600277853464046,1.650828712832284,0.023556022827575445,0.012587854803895349,742.7154764722276,1050.6119529728228,0.08824720379522819,0.182036856537868,210000.0
Random_0449,0.25711010280575447,1.122871548419062,0.04811993612764019,0.008880074899479222,779.6147100144688,1069.8614545125956,0.06245152291769363,0.12210304142453951,210000.0
Random_0450,0.12262985280055826,1.8059512541884213,0.011659019606389293,0.02897043589367562,632.6453319303284,921.3202451289417,0.09318042426258419,0.19010906632514238,210000.0
Random_0451,0.2536541431230761,1.0674974323081416,0.014614690904026891,0.031045018946583135,749.9083508362395,1037.706494282826,0.07882192340021814,0.15937996286019226,210000.0
Random_0452,0.27016853172535044,0.14300264912470315,0.035370271223841676,0.01986632269917748,749.1554921079781,998.713816736086,0.05728144103627017,0.11246824450333265,210000.0
Random_0453,0.17563765736627834,1.7305236764798841,0.004084505367954357,0.006304990650407416,667.0655485021796,968.017368603875,0.11146435821164986,0.23877291801595493,210000.0
Random_0454,0.15949158703034566,1.0000417083760138,0.01625838262946056,0.014273361725714518,643.9304524763602,906.3626865624532,0.08881657611915365,0.1854204544962373,210000.0
Random_0455,0.11840231448955821,0.6469567231066601,0.013437408890301036,0.02369474378785991,585.0414330842317,820.784492032168,0.08327712548028784,0.17170138988931127,210000.0
Random_0456,0.16161881216472748,1.877281372597909,0.0011357741983168729,0.01222085183990014,657.4389537683289,961.2527884933593,0.11237773739018735,0.23941282436508785,210000.0
Random_0457,0.0889776415412624,1.371447693296281,0.026381796409445726,0.03338393486959018,591.4896616944175,850.6679597757428,0.073974675190952,0.14404305787028962,210000.0
Random_0458,0.12537157491988601,1.373398578603613,0.03576412962637327,0.03910454102702477,657.0297227755284,924.1860588903907,0.06100197476711117,0.11205648127286313,210000.0
Random_0459,0.043556229589506876,1.5173885386750288,0.004173290735560155,0.025139143343291124,483.54511153863393,740.3716584500789,0.10216041186405965,0.21259585009657878,210000.0
Random_0460,0.036644626171577814,0.2175240466225145,0.031122524038769323,0.03395987798264556,461.01736044699237,654.7605069261868,0.05996048481106033,0.11388800881355468,210000.0
Random_0461,0.0456798278915222,1.5239922360951803,0.016186857709860464,0.007156375340310967,490.12897798991537,748.2611269430653,0.10210335726819005,0.21486942131631157,210000.0
Random_0462,0.2747962187276108,0.9741710110657598,0.03465517859432566,0.02491352313040519,784.9107471233839,1072.6820011652674,0.06311973369237454,0.12241198669485676,210000.0
Random_0463,0.17372727611918878,0.45052469616059243,0.021558804954888086,0.03225659286812542,659.3439825485667,898.7441810797494,0.06741224595401155,0.1332983327788177,210000.0
Random_0464,0.08168327572309277,0.2565083928792546,0.0345421376523508,0.030349432613871193,548.8955372416347,755.6679082306765,0.05755144324050235,0.10914625837451587,210000.0
Random_0465,0.24950790208204418,1.2735521564120065,0.015582416018862417,0.0077842680468735714,738.2791060446175,1036.09659387841,0.09405063312535862,0.1987545926244228,210000.0
Random_0466,0.09519803505074362,0.10386781180212554,0.013486030632944086,0.01976795182848253,531.3437858107991,737.1570275076665,0.0808696436877653,0.16843769439095993,210000.0
Random_0467,0.2512336835282267,0.591769819132901,0.006481284309687377,0.01309691998044005,708.7662775948015,976.6380839946286,0.09220174701840819,0.19657221232076535,210000.0
Random_0468,0.24355062624680032,1.907143941520099,0.004706604372496835,0.03155209284212658,758.6420660390314,1082.450504191966,0.0960340700446925,0.19756466120353555,210000.0
Random_0469,0.14087572963794587,0.9705822698418931,0.02600418583885204,0.03056596652520543,644.3723205909442,898.7418429541913,0.0704557923822797,0.13828352381893638,210000.0
Random_0470,0.27535817756610137,0.34411664358967264,0.013670591781349755,0.02817383960473004,740.4417200662073,1001.4189589083815,0.07373841363251864,0.15073905471060534,210000.0
Random_0471,0.006722876055174343,1.415369812360021,0.02352121989241693,0.018570417212914893,384.55653110487174,626.5615607064396,0.09020248696484648,0.18356831908756022,210000.0
Random_0472,0.22336347728692796,0.7878429051811915,0.007723239718339805,0.02641908640632597,700.6878587944684,969.2502727593808,0.08562379237336185,0.1775906542968573,210000.0
Random_0473,0.2359568346966961,1.909246201643568,0.015202665431261971,0.027855231310556953,761.7439720508004,1083.2046280595894,0.08898184668511304,0.1807405346734985,210000.0
Random_0474,0.23213168976823956,0.9709188531824551,0.04699955720832584,0.030763997023930834,765.5368465103406,1041.0400330070304,0.049315179494812525,0.08752493729672242,210000.0
Random_0475,0.045380387704691,1.157639961330095,0.023770210176471303,0.010501255173361267,488.11658650121433,728.8137644592548,0.0896219227499813,0.18553525936002954,210000.0
Random_0476,0.044801533503203476,1.1278602999320706,0.04592613230921069,0.03077452025178338,526.6259881184068,762.4440327862714,0.057247097221661436,0.10381393341892517,210000.0
Random_0477,0.04979815247925676,1.708495735312039,0.011869343657038556,0.032856782543556264,517.8798077878108,783.6335639006192,0.09222537860491963,0.1865603067296013,210000.0
Random_0478,0.2778323462772433,0.9658903152309122,0.03551011524251861,0.019647965594703522,784.5601133793361,1073.0706176670603,0.06536905922968826,0.1286748861244877,210000.0
Random_0479,0.13048683950272685,1.0027790744252467,0.017495763760190762,0.015297595882901735,611.9071606520323,867.0304601054028,0.0878784533988533,0.18263956294046965,210000.0
Random_0480,0.0605926444823362,1.328789926744427,0.04879541674151748,0.0073805956407022736,551.7687234313664,802.2183502648721,0.07002055217216831,0.13757069939144875,210000.0
Random_0481,0.12026090937551659,0.6375609659141934,0.03887825466890991,0.01506723096208493,611.6234936366182,846.0633255961565,0.0654091109342394,0.12924002761608083,210000.0
Random_0482,0.006274822142501362,0.6953595989530992,0.02431923329524145,0.00719009056848251,349.8461267744042,560.185268353821,0.08916795618363933,0.18573218282178905,210000.0
Random_0483,0.05626764020478757,0.3758771521907722,0.04292799944454684,0.008229853805570921,503.9174066970489,710.8061603368211,0.06544149953018377,0.13041985776032042,210000.0
Random_0484,0.1549299318825861,0.7748449857078199,0.04932159863140624,0.028884345870192358,680.7747923058033,928.1188240731739,0.04815617562582589,0.08502997345101235,210000.0
Random_0485,0.1467843728945589,1.8265069778443794,0.013018022196321168,0.0025382615100650605,646.1381926347915,943.7825971649173,0.10736340314643554,0.22850429281031662,210000.0
Random_0486,0.08533888694959757,1.1366132896329335,0.0483913243250973,0.015946950233010404,591.9293021312067,839.2645599374395,0.062403206805250404,0.11907110378725774,210000.0
Random_0487,0.18871679369421532,1.1301383956644717,0.03479576728647391,0.018668414309325195,705.3515704805894,979.1098621813805,0.07009583557162227,0.13880599850492484,210000.0
Random_0488,0.08611278788919137,1.1105870878692075,0.020949971912340368,0.0025466077932378844,549.897964071941,799.522853621907,0.09485393538727759,0.20030923889232388,210000.0
Random_0489,0.285940122096055,1.963695687709731,0.008923427869426181,0.03673591548830754,806.4129267744287,1142.6115157767617,0.08886964864786341,0.1794755599526334,210000.0
Random_0490,0.24480783113265367,1.5861853500125513,0.03486768240819963,0.026284788372774086,781.0595879934152,1088.7476888646656,0.06881445453147708,0.13316792075056463,210000.0
Random_0491,0.178802566165039,0.4984465531483723,0.049367270400401966,0.035333879358204985,701.9855415426396,942.3401859948875,0.04089658406394961,0.06791270822445641,210000.0
Random_0492,0.01207143147445727,1.962102905057433,0.028376188823552275,0.03090175387008491,443.23931566764065,709.8095688483485,0.08334400546080836,0.16297683384416184,210000.0
Random_0493,0.25266306556175133,0.6261090714650112,0.006527114252859274,0.021261503729027808,717.0198172648177,986.1374024326301,0.08757666542633138,0.18403788365990792,210000.0
Random_0494,0.16735667545261285,0.6114512498662922,0.023338558452995213,0.00546646490809839,641.4168414105743,888.4669146488231,0.08364808089975284,0.17577415245506825,210000.0
Random_0495,0.24024257409913974,1.8998648805457072,0.0011029318532480418,0.01369963277772232,738.5394479526109,1062.9098059314751,0.10998332122722916,0.23404561660207016,210000.0
Random_0496,0.12121847078436737,0.4244679320425956,0.04892447693599227,0.009936106531743299,613.86901212068,838.5658400812699,0.05728769754556962,0.11103116170404503,210000.0
Random_0497,0.228037220403994,0.7979661084842828,0.034955234581049356,0.004392673020908302,722.7291521859544,992.499099560589,0.07433369757652877,0.15292823211227446,210000.0
Random_0498,0.09154022615579499,1.3643173956987271,0.010140413306846337,0.01653677554139781,563.7958860475568,825.9410502850887,0.09854361358152228,0.20641635162374689,210000.0
Random_0499,0.2954098862695075,1.2425382458309255,0.006189847968684914,0.002700058416049919,761.9712990868527,1071.0267992058423,0.10436415974732703,0.22517235694076013,210000.0
Random_0500,0.10757663659167563,1.8958355442819719,0.047987996431286185,0.009949404023674342,646.0943201740906,933.6660867783014,0.07323974073845518,0.14330452129492616,210000.0
Random_0501,0.14968252513960062,1.5270760242063455,0.04678180228959015,0.009401436302143743,684.3662623243748,966.0106556112219,0.06978851121529844,0.13710372699390327,210000.0
Random_0502,0.14499601492817937,1.033762399751636,0.04800023874170309,0.015919441221264673,667.6306596776653,925.2853970014963,0.05997007594519303,0.11437227990519892,210000.0
Random_0503,0.10005908856143916,0.899350763588525,0.011869653565681784,0.017130994245123286,562.4016184707601,805.5671231477392,0.09170579929092527,0.1918113394575285,210000.0
Random_0504,0.22944220900203335,0.8764232324006567,0.005683011749634124,0.00627059434201678,692.9849790771676,968.8282882983735,0.10030713990403307,0.21583283737140577,210000.0
Random_0505,0.1715209675644002,0.7629567134532247,0.030356679846126965,0.0065727376026774795,660.4682266665006,914.7271672670914,0.07808189472122457,0.1613920224629274,210000.0
Random_0506,0.10901923629813776,1.88751218966236,0.003164405575153258,0.03163328583593368,609.1660638829417,898.5751061793953,0.10044357314477163,0.2069680697251085,210000.0
Random_0507,0.2534007198872548,1.1284230577722312,0.03948404765892139,0.026600930460322744,778.5466252232728,1067.3890445452973,0.05972024474875912,0.11300649824982062,210000.0
Random_0508,0.044041823111691907,1.0903907010440708,0.008577934688868652,0.0033543997141096374,459.68057006070273,698.8040206333707,0.1069738972042678,0.22917486064734421,210000.0
Random_0509,0.07312285045754055,1.2084812582045366,0.017225046297062892,0.0093866335652362,532.908677101959,783.4421119465644,0.0955420433530435,0.20043941476116733,210000.0
Random_0510,0.11717722803492567,0.4653102112125591,0.008539188791539976,0.015364119044235555,565.3682027252456,793.6892046116802,0.09090312887426509,0.19224493461422,210000.0
Random_0511,0.01237216260250446,1.419281523335928,0.03089427731066061,0.02695230601636169,425.7218013807889,668.05478391537,0.07799197757550803,0.15284532182020713,210000.0
Random_0512,0.22914508488433105,0.558767727230927,0.041719913758239656,0.013638717511403019,729.989779940809,987.991908385712,0.06028270414483273,0.11842195578180836,210000.0
Random_0513,0.10497319640839461,1.622008122756986,0.03556530778584333,0.030574726237953716,632.4470681028457,906.3895300071049,0.06938655500872148,0.1323170964079241,210000.0
Random_0514,0.1936211563049603,0.8172040188747893,0.027175024853109287,0.020808890365100457,691.8000302789064,953.1407869870552,0.07242870278991177,0.1456638394925396,210000.0
Random_0515,0.05846637927698571,1.5144966199325807,0.03510756371961813,0.01600621543708379,543.9592071194072,802.6390475030836,0.07910846518603552,0.15777141870939024,210000.0
Random_0516,0.28076578738413893,0.8424882836153269,0.008040115748197373,0.039858321841340215,763.9220863905763,1048.1936309921377,0.07667631817403227,0.15419326131224953,210000.0
Random_0517,0.23131963240109554,1.2003541292616804,0.030860250454088474,0.013176081964056424,741.1292492179259,1029.4521865415238,0.07670452677719174,0.15579452058712545,210000.0
Random_0518,0.179193369917072,1.7703329479293088,0.012109007159807991,0.00732672614897876,682.6023108572529,985.5107773286369,0.10394293977310813,0.2201115862227016,210000.0
Random_0519,0.23500953376754444,1.394976319050487,0.011135657147415011,0.027287223672258092,737.5880533893197,1036.0405407229039,0.0878597811750304,0.18035041002219154,210000.0
Random_0520,0.21748103036367158,0.6347552259266829,0.015996678786164373,0.006874037621383633,685.938026949279,947.0426123942938,0.08849914648636695,0.18785000640971472,210000.0
Random_0521,0.1695260687661283,1.3319344670991946,0.02830069916382061,0.01182611289827451,679.4187162361447,958.527139482173,0.08251833897653767,0.16898595312823728,210000.0
Random_0522,0.1499248249346857,0.7296159987935936,0.01745798897556518,0.018244395081156158,627.7383679647072,875.1961034195526,0.0828933074239126,0.17150566122513664,210000.0
Random_0523,0.12630551237899973,0.7292104646885996,0.021360464243571884,0.004258203096810044,593.9910469498695,836.3324025683759,0.08840486760456938,0.186562268272986,210000.0
Random_0524,0.06989235322765393,1.9997213368211133,0.03188774147179914,0.019310095725292336,579.7070611646903,863.0717826527866,0.08442475621725899,0.1683703775556814,210000.0
Random_0525,0.011975475136487631,0.4233450034388998,0.0030145542645567047,0.012132763402357031,345.4167372857975,546.2493458113169,0.10205204287340003,0.2180451586800345,210000.0
Random_0526,0.19470221602000284,1.1613618581475007,0.0019937931698842744,0.0244370657197674,677.2718293216246,956.0941982320908,0.09633195048607952,0.20209155741629833,210000.0
Random_0527,0.011504672705616885,0.40210729820776636,0.009172398173040205,0.03453036294136057,365.7857409074124,563.2605166140141,0.08290250011477981,0.1683238957837993,210000.0
Random_0528,0.06654429000918416,1.7455251993342473,0.029473881760785057,0.027181819806199294,567.6549335177717,838.3071838647502,0.07946043053460988,0.15625858044242597,210000.0
Random_0529,0.16759152183727344,1.293098436611937,0.004647112306322879,0.01709417753266896,651.2423958618349,929.590402781571,0.10030448806993936,0.21191246020428198,210000.0
Random_0530,0.08237833679013529,1.490540501746604,0.004709077028705301,0.031124708986605056,557.9217454377783,822.7239493326845,0.09625208498518872,0.19817065556425334,210000.0
Random_0531,0.026899778661576387,0.7848500879624806,0.02629114465503837,0.036422978278132075,452.12557937400265,669.1516481630548,0.06905245332510933,0.13301925747695043,210000.0
Random_0532,0.23265795138488837,0.1846728734633623,0.042252804960116096,0.029923180864279978,732.2248115061559,972.9254997922776,0.04621836978800997,0.0835663452462615,210000.0
Random_0533,0.0636439934926053,1.4124880583304058,0.029428142569394068,0.018185611507688156,544.5306319377348,800.1944926095878,0.0816826331271806,0.16431976462352824,210000.0
Random_0534,0.2496838133587141,0.6272204125723688,0.005243052424375151,0.03708049170435209,723.9160635316354,991.1760519067723,0.07931148765474577,0.16169355765800064,210000.0
Random_0535,0.2661938777929335,1.7126788574278047,0.01845125352997407,0.029997207470605785,787.4291299715521,1107.1722711239902,0.08220353990391158,0.16502769540759113,210000.0
Random_0536,0.03827058658622407,1.9495340365845126,0.025133392468432967,0.0312514630723447,516.3356125345842,789.1215023841811,0.08421183538659607,0.1658697285568811,210000.0
Random_0537,0.1996050579003776,0.6304846035788395,0.0054727357946306645,0.02681682577700502,669.5006588679837,925.190565578395,0.0863538519823008,0.17979187933594734,210000.0
Random_0538,0.030085040063001174,1.0481417058845153,0.026321511623466836,0.008738068759382218,450.4927786797749,682.3756490297004,0.08808020741111591,0.18213658266909216,210000.0
Random_0539,0.29784529446599023,1.669880565883373,0.021617584988465624,0.038930421742468274,822.8150573834289,1147.5771659262034,0.0729696852265865,0.1417201677607994,210000.0
Random_0540,0.09895332351507863,1.8836866502458112,0.003856721897851242,0.02563531372878709,591.6134433584325,878.7583106481325,0.10369325911906961,0.21558970398748387,210000.0
Random_0541,0.24281969319824268,0.3625508070072917,0.03300584047989085,0.010587690551617148,723.1983144046018,976.7305415369699,0.06771228965837096,0.1379871669041387,210000.0
Random_0542,0.13339738998689202,1.1243450845319802,0.018009809744426484,0.027630214008996287,629.0174663489482,889.3111407493366,0.08115177218347776,0.1640475348655864,210000.0
Random_0543,0.042696037489824354,0.8350931313038001,0.019058995191241948,0.020992111120641924,472.76070711847194,697.8098188946483,0.08446996506833733,0.17291948761192108,210000.0
Random_0544,0.10665979120224521,1.1852940196691026,0.0453658266470508,0.033494163101341096,633.2994925411267,886.9938720469263,0.05439543622675602,0.09724687655415526,210000.0
Random_0545,0.2696819927248479,1.1291282264958142,0.006392316913961144,0.030832747513309354,756.1514260078038,1051.4046892271458,0.08665236554497682,0.17841470531904546,210000.0
Random_0546,0.15740923497898135,1.1769934882163768,0.0024296297522734384,0.025252681400336742,638.8606990724453,908.9631298947188,0.09649669272487323,0.20192046098870237,210000.0
Random_0547,0.04665238284657069,1.3796020850038377,0.011725360435850776,0.0027177989981457505,478.65142891448266,731.2411656965784,0.10729268452293801,0.22880810527227735,210000.0
Random_0548,0.05434362600601547,1.0098763513120934,0.017848658825662285,0.02454342877953128,503.7499373767753,739.3889126789078,0.08464656942798644,0.17233630381389542,210000.0
Random_0549,0.10903817187886947,1.5809204774295427,0.03804019434453158,0.021819264313955793,633.442291414157,907.0544991755247,0.07187728557648983,0.1398107876895847,210000.0
Random_0550,0.2177241287787957,1.0848722786567515,0.00294936391677023,0.004464614493280852,684.5832604486396,967.2404269100882,0.10618334292438951,0.22940109448475857,210000.0
Random_0551,0.07406257662386226,1.8298448614198042,0.030179602536333977,0.017227674052916,577.2494286226414,854.3155094153582,0.08535731381991883,0.17175171700413763,210000.0
Random_0552,0.279958263311762,0.2316387693615576,0.024161873591840584,0.009372466842733882,739.8620729795412,997.5926361939858,0.07436500488972396,0.1553162736056181,210000.0
Random_0553,0.011254028970935557,0.18020126463449887,0.03188855676502064,0.023091425347400416,376.213817529464,562.7379831117566,0.06712575618480723,0.132259519524646,210000.0
Random_0554,0.26577712488511357,0.9791780156177232,0.04261169878822886,0.032074719271445576,791.8397609873443,1076.3721394666463,0.05188570438601865,0.09389684154816749,210000.0
Random_0555,0.14170359390568016,1.1468863217195127,0.01782927672007287,0.031048631451083497,642.0620356544036,905.1875859545091,0.07926462773593779,0.158978092203413,210000.0
Random_0556,0.17938789261476204,1.3692417487785007,0.0329963689225496,0.013181640325738632,697.9341231691411,980.7027342780011,0.07761585968367347,0.15676051566803165,210000.0
Random_0557,0.25052877324911976,1.463935862692421,0.009803170663563007,0.02555975429650662,751.3690325470095,1057.0493056836428,0.0904700825729481,0.1867949951618683,210000.0
Random_0558,0.21748846187415874,0.6105521050228842,0.005094686896495141,0.001162201336500686,668.0174129760794,929.3638221120093,0.10149585039506205,0.22048894549692577,210000.0
Random_0559,0.22272288277384733,1.6529468388280073,0.03648782371771561,0.005413337238046153,750.1695913481797,1056.8808269124409,0.0810037196448126,0.16524697490732046,210000.0
Random_0560,0.19349362349163307,1.1224632123392666,0.042073303502853876,0.014247066350184339,715.6383139753793,990.0169348153115,0.06601283714082576,0.1294975263404362,210000.0
Random_0561,0.00708352396009148,0.6297651925015374,0.04329591379708063,0.030180772355682214,390.8707252164138,595.1029049767848,0.05753959262149158,0.10568851078187802,210000.0
Random_0562,0.1564602497032736,1.7418240888951326,0.010593211394511848,0.019841809529439355,663.5604722186666,958.62281697085,0.09806825361037559,0.2039624988511707,210000.0
Random_0563,0.01649684199788233,1.1239858930935345,0.045559236312713,0.009448125735235065,436.22030727085473,666.5232939956985,0.07199887015451568,0.14199479548985217,210000.0
Random_0564,0.1378142555879102,0.7290391785534595,0.04206867840180216,0.028154692455557892,649.8171522482041,891.4596095114986,0.055111097257293906,0.1021328461716438,210000.0
Random_0565,0.14726859626334082,0.36416984357840754,0.02783000548442691,0.015384477516186358,622.2914017921239,852.0390351789383,0.07168888884732721,0.1460919844944091,210000.0
Random_0566,0.10031817252535488,0.580779326236173,0.012259843641072868,0.025186045853106857,557.7267181673413,785.9456598197735,0.08332769764502954,0.17167703949238713,210000.0
Random_0567,0.15773717039642596,0.6691051349259914,0.04395206863802906,0.009687619745640395,660.3877476914439,905.6405962915263,0.06337838991028394,0.12530090446710007,210000.0
Random_0568,0.15755861124355108,1.701020398803907,0.029289062933246544,0.039165738260806125,699.3414859758914,989.8006726374308,0.06921187373129364,0.1310418269849662,210000.0
Random_0569,0.2972089611897537,0.2403889714837938,0.012030169906273758,0.014009110169316198,743.3080660567952,1006.3446676649571,0.082267895785406,0.17412007954057598,210000.0
Random_0570,0.11716113496151079,1.9974941142530227,0.013980278852386445,0.010919742109756377,622.3917270025023,919.5772442072946,0.1039950831561074,0.2180301579273577,210000.0
Random_0571,0.2475802810433167,1.4420461111335958,0.02568237962510716,0.03664729134952176,774.760531130697,1076.5613027145678,0.0693664566891103,0.133801044988369,210000.0
Random_0572,0.02382843439473871,1.5271625492591636,0.0261911068996098,0.0036243123043897753,446.34518970599777,698.6393794850248,0.096437749598324,0.20094933151504818,210000.0
Random_0573,0.24028040198507616,1.8374544474676366,0.004145776722410871,0.027031153954099857,749.3732896797088,1069.6346858579006,0.09862097207018936,0.20477117186977445,210000.0
Random_0574,0.03845709192760612,0.34147495776926473,0.027192107400527465,0.0015859527541190067,442.186637826422,644.8650390955687,0.08406818529816916,0.17662514653447972,210000.0
Random_0575,0.030416155120407844,1.4304164076382726,0.019131689499045257,0.03794331821609764,476.5449760335466,723.9517525401594,0.08083160700611486,0.15883321092617256,210000.0
Random_0576,0.20282942058007877,1.164373574399556,0.011502587519044323,0.00620156344658949,684.2265612556506,965.9143951713997,0.09856315142631975,0.2100446424663859,210000.0
Random_0577,0.19029326676713915,1.0800294945907158,0.04616176687833452,0.012325689875119644,714.4266837054732,985.9223311135639,0.06313476753637401,0.12287455237136632,210000.0
Random_0578,0.1896709240494147,1.007665903271089,0.009632102661482293,0.03951837226366134,686.4507196802143,955.2813783457556,0.07898649818390481,0.15831280639775214,210000.0
Random_0579,0.11416769185289821,0.5613928697061942,0.014439278756188577,0.025171618385030837,578.6944071594028,809.3301374881086,0.08075786480007954,0.16567137074367133,210000.0
Random_0580,0.1363178338863667,1.6247957624024723,0.015103088268925698,0.019177535360260074,640.707038152869,925.159856042237,0.09376440794819355,0.19381656644471282,210000.0
Random_0581,0.22077977184553726,0.23809820257023057,0.03208994435854723,0.007688824220996353,695.1084195449961,937.8354801356772,0.06948929596441011,0.14306708449700278,210000.0
Random_0582,0.2537054267100109,0.7795965534614545,0.028497241513764607,0.017424543711478113,747.0023673938573,1021.836826159106,0.07161988599849167,0.1448710579068862,210000.0
Random_0583,0.2920962624849273,1.1195103642779964,0.003766036311570917,0.02394034735336376,766.8737257393358,1068.0592470598826,0.09263227641105086,0.1941819993561278,210000.0
Random_0584,0.16554774882698964,1.167690810270545,0.024013748450066586,0.0309689319159164,677.5519632572476,947.086372496891,0.07334566347217221,0.14469825479795118,210000.0
Random_0585,0.030960270882065228,1.0282145891248988,0.03408106671419934,0.028805690778056885,475.4085526197109,704.3873362514671,0.06880666519499856,0.1324586273930946,210000.0
Random_0586,0.049678644683718395,1.3250641652789354,0.017021453952986945,0.032137830019756064,509.8978319387955,758.0126378294576,0.08419089374110039,0.1687180738931035,210000.0
Random_0587,0.062397196940896585,1.9720821637872537,0.037458994898453106,0.010929478368009216,566.4391828062961,846.9111015506297,0.0844541530231705,0.16955291673975606,210000.0
Random_0588,0.19360715402809178,0.4722745341041713,0.023607387489372068,0.014399930630653219,670.9457416743982,917.5592987665068,0.07603597563216939,0.15686902401632866,210000.0
Random_0589,0.19287524610824683,1.6822989058217772,0.011187147677680833,0.017857195871568806,700.063155448207,1001.6618702533087,0.09725672574933862,0.2028957140789774,210000.0
Random_0590,0.11779608733474341,1.7750965100973586,0.025505252229963426,0.011732277214105195,629.8401860245183,916.1895484570598,0.09089258484453713,0.18689015791144686,210000.0
Random_0591,0.2993041455332145,0.8660967094494697,0.011484259620028092,0.03348248301845349,779.9105015567154,1070.1135504541664,0.0772939043571966,0.15660111165900056,210000.0
Random_0592,0.12861852542040964,1.136431165298776,0.008799129499579072,0.01546014232265644,603.9269709956968,865.2802630434653,0.09699632470566417,0.20428894068243414,210000.0
Random_0593,0.18343562889518092,0.4391561857868975,0.031369683673040036,0.03426906583769754,682.4669052960317,922.8367409193781,0.05703152988730434,0.10780755997031363,210000.0
Random_0594,0.11710682232442493,0.5009076060655768,0.0033157638871328483,0.007028910786956635,554.4187872062455,785.4087610863755,0.10096336727276176,0.21778886467588768,210000.0
Random_0595,0.23970167837450243,0.6267789750789854,0.00544271181362163,0.031057593723396348,710.8428764938395,976.0533255230581,0.08294292527152922,0.1712857283282512,210000.0
Random_0596,0.23378747231661984,0.8550052151193208,0.016740008901137245,0.0019980186367846015,706.5759736419586,981.9990341984493,0.09261491812730631,0.19773462523944382,210000.0
Random_0597,0.14564757263823366,0.190641184214534,0.049550228471722975,0.012030410163490136,638.0282140408475,858.0925093992429,0.05246019986810439,0.10028814428212353,210000.0
Random_0598,0.26171804580669855,1.5905699802080409,0.018031270470045848,0.03416287719453952,781.6469619024115,1094.4765906502812,0.07894815286242883,0.1570186466590235,210000.0
Random_0599,0.16089045096734517,1.798850924497471,0.03994505057212199,0.009528264752086596,698.5639957989706,995.7770349172565,0.0782987744915118,0.1568082228533402,210000.0
Random_0600,0.2768375515142667,0.7529018670461879,0.03574814491453768,0.011762862173411,771.0215320665404,1050.3106233951496,0.06777490006997379,0.13654539730476808,210000.0
Random_0601,0.10902219120442781,0.13380197228157903,0.027125666578213622,0.011230862021832579,562.2620499946698,772.4701642604441,0.07358270086364231,0.1518227902872661,210000.0
Random_0602,0.03254049689273541,0.1524533704876497,0.014629126287731269,0.027487081553193998,424.48263887975395,616.1088681476081,0.07825827417444256,0.159670065212515,210000.0
Random_0603,0.24764941792641182,1.2011341151527137,0.011526080360857002,0.0010687481684209764,724.4985940867374,1019.4543974678702,0.10104374259447059,0.21704955377722998,210000.0
Random_0604,0.1732305553923313,0.8903858655365096,0.023042273749666164,0.03394214870088929,677.1625122323353,935.9787612335166,0.0694763280746134,0.13615888716900457,210000.0
Random_0605,0.020295406913810588,0.39994550616716773,0.03134908893796394,0.0010743827028058318,400.58482143631556,601.0623432110291,0.0822914064157552,0.17161342417520248,210000.0
Random_0606,0.14763925044495252,0.32917258386412984,0.03668192245275423,0.006326832766175487,625.7828102525691,854.0646887201788,0.06879712530617507,0.14039074852477823,210000.0
Random_0607,0.24442604576765434,1.1906129824738676,0.044925058240541875,0.006296198403177222,764.9440261478445,1055.5304212695844,0.06780796585544721,0.13512742905340674,210000.0
Random_0608,0.07998750869456712,1.1570593657354091,0.011369190999203214,0.01949084589809528,542.3222660345268,791.9180117144781,0.0939874016213012,0.19563078848368298,210000.0
Random_0609,0.07866539454532993,0.8913875435469752,0.03387811026792553,0.02050853197386352,558.6344353221028,794.0622920387061,0.07050898664124658,0.13926331638577755,210000.0
Random_0610,0.27268558697805956,1.363889907786386,0.016447609170760755,0.03032483475847953,778.6744118564068,1084.4790589369697,0.08019728886357959,0.16168560015546304,210000.0
Random_0611,0.08958331653472956,1.9555705755675497,0.005176583581506562,0.017991821484765323,576.6253951665888,865.168427795509,0.10811559320402525,0.22696382438154172,210000.0
Random_0612,0.08759631341840231,1.3226851605225927,0.04200381006422265,0.03860301000028463,610.0907290894473,865.062094062404,0.056342281671834984,0.10044183531786705,210000.0
Random_0613,0.13107381971264262,1.2787150176173496,0.04654960318645365,0.02201270646537198,661.8605105611211,926.6861565099165,0.060444059727030715,0.1134631955933311,210000.0
Random_0614,0.04200966120151123,1.5996703947932096,0.04956361515892367,0.0010312953595952793,520.6530351539878,779.0930253785785,0.07667142139150362,0.15310487857559968,210000.0
Random_0615,0.17472914286922334,1.6286175240085328,0.034145821413602034,0.03389250167372584,717.9068867491882,1009.4338951998918,0.06685931192936446,0.12650329462379778,210000.0
Random_0616,0.2064112705789425,0.6631973797117691,0.024535947018987488,0.03593126715199886,706.6994960546969,963.3088186527831,0.06390435975914961,0.12362183384990469,210000.0
Random_0617,0.05357912070218591,0.2679037039129384,0.013407966822917835,0.029158894477015206,474.2018930818431,676.246991029477,0.07848709738732804,0.15994745025468282,210000.0
Random_0618,0.02155330993334613,1.582685016412083,0.04837516900383536,0.010271966234399937,472.76396496660686,724.6813473694283,0.07318980920395123,0.14292076431260833,210000.0
Random_0619,0.2501183091348847,1.1710397367864749,0.01366572082115218,0.02929774554308751,748.0001432801002,1039.7894314100738,0.0818302354001524,0.1664750842546089,210000.0
Random_0620,0.09220860186847832,1.740840659075328,0.023100506263768108,0.02680900962703219,600.709161073481,878.1063799277263,0.08445937131602266,0.1689549362757252,210000.0
Random_0621,0.23809931665319226,0.4896989529077195,0.0031633778035629785,0.024854560267854955,697.492503064706,956.8123500631381,0.08737812903046506,0.1835490828323629,210000.0
Random_0622,0.12656160534309574,0.29838997921655663,0.011973655798484042,0.02559272622702237,582.9064260183078,804.9690658567862,0.07973687425001359,0.16444719568982458,210000.0
Random_0623,0.1558661042768591,0.38583752299054197,0.025256726789915855,0.03148540602024407,641.171103111406,872.9609470903823,0.06434010120806433,0.12598334929206467,210000.0
Random_0624,0.24640043560298655,1.984154577819982,0.014785728277423891,0.013068938843966295,763.0851874991317,1091.7438790320664,0.09876527932987748,0.20638869181119895,210000.0
Random_0625,0.18423760827713592,0.3672064476888197,0.0245336449443762,0.01184380688633353,656.889441831957,896.5629379007812,0.07590091817494586,0.15725085561760782,210000.0
Random_0626,0.16663386731436888,1.6399365981807232,0.03420930556053852,0.031473014644609165,707.8673637441094,998.0683918744223,0.06856301983758124,0.13085311159310342,210000.0
Random_0627,0.1480976883585356,1.5443334566831652,0.038388887465408014,0.02074568206205197,680.9914756047816,962.7801376829613,0.07074923411697892,0.13784464042297384,210000.0
Random_0628,0.1070324870651491,0.8393730036375188,0.024089439229622377,0.028166813512949744,592.444530613683,832.7939373242529,0.07326998264523947,0.14563746419345008,210000.0
Random_0629,0.1825945133233575,1.537106022955622,0.04925640969010008,0.02382202568781265,734.161533596037,1023.1336581296463,0.05820086024726741,0.10717034634336972,210000.0
Random_0630,0.2915847466732214,1.7319058468481237,0.03836632545081849,0.03281776389479747,835.616018635145,1160.7532412639666,0.062298989698574544,0.11612434365890273,210000.0
Random_0631,0.02763041183341952,0.5255298885681041,0.03836599356298964,0.024375384677033436,451.09709047882126,656.634228163539,0.0627761942543386,0.12045583721266795,210000.0
Random_0632,0.0644014578347448,1.5286557736156015,0.02228832274956981,0.012799165268481589,537.6053358805779,799.6882111105219,0.09247207963786289,0.19090916406850517,210000.0
Random_0633,0.28881328554853386,1.3777035985093686,0.009632367117193681,0.009497908237629304,770.099165289136,1082.7687265808052,0.0986608903473899,0.20966967055285063,210000.0
Random_0634,0.22938340421167347,0.1418911949911108,0.0413399014102913,0.001596700909010513,706.7376519790569,947.0336786210312,0.06367618262800459,0.13017772432828845,210000.0
Random_0635,0.13306275763118067,1.72990368625236,0.02211766445340413,0.017987831430053065,647.9792225906511,935.882138209126,0.0893048863469459,0.1825675743405089,210000.0
Random_0636,0.13752186163559108,0.6387489204407716,0.037090595697749175,0.011065757740838598,628.3664187372356,867.6380772908809,0.06894971040379869,0.1386368794321622,210000.0
Random_0637,0.23184648558480644,1.8485252897119833,0.004143423552376166,0.0014905216360259002,724.0678170203827,1044.7623608385513,0.11423177075231256,0.24620996342926427,210000.0
Random_0638,0.2260905353357422,1.5478266241633996,0.012473432420698646,0.01386246191511489,726.7865803038089,1030.8545406782323,0.09642490422032136,0.2023154507063173,210000.0
Random_0639,0.06806914702977958,0.4054005065159323,0.01617643813162711,0.003914360174183576,491.15137691576956,704.8044226019666,0.09192858172423299,0.1958208441261417,210000.0
Random_0640,0.1302467140152368,1.5558042195128188,0.035196171742562364,0.013921655908364368,651.2410994520287,929.8845416218405,0.07831055215864458,0.15697397325691842,210000.0
Random_0641,0.10661431725230881,1.8287992236169899,0.033751002083612563,0.013297847697935333,627.6842999861516,912.8699363794696,0.08340301215836479,0.16798648440411038,210000.0
Random_0642,0.10195416245373196,0.2805994660840746,0.02029602756139392,0.005889895919972246,545.6714985650241,761.6921412737312,0.08461957992506002,0.17876479045757357,210000.0
Random_0643,0.04369343147207308,0.2890220109969991,0.008770004540724251,0.014077780751290063,438.6209867829655,640.7225123224875,0.09236995280758194,0.19560079149835813,210000.0
Random_0644,0.044599374354169885,0.9047637971953288,0.026455077057586818,0.024048148253370105,490.31360474761965,718.1375611850752,0.0765854668770071,0.15296964362963142,210000.0
Random_0645,0.019831822754295705,0.24717171392274162,0.021965618281372282,0.0048089514808351465,385.1189721285322,579.057689362653,0.08700077970489116,0.18329173150489933,210000.0
Random_0646,0.025241409932614225,1.9953474300547869,0.015999240421908315,0.0071279531499713455,457.01372450171516,731.2645358515838,0.10809987694776918,0.22694887646678646,210000.0
Random_0647,0.22531812135940457,0.9659157367095773,0.04797838061716142,0.006927663601010328,743.4396459892032,1018.8429009435316,0.06282847945230947,0.12369454121735021,210000.0
Random_0648,0.059077960788901006,1.8156349853560054,0.04907133619761499,0.038288872407917875,587.9886631264211,857.472910976224,0.0561576321750385,0.09737118090786384,210000.0
Random_0649,0.2897715644454011,0.10851303340918422,0.03779613819390042,0.003679523297067794,756.2028959672915,1010.2108206627777,0.06409480514451096,0.13159934569263462,210000.0
Random_0650,0.12940227314881472,0.9712917032516971,0.014639873091452128,0.02686467798935212,614.1210790095245,866.8594098565902,0.08322371896563377,0.1698456174989458,210000.0
Random_0651,0.07140777400025161,1.0998353327682329,0.018112220567371294,0.025032773384538666,538.2519402856723,782.1448742441529,0.08433324417324138,0.1714084907657188,210000.0
Random_0652,0.17105729115344795,0.36469696499011106,0.029040475614957238,0.007285393769774951,644.944396293548,881.2140129556864,0.074867490753639,0.1552046337533851,210000.0
Random_0653,0.12766844241788683,1.2820018259105048,0.040034741221521404,0.031042257749042387,656.2178229228426,920.138855775642,0.061017252307514355,0.1136037050268032,210000.0
Random_0654,0.2705878303004424,1.4049327503729327,0.016065544625052396,0.017617732717491643,768.9462299498757,1077.1204991043649,0.08861608621658683,0.18375886149615606,210000.0
Random_0655,0.13077391965862742,0.8139942426019539,0.022853877824919537,0.0306717990229456,622.8488028008361,867.8899694847518,0.07193583760085122,0.14246140446255637,210000.0
Random_0656,0.15950155800022803,1.994943472018555,0.043405440279582895,0.023199187717087916,717.5877966080733,1021.9072721092316,0.06897749660830903,0.13131314201794975,210000.0
Random_0657,0.06508953079597372,0.8352054271312823,0.007899706918640576,0.009599842622630899,495.04557772396873,727.5022406805682,0.10037988247904302,0.21375994514157745,210000.0
Random_0658,0.23449545526008875,1.8597519157836637,0.035902248027344145,0.005030191451577254,767.5177258593807,1086.555830726354,0.0835824349032131,0.17079189401485764,210000.0
Random_0659,0.16190168226049304,1.7555385910740255,0.010018379959562361,0.010685089831644734,663.0785426186618,960.8969221988198,0.10408038842375962,0.21987938893103645,210000.0
Random_0660,0.2789140381638813,1.6413745254436047,0.041026693080381434,0.021393301346741136,816.9662660894317,1135.5630297211944,0.0660912781171652,0.1272145584634814,210000.0
Random_0661,0.18269570341698482,1.7699273554212307,0.035972740525919734,0.016186242229018464,721.1313771063489,1022.2793153341554,0.07706347815513594,0.15326336320829653,210000.0
Random_0662,0.16672899003893374,1.81745806587615,0.03566414635199502,0.021525879834219067,708.9682760160242,1007.8609343952872,0.07499482877023429,0.14711364706598296,210000.0
Random_0663,0.04228973421390783,0.325493683871582,0.0035497105691288523,0.0046513593103764,423.98809470158847,628.5516584389261,0.10315648814992147,0.22303254834804082,210000.0
Random_0664,0.11397254571844499,0.9568466203328917,0.005603323902204591,0.00999200952571866,571.0464084954895,821.350016165847,0.10177830494406494,0.21731847651696054,210000.0
Random_0665,0.13841028159976582,1.7307763152697164,0.03732127464620782,0.03855515668508654,687.1831010378947,973.6004911184699,0.06314481549898163,0.1159390584654455,210000.0
Random_0666,0.1722877096193683,0.6837076904631949,0.039349639618049735,0.028161426443924498,684.4303274123936,932.8682156031216,0.056224034444393056,0.10544364246399637,210000.0
Random_0667,0.21277788076424184,1.1506362930806218,0.005830868860509512,0.01038951011960865,689.6926455354978,973.3681185967768,0.10079930431655271,0.2151104570410582,210000.0
Random_0668,0.2874817879843555,0.3993572081216037,0.023302242589778376,0.004251268777921778,747.4720350458957,1015.1092754980408,0.07974732685012109,0.1684732491531621,210000.0
Random_0669,0.16725631088217302,0.9808285983198824,0.014296979509037008,0.01840771901214711,652.4436145921096,915.7786033553529,0.08771697668596468,0.18235207396345565,210000.0
Random_0670,0.07284258736644818,0.5494419596709028,0.04881086473295505,0.0321403404176645,563.2060379905893,779.6654766053424,0.04688256389911309,0.08138464573797831,210000.0
Random_0671,0.07218292490732606,0.20410316107489923,0.008931686695875612,0.0020943789338882966,481.12962128959185,687.4779095144127,0.09737251019383468,0.2103345941357638,210000.0
Random_0672,0.06014132613100055,0.6867513104095808,0.03784700477980977,0.023276920243370344,526.4601025949405,747.5093290942673,0.06393431094903426,0.12341905188879645,210000.0
Random_0673,0.031372424153632,1.8637548654316236,0.03647114335505888,0.021037697253364008,503.1335425549737,770.2449102891309,0.07964844879026835,0.15629336133716756,210000.0
Random_0674,0.17506966359216683,1.288063250441486,0.030667484076624712,0.034472653107098655,702.5859938429978,979.1050450362085,0.0662280395931795,0.1264000243128696,210000.0
Random_0675,0.2128499358484752,1.4178788158092896,0.033214757513889186,0.028964116807722082,744.9793122422153,1037.0220329700232,0.06767990380191899,0.13048825787519347,210000.0
Random_0676,0.06797229825135681,1.5345985963784874,0.022442127794051147,0.028820321875675216,555.4592071462778,817.4082225725707,0.08264157832135156,0.16477817677481257,210000.0
Random_0677,0.2978465337007518,1.8020208372982651,0.04498350624318168,0.020786464886519057,842.7793243997486,1173.0702978129823,0.06414811021816486,0.12198823198444941,210000.0
Random_0678,0.039446219732843985,0.26479143583932235,0.04847813338320562,0.023925732195991662,482.9391245534656,678.9239848531104,0.05068994051364543,0.09241833479561191,210000.0
Random_0679,0.16205964462554243,1.3675635788137763,0.023005238864025414,0.023310078804470787,674.0977579952007,952.4478047847265,0.08093354706257112,0.16334096705774376,210000.0
Random_0680,0.23095824747846264,1.364422833740261,0.010736702991500771,0.02993684827465682,734.1176769406528,1030.0023822272874,0.08640746356075377,0.17654550661504448,210000.0
Random_0681,0.24945499175171731,0.976603975350234,0.021854090437249434,0.0198327326502704,743.7981854713084,1026.7741664529967,0.07820862488194535,0.15974252052888277,210000.0
Random_0682,0.07023165194862217,1.265766540641575,0.04739193164813005,0.019017404510002615,572.9956255515438,822.2002859749196,0.06329423320611201,0.12002473194897094,210000.0
Random_0683,0.16738134243323813,0.5686240840431019,0.026807881817362798,0.003978381590444498,643.0665528949187,888.0370712125432,0.08098966525810973,0.1696648251530965,210000.0
Random_0684,0.15262969970463305,0.3718685260264907,0.0057644484628533825,0.019140936234427718,604.9420526914021,837.8411305129699,0.08923254966390798,0.18850294544890353,210000.0
Random_0685,0.29512522366002314,0.9142339265398169,0.004094455439187437,0.003001167403390316,747.9412121851917,1042.295394967083,0.10279154312705308,0.22274483711707505,210000.0
Random_0686,0.25203627342671137,1.5504675484239734,0.03865302675993294,0.003147635047444898,774.6822702763621,1084.1183253675285,0.07878772749546888,0.1608551902679866,210000.0
Random_0687,0.29063421191096206,0.5651908797807723,0.026077347334583816,0.0047959882346067725,759.6261984447477,1035.2484741670878,0.07852260305399167,0.16469587188030707,210000.0
Random_0688,0.01773799851006643,1.6027857501922813,0.007353104821359294,0.02932092716129509,425.31154584088137,678.9374816684382,0.09915382531513096,0.20363803783720022,210000.0
Random_0689,0.011854717968944953,0.1788333123258945,0.027465852710910624,0.033681763461616304,380.78685973776084,566.9062289908601,0.06468242013691115,0.12490579380481148,210000.0
Random_0690,0.27366309546428175,1.9902004365470471,0.003113365037470787,0.0359472246026633,789.3714749151394,1124.2214212546162,0.0950690774175007,0.1945139189789477,210000.0
Random_0691,0.29167734591830835,1.945253640651352,0.04276220757677833,0.02767110182924367,844.8327484537788,1179.653834010185,0.06356245625301402,0.11895158874361918,210000.0
Random_0692,0.06204654461521913,1.352537884442842,0.02948315506177978,0.03883187444025002,554.0832185732261,804.9938571667964,0.06870958585944514,0.13009315991807838,210000.0
Random_0693,0.23065088373516215,1.5414324800376171,0.01788705831152781,0.008588842473386864,733.6619360144989,1038.571046487189,0.09455744151356951,0.19852452271317308,210000.0
Random_0694,0.20729958358224004,1.591549561657363,0.046648344134303237,0.03526710892806141,766.1407000620881,1063.0320899872402,0.05366568773456892,0.09456519424419195,210000.0
Random_0695,0.05602985980289767,0.630621782978348,0.007409436638130745,0.014429472443868878,474.09936301900353,694.7376954771936,0.09624591592384901,0.20375626821489815,210000.0
Random_0696,0.08221231024179433,1.5151931340429816,0.0010895931913775336,0.005701488126449988,536.3845154538005,804.5779975407571,0.11501586676467275,0.24731530100221444,210000.0
Random_0697,0.09108103875773291,1.8618733078577785,0.016753250734602976,0.021711578380788254,592.0842893328887,875.5616615466907,0.09447793332652236,0.1935699350068882,210000.0
Random_0698,0.23132039119655642,0.8883125460478907,0.03497866048031584,0.034063512675507786,749.7717972896263,1022.0525858084546,0.05734506771780742,0.10707326617328533,210000.0
Random_0699,0.18165980543247887,0.3747140304745925,0.04621091789406059,0.01983804281551789,686.0488340401084,923.0419999128186,0.05173017492123038,0.09704076555862937,210000.0
Random_0700,0.14437021136114755,0.8701040676918347,0.01075656722473807,0.013231265871964503,614.588131310099,867.9163405487823,0.09348215460345707,0.1973691759682331,210000.0
Random_0701,0.22038277860771846,1.3252725637826865,0.0019172784221015704,0.002972009237588091,693.2701781182709,987.6119951276463,0.11035498067509274,0.23875424628630965,210000.0
Random_0702,0.009560320894592635,0.5390226658309901,0.02645234950202233,0.028064868862859898,378.2532250240736,580.5379477409258,0.07278865291958364,0.14377041849321437,210000.0
Random_0703,0.04517504654580874,1.9535653634711676,0.0035290701642700095,0.03205985540869828,506.34137101330634,782.6984599601236,0.10287269279034741,0.2115098153515075,210000.0
Random_0704,0.2586025893824556,1.0042045145365235,0.03960737559105162,0.03507591049396601,784.9059942873082,1068.7711819002643,0.05317926418985047,0.0964852139456939,210000.0
Random_0705,0.2858052212288849,1.2357808508325905,0.01923977349104876,0.001284845629732034,768.3862354075632,1073.8057094725884,0.09357895419969055,0.19894806075106877,210000.0
Random_0706,0.29124879912444385,0.5385145535650262,0.038981362668952815,0.025311617452605052,789.0510212233295,1060.952937505142,0.05432145434138555,0.10292571663414793,210000.0
Random_0707,0.2894217996097097,0.9744781063661583,0.0229990249338133,0.006685340332099891,770.5667324200996,1064.398947887731,0.08427486707854218,0.17667598805071905,210000.0
Random_0708,0.05504592043434709,1.8618315990979697,0.02685110616112679,0.0011036344117156876,529.3147806835534,804.6223035057214,0.09909776639374569,0.2070136365583544,210000.0
Random_0709,0.16072859242940493,1.8471803775457927,0.037256606809386875,0.019202347652549176,703.6196202144353,1002.4081689543923,0.07540125493387391,0.14821892808297338,210000.0
Random_0710,0.1871320373188844,1.8487963150553834,0.01706020335751268,0.011345637304063572,702.4509070411484,1010.1572832954358,0.0976746456158576,0.20398695496708472,210000.0
Random_0711,0.20261035425841084,0.4413571887871022,0.01380796089930094,0.022349171891181494,672.771814238398,920.3929056751817,0.07957445196094991,0.16468605080570684,210000.0
Random_0712,0.0749295732629995,0.4047968885911113,0.022841837858112772,0.0033767039077743535,510.3011900262789,725.1519599873577,0.0859896391187136,0.18149186153107236,210000.0
Random_0713,0.2642451587253842,1.5695480795743741,0.015300069668759238,0.01807733486595034,768.5914365865611,1082.6121974859773,0.09079806082333952,0.18824515983279516,210000.0
Random_0714,0.10220205388858317,0.4770488183544701,0.008620878198342952,0.008169319056994494,540.4817894479581,766.1562839656281,0.09571629517911392,0.20471651145609285,210000.0
Random_0715,0.03338171792195959,1.1279479358724451,0.011668233500341074,0.009520242553965521,444.5802077383292,681.9882162487345,0.1014117907872691,0.21434819115281556,210000.0
Random_0716,0.248553803664758,0.5504444652358124,0.00854367525912728,0.014054055023436575,708.0523406092202,973.1529740384161,0.08941166978289032,0.18978424745275513,210000.0
Random_0717,0.2848558086766492,0.20324606640605694,0.0019644744767054133,0.034491067281968844,733.9616919651403,991.4052737818812,0.07889541630647763,0.16320861590948554,210000.0
Random_0718,0.2625886846158373,0.6467783226922318,0.004146135329283334,0.01430911123183766,718.8196520327781,992.0954279829982,0.09390211312521754,0.20042212762598666,210000.0
Random_0719,0.2334869503837461,1.116289035415237,0.02091455814174837,0.03608593401446174,744.3121265374596,1028.356831354585,0.07102413013528613,0.13924806340808824,210000.0
Random_0720,0.18097484422554985,1.0165783724864181,0.039440381822308045,0.005685899923184263,689.7590752772082,957.1387105558453,0.07274967248405005,0.14744883226990313,210000.0
Random_0721,0.0568808878027783,0.8498240265357675,0.019286358603011183,0.022130457768576518,503.02622149154405,732.1751793266212,0.08309229997703113,0.16961787340542717,210000.0
Random_0722,0.2841006352573679,0.8963645949700237,0.0012214730582600399,0.024264260068078126,749.5333338289587,1038.8560407668447,0.09264554586114288,0.19509679847175043,210000.0
Random_0723,0.05107732722468736,1.8257932839429392,0.029939890153500223,0.025383168799551884,541.0014939687453,811.5056788361053,0.08156207169517347,0.16099491980912614,210000.0
Random_0724,0.18748531347289893,1.6938813186292196,0.009063362859445742,0.01653696299164804,691.433924394947,992.481886033399,0.10019969395741474,0.21015925757439197,210000.0
Random_0725,0.13133838333456055,0.6953786662775148,0.0011502168026564568,0.011451306786186548,579.9001690782716,823.0186830072925,0.10179967989433818,0.21855875035313915,210000.0
Random_0726,0.18558088428570646,0.8755155766269328,0.04138009676610334,0.029431682296687547,708.6132374514381,968.7417171460534,0.055238239331152905,0.10215176703718946,210000.0
Random_0727,0.29271092190299813,1.224175797701534,0.038149051791453,0.008158898545547374,801.2611322438345,1105.8221375891928,0.07219171916643134,0.14586025819806256,210000.0
Random_0728,0.019170146585620242,0.5688459523255393,0.01742542720173057,0.003465926812706836,387.8569383640865,596.5762345439858,0.0951568929847022,0.2019572443636294,210000.0
Random_0729,0.248415922484025,0.5542345052848007,0.04879218275930825,0.019496590729982662,760.1685051879977,1021.7499366676766,0.0499631580274616,0.09261080665920682,210000.0
Random_0730,0.2740181285487638,0.7716141356702068,0.029833579536525736,0.02294847460205093,769.99139074032,1048.995994651584,0.06662748682756288,0.13214215199969506,210000.0
Random_0731,0.1368662259475172,1.2712030139460455,0.020254135480757978,0.006350452351213892,626.2013056267836,895.4936307146772,0.09327394966458522,0.19590606419638168,210000.0
Random_0732,0.2981023203427067,0.3130335160978598,0.013398269383394522,0.003825445387655719,741.1006335226928,1008.3348246510891,0.08785687602937821,0.1888242661503363,210000.0
Random_0733,0.2118716669223352,1.1157956377170497,0.034375117420680126,0.03608369480837577,739.8272504644734,1017.369265914,0.059364229905228535,0.11054493491883469,210000.0
Random_0734,0.11268118816130841,0.8953407467817093,0.03320826991544331,0.01687031697219015,605.1082405072643,849.5625842017577,0.07223017061414091,0.14442890647322845,210000.0
Random_0735,0.0398689108830587,1.8534093344606886,0.03570582081145721,0.01158042211588697,515.5274145960691,785.1151629333772,0.08545716117953932,0.1719998251881409,210000.0
Random_0736,0.27588351336637895,1.7122624816874283,0.009096157647478079,0.028882420537737735,783.7838013656815,1106.7682051283932,0.09110170770142956,0.18701198412877285,210000.0
Random_0737,0.20962403142057906,0.6498279065548092,0.021029847078135527,0.0047237261042734,683.348854833854,942.9368326293726,0.08558023762515805,0.18085904597735253,210000.0
Random_0738,0.2820596124464512,1.4143871118759654,0.024735253678959894,0.02967989049030464,797.9453392378878,1107.754450850378,0.07345235156764043,0.14513864546757502,210000.0
Random_0739,0.2570080960691131,1.9593063085148816,0.04578794899106733,0.023015968066106913,815.8961305250565,1142.8126250609305,0.06443513496926896,0.12134870311566825,210000.0
Random_0740,0.033230100359270334,1.3094835558621805,0.009028743543645808,0.020852889502064813,455.32556567402696,700.1693201339858,0.0988114076388788,0.20567016205947336,210000.0
Random_0741,0.038817290955099726,1.08501350320004,0.016424659255539306,0.005682498787572346,458.9817505884873,695.7431083278152,0.09871802159128189,0.2085931799653191,210000.0
Random_0742,0.21604251926667056,0.9255299326803758,0.02436914145029382,0.037745218341982224,726.381538691062,997.0718666949645,0.06537986616151646,0.12591398840612247,210000.0
Random_0743,0.045987379658068206,1.9305331907979209,0.02473701123874403,0.02514172145465467,527.8542944805483,802.2348343654999,0.087668055269253,0.17538461746114647,210000.0
Random_0744,0.07729863795575154,1.3567010280942848,0.021284448249078654,0.03268552364672704,566.1294338457367,822.1880418472529,0.0792391661484951,0.15689034353866785,210000.0
Random_0745,0.14756997034802646,0.6716143075174688,0.029185545030217065,0.03849566455792144,651.2096531941773,892.9102928524189,0.05966878640868735,0.11226508898211926,210000.0
Random_0746,0.29276680947745526,1.0708018862663768,0.01860183554233863,0.03597892794898686,791.9568887242456,1088.9682148962904,0.07155742409428188,0.1412825427920335,210000.0
Random_0747,0.13763365586470805,1.414572515663112,0.037919461683955526,0.0034610720483769066,651.3272344031777,926.0809688756082,0.08052176436981481,0.16449131524669663,210000.0
Random_0748,0.12524063314573758,0.616335091491254,0.002079216170999331,0.0023161488560098815,564.1922720743751,802.8858802757552,0.10582449637478998,0.2298908467387763,210000.0
Random_0749,0.09132764099287911,0.9699342401035654,0.0037778803828455608,0.03536020402824167,555.2174685535268,798.5653728535201,0.08903903495351367,0.18242283614259244,210000.0
Random_0750,0.15886950242768214,1.0789100817923314,0.02843819696882814,0.008846859183210862,656.8064263850482,922.0919511804606,0.081914920575352,0.16891581868988842,210000.0
Random_0751,0.17168153585522705,1.6808370763776153,0.033914018888425664,0.0017802934051385478,693.6825616279393,989.3850690452537,0.08693068358988738,0.17958364226234905,210000.0
Random_0752,0.2483604667385034,1.111993824479227,0.024571702567372032,0.021718740385215846,752.1309380439515,1040.5575413939355,0.07600700630665724,0.15349783543227932,210000.0
Random_0753,0.006462730264140949,0.31946806746138545,0.009462820540196478,0.023039860787056995,331.0166668648504,524.4081979604678,0.08924640355388003,0.18549173457685866,210000.0
Random_0754,0.2855777530760661,1.2464036216938172,0.02543865145206716,0.0020641282400742787,776.5506768473712,1081.833055717238,0.08764287788653193,0.18428464389620727,210000.0
Random_0755,0.2235204197826934,1.7293603237056687,0.010095335106859199,0.025532689897798142,736.0164122755583,1046.8674897876142,0.09343259846022296,0.192613986918583,210000.0
Random_0756,0.19243537058291393,1.8180084327422488,0.0015691119135786925,0.016781321355600388,692.0672594085174,1000.5184468661128,0.10792559956923421,0.22851102583079683,210000.0
Random_0757,0.17376363973411862,1.1222709733618077,0.01765205073283417,0.03687115955527615,681.4364513827927,951.0176982945549,0.07487617512430085,0.1479430661333576,210000.0
Random_0758,0.23028749506650995,0.3799010894134893,0.03120710382023824,0.016621823082674295,714.2748526176059,965.1159612556075,0.06614186774529421,0.13315216472942337,210000.0
Random_0759,0.1797374143593555,1.173979216315328,0.038020667924714494,0.036190226905475076,713.6062789756543,985.4328257132678,0.05732796497515569,0.10497157201823548,210000.0
Random_0760,0.18466938909041175,1.069758004618627,0.01515157345025235,0.03296149741912219,685.4550541999101,955.9124660108014,0.07868963020716208,0.15813403206657428,210000.0
Random_0761,0.2933032354897551,0.7171204583870544,0.01794570658284754,0.011974135690987722,762.4332552413242,1045.6358973592735,0.08300409177105583,0.17404024663257753,210000.0
Random_0762,0.29550288790300805,0.3231769858780552,0.0340811809688437,0.023457106732490303,777.8701823246832,1041.685805648841,0.0576124074819138,0.11220949988329398,210000.0
Random_0763,0.21203948573362635,1.4666942168213741,0.040223064246840905,0.02840552901539862,753.915553684963,1047.4363774143524,0.06221331785483493,0.11697519840477402,210000.0
Random_0764,0.059701537437310236,1.6216865831822251,0.031209724991563007,0.03812548497961798,560.8036224208405,823.1580862256737,0.07036604273978134,0.13299800149109023,210000.0
Random_0765,0.04256122169177306,0.7526940582471692,0.007151650587659927,0.02881643489216007,460.77111820129954,682.4052094069798,0.08967451987310517,0.1849618055542823,210000.0
Random_0766,0.28499427875911354,0.14492482717039268,0.023772182161781827,0.030487925078236673,755.4042338273387,1008.8336121605832,0.06108455819632559,0.12046507349664375,210000.0
Random_0767,0.07395229402878756,0.5273291844356817,0.010257614792890706,0.007607683242650582,500.8385771236917,721.627240087651,0.09603799437078442,0.20492986952735232,210000.0
Random_0768,0.038428554329277255,1.5503070581257097,0.014992655663497119,0.01713955944362489,480.678446801802,737.4788257912086,0.09780530434325323,0.20275772264365768,210000.0
Random_0769,0.21538369285168762,1.1723882698692925,0.03847893314784571,0.0011582505752760078,725.7041229137956,1009.1365435729859,0.07711600278072703,0.15837713207220536,210000.0
Random_0770,0.09064188884775927,0.44790183248529913,0.0017987573912131528,0.02240764970638528,524.4815504120431,745.3610925180135,0.0933941885686826,0.1971058142983258,210000.0
Random_0771,0.005077971189132702,1.9609865343542383,0.026144465594219513,0.006286810055546321,388.54255082122245,655.461935612465,0.10088256257837527,0.20879261489684425,210000.0
Random_0772,0.20491966634031547,1.4613247087160728,0.024547779314172236,0.027030357549593976,726.9374313417462,1019.800708869947,0.07724842048409465,0.15386558622268276,210000.0
Random_0773,0.11906552069892275,1.213592471157646,0.040062814976079386,0.01721386480556827,633.1536684137207,892.9495754080136,0.06884989793669716,0.13478912396073522,210000.0
Random_0774,0.10820570725344042,1.0973838351865148,0.043889463660140356,0.015886815522404483,618.2482848001664,869.8998818623161,0.06536230455961198,0.12681409744620603,210000.0
Random_0775,0.10901453329743609,0.291853789216461,0.0036027790690449503,0.025896459727575687,549.8218800403173,767.8489947756874,0.08753469109957687,0.18326968668050544,210000.0
Random_0776,0.24329745311804424,1.2612529088166435,0.035693700027559956,0.017778941744762477,763.3482759012387,1056.651208735713,0.06995579568676609,0.13852253466460318,210000.0
Random_0777,0.22938943357038846,1.178026834574285,0.004449373670853537,0.0073651716608769706,702.7773606017764,992.1907629236779,0.10377780564935876,0.22282979316602533,210000.0
Random_0778,0.03164645981679194,0.19867582082987736,0.01876151268825077,0.013108081850641166,418.74819316459866,613.0506524930297,0.08367865730261721,0.17460947678967761,210000.0
Random_0779,0.012079395110602839,0.773103243919948,0.018511818946672903,0.027698047555000237,387.5771009165943,601.6898063505089,0.08225344082408509,0.1660229350475009,210000.0
Random_0780,0.020162665726908068,0.6373781837547943,0.04566807620565942,0.013712532009193378,434.50447188447305,643.4767079279776,0.06420508801138669,0.12465793273683226,210000.0
Random_0781,0.2745696562091729,0.7669077933190371,0.02884294650451318,0.015429743847116085,763.848681321126,1043.4601308446456,0.07197270083626858,0.14623632553188545,210000.0
Random_0782,0.24578116704479983,1.4286797116678678,0.0427445997891227,0.001241684770482396,768.3533840356149,1070.5703600571005,0.07515638210993537,0.1527182503960287,210000.0
Random_0783,0.06252382202025983,0.929330027441527,0.03361637763870491,0.025161514588102726,535.5221398898992,768.2707152516883,0.06894069885668971,0.13437024082265636,210000.0
Random_0784,0.26455045444345865,1.597659436057766,0.01538260779407559,0.025820216000387863,775.3615768389844,1090.0976391688914,0.08635322405625914,0.17622531859473284,210000.0
Random_0785,0.2346472335419253,1.8634005183673896,0.04747120392611402,0.006623288619498195,782.7843633326679,1100.9716356410327,0.07224786851303185,0.14285794000781876,210000.0
Random_0786,0.17207025849249755,1.483330709689729,0.018593682415974935,0.03080339818728721,689.1235427667526,974.9392228776538,0.0813206835590955,0.16288253487688611,210000.0
Random_0787,0.29252512100092865,1.403443941845134,0.04674716757436556,0.03297196706935763,835.0678396774591,1144.9765665392245,0.05136169005601686,0.09083572625454443,210000.0
Random_0788,0.050530692008148526,0.7852556172192175,0.02154044802360955,0.008497059454770119,481.59172194177665,707.1578971204082,0.08887211069824966,0.18572921840514744,210000.0
Random_0789,0.2037590944076013,1.925508566858557,0.0065286719074617305,0.036015168812138315,726.694967582584,1040.8791194355515,0.09274224314714072,0.18846695000644145,210000.0
Random_0790,0.11380448786094974,0.9474049556902305,0.024920974978134336,0.03621691787645849,612.0304727665716,858.223786309502,0.0685680371989256,0.13268091725601408,210000.0
Random_0791,0.21788160530264616,0.24931292072852282,0.020873524840383163,0.03396804254200039,697.6519192819753,938.9540766498297,0.06399057338199311,0.12604451981103276,210000.0
Random_0792,0.2026787880615621,0.8362165089490299,0.04485761327211906,0.02584197369225981,726.3648439401403,989.0083169010868,0.05348115673776505,0.09868247868977856,210000.0
Random_0793,0.04653327710063821,0.7548020354934935,0.029325355250727027,0.02107563259447745,490.5055993018466,712.072931146597,0.07419550642942596,0.14823061772077012,210000.0
Random_0794,0.19586984846519945,0.8102930645239803,0.022030048168146046,0.038454862484318876,700.0293899535048,960.6212471211866,0.06635153266655332,0.12850910107212066,210000.0
Random_0795,0.16794427059226638,1.886395542437326,0.03996307885152428,0.01600078330067582,714.0091247925241,1016.4058828780944,0.07510051363593113,0.1478154824109822,210000.0
Random_0796,0.16138934310624356,1.670283851120543,0.04784249923759143,0.024528916040280516,714.600807688987,1004.3212035437424,0.06089258107128345,0.11283659603141816,210000.0
Random_0797,0.28905814485147446,0.16542204628457488,0.01651713620254321,0.028442670177762707,749.3973552595896,1005.5090990448396,0.06897037019451827,0.1399568178369141,210000.0
Random_0798,0.023993300934434074,1.2264384696457287,0.018327557915460663,0.028557697665369138,444.3167443802717,681.7539803014716,0.08553700974935764,0.1723199172663834,210000.0
Random_0799,0.006270856802108352,0.3915727114056474,0.047059447197146935,0.008525514612954643,367.41410923846513,562.1557985074382,0.06486314103610429,0.12749229734816792,210000.0
Random_0800,0.26112652818108834,0.40817178216015615,0.02195520267759453,0.008233795885090696,726.3007809437486,987.5350233012128,0.0791616496977017,0.1662476999703293,210000.0
Random_0801,0.20064444327907746,1.7785634616499977,0.008009324238256494,0.008318292930457535,700.8238882572526,1009.7141454777747,0.10662759653352183,0.22672414619955808,210000.0
Random_0802,0.017429898239504756,1.4907365104471213,0.02042019928475228,0.007490629570000037,420.7435636396445,669.9513148612609,0.09939436120767652,0.20762439087345214,210000.0
Random_0803,0.22684265454131125,1.4937559502709372,0.012368238780046004,0.0048509460809137645,719.1710223028493,1021.7231689114925,0.1013699766132159,0.21585227928204787,210000.0
Random_0804,0.013420322732560146,1.7007542474795387,0.004011197431450094,0.02645358040306489,407.11884680656124,664.5706863995192,0.10520839421254266,0.2182308772912793,210000.0
Random_0805,0.27115268940184795,1.0377822881822756,0.02529387588733028,0.014970519835399473,765.8053082064058,1057.0725318672519,0.0782165579448647,0.16032735760063754,210000.0
Random_0806,0.08595160864970204,0.37488112474991653,0.02965165540742374,0.0036371276939303476,535.1063582565625,750.800808384626,0.07901654380855612,0.16471757437657064,210000.0
Random_0807,0.03368202789230617,1.0301511480154901,0.006737984617062122,0.006870449736295114,434.1241632784271,667.8127971639321,0.10644452266653295,0.22744567159172302,210000.0
Random_0808,0.27187834920235565,1.7993613700705646,0.023552488898567307,0.005356537738661636,784.2678078430454,1110.8959346658314,0.09315406000890404,0.1947445093629165,210000.0
Random_0809,0.017416444334497398,0.21966030212538845,0.017087165943512464,0.03388056791296366,390.68334650210477,580.8447524728535,0.07385038538528275,0.14731367722797506,210000.0
Random_0810,0.10731846867935206,0.2669671655523599,0.005825224992336044,0.02268644081409734,547.0501082754947,763.6123146306742,0.0872632051423963,0.1831217439622192,210000.0
Random_0811,0.12923160086777194,0.4423067827448244,0.04257318227692168,0.021788913921931715,625.3599692405626,852.4227069851144,0.05584409601690779,0.10594335355427421,210000.0
Random_0812,0.2974674420687286,0.6415265502622642,0.005285802345009033,0.01895325215548331,752.9288517796863,1034.225282698631,0.08937797691665435,0.18906033203311176,210000.0
Random_0813,0.14444235177950354,0.6700981485764834,0.0050590934095889745,0.017614368015973086,603.904554649065,848.3556823658377,0.09397806216874648,0.1988867397672681,210000.0
Random_0814,0.2820637759734156,1.188995572255605,0.036039964019565704,0.023218869328207246,799.103100729249,1098.3831388062833,0.06490073116697637,0.1260979289948435,210000.0
Random_0815,0.26952506157128886,0.8758472721927839,0.005021374072537068,0.021641376606783884,739.0714953021511,1023.732867889303,0.09087124946449392,0.19107739865725945,210000.0
Random_0816,0.27695281836798863,1.4677724365955487,0.029796791922924008,0.009030176200343278,787.0860715200024,1099.2678783089377,0.0819172445241977,0.1683037017990885,210000.0
Random_0817,0.15982215395373967,0.13051185307370444,0.013248770981126628,0.025175009456651652,617.8888142233922,840.6434836651215,0.076280666361092,0.15719182054707267,210000.0
Random_0818,0.020379032884148277,1.6899783624015483,0.04351624561571931,0.002354467604949185,461.49649984922644,718.9706273206797,0.08346737900461317,0.16858647272095886,210000.0
Random_0819,0.17934074680932766,1.016871126569131,0.04517182570269799,0.022113905925294355,706.4141912359611,971.6257201036645,0.05777599620441767,0.10863769975763835,210000.0
Random_0820,0.02596349803216821,0.16395235120911944,0.03123689585188645,0.025695011365966747,426.22784994340884,615.542027678433,0.06488667187753225,0.12700058086792318,210000.0
Random_0821,0.19967501297502768,0.6214803953282133,0.04126660917264421,0.011743908633425098,701.6575719998651,955.302101608906,0.06309150849311823,0.12497880986380877,210000.0
Random_0822,0.29668675573518305,1.4786735831059614,0.006503547134412103,0.0011272741634376787,770.567560073359,1090.669094543095,0.10736338699671615,0.2316744454742923,210000.0
Random_0823,0.11236942938801447,0.5403129681804069,0.025030464206054683,0.01434457926678553,580.6826636653676,809.9391011026623,0.07756465439750491,0.15937929140587373,210000.0
Random_0824,0.17694770017377248,1.5955101971580234,0.016497695583402076,0.01910759359636979,687.6017739364717,980.7882347176441,0.0912295894149543,0.18821706315799977,210000.0
Random_0825,0.016050324679177143,0.9610489800225035,0.018772978715827563,0.02238960867536534,405.8579032264333,629.8246815059449,0.08674724623089665,0.1770294575053161,210000.0
Random_0826,0.01639664740682925,0.4478255672856125,0.01756562902000677,0.017211475356782305,384.04513739093983,585.5142814203565,0.08578131645273204,0.17765179115474844,210000.0
Random_0827,0.03388776660222027,1.7909742826555675,0.025126777139767582,0.03813421242919332,505.20785300555474,769.2127582100935,0.07873338990226099,0.1521623839769376,210000.0
Random_0828,0.06375602841459577,1.1144646915012424,0.022134547726432106,0.0050857429991381575,516.3773466686348,760.289641631794,0.09312211693740782,0.19535611758458757,210000.0
Random_0829,0.21924679535944108,0.9430939284074149,0.04177163865625606,0.02170272700562736,739.7403346417879,1011.9133110070311,0.05945006891548767,0.11351039156622199,210000.0
Random_0830,0.25455391979264724,1.6593626947805782,0.008998386664878951,0.014533480086255702,753.129225903086,1069.5564777762831,0.09968432353038283,0.20995590036031175,210000.0
Random_0831,0.11805006601773169,1.389056249325011,0.03384042168372327,0.009642901072123098,625.2012377292423,893.742619632833,0.08077675939613835,0.16416018968993815,210000.0
Random_0832,0.26568058988523136,0.8735575226675616,0.03639300116149767,0.03871273297416255,785.2429452110895,1064.9647224715848,0.05244539178700766,0.09484848991975123,210000.0
Random_0833,0.053829557059942135,1.8010877060591766,0.02714446730033822,0.025813592908932686,542.4917240105906,812.7614152314974,0.0834524612226642,0.16572169836161993,210000.0
Random_0834,0.11469533862292525,1.7771354951646825,0.047103100752066,0.028412793225097602,663.4127207947454,946.0163812147143,0.06155754828853033,0.11290873898619519,210000.0
Random_0835,0.05073304908015869,1.6397537487820117,0.022303327110846708,0.035397623066894285,531.6496928656854,793.5057978166964,0.08058116962617767,0.15808195918125886,210000.0
Random_0836,0.1763890926411901,0.9250847767758638,0.04373805313648643,0.02148892314601016,697.8941905166203,958.4021205292319,0.05859350576034866,0.11109622100769864,210000.0
Random_0837,0.05913703996131843,0.9553150673552737,0.04462265525578742,0.015917794136065203,536.98864579971,769.9188478696786,0.06497846276748082,0.12574074577822056,210000.0
Random_0838,0.22481528060075337,1.1415762682354391,0.01203236860534742,0.037426234559371975,727.3245838383237,1010.9426478059294,0.07864795224787173,0.15751246322985568,210000.0
Random_0839,0.22243399293796928,0.9923379809382279,0.04959342474563392,0.03941026368129202,766.2972992648909,1039.4407115674494,0.042210557648194605,0.06881963992561883,210000.0
Random_0840,0.009394912577107947,1.4165713011089085,0.048626969009768616,0.011775098340905638,423.40954868463535,664.6718199907593,0.07139783475341024,0.13863484256655076,210000.0
Random_0841,0.11437886065706895,0.8280325006702318,0.03240325605452597,0.015870123353689262,603.3536263923543,845.3479337341247,0.07283133176195133,0.14635331176061656,210000.0
Random_0842,0.236237207476649,1.1530537783602532,0.00907479906836784,0.03810829912652102,735.3606039201688,1022.5326779599515,0.080777391292671,0.16268154330738643,210000.0
Random_0843,0.1616494967273811,0.7654562811360309,0.030145408011949336,0.03575789915640579,669.8469144519801,919.4325567114784,0.061027824427020316,0.11569432598669857,210000.0
Random_0844,0.2317553100366503,1.089925340806944,0.023082002347196696,0.011442248962649816,727.1241040977833,1011.3476318384706,0.08363190769402365,0.1734541148641087,210000.0
Random_0845,0.23412363778962353,1.1619164616947382,0.03295416458270454,0.028115859287355157,755.3700937324342,1041.3016420464985,0.06541363606292856,0.1263992625778332,210000.0
Random_0846,0.2676687581265341,1.8313614971537453,0.026755978246447813,0.03226882350201798,804.4234292474458,1129.0299020111204,0.07452459763741441,0.14543927457544248,210000.0
Random_0847,0.014563279329798094,1.6180032637692172,0.019188744626588684,0.00442293477404285,411.36323369738244,665.9252660473961,0.10384283335218725,0.21824099494412189,210000.0
Random_0848,0.11631751829924149,1.4465733420959326,0.037909109504026636,0.013465797148132171,632.4952439028148,902.5604313397694,0.07544698574465757,0.15034400882845153,210000.0
Random_0849,0.06429055036463038,0.8795542789094232,0.03981029773978269,0.008956810896601209,533.0267564810832,764.7779679322541,0.07252107202302034,0.1455353005914871,210000.0
Random_0850,0.09804918574725897,0.5402226435197504,0.0022196912013846713,0.03799410750044079,549.9825566587901,775.5877681578477,0.0843454785327173,0.17260543758470437,210000.0
Random_0851,0.07477116657012463,0.36279029763296156,0.03412389542632501,0.03783235843253806,546.2278377626111,755.4896924899165,0.05474811865686782,0.10071373577019035,210000.0
Random_0852,0.14505237582932273,0.6122228142909184,0.003164665934871665,0.030245558753858842,609.1689684750991,850.3092711004226,0.08750954511086782,0.1816550003462435,210000.0
Random_0853,0.052019906159929484,0.6793731960330087,0.014396264374545664,0.01520506341686811,476.9679786902473,698.1766428284019,0.0901524814133886,0.18846443171021166,210000.0
Random_0854,0.14992125587462338,0.4791863668297993,0.00670954620961759,0.010771316745843803,600.8398967548484,838.4851281944083,0.09454654877119868,0.2021007523602128,210000.0
Random_0855,0.13138811310708187,1.9984656133645933,0.01975305386469161,0.032617963196792873,662.7100198025889,961.2983193158474,0.08538663008269347,0.16982485334079314,210000.0
Random_0856,0.058764419206312285,0.47974873781962757,0.02900121982906828,0.007272727605712406,494.85594098027605,708.2338231889548,0.0794844782566583,0.1644593775394043,210000.0
Random_0857,0.011605820511272928,1.384487812819371,0.04123090777160069,0.001552421819714823,415.9781404676743,657.758880805059,0.0836510017659403,0.1701886716953544,210000.0
Random_0858,0.1102676660457746,1.0150647549098903,0.009095505647425842,0.00616540559342084,569.6168371589973,821.6407947421183,0.10162413399825547,0.21714390350017224,210000.0
Random_0859,0.2114541722877898,1.8717677783133273,0.03564615362051963,0.014085690825424182,752.0045580316468,1065.1191035720185,0.07898789574344979,0.158083053708522,210000.0
Random_0860,0.06331640728216721,0.9517237474119533,0.017476507073602845,0.01732882410432942,512.8770817681623,748.7493257280074,0.08835853630644842,0.18279494014172393,210000.0
Random_0861,0.19149283098552786,1.2768708132215825,0.010952266508365224,0.03569169814224246,696.6564316318252,978.2573088011297,0.08274467061913139,0.16683175537801967,210000.0
Random_0862,0.043660259554110264,0.9634561241733886,0.020241145996418082,0.02029368938824525,480.27126034893837,711.2990639944953,0.08506230869566833,0.1739106832374713,210000.0
Random_0863,0.0113879639657639,1.1393333905150527,0.026670066441643322,0.01081431723693636,395.493733830614,626.611976700946,0.08876739569069284,0.18254103790995377,210000.0
Random_0864,0.14435634815298024,1.1701051204310706,0.04303137176903651,0.026068289684101447,672.7874312328055,936.0032757741977,0.059732991621361364,0.11182611866146748,210000.0
Random_0865,0.10744588401212234,1.4781105803341152,0.03362328697377623,0.03152121064731878,629.15711288013,897.3220001885081,0.06905163334417835,0.13204546763991873,210000.0
Random_0866,0.2104532438814433,0.49629810629272575,0.014730017608635317,0.03653334299131718,693.4964442527331,944.3421011582703,0.07061092276907176,0.1407165012981625,210000.0
Random_0867,0.024194827058685472,1.675452307554826,0.0345049705883022,0.037050190335170964,485.97410676340286,741.6937544941635,0.07035899805478701,0.1320959317401847,210000.0
Random_0868,0.015447789859166276,0.7050688688419098,0.04470382492791422,0.019944921593539285,424.143669762929,634.5618166038902,0.06236451053440634,0.11886952246023125,210000.0
Random_0869,0.054823945085719736,1.6883931282265912,0.021316612801016842,0.023756508346143165,532.0338738088162,798.1117011586698,0.0887621720177234,0.17949509557658286,210000.0
Random_0870,0.0387746226298391,1.6329853613756635,0.011530453978649574,0.015129013590596645,478.80279755057927,739.8480370644043,0.10293678230939995,0.21520977759110138,210000.0
Random_0871,0.09049760266330048,1.7947937088714194,0.021188614401362698,0.020496819396741178,593.3372658053736,873.3925486665643,0.0905635285975426,0.18445288367584367,210000.0
Random_0872,0.2996553168403254,0.6560771175914761,0.043604143285040566,0.0355620316468048,812.8481274645458,1090.9521329716958,0.0450316669145391,0.07839686385634001,210000.0
Random_0873,0.28644773369651194,1.0518111489277888,0.02599964061137481,0.01680479488082887,781.4636250296428,1076.982705316145,0.07633139557350013,0.15554101695011877,210000.0
Random_0874,0.14100261477059753,1.9747974594022975,0.009635002621599442,0.02305830920087439,654.7735645998519,956.2746390198067,0.09973142373774241,0.20638552274649524,210000.0
Random_0875,0.2961048118994993,0.8634809311795762,0.021883356420320237,0.02436122726276133,783.2743416673998,1072.457619850709,0.07343994945834413,0.14838206544345564,210000.0
Random_0876,0.09463108747904408,1.0120947059419763,0.03549715679627596,0.019200028052574272,588.3194191010614,833.1456779503034,0.07050105585343219,0.13912323776732427,210000.0
Random_0877,0.08848890739889052,1.609462022041968,0.028937290398030918,0.01596382620498665,589.9543638015407,860.9102923149105,0.08452334611233443,0.1710862455834619,210000.0
Random_0878,0.08093811665791861,0.9411315656970957,0.04854678299745114,0.024196413014434155,584.1798591294229,820.9458530693211,0.05551143813676045,0.10192559786876676,210000.0
Random_0879,0.04486613853344634,0.20990108676616726,0.014742389066497632,0.011536970816215849,443.74794086526487,642.3076756124868,0.08767235252081096,0.1848329610885365,210000.0
Random_0880,0.03631231499470194,1.4127833224357234,0.02244513754341582,0.03529865109575838,492.5927512187798,740.626576385929,0.07893686068639685,0.15477620591712404,210000.0
Random_0881,0.17483136415539785,1.654505008452139,0.029302631929509947,0.012235954651645974,697.951567537841,992.7890470305442,0.08446854043096479,0.17232164622946725,210000.0
Random_0882,0.07121286857421315,0.8278854019660562,0.03188611850992896,0.02830365012116369,547.2235406986716,777.4664194402101,0.06726200941395671,0.13044811137547635,210000.0
Random_0883,0.274064518799286,0.2720007297206099,0.00895268288783923,0.035087007179677734,735.9846961591762,993.2176834910238,0.0731401540319492,0.1486644320368916,210000.0
Random_0884,0.042744507353356866,0.7082094728176637,0.03880796356542373,0.0010683110001437194,478.17740894236834,697.5428600922571,0.07737899195442814,0.1588074740826293,210000.0
Random_0885,0.2639185196612489,0.317339883554969,0.03629527489317148,0.022034993245174873,752.4427269903445,1008.0362302145626,0.0570120553529795,0.11069200345062047,210000.0
Random_0886,0.25816738735950356,0.7995071802535159,0.03851956204664774,0.01770401026950139,763.8906070735565,1039.9123912395487,0.06254302481840569,0.12259662071035175,210000.0
Random_0887,0.26501839753519973,1.6720331618978512,0.03447110560796539,0.011687744135045808,791.3873466950697,1109.1907303848322,0.07838770257068095,0.15831186524415744,210000.0
Random_0888,0.20308768223172638,1.4612297113101127,0.02522557598768052,0.008774188346239775,713.1429193895389,1006.9501958097119,0.08763171557275368,0.18166352541193925,210000.0
Random_0889,0.19029187693976263,1.0905337186836266,0.040103426325881666,0.011471965287412345,706.9252819606113,979.4462372072517,0.06920458288744119,0.13777900912956476,210000.0
Random_0890,0.2754661265388643,0.8705002939326171,0.005229175828254558,0.039605731462514844,756.830336423709,1041.2825887021313,0.07973833241375702,0.16154270191120623,210000.0
Random_0891,0.033989141191611505,1.3102948810604353,0.006980113460071003,0.0017059601333769471,441.3559266269874,688.121595685134,0.11211004178219376,0.24074565412700838,210000.0
Random_0892,0.1315458879733248,0.9452347484861754,0.0478939907256455,0.033244791730684106,660.2506569441163,909.1815900228189,0.049147029734151526,0.08583854648577122,210000.0
Random_0893,0.22781054854344562,1.7145145056155384,0.03500502123088028,0.020635548545998177,766.0244468718026,1075.678991178213,0.07371339616040859,0.14517056441006573,210000.0
Random_0894,0.2167308339047587,0.2973449291126692,0.021312271892889038,0.01899924907599988,688.2705038678073,932.608812476556,0.07308198334805559,0.15003935830855558,210000.0
Random_0895,0.17822042102324065,1.1784135658078512,0.018579039763692046,0.0264635667510841,682.0092640514586,955.9895712474399,0.08074162771330534,0.16346621282070023,210000.0
Random_0896,0.2872197890896653,0.6531286623351181,0.023529357932713345,0.029695477695440255,774.2175798036477,1051.1553300308922,0.06681899980629272,0.13234806536132393,210000.0
Random_0897,0.09763552788045446,1.479579044093066,0.0446392371350826,0.03486826472895703,630.9802949803496,895.6096337855281,0.05745018132498825,0.10309736190436058,210000.0
Random_0898,0.03502760006553246,0.9228793655179046,0.02486210414931524,0.008945043946912694,456.83779070732714,684.4196903243177,0.08774274117104364,0.18196262310359607,210000.0
Random_0899,0.25479079107271685,1.0072937710972727,0.004403800840888991,0.023219413318025434,731.0846833572413,1017.9007436920846,0.09208250782919845,0.19311572999483112,210000.0
Random_0900,0.04026637492266586,1.2503135676017645,0.02552373174825863,0.013349388262670295,484.3323738193634,727.5532284912349,0.08750884749894887,0.17946844699352618,210000.0
Random_0901,0.04047869887979164,0.4788829848215497,0.0045217769604779575,0.03647005011401008,448.7899410612962,657.1800039322549,0.0848133367562646,0.17322994268273395,210000.0
Random_0902,0.09961910800593714,0.8034092903773945,0.024544173059907932,0.02469217700848441,578.9193102346469,816.0385972976426,0.07481653197824151,0.14993852392912604,210000.0
Random_0903,0.08495419161255129,1.6555020002053094,0.03391582081390445,0.024606075679677,598.1879290363215,869.2423152292117,0.07543775539336231,0.14746675218929198,210000.0
Random_0904,0.18009895933374806,1.6710993765078885,0.020105030995355707,0.024640117163007083,701.8052070285628,998.4498069521858,0.08534478202384883,0.17279150478435257,210000.0
Random_0905,0.24795064009587603,0.7132533147986334,0.02773951136986104,0.032671965916533256,749.273436428695,1018.5245774356911,0.06260486490685062,0.12104513889914356,210000.0
Random_0906,0.06347599028511884,1.9231109548020522,0.012031930852845568,0.02208451735469133,543.9563397252626,823.6360144060317,0.10011277298685602,0.20657896669069717,210000.0
Random_0907,0.02833472199893529,0.6374944577583743,0.03281539245810556,0.011869600422848504,441.4957837535588,653.6919154219431,0.07635274696743975,0.15483149678249788,210000.0
Random_0908,0.16499157938083353,0.6782008781970613,0.006748927028255147,0.022465356224389367,633.133892058359,882.5636837622236,0.08910492962122996,0.18652414594140207,210000.0
Random_0909,0.145080767376313,1.041528121683017,0.04324689503574732,0.029014026863204565,671.4648010668445,928.8228846347424,0.05646676570093931,0.10402916264229783,210000.0
Random_0910,0.2927848100987268,1.3394541597128422,0.033761028697096185,0.0369568032640744,820.2502331669601,1128.0644463218262,0.06001361512561626,0.11174009746676426,210000.0
Random_0911,0.05663437379732842,0.80224699125407,0.010457070849490997,0.027314992489420747,493.92942287916895,721.1673658678212,0.08746251513382874,0.17981620493209272,210000.0
Random_0912,0.07279577730554154,0.3978071457582427,0.024405855408684,0.03268579047563951,528.9165633048461,740.4494975196066,0.06700518878482892,0.13117371921592844,210000.0
Random_0913,0.11977356265163504,1.0716447775362514,0.04395105883165002,0.031104236356150367,643.496658984312,895.6596410213281,0.05557628955267044,0.10113046103022069,210000.0
Random_0914,0.01373119016801454,1.5123699599726959,0.01624628751772549,0.0032208523579623184,400.14523530924714,650.077309859967,0.106225926195922,0.22466499644156884,210000.0
Random_0915,0.19921140091175474,1.7208256931019115,0.0017604403920243603,0.017139862830400917,696.0372713845068,1001.7652535442376,0.10641332199830708,0.22526652270764408,210000.0
Random_0916,0.13490513073066032,0.9897686131595164,0.036543930113055095,0.009354933104545039,635.607974974089,890.2019361915243,0.07404930240701504,0.14973905952699004,210000.0
Random_0917,0.1713377127778961,0.836462979240542,0.025092640205782456,0.03199218848843608,674.318543398752,930.227019363513,0.06830734853777314,0.13378076559785887,210000.0
Random_0918,0.18663992222213752,1.8389275663196878,0.042870290066108506,0.02438932604836319,741.6959264286885,1045.726878179451,0.06653205041258542,0.12616025437938214,210000.0
Random_0919,0.1895613397617389,0.47420296835732223,0.04035575323365385,0.030793391173096273,698.4271648045908,941.464701768565,0.05123808855363737,0.09401651934457467,210000.0
Random_0920,0.08918977571880839,0.2949102202242352,0.018493751668587008,0.008761407249101105,527.4292607168175,740.8172518431951,0.08507494988589129,0.17924783620470733,210000.0
Random_0921,0.2674423766439838,1.518706435824177,0.02392833740223393,0.006514578851367713,771.8624161668855,1084.6293666396812,0.08939984714464615,0.1866225277878516,210000.0
Random_0922,0.028593960435137893,1.6515197810344637,0.011847805406756451,0.03312631325159783,467.39671726644315,725.2656680291102,0.09259443523406047,0.18719922300477917,210000.0
Random_0923,0.13934318941215773,0.3302005526691702,0.04927984362618719,0.028945669603663397,646.9131064969706,870.3498876617347,0.044117004365823845,0.07694380343970744,210000.0
Random_0924,0.03741296500943757,0.3631396107767212,0.017319646212682897,0.03513557374388777,452.1702455019035,653.6683516426897,0.07309388400226934,0.14520568002191037,210000.0
Random_0925,0.12506237586278682,0.24933519831200035,0.03375225606656061,0.01223398412287335,596.0706612509988,814.8774399255808,0.06770309920184267,0.13701170232791174,210000.0
Random_0926,0.10198326887887886,1.387000837186061,0.016171492818875227,0.0024681136989258123,577.091874687149,843.5115610588173,0.10144783273965657,0.2154398228721927,210000.0
Random_0927,0.026143994621564158,0.18881520965472204,0.03505961879224285,0.023429267873869716,430.60250453780543,620.9560766943699,0.06304311352281816,0.12269067237919129,210000.0
Random_0928,0.18525721551492572,0.36108574105508706,0.0066355323924884736,0.017249324187809598,640.0488165493414,880.7011902491279,0.08868098041551524,0.18780801819891124,210000.0
Random_0929,0.25764408580831505,0.14086120528305232,0.027198483645017868,0.03362393221420086,737.9329524376667,983.8169348587453,0.0566038868364873,0.1088788073292871,210000.0
Random_0930,0.24631414462472406,0.76945410989357,0.03656139564518898,0.03176149328878851,759.7080261350884,1030.446166121762,0.05580637988471619,0.10428360419584132,210000.0
Random_0931,0.13277315419134839,1.8654356878654927,0.043008912672510766,0.0193211581997195,678.3682117046679,970.5197005366739,0.07106603040506224,0.13720003246123233,210000.0
Random_0932,0.03543021262446963,1.7798175532444025,0.02355224881871206,0.01010480237647764,487.03590892758797,753.2926878840884,0.09677368718487113,0.2000845538916664,210000.0
Random_0933,0.02052810411911758,1.0383990325710946,0.019938253668685766,0.016271990453144272,420.6089526334235,649.5721155991557,0.08981084133481139,0.18513758502089073,210000.0
Random_0934,0.29549987914848425,1.5069366062870913,0.044451846723477066,0.018072682944745462,827.9749806040919,1144.6601353006743,0.06334711412812652,0.12168441638896399,210000.0
Random_0935,0.07644369442390637,0.16065019112863338,0.048384164649477764,0.03847164917970324,559.4499842210355,758.8417013214662,0.03944807365168179,0.06415382177169116,210000.0
Random_0936,0.2207768358960403,0.12557731506543987,0.03176153776414898,0.003590998120242886,687.9048105084182,925.9217957896217,0.07111841116899727,0.1480958079842378,210000.0
Random_0937,0.24687767865224333,1.6970853562118675,0.03332573749758903,0.00313356629188371,768.7634504323581,1083.9349668217951,0.08516019267108017,0.1757366638263712,210000.0
Random_0938,0.01707131663953099,0.7849593284402537,0.04262941862728372,0.03233004516347292,438.8514342983574,652.445676134791,0.057471944447635065,0.10496010337896747,210000.0
Random_0939,0.031081037516021166,1.4586443131375741,0.0206295376405738,0.03651872967141786,480.03944144568027,728.8768335309171,0.08058265846207117,0.1583060099993457,210000.0
Random_0940,0.11877015412756997,0.20991884989489012,0.02631855713128812,0.004393851585307616,572.1725386326322,788.8544327124671,0.07888356692473726,0.1654821703628362,210000.0
Random_0941,0.10596995479447201,1.695253104411029,0.045595171682963814,0.013313857070554151,636.3450050081809,914.4111611050138,0.07141795694522482,0.13927230238904242,210000.0
Random_0942,0.2994819445857437,0.9282454821640418,0.004502930581071856,0.012280485505840124,759.0129403201103,1054.311799876975,0.09691653728643847,0.20711970813811212,210000.0
Random_0943,0.07557696371765536,1.3360877213521,0.026704153472293244,0.008740971642070619,552.3481172516443,808.5306956327536,0.08858430315458983,0.18299055626343408,210000.0
Random_0944,0.05685864626203498,1.7360643752816127,0.011602483003543131,0.027209026261065195,528.33701114617,797.5696488581826,0.09582398307022563,0.19612336243460787,210000.0
Random_0945,0.03512574869239947,0.5141983472797415,0.04583960775877164,0.005106126744233423,465.25554116351964,673.1002452039675,0.06707428753275758,0.1337702812643131,210000.0
Random_0946,0.11079610489796994,1.185604214364858,0.002226899185002405,0.028586749207555148,583.7535907464811,842.3397147459876,0.096042573579804,0.199759687802585,210000.0
Random_0947,0.17281793283312225,1.4538849184440639,0.01577570566906914,0.02068323533622232,678.4374704763347,964.1500597341748,0.08961649761848828,0.18464941883485997,210000.0
Random_0948,0.007947675632668839,1.4031364327311053,0.006101730359743905,0.015580304224050143,367.5728279628308,610.9663235771942,0.10740862972625113,0.22614444561898464,210000.0
Random_0949,0.01756319548143621,1.4167720464199323,0.032205311335422204,0.018865528829365097,440.712851502768,684.772725248841,0.08121309882925565,0.16199786159259635,210000.0
Random_0950,0.19166494973146667,0.42358983534433325,0.047179886345678754,0.03353296820826022,708.9305869002451,949.4513385592917,0.04289830857731862,0.07351147533306163,210000.0
Random_0951,0.21551993604996214,0.34410400809208885,0.003967697308491879,0.015193875467029765,665.2577127947371,913.0894513493299,0.09146896226940694,0.1952732954286052,210000.0
Random_0952,0.17137674509167855,0.22790450554215458,0.026786827089299057,0.01712969345620803,644.6907057844649,874.2772731631409,0.06961354970879459,0.1416604911993863,210000.0
Random_0953,0.14465934990196275,0.22059393174847236,0.040090605264675394,0.018406731626357444,631.0212131718004,852.4329906246896,0.05747353366780589,0.11154813257919863,210000.0
Random_0954,0.1443616020700873,1.9155800772715332,0.0372556296921754,0.01796642364059935,686.283080627485,984.1568203556039,0.07724689040442115,0.1524049594757324,210000.0
Random_0955,0.25178422757909835,1.4963656809347992,0.025280958807973652,0.0027420696465146367,756.2323480334647,1064.2730182939463,0.09052993098584919,0.18985065058990305,210000.0
Random_0956,0.1439451837480024,1.9932576534967108,0.02456189815499469,0.006523318154116452,665.2655953986026,968.4616684382263,0.0963248555911722,0.20021562465869988,210000.0
Random_0957,0.18204027686926866,1.6159237112366982,0.02305536405685318,0.013345629131310398,697.5613116388254,992.8758684067409,0.08886879632718178,0.1831771953790981,210000.0
Random_0958,0.2791774778498925,1.2274282239173102,0.0020658476158074033,0.012038891068302533,749.4014609185294,1053.3017213625526,0.10262423513963953,0.21960657480563506,210000.0
Random_0959,0.18612588535395216,0.6612626601312199,0.004358656940888765,0.004544463440623273,639.836489730123,895.412531143995,0.10133469542595996,0.21910814269931506,210000.0
Random_0960,0.2058965664479719,1.1915198818734336,0.03818281570206896,0.00127520451816293,716.797659734833,998.7335544135119,0.07771037660121748,0.15963754511434222,210000.0
Random_0961,0.23767456063082926,0.8600911703623484,0.005365986434425219,0.02126473114737651,710.1945882823709,986.1868736998397,0.09126230962876565,0.1918723322248106,210000.0
Random_0962,0.16974801028235934,1.912111637801585,0.04708893502404021,0.031307734744725486,736.1504238101121,1038.360716500272,0.05971633667316881,0.10807400543883132,210000.0
Random_0963,0.11662290014971853,1.3361967141080695,0.035967977520457134,0.02435672779235662,634.3290241844466,898.7876249317142,0.06954673165922273,0.13496358119331997,210000.0
Random_0964,0.05758750322085849,0.94672808559144,0.019896929098419527,0.03292336720082369,516.0347222224416,748.8087381753315,0.07700654507421903,0.1528849716287407,210000.0
Random_0965,0.06897181612361997,0.8956628287616764,0.041791867456131775,0.024741599469128576,555.1799319265093,787.405035897669,0.06124649073241874,0.1158795946947333,210000.0
Random_0966,0.19589486175138998,1.2167411241420223,0.03675231786435507,0.03705354851862239,730.9663081978299,1008.7889049114302,0.05800619375338062,0.10649004095357027,210000.0
Random_0967,0.27442847066104625,1.704364543889512,0.003230374793308897,0.018539959958912656,767.9804686935025,1091.5423640536144,0.10253514797325486,0.21636216204562106,210000.0
Random_0968,0.20844579713580574,0.8716518653807069,0.04141142292646357,0.014119069163756735,720.9876525146219,987.8809963734875,0.06384362360396001,0.12547505037183188,210000.0
Random_0969,0.07486831980064756,1.1229229060533612,0.008021907582417841,0.016545525596656667,526.7691419022907,774.0523579705279,0.09860978169672217,0.20739259012181455,210000.0
Random_0970,0.12620839442036674,0.5620030535291728,0.003100423928993505,0.023272247747350122,579.413576298854,814.145998578651,0.09176113618884538,0.19297320370715326,210000.0
Random_0971,0.09575571711258771,1.2633817523171997,0.03791333507908208,0.013510305599357765,597.6713634517453,854.3485803298911,0.07421674845669025,0.14786404064200456,210000.0
Random_0972,0.123762823635521,1.7758247723862155,0.01433162197014504,0.0011260901227070042,616.7595438963973,906.375747595229,0.1071481457123783,0.22811320658761572,210000.0
Random_0973,0.08358965575193482,0.839399166578689,0.009562605003393503,0.03198466914817916,543.4502466979147,778.7968411998137,0.08481447053027273,0.1730100313999164,210000.0
Random_0974,0.2923188970517643,1.1359425818180224,0.04003407752463367,0.0038894759875961545,797.1202286789088,1097.8034848426826,0.07218176574024332,0.14679411007559473,210000.0
Random_0975,0.24923169034853737,1.1821797109235708,0.008811308046199666,0.02453911772570931,738.4352311717654,1031.273206688708,0.08918352724943034,0.18502688419009705,210000.0
Random_0976,0.2575503223810538,0.9232983798664413,0.0062406346945991726,0.03217301381030462,739.0700585490162,1021.932974357877,0.08416272108838775,0.17295998277481398,210000.0
Random_0977,0.19989569776653776,0.5461810434282786,0.03521180744369014,0.03177550931159145,706.0006321356001,955.1937181910845,0.055763938811005276,0.10473295091989791,210000.0
Random_0978,0.21210248575165447,1.5484551416997745,0.02774931745425678,0.035898954603934885,747.1156497939878,1044.729890843736,0.06975987581988052,0.1340604428164844,210000.0
Random_0979,0.16543372333877457,0.6444718023005301,0.014581061504587975,0.00507568355547048,629.6686671133536,878.4557894467665,0.0921416436080716,0.19642058919211983,210000.0
Random_0980,0.1265142668414305,0.33647951924309416,0.028490492065969115,0.03981679992783081,613.9567302243506,835.2622919411435,0.05671950356253363,0.10611609032754724,210000.0
Random_0981,0.2511899835970202,0.7492271054589056,0.008354685053366877,0.022152123698532127,722.8247711506947,996.8969420954486,0.0866580088695147,0.18111329423826975,210000.0
Random_0982,0.18322151720690866,1.1127365359080932,0.04327955309661855,0.00913694333540635,702.5165464495078,974.2017501525372,0.0681327250455027,0.13529885151819537,210000.0
Random_0983,0.29364289747097755,1.1852559041716901,0.043932233246876284,0.020728649369368003,816.4121343560795,1117.9865038022504,0.05903859409223498,0.11221283513797219,210000.0
Random_0984,0.19997115867938714,0.663845682093929,0.03783761588808592,0.014372737991346259,701.1638684175109,956.8528854712299,0.06501733275164134,0.12915052395150983,210000.0
Random_0985,0.03417509294220517,0.6253907124834697,0.031216744550226286,0.03707810728013481,471.6820036601135,682.904770810992,0.06221467132450957,0.11711140191687469,210000.0
Random_0986,0.13862015269209865,0.6290721992172033,0.04006246122518013,0.011254580853129144,633.0562338494764,871.9141576210104,0.0660354128929776,0.13154400895463148,210000.0
Random_0987,0.24742057470006287,1.407441747667759,0.04008768663038697,0.026321264786442148,783.4630685216861,1083.3403747284046,0.062254462903100896,0.11794534523947012,210000.0
Random_0988,0.035800240533337066,1.7423820262771224,0.013321404361967177,0.030386230189873853,488.5279807080159,752.3886212596734,0.09341862792483101,0.18935420202892564,210000.0
Random_0989,0.1918420743099422,0.23688617776478715,0.043491231906736705,0.03645066747536748,700.1939832889545,932.4190279152873,0.04259639654200112,0.07321603333116053,210000.0
Random_0990,0.15686497586346235,0.43411592970838075,0.012960143386792394,0.03415027337440405,631.1070710115895,866.0896984734364,0.07426562955664906,0.14968709240881956,210000.0
Random_0991,0.12148896444985803,1.364295310587594,0.0053829298996086565,0.0367817136540254,613.6544551932267,882.0468137978421,0.0897582345841393,0.18265061174682495,210000.0
Random_0992,0.05632205660578673,0.8824806714604272,0.0336089602232437,0.02715051563609081,523.8133528164155,752.7447391148346,0.06753997944087169,0.13077616853800958,210000.0
Random_0993,0.1522184168068283,0.746772751458364,0.008256303186575754,0.003332286174021541,609.5138186400998,860.2461095085854,0.10023464720462251,0.2158338586650061,210000.0
Random_0994,0.24934323227422492,1.8021410410858434,0.006305188696766163,0.023630623357886727,756.5911195512203,1077.6284095042674,0.09818151056177962,0.2043886963016981,210000.0
Random_0995,0.1170679929958371,0.672269534171548,0.029076882779324537,0.03128561937240303,608.2584290800293,842.94855619457,0.06493908916158928,0.12573317746248755,210000.0
Random_0996,0.19627510831013592,1.5842982303536217,0.038085680079191206,0.029145655755487495,740.2817331610419,1035.2654237377144,0.06521788744619841,0.12354324055852539,210000.0
Random_0997,0.1740457667994992,1.468161346745764,0.043496978518595956,0.015360339919196695,709.8033939954993,994.6735108239101,0.06797437030045561,0.1324058132257941,210000.0
Random_0998,0.18607225050169868,0.19957576172139938,0.005589443874495739,0.018117624545208814,634.5996570007869,868.2020634300982,0.08746746483616484,0.1854521023044478,210000.0
Random_0999,0.21024068090050443,1.805541209395264,0.006521459515544793,0.028329821301939666,723.5186574777035,1034.5400796602178,0.09601780377504612,0.1980950952230985,210000.0
Random_1000,0.21030304291989044,1.8036994243976903,0.029994143497800368,0.026727513325235007,750.5609988848241,1059.7655011668498,0.07583399515624047,0.14897932758326674,210000.0
Random_1001,0.016473776315788946,0.6739803721090541,0.03443867691714261,0.027788260642224387,419.8826964540015,629.3521022731068,0.06650503391743741,0.128119292811128,210000.0
Random_1002,0.1128895778823648,0.8538989253112729,0.01819128112586999,0.025490272980122103,591.9505896502981,835.1039114314173,0.08015286358892816,0.16283310553545943,210000.0
Random_1003,0.2840062182832905,1.5243887176512656,0.019758354986514123,0.024016941435899237,793.5055942593733,1109.6026174107099,0.08239275606816301,0.16727539356736065,210000.0
Random_1004,0.13980180909612766,1.9625606857235756,0.03868739778661328,0.004262488479466347,674.6089643094907,974.4386565397972,0.08477143973872392,0.17236292497101596,210000.0
Random_1005,0.19533004526721892,1.6277553379723235,0.03149939222437916,0.03235329726034622,735.183444780261,1032.1567311470424,0.06967689026158021,0.13381270472927023,210000.0
Random_1006,0.29643644914973266,1.552834934278302,0.021767588773414264,0.034565903953785226,814.6802616086038,1134.1602665203845,0.07430878152748088,0.146084165964082,210000.0
Random_1007,0.22111527281499177,1.9580516355650173,0.03675044352689188,0.018592550735506207,768.8531870705798,1087.8168893337618,0.07594500758283977,0.14975281746072025,210000.0
Random_1008,0.09067453936538006,0.6817916642945069,0.042630763015308215,0.014728883314811432,576.3397624612709,805.1002504894591,0.06359045726756471,0.12423705600308149,210000.0
Random_1009,0.2569914501342777,0.44872918452719934,0.007332307581716825,0.014033898123507842,710.5769366211516,973.308316002027,0.08932901131699583,0.1901115403519018,210000.0
Random_1010,0.2927270817688946,0.6187668839717625,0.04123395322877644,0.015001568664088135,788.5770118614547,1065.1044503309786,0.05925531798018707,0.1160164272032283,210000.0
Random_1011,0.006043216710304073,1.6061594577429843,0.03666266812267888,0.013682437728456655,399.7528053353507,649.5131766432701,0.08330096804867348,0.16646389375689272,210000.0
Random_1012,0.2788283748669192,1.2488609312409107,0.01669962628363485,0.023393819717493144,775.3631759200505,1078.061535862531,0.08286181342699715,0.16968624845354308,210000.0
Random_1013,0.06625839770866994,1.7412600807870495,0.011710628533792192,0.03927793361725347,554.1577701434254,824.9999882339265,0.0881581336339221,0.17592084240742595,210000.0
Random_1014,0.20826353946448847,1.6148647469847166,0.019275859393545685,0.011307572099395351,718.2897004337863,1020.5778243947854,0.09288865069940797,0.19354392880163954,210000.0
Random_1015,0.17743449410121623,1.2052815735846583,0.029675824586370605,0.030810744491798412,698.4701319805586,972.2275007909187,0.06843353210731862,0.13267243658336958,210000.0
Random_1016,0.007069252560442157,1.3185202266139617,0.021395708911143375,0.004443106371391075,370.6041956395565,609.6378137546926,0.09958162347761546,0.20882772084221712,210000.0
Random_1017,0.04900851549028899,0.5449463849663928,0.03674752314019222,0.028637389568890594,502.45712685758707,714.0010500369204,0.06076668588399414,0.11537940668435519,210000.0
Random_1018,0.039148128839344175,0.7613120982888065,0.012844627469252225,0.025633761872190085,458.0760845298816,679.0438900153987,0.08671552191911062,0.17803968810164433,210000.0
Random_1019,0.024415750860732267,0.1063310127478425,0.02707162924906458,0.016823290958336207,408.6137066107326,595.9909462829764,0.0734797611750998,0.14940155426723925,210000.0
Random_1020,0.258702330805867,1.2691082151931519,0.044992703069395096,0.032672829935207,799.0461134528072,1094.6183231975976,0.05242139362206001,0.09377657404227914,210000.0
Random_1021,0.23207159777516864,0.34620367793842144,0.04853115144180422,0.028248532234353647,743.6927737539933,991.1474640109218,0.04320011912488299,0.0756883647793028,210000.0
Random_1022,0.02567390801387818,1.3036297587441592,0.036109506001249826,0.032032073548436533,475.5886167175165,715.2191065004984,0.06811388213556449,0.12897113245125438,210000.0
Random_1023,0.2645164706020441,0.7400179220597758,0.02166424377072161,0.027767524828062697,754.2154697935036,1029.6908524488017,0.07095561198306843,0.14213851652662315,210000.0
Random_1024,0.052310090684055253,0.8539289514438502,0.028471083787292028,0.012913065601497534,498.93455364351126,727.1281471783951,0.08059319488103986,0.1646327300065639,210000.0
Random_1025,0.11196498369779842,0.5013298621042146,0.047834178815227606,0.03807122406921891,622.7479384249536,846.4265959133371,0.042427569427481965,0.07049297770118526,210000.0
Random_1026,0.22619754357913208,1.366927681948997,0.03035321989824546,0.03268419398157692,755.1873345724017,1048.2054730445036,0.06722881661014095,0.12924266766835296,210000.0
Random_1027,0.01390703925008277,0.2901427708690064,0.009918900993241359,0.01651756621711636,359.75527398948327,554.1735411142805,0.09170531487416532,0.1928360428641875,210000.0
Random_1028,0.19146168312717918,0.16038967588791347,0.017484736958846035,0.028112882876370798,660.0813538233969,891.5165004333304,0.070248636818912,0.14225822570373725,210000.0
Random_1029,0.0926765214036858,1.8469832417927936,0.012149319026657234,0.020600968372777785,587.6296429931162,871.2929962327587,0.09908630051832674,0.20507248607687947,210000.0
Random_1030,0.19091293804626064,1.2360554085992188,0.015768286016139797,0.02897814612287001,695.7108508682152,975.4818641956243,0.08204349197414734,0.16618841109269075,210000.0
Random_1031,0.04814539425754371,1.8237104213541357,0.04507161180329226,0.012803942333433752,544.3570873741143,813.8303605684982,0.07560187643875442,0.14805353122281842,210000.0
Random_1032,0.1685944594019566,0.10647183562342627,0.044395109075349,0.014231991940494702,656.5053403429777,878.7550197152534,0.05435787389418129,0.10526490738202506,210000.0
Random_1033,0.022401693712736363,1.205144601314648,0.023129403840468788,0.011868714575709486,432.9482041525796,669.9802851666286,0.09112031473807648,0.18824138210968167,210000.0
Random_1034,0.2766118706983362,0.14446830663517912,0.030270812085649426,0.03389204167552533,758.4509277573746,1008.9719409296478,0.05334694644285219,0.10102875138123449,210000.0
Random_1035,0.18013199463771587,1.9903076679831158,0.014894327267315273,0.0023616409123328242,691.1647473781851,1004.3811136424823,0.10659280564430629,0.2262832240167533,210000.0
Random_1036,0.2564871458900911,1.6735515108612002,0.015681184555877095,0.029593476613659107,773.9081980929165,1089.7178296606303,0.08473745103754582,0.17136503760727714,210000.0
Random_1037,0.09214792279324045,0.3377034188892326,0.02239241610914129,0.03615387973120323,557.2011217991583,770.7510526802563,0.06546035658538271,0.12750219483462757,210000.0
Random_1038,0.2922745265360289,1.6101505338388054,0.04029116253146864,0.032036565648391836,833.6920404337765,1153.431227836141,0.05980503565419157,0.11067898003643897,210000.0
Random_1039,0.1687530301528522,1.5577608088209318,0.032526475800591155,0.013004751149596015,692.3727707413851,981.0177665205251,0.08028501705198131,0.16235754332388774,210000.0
Random_1040,0.0410981512024954,1.1525834370278742,0.018493755330852676,0.030658199462381866,486.4477769144306,724.6564129978501,0.08243199910402077,0.1652032162907477,210000.0
Random_1041,0.04228255271062435,1.5982202221994783,0.02324862627811859,0.0380421116155994,515.5300334845252,773.1173226296604,0.07812062724581993,0.15172495933415264,210000.0
Random_1042,0.12239596607724641,0.3915729685207028,0.043718364657095395,0.03661561906293726,626.6642385193546,848.4572949244953,0.04560280308520194,0.07907201268239081,210000.0
Random_1043,0.27256284878319614,1.9647153269438338,0.03529562620299434,0.0034168909282546725,803.3795797087306,1136.8354802465024,0.08538944472596119,0.17529388259942277,210000.0
Random_1044,0.1403877596913485,0.4566042160597745,0.020236543362521696,0.014178784113079195,607.4053399341797,840.2962433816585,0.0803522117451939,0.16693829250014744,210000.0
Random_1045,0.04898124674213816,0.35292798463934205,0.04821686381983273,0.03753831923001917,515.6749050869228,716.9415614372394,0.043184769413205065,0.07206746560646937,210000.0
Random_1046,0.07894539003260916,0.10501483589157101,0.03826390438021422,0.01790541445525237,535.0009952271118,734.9694648435475,0.06024994128588319,0.11803215503757973,210000.0
Random_1047,0.20331530859188124,0.6932412457794935,0.04268195150106057,0.015293928145265215,712.0020246930617,969.3886375294031,0.060324199451063064,0.11745804704359575,210000.0
Random_1048,0.01654035987798699,0.7641183195502832,0.04515940129013724,0.0015052276776910574,417.7374795089731,632.5247235408065,0.0735223988188277,0.14837894605052404,210000.0
Random_1049,0.08440184107931233,1.9344486550172446,0.036122541080464844,0.021833350234749378,607.8040519702992,891.3182304106862,0.07792379044615305,0.15266522436622043,210000.0
Random_1050,0.29491144526665564,1.9648310492717034,0.022481907812850862,0.033009385798128024,827.6056936398861,1165.3116486848983,0.0787478120382463,0.15529910663210106,210000.0
Random_1051,0.17361250038215975,1.113034481332694,0.003956532059714912,0.021864826111333013,654.0109240059661,925.4348921077934,0.09611720361701191,0.20190586396560467,210000.0
Random_1052,0.22083910187148334,0.4498945066071821,0.04056012604413172,0.019051298955386608,720.6960575151069,971.3821717803395,0.05716534804729627,0.11048612609478517,210000.0
Random_1053,0.15124179037733557,1.4558502855847195,0.03292271089128041,0.03595645561731215,685.6398893339727,963.4532664589316,0.06557622618693304,0.12360078577042904,210000.0
Random_1054,0.17974552589890067,0.5201148685469213,0.018377753747696672,0.03712567433811274,667.8129527663439,911.7142290788157,0.06790648446893485,0.13361159770354597,210000.0
Random_1055,0.19556034816996248,1.4388007699478351,0.018585264454089256,0.003405520622293553,693.0440605096512,984.9209193936838,0.0967735161667338,0.20475071830291441,210000.0
Random_1056,0.2796268285051618,1.2725255627667444,0.03547243911428891,0.038984556621958016,810.3122889255163,1111.5260867174104,0.05683337583705122,0.10388395337960363,210000.0
Random_1057,0.20126737933175554,0.9103932333315649,0.024734046823381307,0.00395548796964807,688.0789587891911,957.068336338608,0.0854974307914664,0.179519047665721,210000.0
Random_1058,0.036551629177250786,0.9363168452731331,0.014317581346362969,0.013303808955002442,451.3311768256314,680.393630933126,0.09467136379340464,0.19829417146626313,210000.0
Random_1059,0.08475347872504584,0.688882582217373,0.02199807654972625,0.03716506147909926,558.5361818030444,785.9912166417816,0.06896902989484065,0.1342728045781511,210000.0
Random_1060,0.08538145464898697,1.1126906047646221,0.023475293000362094,0.0153977817912304,560.8739166040361,809.1805114973635,0.08491645223740481,0.17428367455817254,210000.0
Random_1061,0.25853410965075213,0.2627760936456697,0.006242098583850114,0.02817818798022508,714.0286593981709,967.7334880997881,0.07993370950654999,0.1660993043874699,210000.0
Random_1062,0.16574877509067995,0.10479798203369932,0.013734319448025587,0.03395045245852365,630.3247292624244,852.663050474087,0.0701743697346076,0.1412748307065955,210000.0
Random_1063,0.006157011316839839,0.3332688000250501,0.03553317390618049,0.013642873874696763,354.4741913476138,547.0764563554809,0.07159777464993596,0.14352513018752094,210000.0
Random_1064,0.11584139583865512,0.1488747750832471,0.021183797223289235,0.026688130890773813,575.6321932936171,787.4621528829019,0.06960335554042531,0.14005793983522538,210000.0
Random_1065,0.25919891005974605,0.404708714280107,0.0023302682900800094,0.01706081690689899,707.1079296104183,968.5682624522013,0.09153103929697434,0.19530564451515708,210000.0
Random_1066,0.2808741319431761,1.0687159107409685,0.03258916137854185,0.00438838866431257,776.5619586450538,1071.914503610763,0.07812436875591557,0.1614577174946894,210000.0
Random_1067,0.03542675553082746,1.4489305315503194,0.04269310047587801,0.03323568177229745,514.6072356480546,762.5914958706718,0.06235970650756493,0.11434790011585963,210000.0
Random_1068,0.03409896050404382,1.1030008413386778,0.045332308554798535,0.023947817736364018,495.96040678854393,728.5777746715023,0.06216905930201687,0.1166260680875687,210000.0
Random_1069,0.19557925699183124,1.0112093337131254,0.04142202368473193,0.004429070055558865,706.218196852654,976.9493436184792,0.0713299612606011,0.14431948502508582,210000.0
Random_1070,0.057611928539942917,1.0063658918058707,0.02069647562976732,0.006873776207180853,500.8925851685061,738.3764122878001,0.09251206813019175,0.19399603552560424,210000.0
Random_1071,0.195012025925075,0.6640314818243559,0.004326416415291426,0.024528544440583073,663.0442764773223,919.3703027722171,0.08919738018442674,0.18685277602650363,210000.0
Random_1072,0.1778425282946166,1.6725965280254587,0.02045848801046068,0.00834863643455699,688.4775287270895,985.9004346062878,0.09486986822945122,0.19821688668089532,210000.0
Random_1073,0.12499991551351075,0.7279289150691571,0.02949365597971589,0.00911217779061221,605.4463676566913,846.3646810115548,0.07819662667235365,0.16095091983657603,210000.0
Random_1074,0.07504544520507381,1.8304149193810368,0.04184614047581642,0.010927199653068743,588.4787441671314,865.3869096302357,0.0786074182257195,0.15610550039988497,210000.0
Random_1075,0.005375288757471733,0.9984039582556116,0.04182821274497752,0.023928620399596173,387.87275281125244,608.884206470557,0.06651514865679385,0.12672756405575822,210000.0
Random_1076,0.17707509756282683,0.7212047894985018,0.028751174376755156,0.01747303407741493,670.697328826755,923.7223820685607,0.07243611210750063,0.1463825408333332,210000.0
Random_1077,0.11354593185381189,1.8535936684928618,0.02449925980640506,0.030937105194333448,639.2000590740598,926.5633479196324,0.08118502429205089,0.16019550258380633,210000.0
Random_1078,0.08390737295637438,1.0534503374774364,0.01588592159787832,0.013743276276682054,546.2550857369736,792.2668583325869,0.09219785429036059,0.19254402943089702,210000.0
Random_1079,0.05493487063917218,1.7043684255825216,0.01793313026172082,0.0020865119252089608,513.5769110931479,782.4056365292,0.10496432205323891,0.2219207872317059,210000.0
Random_1080,0.030740005306357853,1.1739618827218659,0.009308899153662089,0.03683413929569896,455.838693202412,692.6605361755367,0.08775456043781979,0.17705190549589514,210000.0
Random_1081,0.24948515312264555,1.7728012688188488,0.025046454658618936,0.011717224255357653,769.8422459815963,1089.0484970459877,0.08816617118657587,0.18162687080756115,210000.0
Random_1082,0.07106489226024941,1.261598375375626,0.040599880666495454,0.0027844301872923223,554.7468940809457,805.8142991696083,0.07907383319682608,0.160793942052137,210000.0
Random_1083,0.12790976791298436,1.2630949142038896,0.04701084355773299,0.017238354423002537,654.5684582563929,918.2452355353552,0.06282528226641379,0.1199508853405333,210000.0
Random_1084,0.16797286376073814,1.7498355415064262,0.01856059950772125,0.03815173345511243,699.0836106118462,995.2824392827932,0.07970587725546374,0.15672682132579396,210000.0
Random_1085,0.19594298116234507,0.516744663045277,0.028600492791534066,0.01817727259086719,683.5197697438216,932.0168036408531,0.06966755013302314,0.14062399411308577,210000.0
Random_1086,0.042077875612121826,0.3357794808815566,0.022718595650039763,0.007813374582555068,449.09999074934046,652.2869786734334,0.08412045548689896,0.17602812288076,210000.0
Random_1087,0.10269544621299564,1.2141255562993138,0.03918718186084992,0.018627088959080537,610.9731469622608,866.6575168833843,0.06928731246861526,0.1354489166092583,210000.0
Random_1088,0.1728569802662984,0.21541462242906426,0.0012958577984588397,0.017427541750464477,615.4784726669292,846.8885037788978,0.09221613465987819,0.19694290950018706,210000.0
Random_1089,0.24032099048014519,1.2868177694911387,0.036248699948933705,0.03229107520368366,772.3437182765053,1064.8475835114334,0.06106519364614939,0.1147144772312518,210000.0
Random_1090,0.02514851026073794,0.18371113629994817,0.04648572494313179,0.021838388663715673,440.22416823903416,629.3123678491685,0.053725269349903085,0.10012089325706722,210000.0
Random_1091,0.13192203032398878,0.3765160215296143,0.023251917635211894,0.012568289123622029,596.767816268293,823.8259282774161,0.07803324638129962,0.16173841005906567,210000.0
Random_1092,0.07906288921169916,1.5243264003338934,0.002588673183627887,0.01996306655078095,543.4950935914028,810.0513647306001,0.1053119934259649,0.22160329095816628,210000.0
Random_1093,0.157252639407646,1.1324917308527347,0.03843471770744216,0.022167096698678296,678.1716757504882,943.5988183382831,0.06550239476967493,0.12676406377690166,210000.0
Random_1094,0.19301013864646674,1.7346446558583826,0.022957756101236043,0.029766739877157857,724.4948606864195,1026.588445183392,0.08003783830793484,0.15898587822451216,210000.0
Random_1095,0.23568227672816205,0.4002837902950376,0.024381582274267077,0.03454244672008772,724.3716154718328,976.5910328976016,0.06162452201565016,0.11967943243355841,210000.0
Random_1096,0.15797689196271797,1.3948483927497535,0.04588607665825684,0.012921150093744435,690.6445537439083,968.2023762681666,0.06694906348010553,0.13037523625941058,210000.0
Random_1097,0.28061511773658787,1.7850211417757187,0.0360635327309355,0.01897174164290245,815.7902558635711,1141.8671647277183,0.07341536347474562,0.14481661719995603,210000.0
Random_1098,0.19067443399886919,0.5755897061258977,0.0020226284264997273,0.031579594129074184,657.6750638224231,908.5570312933598,0.08625451824205661,0.17906814746188365,210000.0
Random_1099,0.21554134513065212,1.2060040944462396,0.02417473739875676,0.010520392522160315,716.421977675983,1001.8018878150535,0.08470525566725524,0.17553245936614362,210000.0
Random_1100,0.026710077792922622,1.7918756678029717,0.015512206135112935,0.004534583803653002,451.5934673157101,717.3016486199732,0.10796837725383818,0.22791803853217,210000.0
Random_1101,0.23573859345663675,0.20304504120628258,0.0120168295395747,0.01037343225286044,685.764444646084,932.0448989211311,0.08528066069296551,0.18160521666895693,210000.0
Random_1102,0.13887286225595952,0.4595950195837821,0.021932977489078742,0.039936863815103155,625.7520476236087,856.2024517645343,0.06344102229370041,0.12213410806572804,210000.0
Random_1103,0.1629932858170563,1.456707818320493,0.010567831550445668,0.023223263386464875,663.2742984598934,946.8711841436269,0.09304758636508899,0.19257873475541376,210000.0
Random_1104,0.19966923473429543,0.37832010843397657,0.030609464976307715,0.019511732271977767,685.7900464556229,928.7220642388629,0.06559077052917661,0.131133062159039,210000.0
Random_1105,0.036524599063291335,1.7617916796976016,0.04590488746415238,0.02557726907584235,526.655351733302,789.3485545623173,0.06713487464187093,0.125676886667744,210000.0
Random_1106,0.0914694501479825,1.4050322492150826,0.0161317788703127,0.02584732311183852,578.8226404586949,841.5581260517971,0.08797454428813284,0.1791574477834052,210000.0
Random_1107,0.1825622323817166,0.5141028083805396,0.008992684441411592,0.02921822629080798,653.7832947225136,899.5016063364894,0.0809712159410294,0.16665806758917096,210000.0
Random_1108,0.2936826339438048,1.7867328475898132,0.007846196270841228,0.015040055883234333,790.2115647867695,1122.2043012419363,0.10094321962491482,0.21273193838819943,210000.0
Random_1109,0.08960777219693591,1.2450352732505983,0.014595381703891953,0.023987788370453237,567.2931603515158,822.6350370910791,0.08893492471264779,0.18243658139555743,210000.0
Random_1110,0.17702977658612315,1.0842038534208436,0.04064096322647178,0.023328691640240203,701.7205343391299,969.6495795002618,0.06185297532514046,0.1181180887035961,210000.0
Random_1111,0.29367509404490094,1.3807087466578158,0.04171379788107846,0.019148125912611263,819.5112312360178,1130.1929444433495,0.06393743428144363,0.12353009904541133,210000.0
Random_1112,0.027535162574184237,1.1535847509677006,0.03537348408119989,0.007285118486163553,457.26673244124015,692.6491486729437,0.0820098962489075,0.1669563514708696,210000.0
Random_1113,0.02703314385707673,1.3938379219880477,0.02950849505539839,0.0156959609707493,463.15752489425233,709.0221608658918,0.0846748052902686,0.17126782817007807,210000.0
Random_1114,0.021821804544489197,1.7532021138407765,0.046410577767957865,0.013156929600181094,479.2144645135524,738.7986101830586,0.07491390235408263,0.14600080176090963,210000.0
Random_1115,0.05330731441411122,1.6757896569833812,0.0015068260293459323,0.023568541481170168,504.7541996384224,771.4855334053611,0.10664295289089884,0.22325575877759118,210000.0
Random_1116,0.0948264397138773,0.757404266372342,0.001657915292770576,0.023980781936711486,542.430312555586,778.1690186924523,0.09553466934874677,0.20081385980570068,210000.0
Random_1117,0.04098385026101168,0.7335792509567303,0.005397322589252751,0.017226575352891543,446.41087964028253,667.8579966632168,0.09809336327855668,0.20713716738025567,210000.0
Random_1118,0.189540269736742,0.6571818965463742,0.01082253409323819,0.011197742844777234,655.6528326556066,910.8494632793378,0.09140564801083295,0.19400318524645974,210000.0
Random_1119,0.20057113982369595,1.27100101478943,0.025007858348238,0.02194991030722965,712.9259273556269,996.5071364846378,0.07807595757003008,0.1573688076778731,210000.0
Random_1120,0.09561157705249176,0.5389166224685592,0.020536849569610632,0.009360816225864318,548.3489684139247,774.1112974244948,0.08510528752571994,0.1782515087332499,210000.0
Random_1121,0.14167095384711162,0.9919311265024334,0.004580396524103025,0.03945549429623898,626.58573061179,883.1174985005501,0.08459581738563458,0.17157727844313236,210000.0
Random_1122,0.005616958311145467,1.6553238992271786,0.025685468588168833,0.015728762283007663,387.22076498639143,639.8014415597069,0.0925001325017923,0.188434572655114,210000.0
Random_1123,0.22511576958368867,1.0159438235447338,0.013533198215686385,0.03387495943643752,722.5276419576506,1000.7314038009159,0.07816531087570586,0.15736735869056215,210000.0
Random_1124,0.09372411520273372,0.1649296323394101,0.03341713518210605,0.031113612461266267,563.1821787828572,768.8725812273443,0.05678282827808191,0.10775335749881486,210000.0
Random_1125,0.21369028461350548,0.5509228861158116,0.02518043823545796,0.02381305449881456,702.2077834970116,956.5024051068576,0.06931367245104081,0.13902994780837258,210000.0
Random_1126,0.1445805230305101,1.4987275982692485,0.0017450354657031378,0.010851939238416583,624.3595764659412,906.9396911693553,0.10930083139827011,0.2335628729148923,210000.0
Random_1127,0.2888912757761919,0.177993825435177,0.019514152875547294,0.007118701686811114,738.3673217997396,996.4692345233818,0.0791962582480929,0.16773937467124245,210000.0
Random_1128,0.20971171965759552,1.586064668251438,0.012541898663873275,0.029476386730141073,723.3446421468861,1023.7840193010785,0.08772824741026958,0.17864918066293342,210000.0
Random_1129,0.03171412188971361,0.10822517711215657,0.010838167220233938,0.018864631715069646,410.2750568180364,600.6974963456875,0.08644743040488521,0.18101374123564895,210000.0
Random_1130,0.19994996090106248,0.9351175574915699,0.007485830456030246,0.0020975276404192012,665.6222623358717,936.923374000542,0.10241225864850058,0.22099117405842134,210000.0
Random_1131,0.2100450730257812,0.7852257587532724,0.021584942032878418,0.010730318206319398,693.3721257442251,958.6333323254319,0.08282148392295088,0.17271686375022263,210000.0
Random_1132,0.19163616903292835,0.5035664817986351,0.027636620654096056,0.028719138087395547,684.8785854818601,930.9396587217113,0.06417596966191111,0.12580963582722554,210000.0
Random_1133,0.07253609215892726,1.098387514956485,0.03325442817577331,0.03226198075727689,563.324991491254,805.6451399893837,0.0663111962675193,0.12641582896181844,210000.0
Random_1134,0.27290382177891903,1.2248859518942796,0.028549452853021053,0.0316300733469797,789.4331791141302,1087.9646402981025,0.06712826847567338,0.13018472647134646,210000.0
Random_1135,0.07328038150000424,0.9856798485967331,0.01435529262620221,0.009970206896733218,522.3374350077447,763.067083607764,0.09554084111039646,0.2013514824116187,210000.0
Random_1136,0.22359487701193353,0.15113738569484425,0.023901440263476376,0.023473533364128794,695.9753898893501,934.8852936083931,0.06645879360758755,0.13396759776413303,210000.0
Random_1137,0.19475590558800057,1.6823107768201269,0.040109058299513584,0.008136906572272604,729.887998595112,1030.421282759275,0.07701657986979993,0.15473477379088535,210000.0
Random_1138,0.08721705598299323,1.577901948141978,0.049633264670287267,0.008897181238822487,606.8073179508101,874.9347339402187,0.06986426575054952,0.1363163531374551,210000.0
Random_1139,0.29557379936329986,0.42115304430947964,0.026012980622537537,0.005768499517890705,759.2941767312838,1029.5969951548009,0.0764654083105014,0.1602182245648315,210000.0
Random_1140,0.22791151774657412,0.48604981466621644,0.02002753760406406,0.00928474833915498,697.2048267313108,953.7099649524766,0.08171684942716245,0.1717087844770373,210000.0
Random_1141,0.0629828664358846,0.28255388188961217,0.005546411544339151,0.03898135970235704,489.699518797381,694.597938391649,0.0794256751123236,0.1610402417259687,210000.0
Random_1142,0.24296330383443196,1.3469196467035476,0.028461825137608192,0.007650892958780859,750.2737743225392,1048.7369669350958,0.0834047564801054,0.17236442572165517,210000.0
Random_1143,0.045993085623498756,1.719895715395951,0.04229739589740121,0.011572315741818471,532.0678335945593,796.6518352621141,0.07789871167988409,0.1542495387040803,210000.0
Random_1144,0.09774770853809946,0.3019859310524019,0.008662917895429096,0.023453587647068314,538.7641898880928,754.221163476576,0.08489815462809026,0.17694970703918156,210000.0
Random_1145,0.06318921712681548,0.41747965043658486,0.03400005451307065,0.03380751212565821,525.3143010802174,734.4735843004694,0.05826274706917864,0.10940246748286571,210000.0
Random_1146,0.0709593351527693,0.7804731478631829,0.035474357201131894,0.010456309649544845,536.9489468320879,766.1356189260694,0.07427638551320094,0.1501805042861312,210000.0
Random_1147,0.10230203301770405,0.25298010144816335,0.027704172587052857,0.03805197369521443,576.5978932066711,788.2970143236831,0.058367923669786034,0.11043338882666515,210000.0
Random_1148,0.13768151039152732,1.4784703311571181,0.038588797888866565,0.001851904964105164,653.2984855105805,931.0147717822948,0.08152255038916,0.16686881963713127,210000.0
Random_1149,0.13492909176228704,0.3306535869764099,0.014557452456898674,0.035006372348372325,604.1405385048822,828.7871168749707,0.0718544661524526,0.14388340238279676,210000.0
Random_1150,0.0500418491443667,1.7236708545519652,0.002224196146785341,0.01826811317089897,497.115514643258,765.5517806387733,0.10980005699669196,0.23140319026631018,210000.0
Random_1151,0.15754637447042158,0.1467091010203605,0.045217938854433634,0.024615861840337254,653.8564552796796,874.2582543876196,0.04806300656300186,0.08819249284809536,210000.0
Random_1152,0.15645877032266584,1.2718403190521421,0.011551844876865482,0.026358290881830355,652.8212543712293,926.1359504485465,0.08859579436702461,0.1820275344305709,210000.0
Random_1153,0.1888221501563056,1.5563007169626224,0.03880019066711378,0.02516953568612014,729.7324656155702,1021.8539573097058,0.06685038000775047,0.1281128694742073,210000.0
Random_1154,0.14164275388731026,0.3959476325010428,0.029089006358704452,0.0011283795001509156,608.273943287591,839.084884353257,0.079575251727208,0.16706354911087384,210000.0
Random_1155,0.26610271330271196,1.1709862649807825,0.016872626777441696,0.027882450562851074,765.0156872961272,1060.6553413587171,0.07947799931251356,0.16105396768891,210000.0
Random_1156,0.11000520561681691,1.061280464311152,0.018037361619702055,0.032654525572394594,600.1511121300014,851.3546834528397,0.07815305730783642,0.15602935973883417,210000.0
Random_1157,0.11010197679881283,0.4066272476817381,0.007056992808332385,0.03473611863957033,565.6501893935824,788.1304608231316,0.08023698418097552,0.16375672378278994,210000.0
Random_1158,0.25957703218077427,0.7773584702635499,0.020435375074510976,0.029183906948863005,750.6970570372403,1026.6029036824236,0.07168166239682673,0.14351561198430385,210000.0
Random_1159,0.12620275366071115,0.9593836686623958,0.02321900222120098,0.021387039167341686,616.1374006315416,867.2918708254437,0.0787595058061208,0.1596765950568245,210000.0
Random_1160,0.11313413230928027,0.4702231548093114,0.02381433183104241,0.03399709618538252,591.5517351435764,816.3703959460015,0.06614399165118695,0.1291634120958039,210000.0
Random_1161,0.25168598886700316,0.6124671809137697,0.034683804480854744,0.008909865104894422,740.8086625504726,1007.8036893414832,0.06952966559636425,0.1416218633584288,210000.0
Random_1162,0.12616873371006262,1.5081607438307643,0.013377083804568164,0.029387904922143576,629.0918057854032,905.0800235871662,0.0883054413777914,0.17950488726489805,210000.0
Random_1163,0.2533729860223447,0.923229815217904,0.005599477509290708,0.033807037141283615,735.7228591287701,1017.458926147116,0.08384131240713398,0.17192001895403827,210000.0
Random_1164,0.04245542259350244,1.3288438040960473,0.03916518408352044,0.030538053712319473,520.326814784103,765.1623825931337,0.06559599740191387,0.12331069968549174,210000.0
Random_1165,0.229239148932361,0.31785873128147424,0.002233208517058266,0.013320423655121337,674.0395302093069,924.4086697762891,0.0936006603913806,0.20097986791388933,210000.0
Random_1166,0.2043092993138658,1.8354064863977109,0.001418188586778369,0.03347641114420557,716.1798169603607,1027.0588656982454,0.09795173120865627,0.20194562252491902,210000.0
Random_1167,0.13956177377339182,1.349022698929804,0.02433263850522447,0.008803329711022302,638.7989992077854,911.7445866456748,0.08883726100262136,0.18442013471874397,210000.0
Random_1168,0.13049142489884064,0.31700798423450716,0.04345566803825939,0.015492056767911828,619.19889243271,841.3712899634793,0.05754002517825225,0.11150096043403597,210000.0
Random_1169,0.2830777918323585,0.7040701878066481,0.00836247539139421,0.027278550125843015,752.6179105793058,1032.2192349473157,0.08250633287367677,0.17075625554045867,210000.0
Random_1170,0.1801537835983673,1.055703511030618,0.04907321732921173,0.033081007917455225,720.9949283779663,986.9676942542026,0.04805362944899534,0.08324556879932385,210000.0
Random_1171,0.10996388781482375,1.9732851710203023,0.015005409522622942,0.03818527377810085,632.2483941167258,924.2819441022874,0.08668465820499971,0.17209304308970988,210000.0
Random_1172,0.18418130953556913,1.7562739094288036,0.003212077891038029,0.006783486430332849,676.3196705942566,980.5976787567355,0.11201850713873698,0.24003878854892563,210000.0
Random_1173,0.2643914698430621,0.8300262556248603,0.03046031346634514,0.030466643169219494,769.7010448686327,1048.275937301672,0.06232219232292417,0.12027360199162249,210000.0
Random_1174,0.10559716337284923,0.9649506875110991,0.005406244427786484,0.006659765153635793,557.3840574218073,806.2408484365053,0.10428888436596545,0.223751364899362,210000.0
Random_1175,0.22152119763405664,1.160599385267225,0.04554080618977758,0.025237703703576347,756.530684646728,1038.475675600799,0.05606343836767909,0.10381547277801662,210000.0
Random_1176,0.17008755112773602,0.7504116071186668,0.03726152784031741,0.03232227721279442,684.778881916181,935.502587614206,0.056327040282564564,0.10482055854388439,210000.0
Random_1177,0.07347035524382717,0.4531076518809879,0.032811538880628766,0.012524734639549853,527.9486687200945,743.0791999840814,0.07206476763140696,0.14599502585474244,210000.0
Random_1178,0.13690915203657852,1.8419491450471972,0.012942907606148104,0.013578404478266453,642.5157230080907,937.5090175776061,0.10122358456977269,0.2118386443057796,210000.0
Random_1179,0.06944167285203652,0.10298052931302878,0.031085149329818516,0.02029675744334271,512.2803195433149,710.1643090335574,0.06560475883892719,0.13065675496858983,210000.0
Random_1180,0.14901916991979058,0.8269639506241966,0.01798225330277283,0.008342233860384268,623.7890164519258,876.1512277369098,0.08935967098386068,0.1881895471024585,210000.0
Random_1181,0.12196319167291911,0.3487798602822675,0.036079622251542987,0.01435706392094075,599.8618466470341,822.0128033841672,0.06541725444407745,0.13065983441916135,210000.0
Random_1182,0.14184096830097165,1.2771221037640752,0.04431480161918458,0.0027723739970403165,658.773718596371,927.9374812916993,0.07369211915495759,0.14854936806342514,210000.0
Random_1183,0.2131247806277396,1.8274691873155862,0.032372712041213614,0.02295752374016015,754.3678983233642,1065.4587880469905,0.07613164888752863,0.15013120346250775,210000.0
Random_1184,0.19781948971651386,1.0829516355962827,0.03450571326652411,0.021931148471104896,714.9540937609565,988.6268408529074,0.06772030474086187,0.13286586478667212,210000.0
Random_1185,0.0817966993105368,0.993822187783446,0.0168344113310179,0.033801545003106455,556.0472519832466,797.167548754406,0.07878630022668935,0.157318217919729,210000.0
Random_1186,0.09296517523378191,1.2453125570852766,0.02773524113521421,0.026147420923488592,589.5831432625341,844.5528891751208,0.07570491777827015,0.14985677073305917,210000.0
Random_1187,0.22400726061783768,0.2862019687992837,0.04228123818263261,0.020688040472038347,721.2008307696082,965.0441922276617,0.05293019998013277,0.10067268849839711,210000.0
Random_1188,0.0626377280407163,1.4328142173931744,0.03815941701248044,0.03637709971532083,566.6515418711333,820.8246923257811,0.06315290094358084,0.11649119519604112,210000.0
Random_1189,0.22912413520780725,0.9055769600892777,0.01916617740025266,0.00797526028537092,711.0795049243809,986.9401869155002,0.0874476711863052,0.18403876729836094,210000.0
Random_1190,0.09917102708096533,1.8632058941071123,0.0072503155813066255,0.016171175556429485,588.655293222813,875.4185959368556,0.10610578324310424,0.22284297003111397,210000.0
Random_1191,0.012252374922157673,1.103031063572069,0.004833790640700394,0.026710251866562715,382.72521405202684,612.9011822427283,0.09843993901134003,0.2042622610197748,210000.0
Random_1192,0.18276787758759844,1.6890586431961512,0.0348434556829747,0.004608929176155095,708.9176891259618,1007.4611066779579,0.08421584682556417,0.1726507397074764,210000.0
Random_1193,0.2971619629466256,1.924929826336828,0.03473580863664745,0.0346522865586237,843.9251905145871,1179.286475820779,0.06629318576326058,0.12483113344841265,210000.0
Random_1194,0.015667675509846737,0.673148052894581,0.04464490124767861,0.008708628530965275,415.88363039758866,625.823929273015,0.06882248057462506,0.13630354923779253,210000.0
Random_1195,0.26142610378800374,1.0248664025938423,0.02373745372753371,0.015283246873363562,755.2221453327755,1043.5760033484275,0.07948903857030447,0.16336979690025005,210000.0
Random_1196,0.06336888079696644,1.8663327989296317,0.047153398624209746,0.022649194744585967,584.3187498581408,858.5617385397122,0.06760111710908169,0.12728119687064507,210000.0
Random_1197,0.1168948379176582,1.6605990023352541,0.02673588715453177,0.029478944141616326,638.5482743696742,918.0017524504833,0.07801834768145147,0.1535507628444437,210000.0
Random_1198,0.21998837765388007,0.3971890420810218,0.042657654433586434,0.022236407442912127,722.7825547236822,970.4616310806783,0.05285757323771283,0.09975752172482621,210000.0
Random_1199,0.2547864143835422,1.8179438403137025,0.018662636998161144,0.03561957920793672,785.2442534625903,1106.4057525761045,0.0799160431531797,0.1581191998239202,210000.0
Random_1200,0.1267441826321359,0.34694563705388226,0.01527239392271983,0.028398973103771,590.7595942246224,814.5644841879619,0.07556468813232096,0.15366082945404558,210000.0
Random_1201,0.2247679720706521,0.7265095077788204,0.048292957384731335,0.012183901959412345,738.5954193285842,1002.6421914487626,0.05700915211537017,0.1098275604930828,210000.0
Random_1202,0.23079585866891014,1.407508753586347,0.01699252366303628,0.01006083045311272,729.0673743196037,1027.939964568925,0.09313707445101299,0.19545280725556638,210000.0
Random_1203,0.23421386516135126,1.234557308924457,0.022368765975901757,0.013892309655323103,735.33746502715,1026.5451241685903,0.08419916851140612,0.1738939067703223,210000.0
Random_1204,0.15836891608800954,1.414331992367951,0.028545612080853967,0.02911149747133734,682.2947325234682,960.919332437853,0.07302625212225011,0.14298966042362365,210000.0
Random_1205,0.2679954406909008,0.7847742874807895,0.0013251165984599794,0.030570818868711314,736.3712977875903,1016.1333260595773,0.08795899140164463,0.1831596086164207,210000.0
Random_1206,0.025867409239770132,1.9418645029183497,0.02672851771065893,0.034068917850668415,488.637856010835,757.624816107197,0.08170495872006864,0.15909094321560635,210000.0
Random_1207,0.11967839451951814,0.15161710775440324,0.04386943812429287,0.02952507016836572,609.9685609350671,820.8393687504821,0.04739972161362423,0.085441639910185,210000.0
Random_1208,0.08823563879961273,1.511339948539319,0.04879043927681602,0.001129407847637221,599.5763695951757,865.6519892093921,0.07458346256610367,0.14919898628242606,210000.0
Random_1209,0.08254665166174077,1.893660187625991,0.024339221951407367,0.006672686039820097,578.7344510083946,862.1048697277012,0.09728150387672517,0.2021582445569594,210000.0
Random_1210,0.20642827852515377,1.3737567600564036,0.0034202560554042563,0.039748375325442606,708.9190666192893,998.8916999426482,0.0877234361771453,0.17817941980195187,210000.0
Random_1211,0.06472154237770338,1.7301760995448958,0.009065875664891653,0.0020705336648516306,521.8484481527136,794.9958454802802,0.11281206691357158,0.2411695700952458,210000.0
Random_1212,0.17173398778795723,1.543470080349777,0.002204519792658707,0.03953384150098084,677.3077627082408,966.3583443674789,0.09144216815409152,0.18618899179072718,210000.0
Random_1213,0.25524364856474113,1.3091910472616821,0.04668497196905491,0.01922022891417743,789.9926068684882,1087.4447000657904,0.05943896960503785,0.11251585885678274,210000.0
Random_1214,0.26096263746091497,1.1347451050476023,0.04168268059858911,0.02887146592898888,789.705842189808,1080.3656995599727,0.05629325849558488,0.10436485838013854,210000.0
Random_1215,0.02670548556826155,1.0258811991326127,0.03453871330512948,0.01287922426522222,453.4440729005609,682.4916632479658,0.07817807283581829,0.15738897064349588,210000.0
Random_1216,0.1532105440861185,0.18954428056181355,0.027429830915464228,0.005060011538771868,615.3709215175656,839.6038627680381,0.07634416435794376,0.1596923917341931,210000.0
Random_1217,0.08642203832422152,0.14103122889564051,0.03065326557053962,0.0035707744501108332,528.7981830361471,734.0121747158541,0.0758003835115137,0.15791115101476724,210000.0
Random_1218,0.288431725955431,0.8957336381900793,0.0255967343190604,0.002290355834608376,767.0225683954562,1057.207546390574,0.08380489397638796,0.17645495189130841,210000.0
Random_1219,0.28414058879798354,0.5097812222102933,0.03943306212241902,0.014567980765897551,775.1031571535717,1044.7583759214654,0.06020630000142772,0.11881218284752877,210000.0
Random_1220,0.15271147773797208,0.6637230897644446,0.018913031500734066,0.03057055097199609,639.0301751605621,883.1168970366366,0.07345750877406329,0.1471215845590345,210000.0
Random_1221,0.1387598541715425,0.31704629655454997,0.04479739848196482,0.012045826571370565,628.5399311621887,852.9495200457623,0.05817521163330011,0.11361313324526605,210000.0
Random_1222,0.17093134979496866,1.4575272503295789,0.0187496754088312,0.02122665949265578,680.4663285640079,965.5897854854621,0.08669579999159834,0.17740106602260183,210000.0
Random_1223,0.25271368227722957,1.1879626050073746,0.024340094104288983,0.0273818209276215,762.3898008634518,1054.8887854555383,0.07349032164155826,0.14629187727035234,210000.0
Random_1224,0.11403545830304287,1.3807516944583937,0.0058400068337680685,0.02751484701451915,598.5169393264695,866.491241844995,0.09528877527637586,0.19723560901343679,210000.0
Random_1225,0.22289196921892293,1.7451802291546399,0.022645544922116387,0.009927826531638588,740.1083647857266,1051.7585976861155,0.091671828736289,0.190314308891076,210000.0
Random_1226,0.1565344724692369,0.19000132329035613,0.010865775654510995,0.0228119381018624,611.7372724093739,836.7267329742392,0.08052076475744856,0.16757044401234775,210000.0
Random_1227,0.06047919305201905,0.9696483695474872,0.024652594554070303,0.009420790850949233,511.4480199709002,747.4761240311403,0.08693817053121564,0.18024698690042346,210000.0
Random_1228,0.16124591862948298,1.6905915448241924,0.012454337227077963,0.03971373030620978,683.3144603109146,975.529114082711,0.08383768619669639,0.16680814538007768,210000.0
Random_1229,0.14320484732825306,1.8328684922096028,0.013728598309695885,0.03978791195541166,669.0580004889426,963.0569736492293,0.08453171600520755,0.16765682790437203,210000.0
Random_1230,0.15487409102475214,0.2747090462407931,0.01610523866959292,0.022339768304161865,618.7653518249542,846.7701811040774,0.0769777055441638,0.15857740829882566,210000.0
Random_1231,0.22477055372806978,1.225881294655539,0.02513584431730499,0.02057126106333261,734.1584979931545,1021.8592262542202,0.07781180182842329,0.15734076150459156,210000.0
Random_1232,0.10894113810936629,1.6543115845490097,0.043940424864044286,0.03131575628508673,649.6065368206463,925.2653481607629,0.06160603320513117,0.11310959395060988,210000.0
Random_1233,0.11760032141885417,1.1796404367961,0.026452636751119446,0.01741238768119079,613.8553801308183,872.8300781867715,0.08068301803068842,0.1638200262884527,210000.0
Random_1234,0.11042469736631705,0.9796438445841035,0.04848036327804466,0.0031746678900427447,613.7581438637259,861.3158887181428,0.06761326840942856,0.13456452435162217,210000.0
Random_1235,0.15381129205796426,1.8071737766386264,0.016184011222867233,0.017946451410883812,668.2034564089762,965.2486623615054,0.09489450026879623,0.19613681548409206,210000.0
Random_1236,0.27180010564749324,1.9966309508567437,0.020690481595279708,0.03223869963009511,806.4878164438655,1140.0519011462623,0.0815747659501258,0.16197785941010168,210000.0
Random_1237,0.0528213541230766,1.1623357070851248,0.029160657787120212,0.029721084103843203,523.3253683646586,764.1252743629814,0.07294953525792724,0.14234637375946907,210000.0
Random_1238,0.02981293846320517,1.619226409697303,0.030375805134235642,0.022312508683667166,484.1404591608166,740.2438171075643,0.08201324954192153,0.16295117355668187,210000.0
Random_1239,0.08685246448494792,0.13647832429816364,0.008952292029809131,0.03625939037979861,526.1377447040471,730.3754508259328,0.07565793775156356,0.15323120253928402,210000.0
Random_1240,0.29962966009381414,0.8967218050028082,0.023494084081043518,0.024583855419588865,789.4328053805519,1080.8464664690814,0.0721245415139025,0.14501790722755206,210000.0
Random_1241,0.15453268992041755,0.10203151358379796,0.01444872872215541,0.0351796931929238,619.3311778523423,838.5854946905112,0.06904651414402659,0.13824165952202147,210000.0
Random_1242,0.03263877227447449,1.4593680916311642,0.01465691624643448,0.027502744539354203,470.51393882801284,720.9724231571707,0.09128756879429357,0.18571127327427164,210000.0
Random_1243,0.014579410420716025,0.34374556820639646,0.011197518387536524,0.039967633170753816,382.1161666238102,577.1363576736138,0.07696420464300627,0.15346234866269637,210000.0
Random_1244,0.2646908657800438,1.339681285428864,0.027411963807901674,0.03614407423994233,788.1170990888195,1089.4909903343018,0.06674997764851467,0.1280775400778918,210000.0
Random_1245,0.19357082627250735,0.8658434320279498,0.03104723298232509,0.03670884764924932,709.2275551633733,971.1627297222319,0.05989127911087889,0.11268012596912796,210000.0
Random_1246,0.23445639317991102,0.8942512759385701,0.02224284228018806,0.015725318378303085,724.7842044032013,1000.6021572627355,0.07980462421036096,0.16442198415732545,210000.0
Random_1247,0.11453107201226749,0.6056309619408686,0.0179321261970067,0.03961796253426439,595.0301655499832,826.3123197418874,0.06937813059550715,0.1357362256985058,210000.0
Random_1248,0.044708424453218876,0.7543710571353452,0.03883099208183576,0.007119902508097402,488.28340984903156,709.7311419662323,0.07409500284627787,0.1498096478565824,210000.0
Random_1249,0.058670749146042256,1.1716737188684803,0.01470511322708451,0.0017961567315205214,497.9104358499315,743.9833388888353,0.1025600321319527,0.21851955628046332,210000.0
Random_1250,0.17997057303217803,0.7715943756388195,0.01747755931722365,0.01658961572264647,661.3980538861065,918.3870700447083,0.083547783191694,0.17346869636743992,210000.0
Random_1251,0.2750604089294764,1.6623273445048674,0.02454048430457609,0.03726227853773341,805.7294499185446,1124.3550616262478,0.07169023007675748,0.1386593550165912,210000.0
Random_1252,0.2855295589429407,1.7407571453226445,0.03844109966103465,0.025889457272835325,826.0931336027846,1150.6631503233293,0.06658991419832151,0.127447605623095,210000.0
Random_1253,0.28720414138704226,0.43839899511483615,0.022269754921606065,0.006361701479413698,748.8437355008873,1018.0822091157338,0.07980590355115798,0.16815922454190807,210000.0
Random_1254,0.25211169203694783,1.5610002087198274,0.012967501515793511,0.03279810391705902,765.0512082412388,1074.6628922082396,0.08421824334218977,0.17013024451123854,210000.0
Random_1255,0.1452170750608012,0.6935891936451182,0.0183262035337211,0.011614314904181862,617.3633104428525,862.4838514470508,0.08585224816932904,0.17972828896349693,210000.0
Random_1256,0.23275892665676934,0.3094110288797106,0.030231005485857547,0.02785339331437691,720.8098299102211,968.2763059699816,0.059525150207424986,0.11581654089475618,210000.0
Random_1257,0.19715705094019556,0.46449025902660024,0.0029233967651832726,0.03854582010890642,666.3686441032069,913.2424311445255,0.08000587932863895,0.16342407190764202,210000.0
Random_1258,0.06081219839052037,1.830196010422934,0.00932001286508604,0.02821227713831672,536.9306347428753,811.4899216092653,0.09805455635503636,0.20109619670871165,210000.0
Random_1259,0.2501193746230492,1.0211655629793528,0.032097047809252204,0.03465171854240211,768.6208793935964,1051.7632720752972,0.06053089426850227,0.11436228199634282,210000.0
Random_1260,0.2623717548569748,1.7367005768847907,0.02034661177413235,0.03523276964004178,790.8635247752575,1110.161638936183,0.07767094601683035,0.15311013946799107,210000.0
Random_1261,0.08959991989294533,0.34891514060477624,0.02305906842012434,0.03602849470865585,554.5020697405735,767.8762259907223,0.06513224386009349,0.1266294624686749,210000.0
Random_1262,0.17909340601856458,0.1870923032659853,0.025181696581929324,0.005523747849027127,641.5077498691263,872.2438194662602,0.07742926162479201,0.16257634547720146,210000.0
Random_1263,0.20867381426556697,1.2307362194633715,0.018119682273106393,0.02268670944377948,711.827544465685,996.1146165705776,0.08325145667265707,0.1701803566585598,210000.0
Random_1264,0.05132706968057488,1.957128163153723,0.026362448722147495,0.0206028851922136,538.4557484725715,815.6010565214839,0.08895225100714155,0.17911836844853868,210000.0
Random_1265,0.0858937882072658,1.0763965393217239,0.04516940789770485,0.01568400105742332,586.6247474733381,831.6677660782218,0.06483956924239254,0.1253377749027338,210000.0
Random_1266,0.13672098235503055,0.7138060727920835,0.013369594840945132,0.033117179661609014,616.9909567337138,859.5735336379108,0.07783995747157746,0.15708520514213326,210000.0
Random_1267,0.2634675747365048,1.353979114452627,0.04015248503697172,0.02651798719918186,796.0966755094199,1097.558991565022,0.06122594377130295,0.11578369864814445,210000.0
Random_1268,0.22876275501743795,0.3860442273940007,0.0175882560476001,0.02587956766108058,703.1954988577862,954.2807519481813,0.07293744131713781,0.1484877531508033,210000.0
Random_1269,0.2101036005670208,1.8183320262549205,0.02201150115278215,0.03406332546187997,746.4332838646981,1056.2981390587518,0.07876756208704791,0.155105193528231,210000.0
Random_1270,0.09755459031456384,0.555812478644439,0.042976452552033195,0.02088281013484207,586.7467188447066,811.0381869473973,0.05810288536570213,0.1106620656566541,210000.0
Random_1271,0.08409360010178289,0.3800959545787771,0.02123494841253382,0.010731770614177301,527.2876048697393,742.8579853290931,0.08245066429634501,0.17211464098200555,210000.0
Random_1272,0.0071858659706108595,1.4060827524854431,0.017274128530155364,0.005937524295012331,370.3906561152121,613.6039142436963,0.10325620752547328,0.2172277539208795,210000.0
Random_1273,0.0072358063424110535,0.9349520734691057,0.016051081806385703,0.013797806011127636,358.20027361882353,579.6941574851351,0.09492359264289062,0.1979076301587759,210000.0
Random_1274,0.12776915821812307,1.1672661304205227,0.02062970731649279,0.01731312472095812,619.4324583049763,880.8662971654345,0.08556908749443583,0.17596104217389125,210000.0
Random_1275,0.1433833795341296,1.465223971395357,0.031911048777988726,0.017899514054539344,662.8997382779013,940.6958168476226,0.07761938780532235,0.15531455047763343,210000.0
Random_1276,0.021931482091185128,1.3162116362731238,0.04987397651278275,0.026319096830700987,477.62308108521154,716.2400293728197,0.05952222308683234,0.10856721683627119,210000.0
Random_1277,0.16016870687245227,1.044462813802776,0.016136285422926895,0.03331669630626503,659.4311736319884,922.517938432891,0.07792773691303469,0.1560742811343926,210000.0
Random_1278,0.15255177208649517,1.8849792084309402,0.029457089954367032,0.014673960076612674,683.1154412750498,982.5469646735875,0.08572245976872042,0.17379249952504894,210000.0
Random_1279,0.2299565470268316,1.449298547037862,0.019102109072090114,0.010999495645412194,732.9316895862587,1033.2311325822702,0.09111063297154716,0.19018062405609337,210000.0
Random_1280,0.21197684368864295,1.666144378794525,0.03581523902722387,0.03838105441922331,762.528565629348,1064.5635701215465,0.062190907402011664,0.11470329742544448,210000.0
Random_1281,0.11509659803522228,1.483112304858981,0.034889646007170476,0.0019329114894666155,620.4625496847243,893.030948312453,0.08548551684260244,0.17624201068655,210000.0
Random_1282,0.22714149351304122,0.2533858418677917,0.006036921631800506,0.013862052617847377,674.7505193136033,921.3463376359423,0.08925152466695843,0.1905434596340577,210000.0
Random_1283,0.21227454400541518,1.042141180639473,0.027924497566651607,0.023462889890152588,721.0677162716554,996.921714405241,0.0719969777301793,0.14343900047763686,210000.0
Random_1284,0.14157869181829824,1.0966708692800502,0.029468683824411153,0.017845388963580226,644.8801696956848,905.8399059448224,0.07621227106363604,0.1534989130120755,210000.0
Random_1285,0.1522431574762735,1.0113792783543214,0.03533462722654536,0.023100343158028808,665.1352104790343,924.0332697432812,0.06664875254363158,0.12992351693343349,210000.0
Random_1286,0.012701177996917452,1.208268063756975,0.03612265640590365,0.014099021178857443,416.9354375255155,650.4650606870277,0.07885888710312562,0.15762910317234685,210000.0
Random_1287,0.03975757592796314,0.7873244112574288,0.027434985026871684,0.02993662050581999,480.88768765922373,701.6669517051835,0.07123192490981126,0.13951520760654582,210000.0
Random_1288,0.23957746910142932,0.22213786473517871,0.00946940182949509,0.012650651713253771,688.5134269721019,936.6343938771224,0.08631919567703843,0.1837903699369773,210000.0
Random_1289,0.047965283560781204,0.6876531552549447,0.024326369681464937,0.032474240160830496,493.10027380496217,711.4919378942463,0.07111805915071714,0.1395158743645161,210000.0
Random_1290,0.036911261429721384,0.3437536984395335,0.041110457495419715,0.0014582224042943293,455.29541761874754,656.5866550139798,0.07172073105158867,0.1464139901432917,210000.0
Random_1291,0.1263425598742537,0.3180219123256388,0.03640580879900721,0.026100552402289853,612.9904115943052,833.8865287214187,0.05764572004227607,0.11028889560403327,210000.0
Random_1292,0.10305930829681735,0.7010349372554472,0.03054203984890564,0.01846823980646151,583.0401031838369,816.4306800621071,0.07202099929806946,0.144437886733992,210000.0
Random_1293,0.17237459774082892,1.6961406729009436,0.03629194828446656,0.0038687758168804084,699.2855837721738,995.4927055598158,0.08367378380047318,0.17128327796040757,210000.0
Random_1294,0.09631613417110846,0.9144362853838877,0.011157613251495477,0.0022746474418963176,546.3002260428733,790.454311572454,0.10153075430805926,0.2176886043387618,210000.0
Random_1295,0.29316962471194974,1.7816575951239282,0.0042514919204501645,0.006486871518354491,779.3068813079792,1111.914810191439,0.10926908219823804,0.2342428190209542,210000.0
Random_1296,0.24356754408037215,1.1485696269781793,0.00883487100806821,0.037062358570499075,740.9184970654112,1029.8242379332369,0.08142638468883999,0.16449387754625305,210000.0
Random_1297,0.17632305278637056,0.12331240147762372,0.012830912826547369,0.0045716107467752435,620.8307045305439,849.0683239077639,0.08854416829916896,0.19012732716900888,210000.0
Random_1298,0.07455379262273139,1.1562020604505168,0.04704219204862552,0.01827979020942522,575.4544192831537,820.8962015784657,0.0627952655559218,0.1194617382086233,210000.0
Random_1299,0.12916668833280467,1.6641980352118289,0.0011887806248732926,0.015778251582531964,614.176151010814,899.999372101955,0.10891717335308472,0.23104753382320725,210000.0
Random_1300,0.2602931841096825,0.8470190991367025,0.03100142176972137,0.03069503205799296,767.5043219623532,1045.7577611447084,0.061948104943192944,0.11921762835530018,210000.0
Random_1301,0.11632688108880597,1.6298816251134554,0.04238290323536806,0.00874531905638732,640.9876050209388,919.3237406399054,0.07608566655169191,0.1517200441866816,210000.0
Random_1302,0.006220260025584947,0.29402133856115265,0.030976372728545244,0.017393934367813904,350.6199107737642,541.5363114477036,0.07304774480717914,0.1467473667758146,210000.0
Random_1303,0.16601060846753973,1.1244846913896034,0.02735313169597154,0.006121256826833954,663.1651968565221,932.5917090041148,0.08480539440600045,0.17622103340287873,210000.0
Random_1304,0.09726060990176723,0.7121054351597188,0.022607918232882843,0.002554268494090419,554.5208801064001,788.8678022258714,0.08900404017775977,0.18794320566473022,210000.0
Random_1305,0.15169341847778944,1.3186887055691785,0.042197064546874156,0.027490085194942976,686.5641953304126,958.2535697211276,0.06092590999003297,0.1139769600833391,210000.0
Random_1306,0.12840847699113944,0.8934581412130118,0.03146068360538846,0.025348527804493547,629.2749818043139,877.0379804938939,0.06824402377186778,0.13376436297978272,210000.0
Random_1307,0.06615560571928117,1.9177258644332829,0.015575267781053625,0.025203013181234163,554.9394242701529,834.5137271224879,0.09489356332262495,0.19347581426033478,210000.0
Random_1308,0.2903266384791616,1.5057602367156846,0.03103508266768606,0.0033624588175915175,797.2351330785672,1114.8242000317414,0.08433215924412936,0.17490530189414763,210000.0
Random_1309,0.2880721492043278,1.0793256956476822,0.041770294146076074,0.026913712590500374,809.7915294347445,1104.884502501046,0.056317294041854045,0.10516098538907745,210000.0
Random_1310,0.28022719128088536,1.2689133375665305,0.025099191721084168,0.02781631724430234,790.4308237902283,1093.3554810837127,0.07282277259479512,0.14447934160343556,210000.0
Random_1311,0.015724745685191062,0.13719746345135878,0.014731152227824812,0.022963864017111986,371.4125119207423,558.5019828977563,0.08182765225888015,0.16857729801978558,210000.0
Random_1312,0.09605233470990844,1.2278575987939981,0.02034662061172611,0.028702882775173376,586.4137785025249,841.7564938547799,0.08054642555299263,0.16147304975122548,210000.0
Random_1313,0.2888798712488042,1.7463225934383508,0.049458990267223564,0.03454773813414069,848.3834107448909,1172.4673569897084,0.05147198259206495,0.0893412738235842,210000.0
Random_1314,0.17250652749169737,0.3284394152327531,0.03380255583373062,0.036877801302463604,671.6780535686652,903.9300305561678,0.052428632095529205,0.0965851213365807,210000.0
Random_1315,0.1920288240163987,1.058131740779394,0.006094569838426561,0.025938761022989268,676.8950694247588,949.955537295018,0.0907687292288548,0.18872412611314326,210000.0
Random_1316,0.0957359012226035,1.8612205448299772,0.0363848718113445,0.011094020457288557,615.0413475115058,898.931935953015,0.08302116481152233,0.16705077271559146,210000.0
Random_1317,0.23003058113243374,1.3849562132589415,0.004283873645456758,0.0038779743652911447,707.9822287697976,1007.1599558086987,0.10807499054638181,0.23288524188846446,210000.0
Random_1318,0.0693247872122791,0.4365744359926026,0.04916515654294581,0.028060511061478447,550.8870570007226,761.6860500151057,0.0480148766978008,0.0851394863538319,210000.0
Random_1319,0.25983688265072735,0.6392542306656821,0.030312689921748518,0.03248884049013682,760.2590932118665,1028.960631821553,0.0594229775521261,0.11372534293949801,210000.0
Random_1320,0.25133279375858397,0.9039421078197363,0.004398508243550245,0.036059459553839705,733.3557252784243,1013.6296811461673,0.0834184674839253,0.17065374784889462,210000.0
Random_1321,0.15397613035560387,1.6692070280639526,0.047355478133231696,0.005546114383624021,692.2892309474558,981.6654523978863,0.07289651286084985,0.14463238871495737,210000.0
Random_1322,0.07529658073844722,1.7108363472606012,0.029594862746508237,0.03585285659248615,587.4521089964305,858.0280722606499,0.07347322855788448,0.14076736938017126,210000.0
Random_1323,0.1773405813825944,1.7217500827389516,0.014539252292479151,0.006432603448112125,681.2176040217417,981.3537546313959,0.10185024667393047,0.2153117510516244,210000.0
Random_1324,0.26720111043662853,0.47890842506783227,0.012833467716495666,0.021497266468445627,732.4335367554686,998.0382347578828,0.08000230355608957,0.1662723134382026,210000.0
Random_1325,0.02580007987268392,1.2958284720310926,0.005605088610681584,0.02191642961115164,431.98323298894456,674.5438127407681,0.10155136655051246,0.21209412581229165,210000.0
Random_1326,0.24733854344850364,0.22303805946619037,0.035136379074769505,0.03187458340421797,739.880475280634,986.3909468204195,0.05153626094202432,0.09626813689245362,210000.0
Random_1327,0.009591688590083653,1.9359608906812253,0.016494572127312986,0.02221673335929998,411.2472809650472,677.6665387542942,0.09922571064583018,0.20296689909701515,210000.0
Random_1328,0.2970358673796661,1.9864630763425055,0.025173874165748827,0.027952464135264206,829.8105545492767,1169.210252765525,0.07953646613345468,0.15782239694650416,210000.0
Random_1329,0.29506207582278376,0.7371637031584648,0.005294891731091398,0.034952530685122045,765.4979214502862,1049.2160132548158,0.08077079272291039,0.16544261647933536,210000.0
Random_1330,0.0060489257358715826,1.6895495801872453,0.04585691662122957,0.009968401658189047,411.13777240608437,664.2137094861249,0.07808773304800079,0.1538453387842341,210000.0
Random_1331,0.21183075704600327,1.652560068212905,0.02194448495190587,0.025450192412191115,736.2137980958288,1039.7451162377827,0.08230043368748673,0.16564299642933467,210000.0
Random_1332,0.08146555823774018,0.4056421287945865,0.0011553432239966035,0.023808285477433213,509.1292341950148,725.7524292540918,0.09302320670023999,0.19606096191990804,210000.0
Random_1333,0.040298727135117264,1.6502360242280303,0.02611474697728465,0.031829657412920515,512.0476032199743,771.7473537427985,0.07988638494141165,0.1565950081267412,210000.0
Random_1334,0.07770998661964168,0.27744984671450323,0.029877432382333497,0.0363357634018601,541.8872969821832,748.5029810765108,0.058508049079549415,0.11053081984542135,210000.0
Random_1335,0.1266394053733343,1.3419072974728545,0.025763310363986828,0.026118689996580916,636.4436876223438,904.3388073231104,0.0774435934986051,0.1541343868529831,210000.0
Random_1336,0.2406719597156682,0.21480608454364933,0.03766600721006712,0.035855001688614004,739.3408794713437,983.2934624928304,0.04692398763924756,0.08443957171902264,210000.0
Random_1337,0.23581119313653648,1.904958527129436,0.019417651406782352,0.018638146355991963,760.064984696484,1081.6964528804208,0.09067873225582572,0.1861351454065417,210000.0
Random_1338,0.22407050808134152,0.46645296639039147,0.011992911273806067,0.018363272555300104,689.5964162300642,944.1759320316387,0.083385728693429,0.1746289838552155,210000.0
Random_1339,0.1660442246217214,1.4517532269894253,0.016485515673313154,0.01993088568641022,671.2823219338308,955.2089611950073,0.08957233185871655,0.18457810317354373,210000.0
Random_1340,0.09793920323355466,0.7391215420191366,0.002495649931314301,0.03245703479577315,553.2411161858938,788.1901716069765,0.08941186165030891,0.18484264940978284,210000.0
Random_1341,0.19756464386284772,1.269959102031789,0.023185707785140817,0.026895633096759245,711.132561530058,993.6653748166484,0.07680542525676795,0.15357831416077586,210000.0
Random_1342,0.07185257827327592,0.8681541130514254,0.004108656243882984,0.0025584241389117217,498.3546594809519,734.8513727059615,0.10808762978024467,0.23350842740737143,210000.0
Random_1343,0.006872022387984165,0.9349466107489522,0.04789292024916525,0.00527162580308823,388.4926696617806,608.0301090582992,0.07142490915862326,0.1415839998963451,210000.0
Random_1344,0.20999047776346746,0.2741579713666717,0.03608390264065228,0.038366080095093236,712.1749300225567,951.0536595560642,0.04808147568470426,0.0863829582751103,210000.0
Random_1345,0.19258273808328874,0.3385736044991719,0.04496186809227752,0.014484868121972777,690.9019737868177,929.5277316129626,0.05545228392801978,0.10712587337033942,210000.0
Random_1346,0.09153234056602344,0.2619868425826109,0.025746562813640572,0.014614550246607308,542.584409685465,754.0280136983683,0.07462836930900567,0.15311229339391216,210000.0
Random_1347,0.24989107890309067,0.14398744532995808,0.014484649817300417,0.03517552675290574,716.9459694273733,961.9253600673775,0.06730055222525176,0.13473703382242103,210000.0
Random_1348,0.10868939536470325,1.5851882123421384,0.045991073067480376,0.02281228347812734,643.3521464239597,916.353696296883,0.06417893132300555,0.120836520027768,210000.0
Random_1349,0.22824115655752378,1.3027377459189233,0.021600794990085048,0.0025598697019344006,723.2800048041819,1017.0306393345529,0.09249582190433953,0.19532737793187122,210000.0
Random_1350,0.03523579065707194,1.2934388321426633,0.018260683372285286,0.012126240250188176,464.6123370698595,709.1950782907495,0.09546978936463492,0.19878480928028044,210000.0
Random_1351,0.2741449314999031,1.320184846285089,0.041831903670533965,0.004239000382190036,790.6017164685916,1094.8605951021786,0.07253796465946873,0.1466475676978479,210000.0
Random_1352,0.0665537996112923,0.6723667806108872,0.03545695204367326,0.03248807000899564,541.005036722785,762.4643899888845,0.06015996434045667,0.11314191985984576,210000.0
Random_1353,0.15524188579419515,1.5197393613876626,0.03192718562835509,0.01792326546991976,678.6565085215957,961.8672151447273,0.0778288178821817,0.15571745532505343,210000.0
Random_1354,0.2821987656201523,1.9828080780727138,0.03266398242914479,0.00507581300446657,810.2495845785159,1147.0064558621373,0.08676053204008644,0.1784251459067283,210000.0
Random_1355,0.1706508677783889,1.4098259117325245,0.031447520403391375,0.01836615466581969,691.7264311396292,973.8462201066532,0.07651381592191793,0.15310216181615138,210000.0
Random_1356,0.1427025014658803,1.5281551072385893,0.046362579097415126,0.005945364618280973,673.2661405602764,953.5241102552272,0.07243281418802747,0.14394245088977642,210000.0
Random_1357,0.18487730902259933,1.2611740695246423,0.007166093697976995,0.0017908311740273942,660.9702395924706,943.225845986969,0.10648828537599032,0.2293938008031789,210000.0
Random_1358,0.06174320469901627,1.6659041691584744,0.035300377849446916,0.03290641929894262,567.3352124285861,832.2801574436004,0.07017521405706263,0.13306770925476946,210000.0
Random_1359,0.15391163157621338,0.5816571627595902,0.049382409654020805,0.03985537607679271,680.5998120428355,918.1132694026054,0.03961286270384222,0.06353061111535903,210000.0
Random_1360,0.08688281458709136,0.6849948607836183,0.04929981161542583,0.03657142875515333,594.0176125269365,819.6933856793258,0.04464208271569667,0.07493566928316168,210000.0
Random_1361,0.08070171809841431,1.720597551971936,0.04947428257711738,0.03319244630262627,618.4971962098499,889.4861772628111,0.05708204385459454,0.1010973961572916,210000.0
Random_1362,0.024847537339284655,0.9980576785856751,0.04093602516934969,0.001778083783332236,447.16782238485354,674.8751735398156,0.07891868353493596,0.16075172348879918,210000.0
Random_1363,0.2187727101460063,1.199388863347158,0.028602390666139156,0.02237312164914201,732.9209699664732,1017.5086053683744,0.0734732350267821,0.14655626512745173,210000.0
Random_1364,0.1636711384670336,0.9703299256147497,0.0030312005881609058,0.03136750538126346,643.662850101312,905.4935848931801,0.09006345753733089,0.18636743268689196,210000.0
Random_1365,0.05372295288810897,0.9712660660964063,0.04339684590527527,0.012510375914933088,523.4317019113693,756.0968353621181,0.06851363132234065,0.13466437391659794,210000.0
Random_1366,0.17949824604730533,1.2298596498280987,0.0458198945514428,0.002803494479218613,701.2965073573063,977.6248819889441,0.07090514804742601,0.14236094048258743,210000.0
Random_1367,0.17520152829546642,1.1808193592969984,0.009237856659936122,0.01420216223171919,659.0693538397495,934.1314055706486,0.09660140893310203,0.20382681030954186,210000.0
Random_1368,0.16245626106445013,0.8012652127274658,0.028004991172427572,0.0358342344672269,669.4870050415102,921.0508668291864,0.06324644674592977,0.1209572032359977,210000.0
Random_1369,0.2065908241665024,0.5472480078638979,0.017484663611149198,0.015858620800428432,680.3066811236054,933.9130847661802,0.08113065768268786,0.16892400160074467,210000.0
Random_1370,0.08518680864398352,1.584826417788088,0.031455033384593,0.011634934678989985,584.040432741554,853.2071262579273,0.08472041746252729,0.1722048476996213,210000.0
Random_1371,0.2577858438803501,1.032233340116021,0.027682205790276023,0.005889437279995428,750.4229553796005,1038.6341852092871,0.08172016281233205,0.1700116683965555,210000.0
Random_1372,0.08465715888373478,1.909212601479853,0.02677492161914431,0.03858815224962659,607.82718326864,889.6769941466654,0.07602262454781195,0.14590001954811554,210000.0
Random_1373,0.21527502699699255,1.5481381992390855,0.040461362856605586,0.0027409355178576937,742.2367865715299,1042.2655784165797,0.07814204612611489,0.15900317290244442,210000.0
Random_1374,0.09911982702387363,1.5357286023006227,0.03605430703592528,0.03970555564501183,628.1592715318818,895.9862263769033,0.06278841601351656,0.1152728869546583,210000.0
Random_1375,0.23156898558358374,1.8018196865658136,0.016249096712951105,0.017042788747853067,747.5870946053587,1063.897876059852,0.09354401352203437,0.1937712728597471,210000.0
Random_1376,0.1843316140911902,1.637056145726708,0.027758804737497814,0.026783319748521987,715.76057431901,1011.1476344406278,0.07673087379530337,0.15164489779619877,210000.0
Random_1377,0.20574654441590914,0.6705579334014358,0.032527683645391665,0.0224805632087325,706.4727775732612,963.6838609319731,0.06487046756606395,0.12773763639047822,210000.0
Random_1378,0.1624571421046089,0.10478370466697676,0.029672204986348327,0.03359396416279388,645.5436032702913,865.8118619745261,0.056125279556627196,0.10694409145359748,210000.0
Random_1379,0.22325976292143174,1.8508039867660253,0.02894381517463349,0.02662693145075475,763.4029153881974,1078.0583757929953,0.07703237299278619,0.1518364473354171,210000.0
Random_1380,0.033523570680696335,1.870110424428898,0.03765038435968937,0.01133742998402696,503.3555150184253,771.9723516404024,0.08435141170919752,0.1691076976809085,210000.0
Random_1381,0.021437519692220713,1.1767495134422146,0.0011101062439953827,0.003621337146618953,396.8273111679655,634.7619037246711,0.11566728578903138,0.24944199422181695,210000.0
Random_1382,0.04978392787326122,1.0145672257284293,0.031061974030515676,0.022371520215319664,509.255096297391,743.0819238838187,0.07430452104708274,0.1472356443958314,210000.0
Random_1383,0.26666054873979017,1.8542528371638547,0.029267888812606026,0.01677629288808011,796.516391120326,1122.9393714415921,0.08180781559138264,0.16519795850249086,210000.0
Random_1384,0.22306236440186183,0.1360379076075354,0.04709212899676423,0.026083398056492974,724.595567143704,960.628821922248,0.04388152843527446,0.07849284604924602,210000.0
Random_1385,0.015885699218113343,1.6921599276869712,0.006374034414819943,0.03308482559479441,423.4684514587754,680.4303642084483,0.09881330328497531,0.20184306256610487,210000.0
Random_1386,0.27814018096479926,1.7654375234101078,0.01801939688884783,0.014609116872034263,788.2909448300197,1114.6603975238038,0.09212364850128138,0.1911958914982099,210000.0
Random_1387,0.1916324837635977,1.8091367751109755,0.035742715557782134,0.0045740032394644865,723.3954769322918,1029.4894152494055,0.0844233522750617,0.17272001703122478,210000.0
Random_1388,0.15336825396590326,0.4713898298042972,0.029125211816466542,0.011165886888657262,631.7253511568006,868.0566690930598,0.0739692237053214,0.15182200792859324,210000.0
Random_1389,0.131966605739796,1.266838143409507,0.009864816220531265,0.03426738949708213,627.1091611538868,893.5779525848545,0.08596417149243522,0.1742754606978251,210000.0
Random_1390,0.09215236935396473,1.6705141588282253,0.007917780641481846,0.028831252997929806,581.3606879903995,856.6319947850079,0.09620906546634443,0.19771851747692423,210000.0
Random_1391,0.23967839296108853,0.23510766431785252,0.02733535482357567,0.035431588100320585,726.445945449448,971.9240331501118,0.056698912447550126,0.10829104772554174,210000.0
Random_1392,0.1534920818910415,0.3536204611507824,0.013496975737934486,0.007079895785371171,606.131603872831,838.771395375512,0.08930537586953803,0.19038000312975376,210000.0
Random_1393,0.010649061102990545,0.6864483618450794,0.01227761167499775,0.029540775229191997,372.31222865346194,582.519199259903,0.08602628221080534,0.17532520965993476,210000.0
Random_1394,0.18953883910169095,0.4783034074752094,0.033618779564414086,0.006307640844286926,673.3230299644551,919.0372794435663,0.07203433625721782,0.14809810435095522,210000.0
Random_1395,0.021825905620189875,1.1870395190620104,0.008749583638700598,0.034524751170729305,429.17554820271386,664.5868561807973,0.09032620057224992,0.1833426672207279,210000.0
Random_1396,0.10727648083888466,0.8407639913514623,0.01068578815343332,0.03611717155951904,582.3095023616089,823.2187654051096,0.08056950993330156,0.16241783598142212,210000.0
Random_1397,0.17024620633961876,1.2916829758162758,0.013368851764152128,0.01777351444075081,665.0411076010535,943.2370038012983,0.09196857403437589,0.19148020158679058,210000.0
Random_1398,0.09427013487375091,1.4322267075820343,0.004942891863914816,0.03745560799763892,578.6093083205014,843.2351638912064,0.09125961120593398,0.18555982246724645,210000.0
Random_1399,0.06633135789491043,0.6579616677752368,0.03838449716435876,0.0068189580457047195,525.6571993229838,748.2320374297921,0.07279121943081493,0.1475010567776045,210000.0
Random_1400,0.016567343720834505,0.49540579877447444,0.03289634205649234,0.00443192028360604,395.7599321666617,599.2087680545137,0.08011391408799934,0.16529652323995933,210000.0
Random_1401,0.28134553373800497,1.5923608442308177,0.04694062352206579,0.011226153012028634,817.2978183660521,1134.6370976682126,0.06633295249894125,0.12939919438424471,210000.0
Random_1402,0.13429496063386995,0.9850990145943661,0.01301661823765141,0.03716691738079826,625.9317411354098,879.8202541011477,0.07850662793529252,0.15693984162320512,210000.0
Random_1403,0.26777439805205006,1.4681897660729073,0.04007166150119123,0.02411448862364352,802.0750794808826,1109.9523264571892,0.06379932465035194,0.12192418925077,210000.0
Random_1404,0.2176150515597341,1.9509090176650639,0.007965652451443301,0.00786322587165913,723.1879127796942,1044.1162711987074,0.10829222175603344,0.2302528921828259,210000.0
Random_1405,0.2386207748085254,0.12188003007198447,0.005132750649132384,0.030316685356493296,691.2862106531959,933.5900508281165,0.07863954841211201,0.1630993224219737,210000.0
Random_1406,0.07421266063444913,1.5628728058954826,0.02112552869037712,0.02157150552808953,560.3292434991788,825.7959221856105,0.08822444876532344,0.17937008384326017,210000.0
Random_1407,0.25780627783324,0.8633341577287555,0.02872719652826391,0.02339904351345897,758.0403075917026,1037.1718149444687,0.06858451313204447,0.1363185302473998,210000.0
Random_1408,0.15296633776905147,0.5000228992879289,0.04890214625391654,0.0037239665631902947,650.7883546957374,887.3208805805884,0.06093173517929073,0.12081302523173873,210000.0
Random_1409,0.28104685199923096,0.6834099480285273,0.0067476669971832945,0.01495091640940676,739.60685943205,1018.8861334206143,0.09118787890677968,0.19369632445092327,210000.0
Random_1410,0.27489369540864095,1.3333117116988509,0.03708914114276421,0.006363188305459446,787.4998622479143,1092.746126770665,0.07564891596848472,0.1539169001576799,210000.0
Random_1411,0.22174322963611198,0.2036664758061225,0.03657221352847575,0.03696525263611856,720.6972382626042,959.4150397897401,0.04752459703343001,0.08563420760102228,210000.0
Random_1412,0.08650322478265617,1.517649956561392,0.001276634974553272,0.029583482667182477,560.0610233929924,827.5122682225802,0.10039515237538754,0.20844625769408082,210000.0
Random_1413,0.2516089540111512,0.21486611184092907,0.02931927899295856,0.008034317840377971,719.773207411827,969.3561332007896,0.07090859184901803,0.14687574496470146,210000.0
Random_1414,0.2096162046956564,0.6794695854766772,0.023853412079634866,0.022356078028371938,700.1095452924809,959.392968604205,0.07275620570639724,0.14702861536959172,210000.0
Random_1415,0.07987347405212737,1.5494428532232762,0.0015613524568787022,0.0037646876419043193,533.0964641808057,802.3636778809823,0.11617801962433481,0.2502256232091564,210000.0
Random_1416,0.08169348126689044,0.8206552123275953,0.029777085632107715,0.023688371523605506,558.2759389828868,791.3515572818942,0.07147773783518531,0.14156929280808533,210000.0
Random_1417,0.09232815023900412,1.6918348851748557,0.017274537570062722,0.01873826706381923,586.5303813266643,862.8639643485733,0.09405119528224955,0.1936972687109463,210000.0
Random_1418,0.053560022084419796,0.48160767645307767,0.038730383821488544,0.01282503379056715,500.5975974378901,711.5355149904191,0.0676351033947875,0.13464803974475267,210000.0
Random_1419,0.053748647578103215,1.288430555376169,0.010813357939128524,0.02456133238138529,503.9178227269645,752.5043843877768,0.09377873306649541,0.19340759000478527,210000.0
Random_1420,0.20747225036534817,1.2142664174044293,0.02719205754567794,0.03995515617046413,733.0404998651969,1014.178774142442,0.06458689430550225,0.1223149031245477,210000.0
Random_1421,0.04810327761611398,0.3981872105177584,0.04234905377489203,0.0018827687426309437,483.46548978781965,689.8711878637456,0.07035157057841873,0.1430104121498283,210000.0
Random_1422,0.014735010853097578,0.9794879028236413,0.01840866376996254,0.006180608731614183,389.9479669243396,615.7415334645518,0.09709095933653658,0.20434620967244244,210000.0
Random_1423,0.16129452890998228,1.4784464703800968,0.01648643039367456,0.03111217501887873,674.7612765783371,957.8071115399327,0.08324707431306864,0.16745470646111596,210000.0
Random_1424,0.1700586482393092,1.486858283231143,0.011508180477870826,0.019506226364735146,670.647725020957,957.5898572787772,0.09455985102607312,0.19671393931510378,210000.0
Random_1425,0.08879842869375132,0.16278025874353952,0.008819654379883211,0.00946764895496724,511.0998354020554,719.1615699521645,0.09204971123207806,0.19678450113021592,210000.0
Random_1426,0.06205749808472513,0.934784604826892,0.02967259112370208,0.03679130823452481,538.2805680038833,770.5431377936166,0.06558546061350368,0.12458536148371654,210000.0
Random_1427,0.02909633936527023,0.5236703546201077,0.021393749731127374,0.02283783442231549,433.5062883046885,640.8070123716354,0.078868098309908,0.16004356295843883,210000.0
Random_1428,0.2744275638447027,1.9036275288975224,0.004017289434900331,0.028809523739000458,783.0868864203208,1114.7308711279727,0.09765783368817071,0.20218494210678112,210000.0
Random_1429,0.13934357074708123,0.18793725520825388,0.04597933515631545,0.022372665298956873,633.3726376102012,851.1975467449212,0.04960862138133419,0.09187644258055944,210000.0
Random_1430,0.29106367009740114,0.8955097703756604,0.003403088079092643,0.0029551848115513236,743.0480297403424,1035.6032251003458,0.1033291441519936,0.2241149791477296,210000.0
Random_1431,0.22974747772863857,1.4687884880270545,0.0145531595161973,0.0032253784372582588,722.5169800314136,1024.6270483885141,0.10006841810611693,0.2130254210308516,210000.0
Random_1432,0.036589970856068764,0.15574139035208856,0.0035543454791967287,0.008071426737094699,407.5227081356176,602.7485016381755,0.09968994590371386,0.2147295829209111,210000.0
Random_1433,0.1696504799743125,1.7310533071624252,0.003182255045656511,0.02600155983019211,673.3045039543827,971.279817580202,0.10060783784868979,0.2095421497470401,210000.0
Random_1434,0.17518745131345853,1.011276657496578,0.007059410675724044,0.017518239185782863,652.8273436806168,920.1654441074069,0.09487727344584843,0.1999234869470941,210000.0
Random_1435,0.019757968655059945,0.6655000218051779,0.048948043622632526,0.009290140860506686,435.03998912457575,645.2679275109226,0.06421641561000337,0.12513755742675098,210000.0
Random_1436,0.1655056919512599,0.87025717898413,0.030415308863981947,0.008986254727684672,659.3892672235195,916.7751381782871,0.07780056281980413,0.1598405002029416,210000.0
Random_1437,0.13230921659312198,0.48693529418272274,0.01966357931613193,0.0031861864947752474,590.2383660308614,823.3997771524918,0.0879855528824708,0.18683119944057866,210000.0
Random_1438,0.027361451824132594,0.6673006405248688,0.0018486650408806892,0.006993383403733221,399.3409650599475,615.5024929640307,0.10750491835488486,0.23147301733192413,210000.0
Random_1439,0.29329621791883465,1.6045752589394666,0.03950598599966972,0.0035807245022644344,813.485289722649,1135.5682940144789,0.07751056459258705,0.15778644498440042,210000.0
Random_1440,0.27784529734599034,1.5656898363125153,0.01084469777851648,0.011937827622815245,770.5685556815953,1088.6633206200495,0.09819176723898303,0.20727052431743329,210000.0
Random_1441,0.1787509772022861,0.7904317504245316,0.0073296934353818555,0.025421148477969304,654.7661142367339,912.4032199533414,0.08759911394973477,0.18209789113412905,210000.0
Random_1442,0.044526900964266876,0.7299438754758875,0.045655869414986554,0.03692987543642303,516.0985763230311,733.4709163724,0.04983095136213061,0.08662760478369738,210000.0
Random_1443,0.01641011258820999,1.1225583319533807,0.016120700245814454,0.0029128918852799656,395.96517175187694,629.0601374663439,0.10240717873338093,0.21720092061432403,210000.0
Random_1444,0.169853458257847,1.1154603261351383,0.0022137030661590488,0.029032730785519142,652.940001299219,923.0993658316278,0.09349997570482485,0.1945013778689784,210000.0
Random_1445,0.13229779926999014,1.996920425233393,0.010658427827239733,0.021100503855071766,644.8075608963226,945.2027153147379,0.10044176400762143,0.20817995534231817,210000.0
Random_1446,0.24427331187626677,0.7360398581691551,0.008324566872580708,0.02793856460942576,720.1239927666396,991.4130638347577,0.08322034691389069,0.17193544123497878,210000.0
Random_1447,0.2638855910738663,1.3847845725342895,0.04060870425301243,0.020616181076314386,793.9573932376888,1097.3461059438523,0.06465634411091076,0.12482273409009077,210000.0
Random_1448,0.1537076295397368,0.9437189625332002,0.04657830469947423,0.00528692852241634,665.4750606699166,922.2201027110935,0.06650344536288443,0.13226079743701255,210000.0
Random_1449,0.045656900435299776,0.8806820111398503,0.020253763650867455,0.03980286328450872,495.29766954023404,721.5380549955221,0.07242321977779828,0.14082378878144608,210000.0
Random_1450,0.14548144893344178,1.3807085381386812,0.04227189809802418,0.0025127079570601164,664.0882464656869,939.0077244308812,0.07662634622241205,0.15533885002279035,210000.0
Random_1451,0.14900634631747478,1.3614665289755408,0.007747502491122852,0.02392080282252429,641.1049550389496,917.0890709971259,0.09456916331957047,0.19647100451368207,210000.0
Random_1452,0.2842932826976331,1.1755020389678523,0.03356262908057935,0.02044634759302658,795.6026099023684,1095.2528041964415,0.06861701365408163,0.13563043663872082,210000.0
Random_1453,0.045387831061363626,0.451931166942522,0.004313570702078528,0.035696699716002,457.7213452917743,666.2043839360822,0.08495819421228466,0.1739122802573371,210000.0
Random_1454,0.08794945696638103,0.2762471150108319,0.005226393794130465,0.0034973025186146854,505.29489662535735,719.0154853374204,0.10002908048457783,0.2165686824440576,210000.0
Random_1455,0.16143542973095998,0.14485989642922742,0.02085937526855236,0.024583279482957226,628.9208950392472,852.1630354311817,0.06988938791717879,0.14160171393375373,210000.0
Random_1456,0.06979442868718458,1.2247320956627132,0.039677876902389886,0.016019557374594887,559.4604827706256,807.5662395050852,0.07164177027577825,0.14100456684076262,210000.0
Random_1457,0.14588221750957764,0.5858155253548586,0.03521472112535244,0.0230921247289026,642.676472313028,880.8441776630505,0.06267072526416866,0.12201871218663524,210000.0
Random_1458,0.07933247136344579,1.4759410149628163,0.008587942722462175,0.019370345993935712,549.0168939382353,813.0306943551116,0.09977484999301017,0.2083663844994612,210000.0
Random_1459,0.15739612177158813,1.1174443914837524,0.008286188071260338,0.01421609217769873,636.063864638159,903.8977102779081,0.0972525833279434,0.20550425455630317,210000.0
Random_1460,0.2744102930376247,0.5926521850310332,0.0190096402521749,0.015094566390961933,745.5782641780268,1018.1218492323785,0.07928426861265003,0.16492685456804537,210000.0
Random_1461,0.09856374997407545,0.32287148381719366,0.024688756112878713,0.0020170171647325573,544.8926993143241,761.9263917174078,0.08351965119263145,0.17635699307421837,210000.0
Random_1462,0.18649625442825554,0.6793328322335589,0.04700679712259181,0.01532940836072897,699.5823004445267,951.7894450634351,0.056652523475193756,0.1083705647570592,210000.0
Random_1463,0.08702210656425327,1.6220121664062888,0.01132280395651852,0.038561539482572266,582.8464544576093,853.6017811118284,0.08699277249703583,0.1740318076184353,210000.0
Random_1464,0.013801476174570577,0.6257785941692809,0.03697247744421382,0.0012538950226605766,392.87866592846524,601.4309619123756,0.07988062554644575,0.1644707021061418,210000.0
Random_1465,0.13358412784902046,1.8759108060510488,0.029515535957238832,0.01849963366108673,662.9677273048891,956.9385319699754,0.08378551300497339,0.16836495816261657,210000.0
Random_1466,0.19712405938699706,0.7049939712227957,0.021287563933623087,0.02001384319273575,683.8174537921615,941.5190847738278,0.0770030951931235,0.15748562753570342,210000.0
Random_1467,0.04723162710677486,0.4527077277344752,0.04865397223003992,0.002362301405099088,491.4786950031697,699.5771476371037,0.0649745537189639,0.1295425979838722,210000.0
Random_1468,0.06225741716107697,1.5133411952614428,0.01779973196550139,0.039601827187349815,546.6108255952647,805.6834089400708,0.08036226961855622,0.1577639155759719,210000.0
Random_1469,0.013675694692544975,0.8535192889913634,0.003057660891412384,0.022863196379785303,374.79541894978234,594.549042045834,0.09972651774200375,0.20908469257552842,210000.0
Random_1470,0.036049886165577215,1.2445066322176699,0.0343396291788357,0.016333512493277955,487.080014006984,728.0414326644044,0.07794193105149183,0.15561460543413824,210000.0
Random_1471,0.12993732286784057,1.5861094936790812,0.008885521819587464,0.03881355231308889,637.7673246527432,917.8106566546479,0.08736662992083524,0.17565363018859992,210000.0
Random_1472,0.17166915635869617,1.813312875619177,0.04824426772215219,0.023683238981456037,730.8341300828763,1029.5962980391246,0.062216749064434425,0.1156624954474256,210000.0
Random_1473,0.14493980076746807,0.25415706036999186,0.008391660241539338,0.03869410276759848,608.690002800254,832.5951596680396,0.0741584226933079,0.1494825401829607,210000.0
Random_1474,0.023339991331912707,0.9873849410090949,0.03701674209033963,0.020087977517169484,450.5370312298786,676.2359738396653,0.07145050871794728,0.1400591295928909,210000.0
Random_1475,0.010584813384147887,1.311411054646648,0.007033562349045933,0.020035752247194633,380.95895832788887,620.4531139653258,0.1027048026390447,0.21458187943959312,210000.0
Random_1476,0.0638576463705152,0.8004547219461877,0.04929821641250967,0.001167319638125675,535.4215333220366,763.3691645181931,0.067881746562834,0.13557727870541378,210000.0
Random_1477,0.049000358827383454,0.22555997401913827,0.047872950464456845,0.023000331572103048,500.6665937953602,697.3970197701425,0.05094254044454351,0.09353576807446301,210000.0
Random_1478,0.1707161951447089,0.3287097554733339,0.004504731102738333,0.01850604831168308,621.7251001158301,857.3552255451535,0.08986564729675234,0.1905269828277361,210000.0
Random_1479,0.28233447017206226,1.783457314082139,0.0066746099598122555,0.00940847133593,775.2328632902575,1104.78541346331,0.10555531036631109,0.2246773882143253,210000.0
Random_1480,0.08724977041377022,1.3169787391345524,0.04037898010048803,0.01801000860555711,592.9986870288866,849.4040537969005,0.07011508571502309,0.13687457594762817,210000.0
Random_1481,0.07950928811584625,0.8746814676240863,0.02197558719045108,0.004099674932460504,533.6308509513427,770.7828180535552,0.0908695029675089,0.19130890108585313,210000.0
Random_1482,0.006076010714986636,0.6991474003129212,0.04848547186125845,0.018780352196472075,385.95286461153705,593.5522343797468,0.060527362613901264,0.11414839560471034,210000.0
Random_1483,0.047959921652755706,0.11704107223985546,0.038393970026785997,0.001947072965814383,468.6299368421444,662.6594820667189,0.0710676431586795,0.14599886912031884,210000.0
Random_1484,0.17245773171729872,1.9175127128052996,0.04897413198566998,0.015914330616138655,730.7742092583917,1034.9856372558102,0.06724420387135337,0.12853302270198325,210000.0
Random_1485,0.06260452385165827,0.4205473675891118,0.0335464761613925,0.01268536543002997,509.0427493973072,719.919964574418,0.07139824666513109,0.14430375669369316,210000.0
Random_1486,0.029783554928076657,1.4147980637794102,0.008474744192643888,0.026181874319880283,453.33615120144395,701.6754233225347,0.09736000374106252,0.20085736007711535,210000.0
Random_1487,0.1946044538555353,0.7080087616284335,0.045120090049004184,0.00850930978714768,701.9068849035893,958.1280406538606,0.06254362173685227,0.12363548353924382,210000.0
Random_1488,0.2207127630067656,0.14509538017070103,0.0026400135904130415,0.03183637040676115,673.352506433852,912.301878573451,0.08057710393661971,0.16736365427436975,210000.0
Random_1489,0.1517812483554884,0.4309223535700718,0.02359622629274266,0.01759267197731985,626.3446410571923,860.3863471951126,0.07472519409146652,0.15297482887490804,210000.0
Random_1490,0.005006409125582783,1.4380695960796022,0.007753055525902008,0.035867523861650714,368.4237538670467,610.8988416210202,0.09446731201115996,0.1914863922672988,210000.0
Random_1491,0.1419046693306988,1.2465813940596124,0.005934409810217554,0.0022605250162211436,611.3661336300015,882.2828689092436,0.10823448286712765,0.2331909918036798,210000.0
Random_1492,0.11345522760373644,1.287026843312027,0.008349073483579744,0.013030091617548974,587.3339321636258,851.9036138055109,0.10080142420881079,0.21305118237717008,210000.0
Random_1493,0.10039777685510473,1.408390890865964,0.01577003268367627,0.011749353935094065,581.6127421750114,847.8882255482544,0.09650414548741176,0.20200053632731535,210000.0
Random_1494,0.10471419782160683,1.4186174637809297,0.03149401332381566,0.005300981168122642,602.3912729122878,869.4640086784763,0.08618905930386406,0.17766012081095275,210000.0
Random_1495,0.27760384966292284,0.7357446043636582,0.043341217388536676,0.025391673473713645,789.7278167948137,1066.738655137929,0.05257772134652,0.09766228634813989,210000.0
Random_1496,0.11469002628348902,0.7831218308686891,0.0286262315310585,0.03762416319709425,612.8908996660995,851.5038570478105,0.06271992882335638,0.11893969975545163,210000.0
Random_1497,0.28436335485418035,1.6544325928751031,0.025537058994825654,0.026690418789479763,807.1644804783181,1128.5265876484984,0.07688157543124757,0.152872159748773,210000.0
Random_1498,0.08531028443008226,0.22548946513754664,0.017873401976492516,0.003788834759728511,514.8637170510658,724.6053351508783,0.08805394714852507,0.18744299960256172,210000.0
Random_1499,0.2848475273587633,0.1494105510705508,0.007688767769864332,0.014460524059914274,724.9182382591317,981.0816515506151,0.08522367828619269,0.18158763984047394,210000.0
Random_1500,0.1596533841814726,1.3352862622909745,0.042945599246752654,0.032660867798927275,700.7421915225959,974.6949020074036,0.05711397271509688,0.10398535861192176,210000.0
Random_1501,0.2961925721113174,1.9925328894969854,0.040612861033326224,0.0198551902786194,842.1849095452909,1181.059588495529,0.07057592442051859,0.13696462831625889,210000.0
Random_1502,0.0804301195009279,0.9829794451275508,0.041504412313454454,0.018457484878580947,572.3716545926792,811.9163077232881,0.06572929155708321,0.12747382423735226,210000.0
Random_1503,0.05691287466701094,0.7123743773371142,0.02786744855808247,0.005985576339603165,497.27171952957696,720.848543184685,0.08368041038699377,0.17381961081491323,210000.0
Random_1504,0.246114075362235,1.348641166940729,0.017901946845159313,0.018677600700739937,748.2480683446862,1047.5390758939059,0.08624612195949659,0.17786042490063342,210000.0
Random_1505,0.008671339943122736,0.4679502850926086,0.006278313832266478,0.027491207371599713,346.9641085240744,547.4881446427131,0.09067189538365991,0.18783598228577333,210000.0
Random_1506,0.23635104288893638,0.532457664987055,0.03406925703025869,0.0027031069579270053,718.9548362611437,979.0614027887403,0.07331719148833182,0.1519254373813893,210000.0
Random_1507,0.2294136483640669,1.8154137683501692,0.019393616945082407,0.008093530122450905,743.5515968548519,1060.3996567562237,0.09626433539183961,0.20153381195666586,210000.0
Random_1508,0.25734430666823516,1.5148006037869204,0.03992070056492395,0.027951830508812434,797.0511744408709,1104.123475792442,0.0623024543069446,0.11745589618439461,210000.0
Random_1509,0.0065976096930292095,1.456267377773167,0.02547666184027462,0.024192827974677727,391.579436265177,634.7873115030307,0.08549346790884427,0.17111913989170766,210000.0
Random_1510,0.21772044721385567,0.23101101853504563,0.0437923826216714,0.02909964539999262,720.950709892115,959.9449552879228,0.04610507384546424,0.08305333648226285,210000.0
Random_1511,0.25699622953639334,1.8367964558294232,0.03934521006556769,0.03865969930155416,814.8170774500932,1135.4815825971457,0.05962249680932206,0.10804302987179534,210000.0
Random_1512,0.08929633214831935,1.829424518747509,0.021789467125813932,0.02479533980629584,596.4763835705954,877.3977853967444,0.08783002251270841,0.17702612225257292,210000.0
Random_1513,0.24410618444746093,1.1263487779904464,0.005016361922392855,0.03482063509356094,734.480214707042,1023.0054960672012,0.08597496035794738,0.17601512190951324,210000.0
Random_1514,0.13520230354802174,1.3832825118439056,0.009121172845015884,0.033551879737869834,633.7754038994843,906.4098486128347,0.08813866854288242,0.1792081160526105,210000.0
Random_1515,0.011355196263775444,1.5430786871824296,0.04229873024747764,0.016262513802675176,432.0546769324981,679.6471173976389,0.07547320610255004,0.14752191458503894,210000.0
Random_1516,0.2307175561602067,0.1103559115807232,0.042194875348623505,0.005618733589357534,710.7270272253494,949.547343571495,0.060150317673117654,0.12117519177104286,210000.0
Random_1517,0.14171995709175556,0.4410438109147631,0.04534718621381197,0.0012929966235628578,629.5696551751236,861.1154013122368,0.06529303030480052,0.13192998747465104,210000.0
Random_1518,0.09236701000423486,1.001407843511066,0.00899419882473974,0.00640057066164559,543.8501848768292,790.773708776975,0.10200056882249972,0.21784322985044527,210000.0
Random_1519,0.043458372968234155,0.5980367378077526,0.046167292272522094,0.025254180655481136,501.6300101903185,713.6925387994855,0.05510796155771488,0.10164733394422845,210000.0
Random_1520,0.053148164621002116,1.1986362271481186,0.031188927338868792,0.010084361816997983,513.9230053953563,757.8468136398029,0.08325493343481981,0.17000055120729285,210000.0
Random_1521,0.24562623651810198,0.8721132818433416,0.02669111692092882,0.016617882647018,740.2320667906793,1017.4190036377194,0.07481625925098367,0.15230891867478863,210000.0
Random_1522,0.26781304916493043,0.4452708338105785,0.03312803588018408,0.015133402721561627,751.6874164244895,1014.8169511490585,0.06520730302900744,0.13111003061731666,210000.0
Random_1523,0.10036500241100155,1.566194257917006,0.02490109086279936,0.004716200658761176,593.1233723758505,866.3239812631414,0.09408515321067697,0.1963233898127297,210000.0
Random_1524,0.11687889161310593,1.776140241492643,0.03565089822426792,0.0033151741982074268,634.9546031617884,920.9833511384359,0.08684897849634575,0.17811152802370137,210000.0
Random_1525,0.1223891986143214,0.5791302090910622,0.012081988906479033,0.0034417092251196432,572.0346493109613,807.4509125231116,0.09585565301006513,0.20550182676749076,210000.0
Random_1526,0.051585946507122345,0.7529861563329453,0.036031237579636916,0.005409842082449662,497.7917484041669,721.257325692963,0.07731333452820344,0.15805023719157227,210000.0
Random_1527,0.27620973123684417,1.0903907221493745,0.03824815129216227,0.01389494302633688,786.788849609136,1080.737417369589,0.06763247340574831,0.13440770908409697,210000.0
Random_1528,0.23098544722526046,1.8118297264639607,0.00599681389720194,0.01545402628702058,733.9765440579934,1051.5391763404489,0.10383655990596334,0.21909278373823762,210000.0
Random_1529,0.20379830344021466,1.8603732474884538,0.024952739357893536,0.026487059942513366,739.893521958335,1050.4447100113364,0.08122522599600551,0.16187453227184823,210000.0
Random_1530,0.1252868596905137,1.2625503975279972,0.028871845758936136,0.03744869081358907,643.6125174737376,906.443357359324,0.06709245152452797,0.12765668842004582,210000.0
Random_1531,0.18839929989671503,0.4183134316986369,0.02574426127126753,0.03777209989044092,682.6194471846279,923.4620676923087,0.05966904160244002,0.11393153874019665,210000.0
Random_1532,0.2131991998312348,0.6054813629142273,0.04069733131905227,0.027304326056914997,724.7031633950934,979.8094920939649,0.05380992003294864,0.10041917711551038,210000.0
Random_1533,0.12501128572566164,0.2790167965109399,0.002833660722469796,0.03940548794522685,578.9622378999043,799.3916832808962,0.07952519353456383,0.16215472760204902,210000.0
Random_1534,0.1896095509849458,0.5102540360617658,0.014131375164571525,0.0118977409890631,655.0425696086023,903.3240596853275,0.08653682235336298,0.1826619982452721,210000.0
Random_1535,0.21616036983565387,0.7189835351289096,0.03804562112629439,0.03620660480146943,734.6012424473241,995.0554159128175,0.05192620345662627,0.09415151654214696,210000.0
Random_1536,0.1643683455107907,0.16268767860754124,0.041744971961872254,0.0224928361712715,656.4143160048541,879.6883232692396,0.0524522270825285,0.09920933091179952,210000.0
Random_1537,0.04914018557930715,0.6321230120579006,0.013351955888652907,0.02805561159927448,477.29385191322615,694.7118284516242,0.08303758572110839,0.1695121444470458,210000.0
Random_1538,0.18669771813638028,1.81350403411668,0.02224109795547839,0.009579200768637271,705.7441814224418,1011.4806685938582,0.09372882545019304,0.19472953141073987,210000.0
Random_1539,0.05747198709836635,0.9101875704359851,0.0272898734286746,0.014778707005991185,510.7093502846875,742.6703012941251,0.08087910225271744,0.1649307723315686,210000.0
Random_1540,0.22071133987497038,0.48464581583807087,0.021519245292999197,0.026990736025064056,704.4985425051001,957.6046406811107,0.06988871068227359,0.14037342883732185,210000.0
Random_1541,0.009602368116465212,1.910003258180787,0.030798836103261798,0.006998166199305257,416.89994003865485,682.2269185017013,0.09522234689509136,0.19532589286915583,210000.0
Random_1542,0.025999466162263667,0.6548966614584495,0.026070328782471845,0.03883933962501073,446.5124650647523,657.2899078983498,0.06655719694341489,0.1271505265238367,210000.0
Random_1543,0.27611887175844413,0.14277040930588103,0.040911965854480904,0.0256864992296113,764.9950020033739,1015.1215111550222,0.04868563241533559,0.09073187879703429,210000.0
Random_1544,0.2903760291176589,0.3482047571503658,0.015538453760221952,0.007753390928687677,741.2396363556749,1007.6395101317432,0.08406809459246764,0.1788194513093714,210000.0
Random_1545,0.17617795209320375,0.1903456999370563,0.049591343641986814,0.004126895865036438,666.8225555866729,895.1351409465796,0.05640039872227242,0.11131350164173551,210000.0
Random_1546,0.07250363658657259,0.5835190261296754,0.03578837302869709,0.017911848392022388,538.2460013427923,758.3342489516133,0.06749324563538035,0.1335064027024729,210000.0
Random_1547,0.10617561346644257,0.49649350072504594,0.00610725327845777,0.009333730830043022,544.5009849338711,772.1518171044287,0.0973512486276501,0.20852610361189985,210000.0
Random_1548,0.06055999877570917,1.2525120023699914,0.0327712687033869,0.03206528232714462,547.0896110971896,793.405726815324,0.06887002055122772,0.13180542069024279,210000.0
Random_1549,0.03549336599835577,0.6166179332339123,0.012694405193034199,0.020441269892620077,440.68095088092235,654.6512453691851,0.08870851609945274,0.18416276216464375,210000.0
Random_1550,0.0682595201252157,0.5208941453108274,0.0064628049416154245,0.0020831697084823814,482.5835863264945,702.4050249247779,0.10291721059134855,0.22241603132265791,210000.0
Random_1551,0.21420576505799863,1.4010332277979094,0.041169944038577676,0.015360655467865334,745.7338727617225,1037.8093613166127,0.06848451562665116,0.13435679145072513,210000.0
Random_1552,0.25552598721284797,1.1610415530101554,0.03161669329742762,0.013922451883642335,763.2684078489812,1055.7536429231645,0.07469200476071657,0.15116835144900514,210000.0
Random_1553,0.06428565214501662,1.8083696421395328,0.03922680537985178,0.022464978798727206,574.2821275776902,846.794831775937,0.07422966122278407,0.1437826087741365,210000.0
Random_1554,0.10170389929894606,1.4489742671484909,0.0397075489599519,0.007462095080879283,610.6060637776868,877.462309100839,0.07789748180080215,0.15692710598527174,210000.0
Random_1555,0.16537302697013856,0.8808192936153076,0.03697245284126089,0.02338523105802682,677.5600233476722,933.7115335909526,0.06336863023484654,0.12259418690997793,210000.0
Random_1556,0.08769184732839524,0.18801696377829086,0.033250071421734285,0.014241033170090917,542.9646861515969,749.5491229863728,0.06748792360074057,0.13597940536475106,210000.0
Random_1557,0.15169299737163852,0.6437653313681658,0.028623831099258458,0.012785219531640666,636.3601045891482,879.9400697931534,0.07521551656092013,0.15386741286948055,210000.0
Random_1558,0.12437420600067921,0.16525322472001924,0.026188840858684663,0.030210127317399166,595.7581074265156,809.7761365849996,0.06290315360819529,0.12324671994595707,210000.0
Random_1559,0.2866191262487573,1.479960267252929,0.03179564474767514,0.020932671927859827,806.437647418735,1120.4723756732633,0.07291655493139088,0.14474178319256772,210000.0
Random_1560,0.011302824072134603,0.6362594411561187,0.010568956369976068,0.013432257534358817,360.03767491240933,569.5749586701215,0.09666488434565805,0.2037292831295821,210000.0
Random_1561,0.20177509463512985,0.2577372689049914,0.01262667903806165,0.016861686342744348,660.2504444182478,899.9333259472903,0.08211247319979274,0.1724296002472631,210000.0
Random_1562,0.27531342260434805,1.0817802957091955,0.03451371366980224,0.03388951069691794,795.2342823840196,1087.270493392683,0.05892769072183934,0.11049409169699057,210000.0
Random_1563,0.23852499605424582,0.521233466376468,0.01145843454298126,0.0050412289219493225,695.073340942457,956.8401228657651,0.09210720204585998,0.1976145387057477,210000.0
Random_1564,0.27475160509957364,1.4766094150221347,0.04982231142240096,0.01005125851075668,810.2547659920333,1120.6002053482703,0.06341190805689872,0.1228743881405344,210000.0
Random_1565,0.17983820366622255,1.087574707054084,0.010700736557870141,0.017813186433671028,665.0412414522079,936.660540346874,0.0920757053675373,0.1927458415384581,210000.0
Random_1566,0.07471675080937783,0.47851049572269544,0.04496726224066104,0.022370525171677452,552.3772343531448,767.2023713700235,0.05542538084442815,0.10391564672392087,210000.0
Random_1567,0.016116817664212794,1.9042360470920259,0.004105700003295671,0.013266265109464596,415.1183133181526,683.4483826443261,0.11484843082251203,0.24274807559991995,210000.0
Random_1568,0.2669029663300079,0.5818707002890264,0.011252881141251,0.03878651154459832,745.9833624577284,1014.8901341383686,0.07208667654907444,0.14415759602380915,210000.0
Random_1569,0.08888377401018892,0.25922981174204907,0.01515973530973402,0.02639520933900884,534.0618093877547,744.6236988467947,0.07714873435597022,0.15767549085244328,210000.0
Random_1570,0.17952740540277273,1.1279389527719819,0.0049021300857813735,0.009908732834044226,653.6326025559912,928.0868377478374,0.10244809785848552,0.21897185054904078,210000.0
Random_1571,0.18253776865524493,0.3076864193445938,0.03403202440601813,0.01654313713151505,667.7076008181266,903.1419189294419,0.06397727215219207,0.12772447968937084,210000.0
Random_1572,0.22764963303998637,0.30634975550151,0.04734290440095167,0.008258988451250643,722.7288083138064,968.9788041431948,0.05595696186398074,0.10967316658708054,210000.0
Random_1573,0.0970466976126145,0.3157786920780461,0.03916222826933656,0.03861717268845347,585.4498196014874,797.6991830715299,0.04851101407478027,0.0859102677664445,210000.0
Random_1574,0.2076034039458974,1.6559595730223602,0.03346759226648114,0.014670267474626932,738.4605318646503,1041.028534857842,0.0785238988976844,0.15779265389892552,210000.0
Random_1575,0.2491805989747368,1.2458497092331804,0.02074057741577227,0.030298423845015014,758.964263222303,1053.2395297806172,0.07562932458204544,0.15084304865977594,210000.0
Random_1576,0.16453069518515648,1.5787233431809597,0.03923709129031099,0.006671399300374036,692.0712571983734,980.573802190551,0.07835853499856293,0.15835367376085188,210000.0
Random_1577,0.16251906617115713,1.1157896928371007,0.018811847744066218,0.03211627104673649,666.931128131368,933.6971813485626,0.07689474062274786,0.15341823372917462,210000.0
Random_1578,0.2872215904216018,1.4986538336796604,0.022488515986847417,0.025214590541088537,799.4268419681355,1114.8554135668858,0.07889950795228373,0.1587177732933931,210000.0
Random_1579,0.07462516880780169,1.0320096801735659,0.03242149760823901,0.008124251189471559,546.5715806776764,788.4246485836205,0.08080267670932463,0.16538705389956498,210000.0
Random_1580,0.1567284649354594,1.7859538893553086,0.01760329100303917,0.017485012168267304,672.1723582994136,968.9153353005628,0.09360778047984537,0.19318023969116815,210000.0
Random_1581,0.1614422993502988,1.612687048805668,0.04465216868225346,0.02155085148207239,706.7311916726107,994.3664420932945,0.06497343119571275,0.12346565432569506,210000.0
Random_1582,0.10064064232992546,1.7396403120149728,0.04004138685903398,0.019844058946438956,628.3431004010633,906.9962393597806,0.07310793771277373,0.14226169710335834,210000.0
Random_1583,0.23932613190413932,1.2339724002205557,0.018441293115756468,0.010460731251364569,732.9298288460295,1025.9779578826196,0.08968192742001828,0.18780304509318815,210000.0
Random_1584,0.08516848155497632,1.4897540954562603,0.024447887650689594,0.036117761945044534,589.4140475504458,852.8998502670629,0.07538705699820152,0.1465478541581094,210000.0
Random_1585,0.08801858656622576,1.1962793618994176,0.03508774349549832,0.011658766516182802,579.1475453551236,831.2450424812193,0.07745497925372004,0.15621135450276766,210000.0
Random_1586,0.06419805393754918,1.1254626709523603,0.02340400240577506,0.018470262834174755,528.4411943726178,771.7865868306653,0.0840413998656338,0.17133309363528768,210000.0
Random_1587,0.02606652640912981,1.3352265388755742,0.015848902444904736,0.018681585643390407,444.13490327685105,687.9742900814707,0.09465027554604175,0.19548835585676547,210000.0
Random_1588,0.2339677151782757,1.7086371210524631,0.029034301976116547,0.005291689592923569,753.6795284006507,1066.3140483170573,0.08810644380787831,0.18248249098814057,210000.0
Random_1589,0.1684661210772593,1.3925969320441187,0.03484465619135748,0.005189090560367136,683.5884650865681,965.1691575577303,0.0812433994865961,0.16647330027250237,210000.0
Random_1590,0.12658684754992117,1.977269020753889,0.013067455208745297,0.03245903766548802,647.8180974390191,944.7997958304857,0.09142074882934649,0.1846309005089996,210000.0
Random_1591,0.0779020639718202,0.2507978644313013,0.04660300075586879,0.028331376480701685,555.7319606676508,760.4986303810888,0.04798426383185406,0.08599477676907993,210000.0
Random_1592,0.249538554538063,0.8847752171791625,0.007904067486525942,0.039575640209700676,737.7394690003601,1016.1406157922402,0.0779979404799097,0.15700399788132874,210000.0
Random_1593,0.1949509731778481,0.802518040089916,0.008017116389709734,0.01755876033548294,667.3790783994153,930.1840633599081,0.0914438688912311,0.19265738709238514,210000.0
Random_1594,0.29055795796192657,0.796298809066229,0.03483146409993797,0.009368038443161551,781.3566966075297,1066.2936723025437,0.0702131616801529,0.14274652234306595,210000.0
Random_1595,0.1682193642679532,0.25865427574944283,0.033082106825950496,0.024330846949814116,654.9140070210996,884.0152541947516,0.06001122763727588,0.1170572737642459,210000.0
Random_1596,0.08424795287022573,0.11321554833186631,0.0180933493112448,0.03451512785523117,531.0646340194836,733.0126437386559,0.06833396480882159,0.13562453875105274,210000.0
Random_1597,0.19546145806494833,1.5329372187473296,0.011374080007932112,0.006761894574296867,689.9342345082754,986.330895901564,0.10219335877707646,0.2171323277212613,210000.0
Random_1598,0.2110577325708274,1.5365039955512363,0.022480546815509882,0.012476692340799074,722.9571613537746,1022.0676951637823,0.08845832840168937,0.1829337611408551,210000.0
Random_1599,0.2006304783177449,1.2180195635083753,0.04968542417438462,0.03189725573348754,747.7074160770509,1026.1493016217341,0.049366601697343845,0.08610013143153877,210000.0
Random_1600,0.21277600125000057,1.5082600503461912,0.0059373824658203855,0.01726597103025579,707.1489824405453,1006.358416738938,0.10015384384388644,0.21102634628934236,210000.0
Random_1601,0.2668453021279892,0.6226195068429358,0.004795204079811843,0.002229810589553215,714.0204372694755,988.1876394358557,0.10024121077127764,0.21767241567480924,210000.0
Random_1602,0.16512177902516204,0.761772840986198,0.004504703017302779,0.027471591089965813,637.0144197993749,890.0165388714629,0.08895350519628514,0.1851164927496628,210000.0
Random_1603,0.18484889556950804,0.44339312499164985,0.04709586265130889,0.03834659301157169,705.8229245876964,945.1524426516672,0.040440887614055086,0.06670479296295789,210000.0
Random_1604,0.062103063929319025,1.6329783517888745,0.031087647717550317,0.029400244152185083,559.323967516918,823.4947279801682,0.07572665681329982,0.14725815687870542,210000.0
Random_1605,0.17655937913397848,1.9007817468398165,0.004568358849115344,0.03019351073983199,691.3155740798704,998.2096479040409,0.09837639417576949,0.20284804051595998,210000.0
Random_1606,0.2575778608739161,0.2606329860768738,0.020804963019028615,0.004380541293504939,713.9236509902852,968.0317602372209,0.08110311254644431,0.17213202336787517,210000.0
Random_1607,0.017600382448384414,1.1382277818134434,0.0014947383883532745,0.015029382257411,391.5520157213536,625.8504318633936,0.10836605525391052,0.23012246224951535,210000.0
Random_1608,0.05595643795055179,1.1693354930787414,0.04853643067181873,0.02370384222054085,548.6591672282171,789.4891520730097,0.059057239358050476,0.10921836955915715,210000.0
Random_1609,0.17566506147314098,0.8064040044893002,0.0209395597770111,0.009517728665121378,657.2257659308968,914.99362842583,0.08512531584704855,0.1780677163172441,210000.0
Random_1610,0.2235554654563606,1.2521330503371666,0.01528378945108027,0.021347215804882063,722.6431268511417,1011.9475000599274,0.08650126003258958,0.17835011796279424,210000.0
Random_1611,0.1591447316685712,1.8736907275328247,0.0031930469463820497,0.032543115908961535,671.2275468030166,972.470919430709,0.09835870583670889,0.20242294653128035,210000.0
Random_1612,0.27479443978342,1.7490702795848483,0.006002899884922963,0.015647169744268663,771.1615125905255,1096.8362795473633,0.10221562318347528,0.21577121851527392,210000.0
Random_1613,0.21366482451962382,0.29400088669209756,0.041990875679082926,0.013313149118547925,706.0133194471277,948.2352434943676,0.05791555276872822,0.11370949561840409,210000.0
Random_1614,0.14370149413780853,0.7177866205662722,0.019456594225310084,0.007104656308990524,614.6155234583465,860.7163948755368,0.08782254163411464,0.185020583054509,210000.0
Random_1615,0.064346988356077,1.3470054254586448,0.016996107932719037,0.0015556311986241224,516.9298348110755,772.1476869152264,0.10216683676125989,0.21691297786998248,210000.0
Random_1616,0.20527415904230567,0.10401285565012393,0.00442883981523537,0.0384061891674309,663.604112531367,896.1764284775857,0.0749490209470391,0.1527640303010117,210000.0
Random_1617,0.20184984141056414,1.4437833735432255,0.018672556347238453,0.028951463338302938,717.5548287391381,1009.177619326381,0.08127611460412194,0.16350262133402732,210000.0
Random_1618,0.2852792773507538,1.425309320958437,0.02614048644846453,0.026533507117923773,800.5317391367971,1111.7765584323042,0.07412424282004429,0.14717888821353328,210000.0
Random_1619,0.12323599267097404,1.440948951441424,0.015948737195282375,0.03435822651612655,629.5673157096575,901.1944595953523,0.08241969325757129,0.16471660103057895,210000.0
Random_1620,0.17174173207400506,0.2198886497926235,0.03940066700462126,0.02016138152647802,662.065476630893,890.1309350075745,0.056353110468678705,0.1088814015249177,210000.0
Random_1621,0.05362512014183101,0.503930066456486,0.01125018373440274,0.00807487144183085,465.20406746649303,679.741196078394,0.09543779277961607,0.20314556348873875,210000.0
Random_1622,0.08135260294008172,0.17044222930550962,0.033996854294997554,0.02730468181944384,542.5763797121792,745.6803078767923,0.0590199687968048,0.113519323147833,210000.0
Random_1623,0.16386034249747064,1.6291442693159703,0.021365784087861866,0.0038996441036554612,669.7057424858358,961.9610859741008,0.09662651719007331,0.20314686310353974,210000.0
Random_1624,0.055951376982366206,0.8975474329068539,0.04762592035965418,0.02020714650676695,535.5966578625903,764.5474912396766,0.059257049418552296,0.11138087209053613,210000.0
Random_1625,0.17641064970633447,0.9272838064348248,0.021491483631302884,0.0219493017096556,671.6206350069721,933.9758058958462,0.07836066820977272,0.15934502228316205,210000.0
Random_1626,0.21619756003837923,0.8056944990842783,0.020685251942896127,0.012304037195599207,700.1078801922406,967.7743795295484,0.08275838605030128,0.1723210564452044,210000.0
Random_1627,0.22041333255854142,1.54198055702281,0.02087871680884108,0.0064441014224549086,726.0684355508834,1028.3750682980415,0.09337285992460359,0.19581659255668876,210000.0
Random_1628,0.11676452734000216,0.5679408033043284,0.009622369171820539,0.03109585030992576,580.7292903141465,812.220300739302,0.08152760061521908,0.1667679134377396,210000.0
Random_1629,0.1305787610215201,0.9869756277193379,0.035669071358895243,0.014345488562247214,632.6100246253396,885.6674533343985,0.07193316224948564,0.1438605005305143,210000.0
Random_1630,0.028619090135615283,1.9702657193079427,0.022707620169829287,0.02650425070605565,487.0160191798705,758.8957994125609,0.08997981307646506,0.18027487780257612,210000.0
Random_1631,0.018294912312720027,0.12686502265656108,0.02268766250360168,0.0013536036959848551,374.3458113642915,562.7051641660498,0.08733241802284873,0.18504832956586287,210000.0
Random_1632,0.1296171374512027,0.3161676663078702,0.007723599105531571,0.03229777230924844,586.9640489697676,810.3941686032401,0.0796312980579761,0.1632540475500402,210000.0
Random_1633,0.10814438974173585,1.5360126047738099,0.024198044236524663,0.007313100285459872,603.8850932612426,877.5208663497392,0.09261696320113426,0.19262946859347463,210000.0
Random_1634,0.0480836460230821,1.8528969439184257,0.02351083757175112,0.010806099432700916,517.9805191962878,790.6364382180313,0.09649995926565101,0.19927314372952118,210000.0
Random_1635,0.07988519558322478,0.506955221368958,0.04957747016187539,0.028553598469169567,571.5996388128715,788.1334371797972,0.04766487614333802,0.08407732483425803,210000.0
Random_1636,0.09440640639786685,0.8259066726047002,0.008938492288480114,0.029627154100469226,556.90256189382,794.5847120493822,0.08629300610088556,0.17715975364619138,210000.0
Random_1637,0.1151098815675516,1.2760302726669162,0.029123941196807043,0.0233809124207357,621.3270524805204,883.3254968530159,0.07573463875695707,0.15046733606689705,210000.0
Random_1638,0.25394070080118797,0.6419367047690602,0.032446972894629195,0.0024140281804663952,736.6267354561145,1006.2101822850116,0.07569016867670413,0.15743593692337005,210000.0
Random_1639,0.1655505517967911,1.2211659976380407,0.03666358456748169,0.030082696859840243,693.9861336578749,964.9865389865988,0.06302723498401658,0.11935595739710436,210000.0
Random_1640,0.1779575781697275,1.6629863519395591,0.02813180358220922,0.026960448329265353,710.5001665045348,1005.4165667313289,0.07669796760768112,0.1513590344507724,210000.0
Random_1641,0.22469528372347486,0.9971883002733397,0.033435281096092076,0.005318526672974561,725.365203435564,1003.3121932572077,0.0772086071915857,0.1589156912755447,210000.0
Random_1642,0.07362117960975355,0.5316607653216548,0.0030152524159204556,0.01703123208581682,498.34730009571314,719.073610677487,0.09695749660628074,0.20589639941186655,210000.0
Random_1643,0.17848687512349024,1.0467646581035621,0.04824598286804042,0.004704670237705259,698.0545751185387,965.544651265612,0.06577391844657896,0.13036757565085963,210000.0
Random_1644,0.14254244679439657,1.501045254399309,0.03739914913985048,0.037225054969165325,683.2662471072465,960.4789589250934,0.0614652265420277,0.11308077144044903,210000.0
Random_1645,0.11396205357677007,1.7129016594576196,0.001872710958344594,0.02878638502194989,606.1736764047815,889.2920367961433,0.1014200924820431,0.21057654657196834,210000.0
Random_1646,0.2960962606627506,0.19927466092655946,0.03235809966620777,0.012532073147034577,764.3093345548615,1023.7095456371849,0.06446826745212324,0.1309804657789495,210000.0
Random_1647,0.04083874595761169,1.0210808587134046,0.008455857270525929,0.030087000900489873,468.82314729987706,701.8980437777019,0.09050661677247937,0.18559609027655238,210000.0
Random_1648,0.00572000875278468,1.6444118237009209,0.03779091367404257,0.018472777003687994,403.90211966399863,654.8295586645179,0.07983601493875736,0.15716655360642243,210000.0
Random_1649,0.26611691174280666,1.3122389588219452,0.025827478593011863,0.014949779652997892,771.6648698835628,1073.9826703065712,0.080590486923686,0.16487007054896807,210000.0
Random_1650,0.029466710986557697,0.29515129745185836,0.046069790707734815,0.016552820114211143,451.69385279883676,647.3325300650542,0.0581238351699463,0.1111986260111142,210000.0
Random_1651,0.2798348475411171,1.3477910399871913,0.026441984198876257,0.026571614716375848,793.5979640502244,1099.966184821707,0.0731572720952676,0.14510910462443435,210000.0
Random_1652,0.1535352324817393,0.24238555254752997,0.027195728686650395,0.006354342026662904,618.2185573461211,844.8257096741297,0.07629838006561858,0.15917673184591183,210000.0
Random_1653,0.14134146281078575,1.1307556971634234,0.045475322508885634,0.03532811990487595,677.2351834180744,936.9902801000239,0.05166381336908318,0.09100624977266175,210000.0
Random_1654,0.2093990440141749,0.8616174209720969,0.04720298380550258,0.02396534775677803,735.4171964172,1000.8462748395056,0.05260225207099452,0.09673717151707675,210000.0
Random_1655,0.05591878900219263,1.6528328097743055,0.026200063126003686,0.0259742588203367,540.2955908340826,804.4788187687674,0.08263428520177013,0.16439884162500407,210000.0
Random_1656,0.13521781940750502,0.12567346255629683,0.01008239586844948,0.005002254317252197,570.9468052102582,789.1997938623116,0.09182683062123885,0.19761980116819702,210000.0
Random_1657,0.08087920126116879,1.250493335440019,0.01104591757990326,0.01948135884477359,546.6127386600793,800.6625569561983,0.09518693845601302,0.19816296634215533,210000.0
Random_1658,0.04787727132435398,0.30936106919718287,0.04555187695765483,0.01337717805402908,491.7817940316941,692.958035575721,0.05969443949493644,0.11581725698519932,210000.0
Random_1659,0.0740477015613973,0.39152216143122465,0.01257662579080444,0.03470202342766903,517.9920089354183,730.3401396526949,0.07633270288072035,0.1537539460740513,210000.0
Random_1660,0.026619075657613567,0.6190508295157345,0.037083722772533134,0.024034938573646466,449.8298839641926,659.4524472991096,0.06513112397563299,0.12581478341279412,210000.0
Random_1661,0.1909448873132808,1.6310730196971683,0.0074820985833082354,0.0039927965536336145,682.1362007953096,982.352716899047,0.1084417153349609,0.232293472615145,210000.0
Random_1662,0.23998222324330384,1.6767838727007456,0.04292341053526175,0.014702649532168953,781.3792072642528,1092.219952541218,0.06951758342808396,0.13598474282919562,210000.0
Random_1663,0.20870119206238527,1.267400207002279,0.029834307226995645,0.033654109082328576,734.8724825936066,1019.0017166195595,0.06649389499814062,0.12759242347255154,210000.0
Random_1664,0.25042019438172175,0.10194736446892994,0.024217010464777484,0.0338083486538749,726.6724305418245,969.2230818088645,0.05893075467473202,0.11465136570200307,210000.0
Random_1665,0.16554171267112736,0.5126373646137083,0.006853829132969401,0.03496559141935601,636.8241751472864,877.932731078499,0.07984120905412448,0.16295464988731875,210000.0
Random_1666,0.2707802456707304,1.5822454396238905,0.023621991541535884,0.005303397888293779,775.7663019098682,1092.3483769562395,0.09097331342807183,0.1903764710842118,210000.0
Random_1667,0.0137818809250971,0.19067688428956442,0.013115987836774846,0.006629130664930726,352.70989822845405,543.1562187726222,0.09377697627064568,0.1996559051406091,210000.0
Random_1668,0.1350157493641554,0.6785467217252359,0.014278322867055087,0.038715907396206,618.6846615443607,858.7336629419743,0.07335653433993103,0.14551537657455763,210000.0
Random_1669,0.1041361204179134,0.7372235642319281,0.024598273137556158,0.02296962817392392,581.8306502371505,817.2343086271472,0.07499798718078175,0.15096881383697142,210000.0
Random_1670,0.12487609903045194,1.9884456578459224,0.02405706349821934,0.01579258496088722,647.5591959428725,945.0703034268234,0.09168998595913436,0.18744011253462606,210000.0
Random_1671,0.09373789960604158,0.49679857510045844,0.04426534281352319,0.012875541633923779,575.0690522631852,796.2881922884204,0.061280523091486246,0.11970469240399365,210000.0
Random_1672,0.029292585083951696,0.8597279812415543,0.025942747075831375,0.022825273170067894,451.2351574567333,673.3446212639192,0.07813062819983249,0.15675404830130524,210000.0
Random_1673,0.2709949976526613,1.9388132679876906,0.0064332316782113996,0.02303369803679357,780.2165498931848,1112.8545419885957,0.0993665693724326,0.20694636685886317,210000.0
Random_1674,0.2662716787533528,1.1420397110320757,0.022639715328694226,0.022605286807725652,767.3764221760898,1061.7165286899578,0.07716117738252443,0.1562243539104809,210000.0
Random_1675,0.14313917091606063,1.5121830469636046,0.04303497365641243,0.02330643002132145,681.3865154424751,959.9122329906338,0.0648397486239358,0.12314293577677798,210000.0
Random_1676,0.2181283733384223,0.3501641458472772,0.023088653032708458,0.007743823256995837,685.7207433592822,933.5436251538389,0.07873471670071587,0.16513644288555002,210000.0
Random_1677,0.05376551628510411,1.712812644326933,0.03715367299498602,0.005072936684879691,536.7704367532518,803.9102560448506,0.0860085802717783,0.17512651667161033,210000.0
Random_1678,0.10285898154802735,0.7091561457330341,0.03260584127244565,0.005008105130770351,576.0978693797676,810.7155256125037,0.07832711409676399,0.16160864963224156,210000.0
Random_1679,0.06932125190099135,1.01803156025275,0.03476030860257017,0.03214845890155513,556.8077600212032,794.5967918074947,0.06434117665576607,0.12191884630988198,210000.0
Random_1680,0.05400659703835964,0.37001896664434053,0.047426082603580326,0.019099733991917375,512.3856521660899,717.2160895970353,0.054909011029961804,0.10320769542172453,210000.0
Random_1681,0.10649485455706026,1.0311035136260192,0.0473180281503607,0.017274589385430673,618.6644138069506,866.5203761565232,0.060833346292348135,0.11582964557037972,210000.0
Random_1682,0.22587494506803005,0.356041788758793,0.04998060362255142,0.03529590936585383,744.882048032062,990.5505437541428,0.03789506846283836,0.061679531730314596,210000.0
Random_1683,0.07582174690818723,0.22396888787828423,0.009748276967089308,0.023150699867172487,503.56407370442275,709.9661922392514,0.08406866990229554,0.17497774907088634,210000.0
Random_1684,0.28714924836211675,1.7422786564376727,0.012415954710310578,0.03291462093859072,801.195911881098,1127.7593174594103,0.08578239301535626,0.173432555771152,210000.0
Random_1685,0.18390903842401873,0.7157506797861783,0.002189594559055463,0.031737500145984816,655.8565913103339,911.3284639303134,0.08756744818612627,0.18156405849023644,210000.0
Random_1686,0.18950513819471984,0.887983349231664,0.0348905045746403,0.024152226485170913,701.6442722061587,964.2563889854787,0.06428060590728532,0.1249441193906461,210000.0
Random_1687,0.26402039596858756,0.4422857980604922,0.012676582554735482,0.003652864453134734,715.6951426219512,980.2967467661907,0.09054563199819643,0.19455948519324479,210000.0
Random_1688,0.26653226681092623,1.3747162564574233,0.018733609327732433,0.01916821407821556,768.654017917567,1074.1171702884067,0.08506063310282953,0.1749605368432799,210000.0
Random_1689,0.28834901187238393,0.8380098258548351,0.04837442466156135,0.021870591990623568,805.972317774357,1090.1504115737457,0.05098113309361059,0.09386425952634722,210000.0
Random_1690,0.06938236570088958,0.23485370745965162,0.04396706221325398,0.01397085981830383,527.8247495799953,731.1037240783775,0.05912755867412586,0.1150799485356286,210000.0
Random_1691,0.2652723035214975,1.0292620715103542,0.02943576376128296,0.00436713148577152,757.9454123877624,1047.8760498663382,0.08087923596445662,0.16823731383009138,210000.0
Random_1692,0.12708029481553076,0.10967308030918436,0.031180123388945134,0.037993793222708794,608.6852700828676,819.8567190717313,0.0531086791760956,0.09854779170752963,210000.0
Random_1693,0.09480201956184191,0.13933617524068684,0.018324581049526157,0.03552921867730565,548.8461458357513,754.5084746338961,0.06742572028214366,0.1333099206735546,210000.0
Random_1694,0.03762611875070258,1.152684415919532,0.01898400233157923,0.030699852456501326,479.1917321463773,716.4943521673854,0.0821418399630566,0.16441013801088097,210000.0
Random_1695,0.035322984733918025,0.28742120836844376,0.016420230286414983,0.018083474685285154,431.5721409381007,630.5765451004241,0.08348703801425525,0.17317259403983043,210000.0
Random_1696,0.15101315872696489,1.9447984389302184,0.030086343924316427,0.021050457454063674,688.6505824056699,989.8288577290006,0.08196791807128836,0.16348111559122463,210000.0
Random_1697,0.10396687188975993,0.6704259360555106,0.04949489318290053,0.011737494255939184,601.2700741584258,832.5323682582566,0.05866758008465123,0.11284220519376655,210000.0
Random_1698,0.030050134005701175,1.5345734559629556,0.005244566441583252,0.010986093023033577,443.7085860818322,698.9784723444212,0.11056697405333768,0.2346416843208287,210000.0
Random_1699,0.07219180957132952,0.5941443705572415,0.011013613781907367,0.031063059387267774,517.5723331269941,738.9906483413682,0.08201764895731481,0.16720462864695956,210000.0
Random_1700,0.048737764000553095,0.8856367393702634,0.02441160443397803,0.027432393853179395,498.1835666492058,726.0741410580333,0.07601116087447593,0.15128472243408886,210000.0
Random_1701,0.060795224034942606,1.2094564898952138,0.01888834077561519,0.010115225324463892,513.9878316467177,761.2918944127317,0.09409458549860854,0.19658774455718542,210000.0
Random_1702,0.018025912544614983,1.935548693685211,0.014019907069862655,0.016141313947667633,436.7015653707175,705.8948370413033,0.10436756991994109,0.21667065143287,210000.0
Random_1703,0.0142825992979926,1.4849498764443405,0.021755249895680503,0.03264696459855518,428.4912671343773,674.5324842393318,0.08329139851330851,0.16482191122892273,210000.0
Random_1704,0.1498556015163133,0.2152184364614996,0.044979644979839535,0.02368609912920377,646.4891735272256,868.1446440183479,0.0497166069633522,0.09196691628308704,210000.0
Random_1705,0.0670164090691054,1.2967682751368677,0.009253183069865726,0.03330045214862989,532.7887751650884,784.4931589960441,0.08948204115825786,0.18194262822911744,210000.0
Random_1706,0.21991263006382253,0.8683638161279467,0.03608389247173806,0.026411513540752884,734.235051070848,1003.289947831562,0.06098225821089111,0.11696635401678578,210000.0
Random_1707,0.07876290278823901,0.6940752065183575,0.03301378861702652,0.03161257067494578,558.6205412920921,784.3745425391202,0.06264785405486878,0.11944516439294861,210000.0
Random_1708,0.21709917978032314,0.9984969566159975,0.04611281429581091,0.03137169329811026,751.5880830446696,1024.5964804299565,0.05034164011885378,0.08968947720013906,210000.0
Random_1709,0.006409221023872734,1.2535394035545744,0.04601326814018956,0.017000822444925564,403.0422261940642,636.012677363179,0.06932180702930915,0.13343797782457226,210000.0
Random_1710,0.11994523426752544,0.21964752948342722,0.004009814896909159,0.010151295694130587,551.3033428642235,770.0409014105759,0.09557024237180166,0.2054760405071874,210000.0
Random_1711,0.275819545641973,1.0154781160982684,0.02658289223158807,0.03426949488190498,784.096575151386,1073.8797858172218,0.06516477624579473,0.1259885976461922,210000.0
Random_1712,0.03758871099889892,1.3878624364121352,0.03391142959133781,0.022360513906614348,499.4115350588423,746.7607669672768,0.07606446773150022,0.1496201580638196,210000.0
Random_1713,0.17041695497287845,0.8280374933155041,0.02774763298023034,0.0334616838594714,677.2359471143083,932.2051277095494,0.06497417723370136,0.12546462773152198,210000.0
Random_1714,0.14124685593856087,1.3092630252438635,0.0406718387923949,0.03224051500447148,675.4441769125737,943.8397387294385,0.05962710180382179,0.11008926208889701,210000.0
Random_1715,0.05484107461712237,0.1070772736971916,0.006176127233118308,0.011968951266766593,450.3008646796786,647.3780043703422,0.09364725321079885,0.20003647502164373,210000.0
Random_1716,0.008053188630363984,1.171875556442171,0.0031565128263262828,0.026978596134388893,364.45408116801156,596.7909696486429,0.10089594513994202,0.20973784669559786,210000.0
Random_1717,0.27204055394302307,1.9435298181922664,0.022060721838358957,0.03331484912005257,807.234367483487,1138.2733021112217,0.07916023764966384,0.15617024691596304,210000.0
Random_1718,0.1914383296607095,1.724512628230703,0.010138332196389033,0.027462333114934043,705.5305686442146,1007.9851661048676,0.09289249421792937,0.19074472231132952,210000.0
Random_1719,0.0170118078176881,1.8385060674823026,0.0017542251326457584,0.034526342982589414,428.0076116509004,692.0908911928071,0.1034818658427319,0.21245150443936978,210000.0
Random_1720,0.09033192628342261,1.037570779725003,0.03142862483235626,0.016527670555562757,576.0961276850718,821.5332907125189,0.07616228908797006,0.1531420600207725,210000.0
Random_1721,0.2003109753941229,0.9066317869329084,0.04668698542459298,0.034582480508606524,734.7692587716006,999.1438757574563,0.04734731985173342,0.08218685333018699,210000.0
Random_1722,0.17197779283839024,0.3356758709413351,0.03394533321150331,0.03105511249508374,667.4534818657514,900.353308611182,0.055878850260178074,0.10575752223772134,210000.0
Random_1723,0.17834442800893874,1.2662907360351192,0.001431817117264806,0.0040063867640560274,648.9204331743227,930.0545669876321,0.11052427087110067,0.23887326018967298,210000.0
Random_1724,0.15826773064606744,0.5717079547264147,0.004645911755449591,0.013385583897917778,613.0006747101503,856.8519456820864,0.09554783321839455,0.2038830681754421,210000.0
Random_1725,0.0898193343609945,0.8345154888480952,0.0410263971675272,0.0030595250028423913,570.310251617218,806.7914084320014,0.07359170764923409,0.14954904643032033,210000.0
Random_1726,0.02711414946216074,0.4031215768410975,0.00749796488028995,0.032973643846293046,414.3857357268681,616.0670153521311,0.08420558613529248,0.17222252877995176,210000.0
Random_1727,0.05822531581630822,0.7593283103237054,0.024544698507774368,0.032392610482287976,515.8742585925463,740.0453767919851,0.07124150366388321,0.13970808373174148,210000.0
Random_1728,0.17993893034888575,0.8974206512197918,0.021858441961678965,0.005322770413698614,663.1386746353828,926.3328395374647,0.08762410467182132,0.18437572439349156,210000.0
Random_1729,0.13594856103100733,1.5249541922977996,0.03249818792603978,0.010298445905455724,651.4209613319026,930.6073095365358,0.08244786464723736,0.16777707576187656,210000.0
Random_1730,0.044642267198803195,1.9663369488831666,0.0369632166709861,0.011981216790068909,531.722955822715,807.4531306452737,0.08498200105860122,0.1703862287327804,210000.0
Random_1731,0.1783540336931451,1.4824844923126965,0.028968687556741736,0.003004758987052758,688.8405551364323,977.5829899902864,0.08850377425101752,0.1842181698845172,210000.0
Random_1732,0.22961592735520814,0.21883896986526874,0.0012136552507299285,0.012948662298119869,669.4441193076821,915.5628693865131,0.09374325136183854,0.20182157570413714,210000.0
Random_1733,0.028120476860642868,0.4316097261639943,0.007424656550982316,0.0035073292819887145,397.39350991104754,602.9715079369504,0.1021756765490796,0.21997855876497074,210000.0
Random_1734,0.09370587881102414,0.27254694043676697,0.024348715952376733,0.03241125473102028,556.9482241618697,768.0985085296084,0.0652425890132383,0.12778118975311775,210000.0
Random_1735,0.18903670125851135,1.0649259272497336,0.04924645801069424,0.01987168218836641,721.5834943131907,991.2348851381317,0.05570876753396911,0.10377027898831392,210000.0
Random_1736,0.2857176324126369,0.961177963936928,0.019360576217082016,0.0076625797036505485,763.3107789196462,1055.8313429263085,0.08689920093449847,0.1829891395007039,210000.0
Random_1737,0.0973822916084582,0.39231927685068313,0.039510732156020606,0.019094129523998256,575.3651667950935,792.6767182210873,0.0606658289392161,0.11788971320642462,210000.0
Random_1738,0.05659781694105489,1.2871460832773958,0.0474150361979789,0.025595682938880163,553.9777956938208,800.2079661456187,0.060082459351613285,0.11096063104848292,210000.0
Random_1739,0.10836126089111267,1.0851119268942218,0.03424900627962849,0.00257539674690829,597.1449476163892,850.1193473072843,0.08189812123764935,0.169066481264684,210000.0
Random_1740,0.12510863418545895,0.6051753957651542,0.01517507053271901,0.026193074116491313,596.0626656227276,831.2632654065875,0.0796042062249732,0.16266115459026223,210000.0
Random_1741,0.12270362940116097,1.1943401310721093,0.013559376656467021,0.002883727074614195,595.3534660477968,858.4592309978456,0.10100391050801487,0.2154305795235972,210000.0
Random_1742,0.2775993047353309,1.0991162303313975,0.03880654186247145,0.016559519157379108,790.8178232924264,1085.248594959584,0.06559202443075784,0.12903762445357547,210000.0
Random_1743,0.29228740611620285,1.8123804847175407,0.03651387240290093,0.027781031661045577,833.2691872422579,1162.754568258482,0.06777997843836096,0.12984199525114332,210000.0
Random_1744,0.02939153694708643,1.799619007704515,0.0255768809074731,0.0327529923818235,490.9016583354998,754.5660080558309,0.08189640980212311,0.1604608702885275,210000.0
Random_1745,0.006440698105299898,1.8187136084920148,0.010576931811805738,0.016769072980461517,380.3142096116422,641.5788161367263,0.10700137446481961,0.22306434701273226,210000.0
Random_1746,0.06397130763181019,0.23786304981288273,0.043207230815777486,0.004706257521012612,511.10121235302296,713.964797435612,0.06560985828763417,0.13205432124055227,210000.0
Random_1747,0.22513176606367427,0.6234697544509759,0.03064564961812092,0.034027361292597855,729.4478439428271,988.6130835361821,0.058747585666187124,0.11162596696808672,210000.0
Random_1748,0.183570392826726,1.6293522945326648,0.03206818500272951,0.03957814939036336,728.8198970215383,1022.3016417307423,0.0651162436945106,0.12157395363178407,210000.0
Random_1749,0.22135180626876563,0.9320063127801741,0.041081607009669514,0.027132424504730128,744.3432060192616,1016.1643191404089,0.05665755412721575,0.10602949564867159,210000.0
Random_1750,0.20271297912935435,1.5853889707489657,0.028030688367444753,0.011489512417252528,722.3810218678732,1021.2401542711394,0.0847278311006901,0.1736475818875013,210000.0
Random_1751,0.26228940472519896,1.1062533567849484,0.026326862234222172,0.0020257276286168475,752.6568909137742,1045.7424359613694,0.0859100814375416,0.18047912692994753,210000.0
Random_1752,0.26115590292112306,1.7136564377134764,0.019994272639796327,0.0391809092263663,791.3284743467541,1108.9979752248482,0.07541249045659673,0.14715490816672833,210000.0
Random_1753,0.2533617735140735,1.3325924922555836,0.0035788314519723708,0.013346900109429027,733.2936576598095,1035.246704664917,0.10202982560319224,0.21728935858182388,210000.0
Random_1754,0.10982951626107086,0.8017730656319253,0.023592872524872834,0.03136635740196871,596.594783429668,835.735212054225,0.0713362236333897,0.14068875529604274,210000.0
Random_1755,0.22990088478068021,1.937051082323947,0.0436476153326832,0.009317687508994588,778.2281333299826,1098.633429002396,0.07490744838969166,0.14862877564271218,210000.0
Random_1756,0.2596999239670958,1.2317326137763334,0.021984910868460134,0.03502752390619626,772.6586571438265,1068.450610973563,0.07132223965942777,0.139839505408993,210000.0
Random_1757,0.044558480805406565,1.1521339258112164,0.029357345598132387,0.037683966510672406,511.9121972289239,749.5345391230759,0.06826757234560508,0.12971861984768826,210000.0
Random_1758,0.006760128181214559,0.8302714890343966,0.03701065474466965,0.032086363113280156,389.93074079166433,603.4552284148798,0.06409690777878296,0.1205550084143859,210000.0
Random_1759,0.20549776236638884,1.1777123134812526,0.03273355233177536,0.013272109175295189,717.7774193853171,998.468461163005,0.07528728832675677,0.15217231205068532,210000.0
Random_1760,0.23449840544285055,0.7578811976543579,0.018892281945565168,0.012108236397286296,713.4976644177772,983.7468782055078,0.08362580930522769,0.1748514112733148,210000.0
Random_1761,0.09289986167141662,1.2636370925394045,0.030522116503535545,0.022364172005574855,590.8240659926431,846.6817974940417,0.07565206714563118,0.15014961888761813,210000.0
Random_1762,0.15812381010234478,1.2986670353273002,0.02019630518060362,0.023498303663621593,664.0207871803428,938.4961875881195,0.0827580565556095,0.1680382695735289,210000.0
Random_1763,0.25100496117247356,0.5304899872387754,0.039535834916107446,0.031147526838100466,758.7169781646666,1019.6855989431932,0.05101405328002388,0.09375476185836457,210000.0
Random_1764,0.17644414402437106,1.1581286347839144,0.012812478796488974,0.026671885704888265,672.6270909769607,945.6951663882194,0.08564587302561466,0.1754980002506784,210000.0
Random_1765,0.28058581200801797,1.9191230655897595,0.04704755108039162,0.0175718602555761,832.6598327458187,1163.9972707924849,0.06571124826409272,0.12557473199379832,210000.0
Random_1766,0.13568895704432407,0.2795002729504502,0.032361283664157574,0.029652424228929494,620.8965849763413,842.4352398887456,0.058511196492941966,0.11221690982864907,210000.0
Random_1767,0.07338216856253883,0.7837738251512723,0.04497829682870648,0.01635445553020452,556.6564487949688,785.3651928786979,0.06212676912424122,0.11972043730491799,210000.0
Random_1768,0.11722967248013547,0.9128457387310919,0.031625028878318175,0.03875647624554475,625.1785396562587,869.9334956092827,0.060564281854502,0.1129759616594588,210000.0
Random_1769,0.2573069928046491,0.6837383083497396,0.008173671478612681,0.02857926997831668,730.2736658195307,1002.428402579877,0.08218842942646414,0.16967568227015653,210000.0
Random_1770,0.03678146565738016,1.1656624611912152,0.04242550309853838,0.03803040679285508,510.936526355531,746.1502307321691,0.056819728819945806,0.10145709368333425,210000.0
Random_1771,0.18127442237409172,0.6636874698449776,0.02534246349666993,0.02782636248563707,676.3054781057186,927.2365137636809,0.06861757324394915,0.1359676160949755,210000.0
Random_1772,0.11046704056889542,1.7282543151992207,0.009686553694850893,0.02893696511925932,611.4978821154159,893.7962049364759,0.09455514928693437,0.19366089104822462,210000.0
Random_1773,0.208014274061157,1.7554221815390922,0.04456191349836912,0.0133888360486067,754.7634946572842,1061.1250013780746,0.07029348166277583,0.13740666350676134,210000.0
Random_1774,0.08589916369932785,0.25048061383024556,0.015623687443083348,0.01897797819010456,524.5768631217759,734.5551484183138,0.08119498870384372,0.16854931115441224,210000.0
Random_1775,0.09703767126799853,0.15165080687334526,0.01799455145437224,0.036050821297208206,552.4946464717891,759.2547207779628,0.0674607449464084,0.1333033407921846,210000.0
Random_1776,0.12498998386347049,1.450086420019588,0.01952104209038369,0.008758785392726887,618.4947278021,892.7337264702002,0.09460587057614675,0.1978998101590493,210000.0
Random_1777,0.24297003306144424,1.01388944709322,0.001171704598391496,0.01842778175617845,713.4195381843572,998.2191126605476,0.09816929317225724,0.20849879180268646,210000.0
Random_1778,0.07633449665129977,1.7108629209003297,0.020965831261294553,0.024802822567212213,571.059459714495,843.4704230115541,0.08783194788523573,0.17735643423906877,210000.0
Random_1779,0.10965505245938753,0.7569918585147901,0.043398478659406825,0.03164110342370443,618.74950028745,854.2247304688136,0.052903784882980184,0.09579173693271588,210000.0
Random_1780,0.27238105256006695,0.6592603328549341,0.046440988401567906,0.016075220598134158,779.7671959733964,1052.527877371909,0.054712553767748875,0.10441862393561689,210000.0
Random_1781,0.11158001725909873,1.8482490221790933,0.03289563349232905,0.005615484077394617,628.7266716623984,916.7119925696545,0.08882641059134336,0.18224837415479728,210000.0
Random_1782,0.11620575443908089,0.770148474401076,0.01471998760203886,0.029243903936895594,591.8906007521688,832.0816093868727,0.08008936051181938,0.16259316440806493,210000.0
Random_1783,0.010136452053459939,0.7601188164874895,0.021048242080794536,0.015965657413179023,373.6499630182646,587.4283108140486,0.08706477687191855,0.17932399394624765,210000.0
Random_1784,0.11881431986515077,1.3854260956629858,0.016934650827760404,0.025941194085755702,617.1954083154408,885.8130949934816,0.08615446813543884,0.17515859830547129,210000.0
Random_1785,0.23449703043287365,0.6639471634762465,0.027201391604676883,0.0016199959272568533,712.8378587241504,979.034027686245,0.08150124294691494,0.1714739308810564,210000.0
Random_1786,0.08869264614632616,0.8727492553323429,0.03151281810856634,0.03240061724796831,579.0738332023789,815.407636400393,0.06496932378545742,0.12437327342830093,210000.0
Random_1787,0.04704360463479522,0.5863922583272762,0.020617478728139155,0.036354154348116584,485.91845100584226,699.509273143168,0.07115779157581226,0.1395269299211222,210000.0
Random_1788,0.11631401640692014,1.3244043402248389,0.021430162692990824,0.037170280626871895,625.0331105243855,889.0217744706442,0.07483376044807535,0.1462273435682056,210000.0
Random_1789,0.08961001654924233,0.4381368536751101,0.037013154052941505,0.01901995715811435,562.4789345038063,780.1149481596123,0.06367056915532475,0.12492789382622713,210000.0
Random_1790,0.12402569934211664,1.1068172755361176,0.016320936752571968,0.024293103313625972,612.2844444271484,869.848523456507,0.08476001117074283,0.17327440631500646,210000.0
Random_1791,0.19475640047325982,0.22264010423939978,0.049905366842202425,0.017204918979678064,696.903208619306,930.2422905626436,0.04816237679717143,0.08948063926559063,210000.0
Random_1792,0.03645429186670836,0.47772421349962846,0.04761301085210725,0.027051011350242602,484.6287319975967,689.2667727955691,0.05187632414556727,0.09388703941019458,210000.0
Random_1793,0.2132334728547541,1.8430755349135484,0.04015661321434452,0.02923361264647525,768.7539989349011,1079.4495481508336,0.06551419385715847,0.12327229736998901,210000.0
Random_1794,0.19550716409372668,1.8452387593347677,0.015711899135364433,0.036695317206328126,727.0700861897828,1034.7900440759438,0.08345124963425173,0.16593961273182636,210000.0
Random_1795,0.1826057352317216,1.4339594841444625,0.04844547626843278,0.004905526926619016,716.3485530827961,1002.2600834216232,0.06924887158239511,0.13715734188676948,210000.0
Random_1796,0.09665318145448411,1.4650334397836546,0.007768279552084505,0.00839195537429252,566.2743276810841,835.0713090408594,0.10640589061940386,0.22634768726825694,210000.0
Random_1797,0.15321006629800507,0.4545150966147391,0.02249859284828702,0.0013560490073750485,616.1340913340788,852.9814159077904,0.08565437650427614,0.18176689626628745,210000.0
Random_1798,0.012928912001147055,0.6302204623187502,0.04072938490276143,0.025564739028056102,411.16313168597236,617.4517505761374,0.06203280732049383,0.11754796506866064,210000.0
Random_1799,0.013972265054764978,0.32035920334458323,0.0016942887309904198,0.006553342340335522,344.21696065366604,541.4663805821575,0.10538264005088244,0.2274662276732345,210000.0
Random_1800,0.10791580202800428,0.848376742591814,0.010217788218384836,0.03563946297483655,582.5570216869078,824.0443455150827,0.08133397211665326,0.16432504375601797,210000.0
Random_1801,0.1388840912031385,0.9796996942938255,0.004811442073200599,0.03290624584889986,618.5019953634986,874.2920893737373,0.08826952037924793,0.18145196558965565,210000.0
Random_1802,0.2772898259186854,0.42562945528577223,0.01895919896349162,0.014962793398019932,742.046870371395,1007.8088929500052,0.07768367621797911,0.16179855549135355,210000.0
Random_1803,0.019179183621593713,0.5278690847538003,0.009587131215479699,0.003919564732522793,377.36370737720455,584.8320764206837,0.10152875532210415,0.21765483226500731,210000.0
Random_1804,0.166975748173116,1.3669518207154885,0.04033001193474675,0.023850860714846298,700.6989255496646,978.8212247131731,0.06488945781469649,0.12410656656955574,210000.0
Random_1805,0.017565972720931775,1.616114716304658,0.021312290412548066,0.028282951288554316,441.2198454588998,694.3688815367541,0.0873595813299276,0.17488106597941422,210000.0
Random_1806,0.0358649240193517,0.9411426087408797,0.041429694833033874,0.025602317556000433,491.01957915444603,716.9746665615008,0.06297570283164085,0.11913860070766791,210000.0
Random_1807,0.15969090220523893,0.9844412072084407,0.02985459808236154,0.031963463603036486,672.307481347781,931.5846162886388,0.0658049268167032,0.1268826289592472,210000.0
Random_1808,0.2763226321077844,0.5095765441173932,0.0018882210015001488,0.009120701614767832,719.5831278530051,990.7140165559324,0.09741066573814623,0.2104177624297853,210000.0
Random_1809,0.1890494162078282,1.0274079785943895,0.030265565082616686,0.01145952589967051,691.617944918429,961.7756507285505,0.07746339301759289,0.15823674964227086,210000.0
Random_1810,0.23639842396276145,1.5701948314591876,0.01567851498347545,0.008578860683888034,737.3636290147293,1045.181412367694,0.09671980420902525,0.20373665815110506,210000.0
Random_1811,0.21543827912739277,1.9454918486085109,0.016589473730380184,0.035426022335831836,750.5357622458815,1067.7812255298156,0.08398571287317617,0.16716522731986755,210000.0
Random_1812,0.1596212412161818,1.7102320646352311,0.0027078305461333487,0.0010238667207174686,643.3978695187348,939.9650869500175,0.11606042770247652,0.2506281764982126,210000.0
Random_1813,0.028586044430222383,0.3850265655758913,0.021531674658391953,0.03657687060555676,437.0844205492846,636.9084434866394,0.06914415450564614,0.13504489090571276,210000.0
Random_1814,0.022500556515071584,1.9997638918268397,0.038389482536430444,0.0375511079590362,497.34656036387247,766.8858273852107,0.06991640275928392,0.12945656932038113,210000.0
Random_1815,0.1504723511078251,0.19462279883095712,0.01783764752343456,0.034889355326475385,621.7564158841607,843.9143693805172,0.06720057886203494,0.1333103565841059,210000.0
Random_1816,0.032075291072076476,1.234620817544427,0.04905391903674196,0.01782383710011724,495.73930098122906,733.9658400477987,0.06392146359223946,0.12109182472973522,210000.0
Random_1817,0.010114417809979757,1.758467130546977,0.030787360067062217,0.0030489502208172294,411.138862528511,670.0915830325896,0.09603526787430522,0.1985360116334586,210000.0
Random_1818,0.04763566394460327,0.844415581371489,0.041597979761208895,0.005193435466171767,499.5378896178457,725.702193547523,0.07352479355492221,0.14833302101889212,210000.0
Random_1819,0.29078059931239836,1.2838862688914632,0.00589326085246037,0.02550730997556154,775.1797351419892,1083.1377214039628,0.09144572669803132,0.19033122506485384,210000.0
Random_1820,0.2642614921832168,1.3573406524812137,0.03828678561304984,0.029631638172963003,796.8505462551225,1098.5627747597,0.06105504248125512,0.1149427154481051,210000.0
Random_1821,0.12031869877466853,0.7429326769257522,0.031653195096753746,0.004834553937891058,599.5535382654413,840.1461634979956,0.07910332164832425,0.16361154368279057,210000.0
Random_1822,0.04500461327537749,1.8682015902341618,0.04110605660768688,0.004024215061027123,528.459891034614,800.1696941804985,0.08502917776537437,0.1720062468632631,210000.0
Random_1823,0.06244394991045132,0.2717393452781549,0.009922916094366473,0.010863610431360332,473.9219909089812,680.0983268020528,0.092270845215501,0.19622707982071125,210000.0
Random_1824,0.06405869397692217,1.8210109210104395,0.00370171237602465,0.011666340411600105,524.1322467225671,800.8629674392574,0.1128168000169921,0.2394863789189343,210000.0
Random_1825,0.19075204211625435,0.6940400527398575,0.011149244214160622,0.01343176754858054,660.1492566883784,917.1025886497163,0.09011198632769492,0.1903915679502934,210000.0
Random_1826,0.18200711147155335,1.359853498418598,0.0331201093465198,0.030856876430749546,712.8994405232474,994.4764669577911,0.0667438524169518,0.12789691052299584,210000.0
Random_1827,0.09285054781719725,1.1150594615953062,0.034564049945955376,0.037306810575055416,600.8611992420002,848.5018431264075,0.061564585747371545,0.11438082728633875,210000.0
Random_1828,0.02537985819167949,0.9947827821558556,0.029051576994329316,0.020042302845153126,447.08841611032193,674.2710954680967,0.07858981538956886,0.1575420788433447,210000.0
Random_1829,0.06643547345671431,1.759389659436823,0.04957787876390384,0.0026097893187906765,574.8746625992168,846.4810521914368,0.07625291617160058,0.15163076511012336,210000.0
Random_1830,0.09446734696646113,1.4075456926815513,0.009119017933661506,0.00880486219966689,562.9901917084252,828.512674210044,0.10443831530217758,0.22170707855102376,210000.0
Random_1831,0.09097874478638988,0.3638256838326074,0.01430926281851751,0.005481045265352955,525.2058933162175,742.7395106385727,0.09143875653546836,0.19496138983738853,210000.0
Random_1832,0.25890319154193975,1.2245901095048968,0.030431491975190423,0.02181393377409981,772.5909728166774,1068.2436915699393,0.07159269194243087,0.14228721358514562,210000.0
Random_1833,0.15813004802980643,1.7088661614509806,0.03661577353586182,0.00846925310758367,687.5678423412057,980.3925294824758,0.08109979976163775,0.16416558886589735,210000.0
Random_1834,0.2699498506854263,0.9567368728667477,0.04909886958137326,0.03534642315982936,804.7572157061917,1088.5422142372558,0.04377919253294889,0.07378026796941671,210000.0
Random_1835,0.0477740534928206,1.5154195856967716,0.011249341995549039,0.005242784710703355,486.92433347140064,745.7423580644603,0.1075126619394435,0.2284284731963861,210000.0
Random_1836,0.1363303298838653,1.2539154807225177,0.02771975540719976,0.029932235009629615,650.4097485180996,916.306368388233,0.07224744647502471,0.14143409678331764,210000.0
Random_1837,0.046887858447718776,0.7215937499694035,0.03556916719068506,0.007122096881993679,487.8066894957922,708.5850717305308,0.07659970801442248,0.1561229103997735,210000.0
Random_1838,0.2681425934299706,0.5281189266342908,0.035649985180936775,0.03864569985431919,774.3585153221825,1039.2158605753978,0.049652285340356414,0.08958629666661043,210000.0
Random_1839,0.098223358165103,0.7812571926448411,0.027087799345599628,0.030052371776697857,582.9514747994879,818.0926743199976,0.06913400825831202,0.13541194806770504,210000.0
Random_1840,0.14991945172473223,0.8223923800991155,0.007770164071877137,0.024983459711045933,624.0712519401377,875.9384820731472,0.08849681364405898,0.18389217777494873,210000.0
Random_1841,0.18307033389039867,1.689947311768712,0.04156571506692573,0.009910972015270001,721.0451670981884,1018.7422446338044,0.074986402510619,0.14938213018835975,210000.0
Random_1842,0.20197286372458437,0.2748923062432228,0.04367771483244525,0.01374761112718242,696.1303365311662,934.3996801664871,0.05620213480970669,0.10943413923556229,210000.0
Random_1843,0.011620428231326994,0.5996276044980575,0.036902733667889445,0.017614210848872693,394.618475251957,600.1454689508605,0.07005932743235985,0.13831187705801484,210000.0
Random_1844,0.05122320783281516,1.942736867514344,0.048795100562379824,0.00891315573345072,556.4820220988908,832.0943225915736,0.07563737579453966,0.14819144907074713,210000.0
Random_1845,0.2910532392398369,0.6753891956498889,0.03521568713966542,0.03940113753212786,799.0223949379337,1076.2088725783944,0.050629220961521074,0.09141171205432483,210000.0
Random_1846,0.245650826300244,0.4103823440136445,0.04803193394781805,0.0300682037266047,759.1180155673434,1012.7499166090645,0.04292152575822935,0.0746029964466896,210000.0
Random_1847,0.04134594797964547,0.2074459332427849,0.04730748702862463,0.03200696735365146,489.43779671108825,682.7641943513429,0.04622679998412624,0.08072781821534203,210000.0
Random_1848,0.12084869609304343,0.30594106755109085,0.027822059808701467,0.02149933539976236,592.0136353763048,812.0474458226877,0.06816729579756126,0.13660603351173695,210000.0
Random_1849,0.1771328667367112,0.5994063955328931,0.028271038594494563,0.02564231296519809,671.6384897255443,918.5819260839269,0.06674731031910139,0.1319292800143257,210000.0
Random_1850,0.08904177192718438,1.163992150122196,0.02659388943966375,0.03459855270896315,585.4301910279073,835.1748853933121,0.07097831579015204,0.1374796547208533,210000.0
Random_1851,0.05104581552912214,1.6972721884050095,0.004544195484687486,0.009800232020464424,495.05761288533705,763.0487610454308,0.11248414252899244,0.23923051405592416,210000.0
Random_1852,0.08519424520674808,1.4317959782479581,0.020338021154584218,0.003886219497363565,559.9313174518225,823.7227585225118,0.09784439839650258,0.205999100532226,210000.0
Random_1853,0.13591663002264792,1.4859971273282742,0.002226082106452319,0.026594015697198114,625.0988629730358,903.6422833841781,0.09952671342580646,0.20752538773015272,210000.0
Random_1854,0.23488127085436566,1.8457501240614402,0.03396247153650501,0.017313241937159315,773.6564489980591,1091.3334652165222,0.07781042148532895,0.15511055758119216,210000.0
Random_1855,0.032307387287964666,0.19500831134704572,0.020613736721952665,0.021581247941340226,428.4369510518524,621.9135731113972,0.07685412013158839,0.15683024639785959,210000.0
Random_1856,0.0832364152073852,0.9493430602222928,0.018739647071572163,0.03739753188058707,561.5493526860722,800.5879198817489,0.07441908473665584,0.14638329789244803,210000.0
Random_1857,0.16509619859509103,1.2615268082924413,0.012036521880495827,0.03063236940909044,665.7282068695254,940.357451588291,0.08527657043977209,0.17348558436370964,210000.0
Random_1858,0.022935902907479905,0.4867669513149253,0.04674327320650296,0.03382864303479664,453.1102568991362,654.3029921358738,0.04947261701461965,0.08671646753271944,210000.0
Random_1859,0.2193754522548377,1.7574972645340579,0.012046288213132025,0.03318412295632919,740.7346355879422,1051.0474426621274,0.08745533282630066,0.17681850118481682,210000.0
Random_1860,0.13940195851389114,1.5269603797517808,0.04399318193513751,0.00486053376122984,665.666950405284,945.3223598668775,0.07529210546229069,0.1510427246460344,210000.0
Random_1861,0.1624995020486678,1.65010427448305,0.028257541337848108,0.032714163524424106,697.3636564830783,987.3654879580007,0.07337851203047592,0.1423683421160429,210000.0
Random_1862,0.1897605052572636,1.4971268357866405,0.024070649272052984,0.031028713753736597,715.0578975826479,1005.4607824652994,0.07597815399242039,0.14991656277452498,210000.0
Random_1863,0.20259541916401003,1.0636412715785382,0.028532365181456663,0.002265103125878411,698.1472628372546,974.1961773847045,0.08459610200081083,0.1768732166786876,210000.0
Random_1864,0.23537471881354502,0.6105029298977892,0.010576027407174601,0.0269420675927642,709.5571750156143,972.872038964406,0.08071827758207008,0.16642931716416456,210000.0
Random_1865,0.0445360553052298,1.4570640614354555,0.024741822944732875,0.02320733797113349,506.8646720205767,759.7306357382104,0.08415788372015125,0.16913610307395593,210000.0
Random_1866,0.19213617084123238,1.1789651483895554,0.0315824997927751,0.007826026207992092,699.1410596104506,977.0758519182273,0.07990311791627179,0.16404282543223664,210000.0
Random_1867,0.2557181827341255,0.9473996189160864,0.04130393468526279,0.020338070143793803,772.0776258056485,1053.7087939540793,0.05998389581013441,0.11531098968864617,210000.0
Random_1868,0.2610175721189174,1.823742919992314,0.042623136213715974,0.03502253072609036,819.3034468392476,1140.4146179134466,0.05864511240137357,0.10623195802682459,210000.0
Random_1869,0.18832036220997195,0.4620598357294041,0.02498682351095405,0.03166273321910037,678.8832423434211,922.2240609653328,0.0644556384520557,0.1262514542120896,210000.0
Random_1870,0.20844204031822827,0.6167560113951973,0.049436010117488084,0.03518796577503843,736.4403270161673,989.5349395371062,0.04143128091132692,0.0690129714656432,210000.0
Random_1871,0.1872293799286513,0.673904491775998,0.026343543301390285,0.01559136591815495,675.5429588406603,929.3212132151795,0.07502103431730191,0.1532681049467857,210000.0
Random_1872,0.2560455579058511,1.046262888332994,0.04728683918505822,0.005206780369358131,772.4166544068479,1059.310384293942,0.06466021650550549,0.12832298518924443,210000.0
Random_1873,0.29655894665385985,1.8869152904840178,0.045164475298562365,0.015959190738719608,841.5258732839006,1175.6869047361638,0.06775416548753382,0.1310588645601548,210000.0
Random_1874,0.1714513124200566,0.355966451237149,0.03668254038494927,0.02064182117971378,663.58726642692,897.8826359124328,0.059878949517069305,0.11682815440827335,210000.0
Random_1875,0.16632228989166337,0.7759731063673292,0.03588325810381626,0.035303576607459766,681.9751408809448,932.7795563634884,0.05612612683224531,0.10377751977998018,210000.0
Random_1876,0.03877110779670408,0.5100785378158744,0.03089896712033583,0.011841930361457129,460.434283688562,669.6613230409089,0.07624848068481369,0.1554006023769102,210000.0
Random_1877,0.17179821349877575,0.6252535278229986,0.01524344034581247,0.019442451370568884,646.8226502476502,895.1337410370686,0.08257825853578027,0.17128216038500801,210000.0
Random_1878,0.1458123421631718,1.1821116328375871,0.014670770694661814,0.026967855320093256,641.5247714346175,907.8417903719214,0.08479963305051001,0.172943815695118,210000.0
Random_1879,0.23337532794524432,1.1825875394287053,0.014814808034277406,0.029894202295362382,734.8746974512152,1022.8582478854469,0.08089423962347941,0.16390487511510293,210000.0
Random_1880,0.13363300704712142,1.158661840722325,0.02352331828392247,0.0059257459026155765,621.9318063416036,885.1239158009655,0.0895490146802618,0.1873184036859084,210000.0
Random_1881,0.08560152008176668,0.5624317330096287,0.02834505842626622,0.016199006682573427,548.3581225138118,771.5044053109797,0.07454281324648698,0.15126800044943808,210000.0
Random_1882,0.2243004013453638,0.6074872829801801,0.016366450044379838,0.03542975746527687,711.9458950301178,971.2142264997943,0.07061514064743024,0.14051179829099775,210000.0
Random_1883,0.13710150145937453,0.9461712467581713,0.018670283964838958,0.015211901017199617,619.4136443365179,873.5561510069161,0.086125872306015,0.17869887061921452,210000.0
Random_1884,0.28777944935093175,0.5094045824497578,0.04787251896865635,0.007367816335184528,783.239364961431,1053.6882066850958,0.05685907316540341,0.11162201220927045,210000.0
Random_1885,0.15959880211625738,0.5509396105170145,0.00705615325121778,0.00749920583841149,612.5480834449007,856.0756377200604,0.09666937091850603,0.2075165982011603,210000.0
Random_1886,0.1852662656898248,0.3154945095856204,0.02195395176763766,0.009896122346627786,651.6974472714005,889.6632606960683,0.07885020150429232,0.16496037336287844,210000.0
Random_1887,0.14601111552823612,0.2908336290137413,0.008164319378675575,0.004912680662868287,587.317844426646,815.8619766109999,0.0949705602806585,0.20471032054469945,210000.0
Random_1888,0.2887093919897533,0.33179146452365127,0.023451327549108326,0.023574371231601766,759.8415147371655,1023.1874227357113,0.06732076021079382,0.13583124090930354,210000.0
Random_1889,0.08710538298741143,1.879672428862271,0.0017646770622029967,0.024172613511063947,570.4495667571451,854.7361885569387,0.10680222260789993,0.22322952898649306,210000.0
Random_1890,0.2821209541548802,1.7134284996505387,0.028094846995309283,0.02712299544352411,810.7054458418811,1133.922539469769,0.07495211354240648,0.14781709010927951,210000.0
Random_1891,0.2449073982574084,0.3600139018650621,0.023832449573833316,0.019469558322431222,720.2211933732541,974.1845078898328,0.07057157548666024,0.14382234781481465,210000.0
Random_1892,0.11706006410257863,0.42253636236757575,0.03534043025598922,0.03459610152548023,609.3409342499809,832.0251640396489,0.05481850716261749,0.10166240161264717,210000.0
Random_1893,0.18614390593971322,1.3662164317892758,0.02871792703568079,0.01219684907627579,699.1164618869332,983.8589957134222,0.08186904098494571,0.16737217152510875,210000.0
Random_1894,0.2063698594582861,1.0513877353977907,0.023107109379814358,0.03839845249831038,720.2575641254708,994.242032132693,0.06759281751578201,0.13058341028031412,210000.0
Random_1895,0.02821196077030645,1.189123902604347,0.041796918949191166,0.00787281108683417,468.4543557146326,705.0443431215228,0.07619104201692276,0.1525141920194354,210000.0
Random_1896,0.10367350665191065,0.5388931801507991,0.042503676685956074,0.02828414358339881,599.4499088488571,823.9554529970724,0.053725462522729285,0.09913579693771657,210000.0
Random_1897,0.12551506432862997,1.7835007486331589,0.02054308552634335,0.030093942697171538,646.992936185338,934.5782736981064,0.0842042438395742,0.1681536763897425,210000.0
Random_1898,0.05623807356292971,0.9564713205221058,0.02187911367543356,0.026218252045177703,511.51532109887694,744.7682596554553,0.0793996460693696,0.1595603458504947,210000.0
Random_1899,0.2983763471833145,1.2847150897790254,0.021381003046757132,0.0021843963303061417,783.765834257567,1094.286868143287,0.09136884313468117,0.19331152651853706,210000.0
Random_1900,0.14740382252590675,0.9044352173236142,0.04764744344162011,0.017225291344138877,666.4287177896583,918.789439417837,0.05814783717790603,0.11034658044150851,210000.0
Random_1901,0.12797853491158698,1.282164551786619,0.04595264036719384,0.006375129465883347,646.4483074715513,911.9541244431997,0.07048437397247798,0.14003764001172506,210000.0
Random_1902,0.015288340660035683,1.4174176081296854,0.028046387977348798,0.02401665960408418,431.35837030825996,674.7992040325902,0.0820495105452759,0.1632738020579786,210000.0
Random_1903,0.2058114061745568,1.7551732005415415,0.007741756882566805,0.025017150580674587,716.5311538835062,1024.3460868544555,0.09650057205827833,0.19989758113126002,210000.0
Random_1904,0.2237404056444767,1.5739837625726147,0.009555267775660955,0.018910290425165517,725.5038072161299,1029.9909332869506,0.09633368124147243,0.20128113920261428,210000.0
Random_1905,0.08481506442255383,1.2391751762430425,0.03561902171173014,0.024833767783965788,585.6048287994321,837.7352546763518,0.06960976634864777,0.1350384168990171,210000.0
Random_1906,0.18533823063465477,1.7495320623672326,0.03655683503272291,0.025000912012382696,730.0608046678009,1030.1996853693815,0.07098343650819182,0.13734377419834135,210000.0
Random_1907,0.0575035876253853,0.3188320990309811,0.013294902640611221,0.011827949537109986,471.2117223992978,677.9252355878205,0.08933015775619366,0.1886111746412988,210000.0
Random_1908,0.12913646857272962,0.9219791551495236,0.018323338039706732,0.011001640681044145,605.3784912541153,856.8056720813661,0.0889406903138104,0.18615138913932044,210000.0
Random_1909,0.1926222554683622,0.3128131058784459,0.0034265757821398822,0.01769819371133634,642.447853505358,882.9900255775005,0.09064754622220988,0.19284518464702927,210000.0
Random_1910,0.09682046973510412,1.3452271547861656,0.012899769046809468,0.033849997789328526,586.3015620102838,847.3019200625463,0.08530928317026787,0.17191865960608055,210000.0
Random_1911,0.0948938717481546,1.2224620776916038,0.038150221632406535,0.039505325899345196,613.4638071603139,865.9856247909345,0.05802525598252796,0.10498829295235525,210000.0
Random_1912,0.12179627541407183,0.8552040776359525,0.02019894721314076,0.011388196748385374,596.2365251648475,842.6428059950612,0.08656020561176937,0.1804855536389283,210000.0
Random_1913,0.013521123964846511,1.5054295963932744,0.03586867473620415,0.004752538171892548,423.71155341031744,671.5864692065787,0.0875953584397072,0.17894223171617568,210000.0
Random_1914,0.22995703964288877,1.2676922085146483,0.0477611713552866,0.0035585677979492127,755.7581552569483,1046.1879854185709,0.0679659599671962,0.13540402427309806,210000.0
Random_1915,0.28620454881409774,1.1870324906530083,0.03893599151864073,0.028718000153701576,809.8547248634613,1109.4100048125838,0.05889751471951814,0.11073343277009934,210000.0
Random_1916,0.051884502964488516,0.9091250896333054,0.029317314099126364,0.027693015842930293,511.38879636268877,740.709724741945,0.0715342246965496,0.14026431741627654,210000.0
Random_1917,0.1816237739129412,1.0834425330179211,0.01921076512500199,0.025802638337294122,682.5913210810114,953.1511062680694,0.07953968554998371,0.16107400971504893,210000.0
Random_1918,0.06811380647829816,1.344072797853345,0.014459356565497416,0.002987615737493816,521.3727038686418,777.4886736073776,0.10341501324822433,0.21985123757525216,210000.0
Random_1919,0.0896638513290703,1.291323824897503,0.04364300754952629,0.017187664985075318,599.0946137163277,854.7536948662148,0.06733314790122438,0.13033402678860814,210000.0
Random_1920,0.2786213719361418,0.9623768920357749,0.041014215183741196,0.031364015271414476,799.9164364488081,1087.088481138041,0.05333564661842917,0.09772000105479603,210000.0
Random_1921,0.26912967418882966,1.0049005183836737,0.019656084495562193,0.008356214454662895,751.5075550628509,1041.7695130213056,0.08696925856711116,0.18273359755413227,210000.0
Random_1922,0.15360863390823765,0.9123481662840617,0.032194440034602013,0.005648401660213435,647.2558312839931,903.68622990825,0.07892085716311788,0.16270457764830953,210000.0
Random_1923,0.1978834070038953,0.3180120754916192,0.04536046603129993,0.03268947189001335,708.8024026699231,946.3398027843147,0.04384520062680165,0.07647042608507795,210000.0
Random_1924,0.04767008305270523,0.8975429620807527,0.005922657633796667,0.029082425601092154,475.3802069652381,704.8867543632572,0.0918288864739332,0.18965573965391086,210000.0
Random_1925,0.11785172334876226,1.7829957069834494,0.01535003091230321,0.0022949123988364696,611.3971746222759,899.6833168088305,0.10577207405159517,0.22448617077873442,210000.0
Random_1926,0.25453997238256876,1.4377487598059284,0.007005039357265538,0.02629974282015089,751.2046652732046,1056.8739699859204,0.09220271556271481,0.19108351825446304,210000.0
Random_1927,0.12598481615464752,1.5761341987780895,0.009390024357248321,0.009528237287872367,612.5515509576223,893.4603330096886,0.10449450972308552,0.22142171478812278,210000.0
Random_1928,0.24109388365624615,1.072319572133896,0.015165281276938766,0.020795266579708382,732.198016836647,1017.8490246682021,0.08477702023151708,0.17516982132037523,210000.0
Random_1929,0.04668509543573076,1.1660038981867877,0.048979257830422535,0.01686744959303774,525.8530665920223,764.7267792754835,0.06313689037769048,0.11993509778599679,210000.0
Random_1930,0.11041958880363678,1.3471608170133715,0.028675746807620608,0.03101816229618655,622.339226177179,885.7908474153854,0.07240665004766911,0.14093573645381535,210000.0
Random_1931,0.23295384602051963,0.9177754469231363,0.028826451159623172,0.037933094809648814,747.6546809094355,1021.8522738485648,0.06082103303958514,0.11493824769146145,210000.0
Random_1932,0.10567351556650542,0.6863693707385877,0.036797097335346786,0.010053740555945032,587.7842308552421,821.3411643988015,0.07121256915672201,0.14368480315692725,210000.0
Random_1933,0.040293542592267854,0.40621996766535606,0.03138251471354169,0.024306243085636132,469.5503502159635,673.4485337850373,0.06721954028238478,0.1321635774450984,210000.0
Random_1934,0.040852969107444535,1.8405517663654598,0.04071462270431132,0.023942317069016207,531.9455379019354,799.811054483376,0.0733545435020167,0.14084631109470241,210000.0
Random_1935,0.21716798623674724,1.3620355716596493,0.007034033876303911,0.03919943773058722,722.9632666034853,1014.8481861588051,0.08444980537773905,0.17040622211272166,210000.0
Random_1936,0.29120326614388403,1.436889029500792,0.03736791353098653,0.03817603860195475,827.5251152150836,1138.9424219079551,0.05703949437985821,0.10386140790653994,210000.0
Random_1937,0.24887551966241175,0.1480661754634634,0.02209238052884233,0.029599892090281566,721.3999243582149,966.1464003601438,0.06386009897741458,0.12704328890717959,210000.0
Random_1938,0.03157478288342884,1.9325679744350006,0.026237135663002085,0.006642771578647667,483.69803296338426,755.9268949544845,0.09817273579029277,0.2031935086839257,210000.0
Random_1939,0.26093318004128313,1.1071554229013656,0.03416689285505884,0.01175742279963124,767.7154782535781,1059.0968220420853,0.07305057317821043,0.14773142009454482,210000.0
Random_1940,0.15535370740150134,1.5602766956729566,0.045627440660166135,0.0017003537325987138,685.2872726665073,970.5519272707444,0.07563487119162224,0.1523386246261386,210000.0
Random_1941,0.16962666513263208,1.152301171739527,0.0371750551796782,0.014776107254723662,685.9557031348097,956.0598291514943,0.07096264612885055,0.14114482728394034,210000.0
Random_1942,0.021818741885987068,0.7339215038029154,0.02430602128800453,0.006566946466071328,412.39185720632173,628.4031729286236,0.08856939429915198,0.18478960149667353,210000.0
Random_1943,0.2585018119614981,1.5082846573244981,0.037323791016861875,0.005836294723582605,779.2515797400134,1088.2970354507547,0.07782104313043274,0.1583780519646877,210000.0
Random_1944,0.08484063135541535,1.1037898163819637,0.02839247520198464,0.03577263582152002,579.89119527692,825.6386859710819,0.0681956059583191,0.1307251675072363,210000.0
Random_1945,0.07214442835356663,1.9159378676266623,0.022460182842291673,0.01827968756054639,568.5432600069489,849.5373815063133,0.0926054586055011,0.18891496904986693,210000.0
Random_1946,0.08905727450042597,1.9738014475156984,0.04301241113874923,0.014301697830332812,619.2913216919426,905.791576737729,0.07647733265916828,0.1500290217307038,210000.0
Random_1947,0.14894120794985957,0.5069007302140237,0.03904190156470062,0.027705134884198162,651.3215192380623,886.0275911692463,0.05558963457707984,0.10448045457460016,210000.0
Random_1948,0.012782256685794035,0.11297071175264688,0.0319711012917615,0.001759324691787918,365.3036021622857,550.8844142839193,0.07903894828616664,0.1645857261789135,210000.0
Random_1949,0.008812246234069985,0.7351641116236454,0.042750680903804655,0.023811794913399676,398.18602606624603,608.1464745824512,0.06271148005176196,0.11879796977664211,210000.0
Random_1950,0.14638188237551863,0.477121087349917,0.00932449333270589,0.039844788013636126,620.1189494349663,854.2513264518849,0.07482031700435049,0.1499729214701641,210000.0
Random_1951,0.028414237494283862,0.8960140137220303,0.029816652434785464,0.02179773375216662,454.10759597554465,677.4026350716508,0.07567520805134643,0.15070466162791196,210000.0
Random_1952,0.28616678304515264,0.8449769106558773,0.010968271625367693,0.001200213892431799,745.0272975257842,1033.6194754251628,0.09715928453098689,0.20945117485485398,210000.0
Random_1953,0.26472336501679067,1.9996405490806097,0.003329762494875806,0.03357485352076622,780.5470023942985,1113.7592990758724,0.09656445222811169,0.19836705804996663,210000.0
Random_1954,0.16251269861131512,0.5171862597918694,0.044044385471554155,0.03122926946792947,675.6310443025941,913.5107082508982,0.04873178123684088,0.08735410049788825,210000.0
Random_1955,0.0496451159589812,0.9434674765932225,0.0041055001176515515,0.029031388811274438,478.80058981775437,711.0169541398806,0.09386465457710522,0.19447455358264004,210000.0
Random_1956,0.027036622367183807,0.6839205774547314,0.04048213492406743,0.003913090008949106,443.2402961491229,657.2242597317405,0.07476886698144912,0.1517796439896916,210000.0
Random_1957,0.08505423383674152,0.9325982930163412,0.018761068981596137,0.026372970528279076,556.0918335594237,795.7115920435543,0.08078442672628965,0.16351523764862919,210000.0
Random_1958,0.17189566019284452,1.139228799910068,0.041828534781317206,0.011037814547965229,690.9364335762068,960.9463366740284,0.06883185766362054,0.13651717559552815,210000.0
Random_1959,0.03526095699344191,1.090147263847713,0.023181870330403132,0.010022192094176843,461.9900430481306,697.2055841756718,0.0902688938634737,0.18725616275711537,210000.0
Random_1960,0.2081250464939213,0.7508825031171397,0.005253587627624911,0.003756642988221261,665.8013595104535,930.9015153249375,0.10140246555878847,0.21920083887123848,210000.0
Random_1961,0.07595829834055286,0.8142294060704817,0.0466743900223561,0.0016789796733294002,553.727380690092,785.4890089727471,0.06961584862148741,0.13989034936470063,210000.0
Random_1962,0.2325384971069663,1.1398365607980152,0.007283727281862784,0.02538827471787312,720.4067551025461,1007.2202644552194,0.08996559710282713,0.18686239340575989,210000.0
Random_1963,0.049732201651921375,1.1207634934426887,0.026865986058541326,0.024921325116293785,509.61729375074077,748.3417164746553,0.07761530884243918,0.15451569321494427,210000.0
Random_1964,0.05688903865932375,0.6849843870677833,0.012452780810192778,0.004354117856540318,476.62848142821275,700.3304866177554,0.09825958579626835,0.20979641212584343,210000.0
Random_1965,0.17613710827592932,1.9932567710026385,0.008344778084333329,0.031103818937319377,699.2686192155719,1009.8435632179408,0.0953662377323313,0.1949530366560015,210000.0
Random_1966,0.031905370198859,1.0872825607643128,0.04870581493218705,0.0066180900526616035,481.89320021182886,714.3713455971498,0.06949432325642026,0.13685908451890103,210000.0
Random_1967,0.15778664630364708,0.6679265125439218,0.02540586788201307,0.03148055000264288,653.402159999652,898.3546012092678,0.06698118057225619,0.13120779399064994,210000.0
Random_1968,0.2896986443638008,1.1249654916924796,0.0013571213123423748,0.030742416658968715,766.934975117382,1067.415120296789,0.09081806361438974,0.188796312040255,210000.0
Random_1969,0.11522184576018933,1.4676629682870002,0.012828185666702446,0.01763120489833523,604.6029618782163,877.0165056459756,0.09576367093807459,0.19934358565013408,210000.0
Random_1970,0.04475421823002341,1.5936194444135232,0.007298263953961419,0.005963254746312505,479.10561079932404,740.9461188594165,0.11155876547827849,0.23781292347644742,210000.0
Random_1971,0.2184493891655376,1.9546586173875828,0.004627299346995937,0.0028791165997330095,716.6283191722546,1038.5997909703417,0.11430683287446232,0.2456110993702331,210000.0
Random_1972,0.17914743387448823,0.17128035481102716,0.019249021787254506,0.018558974525589012,643.0172263160454,872.4870610461362,0.07478813687789357,0.15445307523064972,210000.0
Random_1973,0.1778356936631943,1.2561160585056381,0.04448321449697245,0.006084740409059595,701.1383637295517,978.0770733856215,0.0704413093812533,0.14065543680009374,210000.0
Random_1974,0.13103730083498952,1.309880962145705,0.002920298776923423,0.03458972104437361,619.3546691407241,888.0578360603243,0.09247689315777392,0.189949778387029,210000.0
Random_1975,0.09384230823913613,0.4487211900879591,0.041882176513198456,0.013664083811044316,571.2319396725261,790.4412694603288,0.06246806436268822,0.1227176245956793,210000.0
Random_1976,0.1245768119486374,1.5218316631075421,0.043138454540224816,0.01875740843468871,655.8194039844789,930.4943627734846,0.06808017438576736,0.13140200358156928,210000.0
Random_1977,0.016504720691698404,1.9033687229345786,0.008955973363811907,0.034817902563033305,437.36123489945396,703.637097530287,0.09751315566929405,0.19751676096785004,210000.0
Random_1978,0.16668393027194792,0.1397781481538613,0.026383891612539043,0.017685446141539496,636.375207505071,860.8106597196554,0.06887562267676176,0.14012351025189207,210000.0
Random_1979,0.19328965551073493,1.369517713303615,0.04356893884742405,0.022198663926814178,731.4373862574704,1016.1266890118777,0.06237098992701788,0.11843493874434044,210000.0
Random_1980,0.05474727161553788,1.8758839656431514,0.017603451374412583,0.01634703532802202,528.8062191527149,804.1917765743465,0.09842788524539599,0.2032755758098182,210000.0
Random_1981,0.2323396329961182,1.7308825283844012,0.033039917025525514,0.001927072839748465,755.3923347872491,1068.5695976243549,0.08677633192645885,0.1795658679068081,210000.0
Random_1982,0.26970284384844656,1.1423849605202336,0.04662562712272105,0.004668613211409669,786.5985578349082,1081.3280527937,0.06627303276965318,0.1320283694056541,210000.0
Random_1983,0.25169457146051416,1.330786642279177,0.033564785045178194,0.00617255565360977,762.6986021128042,1062.3286566245927,0.07936219229838126,0.16282944831724733,210000.0
Random_1984,0.11858122224029889,1.0594878492546944,0.016919377807437627,0.0019993687878857853,588.7055051367497,844.5142641856597,0.09728069232884627,0.20699388601956317,210000.0
Random_1985,0.23865613046553294,0.8391142018336618,0.04153028510928188,0.021352051094384875,753.8237727928167,1026.2173575954214,0.05843216592265353,0.11171139736384039,210000.0
Random_1986,0.13948624640398966,1.0757194056296178,0.04933758289646157,0.010114627575517572,660.0662359816565,918.5889939982285,0.06281502139292569,0.12184915859705972,210000.0
Random_1987,0.022212607630314542,1.5524722345794422,0.016610819060419287,0.01860202135709788,441.4259780532988,694.0233532835509,0.09643299344336842,0.1987808507197299,210000.0
Random_1988,0.13435242704036565,1.746937888802746,0.01114377077722966,0.00437051888607588,627.4617644807873,918.4209330639378,0.10748685051865828,0.22876798517199437,210000.0
Random_1989,0.028772579863134196,0.49023737570843695,0.001322956749901786,0.025697749868533667,409.3966199617539,616.4887903049422,0.0949005663431836,0.19899285003899303,210000.0
Random_1990,0.07846895296330976,1.3670551284319135,0.030073128873646826,0.008482323655746509,561.9831036096837,820.0333864275958,0.08591287903998536,0.1764035770682133,210000.0
Random_1991,0.24435033852435808,0.916041122712327,0.028536433638366058,0.011006330303901898,738.8958394864571,1018.04185352422,0.07698746168996924,0.1581578178030313,210000.0
Random_1992,0.2096952144776101,0.3309413609381999,0.026980221549682375,0.013810097678094227,685.7586922971487,929.811631620548,0.07158265759825518,0.14684918750539971,210000.0
Random_1993,0.24981090948377474,0.5550316952759059,0.021298117035203387,0.024498085263383873,731.9622958047902,995.7277532792626,0.07168694298874521,0.14505540505805553,210000.0
Random_1994,0.21822898419578562,0.655262719624381,0.049539130068359034,0.02536100629757052,740.5687224503691,998.6207799731383,0.04740780931677424,0.08485556408717665,210000.0
Random_1995,0.16691030698192555,0.806570909779275,0.034758174567736895,0.007846386643381175,663.1241828198422,917.7390856085016,0.07390458842644715,0.15076735236844704,210000.0
Random_1996,0.11878697095478416,0.6154732551715926,0.0369606705068099,0.010446106598309007,603.3960151122488,836.996512165257,0.06972936798206261,0.14049602512207762,210000.0
Random_1997,0.09614359864870935,0.800717877925993,0.0035285408765732174,0.01633105259263637,542.7543927786346,781.2338294699449,0.09883145418621794,0.20971907098475207,210000.0
Random_1998,0.04097419586328889,0.8071938089843645,0.035668600665908996,0.011446358515977435,481.2453097341666,704.0433833697343,0.07505396561072933,0.15126194754870406,210000.0
Random_1999,0.1336892385737793,0.7064551881062296,0.03114609934401512,0.034809094169947666,635.5394679042047,875.4758455313128,0.060834898165286644,0.11528771892498817,210000.0
Random_2000,0.12384161671449806,1.0952780711700953,0.04403009229316222,0.027819319064999938,647.3646051880941,901.8645696607199,0.05759587868441397,0.10645199282556303,210000.0
Random_2001,0.13949306975940567,1.262919342586792,0.0249239823812488,0.01960906029342078,643.9762373406228,912.1182317829064,0.08096241890030949,0.1641116207307511,210000.0
Random_2002,0.10317573821364664,0.4463410561442718,0.01731598553666336,0.03223557002199012,568.0548422635648,789.9699998987763,0.07311348548438215,0.1464063487453029,210000.0
Random_2003,0.054272965517149274,1.9695642195240812,0.03828935997792729,0.011044153004470675,552.2819165876897,830.5338668069688,0.08394941463847487,0.16816542408399052,210000.0
Random_2004,0.10231768603235454,0.22161281539205008,0.045429945659377316,0.035891491293527276,595.2806499469482,804.3269331914468,0.04339685511299779,0.07426513544483371,210000.0
Random_2005,0.12134215742429864,1.2569128784108752,0.039223934548469896,0.010618315029054047,632.0013036521826,894.9105425705447,0.07392975843018008,0.1479226170293506,210000.0
Random_2006,0.03211460934010418,0.5889182519712679,0.0331144667081772,0.024725569313711313,458.94234264209064,668.8451134340727,0.06766671099960007,0.1321974075904447,210000.0
Random_2007,0.04893696402930766,1.0401741289336346,0.013358825978185766,0.03336880121766218,494.8901525200424,730.194019153715,0.08393317704545676,0.16917530321257432,210000.0
Random_2008,0.0325164776692383,0.8305510459746861,0.04615984067774785,0.027119761972338674,485.73586173549245,705.3774100096559,0.05688333149009404,0.10445482192015348,210000.0
Random_2009,0.2772217014921225,1.4718156793800876,0.04848648058273387,0.0029292429553878707,805.6144204616568,1117.0382935237415,0.06879240905354542,0.13701852869184208,210000.0
Random_2010,0.14033858986749242,0.5093774417682891,0.03972115012473323,0.016817117276970155,634.42170536904,867.9052763233498,0.061762110435605554,0.12090891391052973,210000.0
Random_2011,0.15517033868637703,1.7318376376994986,0.0026415527005015666,0.03964779636174528,666.0626361953318,959.4047666384238,0.0932739678365625,0.18963219604822623,210000.0
Random_2012,0.1895210413000167,0.2936084297539222,0.006902643204874314,0.004116752507684571,633.2473235755374,872.9584115824634,0.09554685102114333,0.2066859437572631,210000.0
Random_2013,0.12465905567822955,0.6722546155947049,0.016362120801908037,0.005491147995574338,584.7710640527907,824.4390241703112,0.09164053077137889,0.19453975402376483,210000.0
Random_2014,0.2710909026559983,1.7308390671541654,0.012948090265053641,0.03657386442130948,790.3162958564026,1112.0150231674306,0.08329751266702932,0.16678624345951343,210000.0
Random_2015,0.10276346756355219,0.4474564997109527,0.008637332094061326,0.0016499612349471836,535.6914223725121,760.6948482840723,0.09929964107136843,0.2144843648111334,210000.0
Random_2016,0.20174844656785998,0.9368037257769152,0.03469456709418022,0.0024467254945359966,700.3820667080685,970.0040426028974,0.07769160828858124,0.16052669954167598,210000.0
Random_2017,0.22024794658543811,1.4875037464208252,0.01473937834598895,0.014529381867006079,722.295684597339,1021.953839015596,0.093505851562603,0.195304199040008,210000.0
Random_2018,0.2300942196223597,0.8623141691610053,0.019738655360247208,0.006308528702087426,709.9965881623999,984.2405059552482,0.08747960718573496,0.18454034074653602,210000.0
Random_2019,0.07226692123849235,0.7370645576893691,0.00723007647759514,0.03804481731330079,523.0472913965577,750.6599352989307,0.08266018484829972,0.16721041218024102,210000.0
Random_2020,0.27187027990273793,1.566730561065561,0.020281045346255015,0.026541950705754113,787.0228222538174,1101.7474277932913,0.08106095809319609,0.16339271776558847,210000.0
Random_2021,0.27848854852426325,0.3580692560422576,0.029952153809936384,0.0066391256750924455,748.0705245206522,1010.8784758148173,0.0720858758816536,0.14953523996929563,210000.0
Random_2022,0.22872059832216757,1.1391877304694789,0.0043258047835501145,0.029116940928460212,715.8670763303489,1001.6352541250566,0.09046353996745167,0.1875499816500992,210000.0
Random_2023,0.1000557785059279,1.2921270976019217,0.04128347020610543,0.012875292121667832,608.4616697038107,867.2886327361572,0.07171465357185142,0.14176580221259355,210000.0
Random_2024,0.2625854338934507,0.670461319210957,0.029071988771567935,0.013344103648151494,748.881221064244,1021.3050515085222,0.0722847429796459,0.14760304899140403,210000.0
Random_2025,0.21640326905120894,1.9446018287142928,0.04631528355051167,0.014351528544443739,772.3579571393545,1089.1125117267034,0.06984751301184662,0.1354283011857111,210000.0
Random_2026,0.014602466408936005,1.9113722108896132,0.02771819601393612,0.0052655230449310825,432.60232756928156,699.6259961368387,0.09859121856184008,0.2039889495001333,210000.0
Random_2027,0.25310240950441565,1.4610779779525034,0.0014820988199815285,0.02211539303610465,741.180582376949,1048.3168944124288,0.09994579814344864,0.21045259954446283,210000.0
Random_2028,0.03375743376596472,1.5430859559100458,0.016451385316298982,0.03420055719791261,483.04882644373123,736.8748975000376,0.086429639220822,0.17259850143595928,210000.0
Random_2029,0.16151436613250694,1.6643159193488228,0.03650204034422656,0.026295985341266044,702.1603449935407,992.409310842525,0.06997596168638306,0.1348327130985691,210000.0
Random_2030,0.2489286667615736,0.5919693075285783,0.015562267132471497,0.002903015861335503,710.4605223121239,977.8540852017986,0.09019329280844406,0.1930004724193653,210000.0
Random_2031,0.21128762549825622,0.8289197677960171,0.032780996850911535,0.02516182555303053,719.6569693665436,985.1448394996131,0.06449599843842219,0.12581486791526753,210000.0
Random_2032,0.05156296747097508,0.8806574886888345,0.012438233656092687,0.010093580737353454,477.18172431053745,707.8995080178031,0.09701452003614908,0.2050163143149197,210000.0
Random_2033,0.23610035782533073,1.756035668134261,0.02885395751072001,0.013764633199360537,763.0326741013206,1077.6698813668886,0.08361498314731816,0.17018253001060413,210000.0
Random_2034,0.04689547704417189,1.3400917126399219,0.03734895498872635,0.015059892282015364,517.1621524677703,764.9974410159504,0.0764198495575254,0.15187616020675404,210000.0
Random_2035,0.15542693102879093,0.4418316834618109,0.032929836413777495,0.005838440106015286,633.8848221142147,869.5225185056105,0.07339355552255791,0.15127980043719866,210000.0
Random_2036,0.20821140497308363,1.2967265279891274,0.042636924975368445,0.029680199060056124,747.9975690835726,1032.6177441635202,0.057659875781771064,0.10639290194937229,210000.0
Random_2037,0.29601822125886124,0.9465898722882848,0.034009504850643295,0.005685956744208803,787.5902302572945,1081.0156928973945,0.07456425899554557,0.15325033335315028,210000.0
Random_2038,0.22573036573330435,1.972697982673704,0.04842412955283545,0.03774567464232114,801.1751656238425,1119.4855819418726,0.05399564047674276,0.09352335927542293,210000.0
Random_2039,0.17488615253527715,1.6020311680276262,0.015521960107155966,0.022758710343712105,687.0030658939247,979.7535529529177,0.09003144302996927,0.18475061787959124,210000.0
Random_2040,0.1393950349489884,1.3388328919391432,0.04490121808969327,0.030333465284360848,677.9948390353039,947.072303239888,0.05731002457003433,0.104526175790447,210000.0
Random_2041,0.19777125053281874,0.45596371368001354,0.027720639885158323,0.003061056260550676,671.6095543838042,919.1081984409527,0.07888013154692884,0.16544758463557405,210000.0
Random_2042,0.19957313643755642,0.5864397904682372,0.03355880686629698,0.024778847236388048,700.203637317501,951.819699669746,0.06185944153104705,0.12038382142102005,210000.0
Random_2043,0.2367678591352243,0.9000009643532461,0.013047909286811377,0.03554629964511716,729.9691137393642,1005.7735852045121,0.07619735196297094,0.1529570203531704,210000.0
Random_2044,0.18368048218977556,1.352382307566494,0.005511297838687516,0.02725668513868661,678.748266854456,962.9041526042022,0.09363805173572036,0.19416891028049105,210000.0
Random_2045,0.039958535889406066,1.8097950701892715,0.03960636407350888,0.021228450620320947,525.6370613404152,792.2006882957776,0.07571722640662315,0.14710052693571438,210000.0
Random_2046,0.15787639913320795,1.877208539448181,0.02218541461550405,0.015119323526482067,680.5112916924772,981.4703966995885,0.09178688548453562,0.18865187571227682,210000.0
Random_2047,0.13250238302142403,0.5698319724680587,0.039529225040369514,0.006391040439309705,619.46080839522,854.5552216732643,0.06900721756914269,0.1396463289464137,210000.0
Random_2048,0.26712019594507824,0.9952159982086106,0.03314192839202525,0.008145376609777717,765.4576863352304,1053.7194708407433,0.07490046404782666,0.15328600609493212,210000.0
Random_2049,0.2525908374894981,1.7998784090655624,0.018140619584170247,0.020482231392605087,771.4277934408764,1092.480203143059,0.08933120443716705,0.18321326848362396,210000.0
Random_2050,0.1509044334460816,0.9997306232249,0.046774235663170204,0.0334963381166066,684.1848698590197,940.4772103632785,0.0500334072972381,0.08795858508256549,210000.0
Random_2051,0.2920648711876216,1.6715968519901054,0.022444010192746947,0.012992393468663408,800.9206158621504,1126.3237797056977,0.08791231796782772,0.18165007447109133,210000.0
Random_2052,0.20749306789740868,1.4588286238649302,0.015426890185674495,0.019016348229917743,712.8453767493222,1007.6104727243488,0.09018399473514055,0.18659069410404416,210000.0
Random_2053,0.05246619449435058,1.753871137951237,0.0221142959358346,0.0326267873451876,536.910898979603,804.5723621485145,0.0834786725660003,0.1650609118195917,210000.0
Random_2054,0.2791684539475161,0.1348673782150863,0.03347656549107315,0.009495682473985727,747.066761286961,999.490126956314,0.06495507653960793,0.13272125389319225,210000.0
Random_2055,0.1544096135691484,0.9441821419455746,0.04195073337844767,0.01522699080764325,667.7010467453914,924.217428590342,0.06469096915742668,0.12651084864041695,210000.0
Random_2056,0.21623872536170283,1.954184049120177,0.03593220212881359,0.023021313621816857,766.1432862063748,1083.424968497158,0.07408977523779453,0.14459814417533684,210000.0
Random_2057,0.2994485172143931,0.3915031071621593,0.012523301648208796,0.014060699900715627,751.0700646536284,1021.4231136556099,0.0832632617812576,0.17589292294294542,210000.0
Random_2058,0.050994364683054606,0.3645842574508118,0.013747414873659894,0.010387611238809345,459.7660615262911,666.9901421933438,0.09052421607159629,0.19139442169820486,210000.0
Random_2059,0.04726342307325571,0.2383513482764714,0.033881903284972176,0.029386334453572267,485.2323877510689,682.7125951727404,0.0599099693541036,0.11451264361278946,210000.0
Random_2060,0.17413705162959506,1.7924846914530448,0.0226152754225946,0.005674547600047599,689.4150642491416,991.3479524301159,0.09582042411369703,0.20032491901833716,210000.0
Random_2061,0.08793948130822768,0.36222336173812475,0.007889933763397156,0.0306295650225954,530.477759628331,745.6811213307242,0.08221263586264205,0.16901747221088706,210000.0
Random_2062,0.04197852181066508,0.7510217083953599,0.00803598284474311,0.027902961860425003,459.85895899144765,681.2744507454917,0.08943832326339377,0.1845010686447203,210000.0
Random_2063,0.05844138454267869,1.5813216632597504,0.027175091827164013,0.03351421866238442,548.9881980527173,809.9028741959119,0.07641217220000013,0.14854862020418086,210000.0
Random_2064,0.25573262585159395,0.153209913806244,0.024539788605862273,0.03282859717391402,732.9202322202849,979.1583639420824,0.0596351284020315,0.11632290249215246,210000.0
Random_2065,0.19270751438156747,1.7184883557496038,0.040705187263634805,0.004048356949903085,726.9133432638299,1028.8419143308708,0.0793415080451429,0.16078159840487055,210000.0
Random_2066,0.15479349213332302,0.17421910094655552,0.04433107835563247,0.016895610224976633,645.2161266487172,866.8562241381943,0.0538380935337138,0.10318551163518395,210000.0
Random_2067,0.1247833643445511,0.5305766503035664,0.048930394000916644,0.012870103502855737,624.2179278033678,854.3456783528643,0.05648141202739404,0.1082426250532791,210000.0
Random_2068,0.2980026940976238,0.28750919184492996,0.009783913962342045,0.001366821933701812,734.0669009626251,1000.6134292483695,0.09233155158901703,0.20020280881961647,210000.0
Random_2069,0.03388628682531692,0.9480666801382766,0.0017932863756655022,0.0066741481622672755,425.6802356512314,656.1374132007485,0.11018057451076775,0.23697417520636238,210000.0
Random_2070,0.08903278193538666,1.8121813337306496,0.046985273296600565,0.016873472538909383,620.1653592680165,898.8630151029015,0.06974331153914731,0.13394312474409065,210000.0
Random_2071,0.10379108392206822,0.8613449970562506,0.00374357142227239,0.003460695256427193,547.0114601073459,791.1434146210983,0.10672449380723545,0.23056728094299106,210000.0
Random_2072,0.11966395145271543,0.9232598862203154,0.014361040569823576,0.02439751632110162,597.9579055696456,846.3199037614646,0.08475065701351485,0.1739978912706596,210000.0
Random_2073,0.048435597247366964,0.7291794751919031,0.013028763116765887,0.030032797029616344,480.2515544608709,701.7286053446377,0.08314461196976428,0.1690645998809757,210000.0
Random_2074,0.23326012381002875,1.1770410000374643,0.02734916170798626,0.011788507490200294,736.9404801788886,1025.0913425972267,0.0804236578382923,0.16519224799730997,210000.0
Random_2075,0.21469830973402013,1.4267403765536297,0.02392348279569477,0.007860492827599432,721.166378145338,1016.5015544738928,0.08875286376103342,0.1847921372727491,210000.0
Random_2076,0.10723360745600477,1.9776058657364193,0.025285390952950678,0.03494322965719337,638.7378216696804,929.720197843009,0.07950396041727413,0.1549164725904906,210000.0
Random_2077,0.14712295861623575,1.6518294536666727,0.012765142436250286,0.021144595754429937,653.1429153377092,941.543201351514,0.09467158674676632,0.1957792782172605,210000.0
Random_2078,0.18678653300726691,0.9292883299671472,0.0150260949416448,0.03392263951870571,683.2715215113949,947.8702308549052,0.07677205262164602,0.15396461145915183,210000.0
Random_2079,0.1160903601729191,0.3414489440948205,0.028407044960990533,0.035690527953913226,597.6708558814482,816.9308425757526,0.059619425107770976,0.1135998210495804,210000.0
Random_2080,0.2827313247487543,1.1740620161153301,0.001689067952516055,0.010804104593084049,749.2342976353094,1051.7504657440397,0.10310349908552521,0.22120972915281034,210000.0
Random_2081,0.03729820165314279,1.100888186394405,0.04094081099146405,0.020524600826871242,495.8419613151362,729.7892471707032,0.0679848430083311,0.13138352128932806,210000.0
Random_2082,0.11818077668934589,1.6339075111791355,0.01717623147267749,0.025026303163515517,624.7135324925838,904.4083618970859,0.08898919867450251,0.1810973834945278,210000.0
Random_2083,0.2708524822276183,1.742710576053638,0.017225779432149608,0.011780721597704876,778.3037180823468,1102.1182944792765,0.09444677336890112,0.19729094632586042,210000.0
Random_2084,0.16394968927880318,1.2584825385823313,0.02278483859979824,0.0038896746414202894,658.5277792327387,934.0129547293469,0.09164652559862815,0.1926232459007689,210000.0
Random_2085,0.19730478439152282,0.31414880791948385,0.03495090347716715,0.016925862008737014,684.5554245174729,923.868175732858,0.06264635710757832,0.12454200802079494,210000.0
Random_2086,0.09860997759614325,0.9704362458195072,0.044593032683140466,0.0026548961258213277,591.9553659884548,836.4976571446515,0.07169725023727742,0.14449532895097011,210000.0
Random_2087,0.07559149048980694,1.788012130682208,0.04475096901398965,0.010543241661814935,591.1070167344158,866.0418983835024,0.07577952285979841,0.14944136144927503,210000.0
Random_2088,0.29930531823600665,0.4518291175441924,0.03443755041533302,0.015047913027305758,780.0518503926503,1051.2516531657295,0.06355398728167896,0.12731378918630243,210000.0
Random_2089,0.1993075311661038,1.6270457369539593,0.04494249460544881,0.0020230635588253778,734.088587265567,1033.375283566879,0.07567959967924129,0.15257297609277287,210000.0
Random_2090,0.18026152916573251,1.590171758917391,0.0350171729549834,0.026063796955587713,718.036231701679,1009.772865551549,0.07025654031801001,0.1360806926717916,210000.0
Random_2091,0.020312761587251132,0.17434396298735466,0.01369800521731622,0.03886268428789798,398.0140852257663,586.732898796593,0.07324716744468569,0.14547005908728572,210000.0
Random_2092,0.16519202598215998,1.2365889308301317,0.03180768021496172,0.014686644448660129,677.5248771820146,950.7498395918208,0.07679822606272982,0.15499872226001088,210000.0
Random_2093,0.2569175251570488,1.3806623002131704,0.03804875634396745,0.003716114926603556,772.7662599958863,1075.7842550930957,0.07719566686044238,0.15768538521265632,210000.0
Random_2094,0.2793511649468922,0.6938670669733769,0.004918113309239142,0.03809026534089106,752.5334026700368,1030.1545416285514,0.07908747318430039,0.1609715949085487,210000.0
Random_2095,0.05261150490731231,1.0053810050081982,0.012616705408362322,0.0366237296375302,502.39977381948194,736.8555604680074,0.08213709781319578,0.16457802160803456,210000.0
Random_2096,0.008840880355284247,0.6664131560189411,0.005744971320390533,0.03698353148536993,360.73025826268207,569.5107901478947,0.08742301936555394,0.17775463760880367,210000.0
Random_2097,0.23929640882363376,1.60105332915728,0.014825949615567217,0.03761992584245914,760.4233437200834,1068.0991757014274,0.08031163669717178,0.15964492321113305,210000.0
Random_2098,0.0644166041312685,0.8863447241212002,0.03506058993837303,0.00740612988742187,526.7029012714348,759.2952273036423,0.07778915309577983,0.15859161826124166,210000.0
Random_2099,0.21075840424733877,1.9452929590217949,0.012050696083528472,0.035446404611501635,740.5344516421462,1056.9624678043592,0.08815777413596139,0.1773167079939107,210000.0
Random_2100,0.12329361203124843,1.5928678318199303,0.016299898433921305,0.006222735527308191,615.6848781718846,896.3855228946952,0.10050249038754376,0.2119959271905957,210000.0
Random_2101,0.16537170646420785,0.8560518535760095,0.021573960022012895,0.03798515219029443,668.4334551163017,923.5339861662895,0.06821967916440472,0.1326157134438865,210000.0
Random_2102,0.09672853080092843,0.31934203512621273,0.03646196380200393,0.022704070699504513,570.7350737266692,784.5543152474602,0.06053496836652935,0.11740352293245532,210000.0
Random_2103,0.24638160582018595,0.23957460223930366,0.010424926263407477,0.016749336202300426,699.3511336214641,949.5534511800226,0.08303634231538184,0.17520297964448053,210000.0
Random_2104,0.011169828106054023,1.0352997206793195,0.040588769831669765,0.02749984234689243,419.3105704230478,643.2444259058457,0.06520945079996732,0.12318345672850974,210000.0
Random_2105,0.03750501947848178,0.6771176715965275,0.013718093275685083,0.011674567551790582,442.628942125932,660.4440793511981,0.09354690969448597,0.1969367550579816,210000.0
Random_2106,0.12930379231124542,0.8860502852936445,0.016339934258410408,0.016840273678585104,606.0374012553169,855.5811955363828,0.08685863051132851,0.1804451778478588,210000.0
Random_2107,0.11955886889111254,0.49232403426086147,0.0070224216463488625,0.018464471961025946,569.7789491769507,799.7842964528776,0.09060892053695721,0.19102308363096449,210000.0
Random_2108,0.0960528133330828,0.2835381368947547,0.009423049001177037,0.018879265320967415,533.3784741325255,747.8867084802886,0.08682860041274955,0.18233627509664133,210000.0
Random_2109,0.058976407620681216,1.3845205624047328,0.035099502640839615,0.037425375592345246,555.3409140945658,806.5864510492943,0.06494341615129007,0.12087688100930617,210000.0
Random_2110,0.03272962706878739,0.8450960704720675,0.016173781819862093,0.009619057055950137,438.5422229067687,662.6905257351438,0.0945048565595581,0.19869257756879136,210000.0
Random_2111,0.18993022219317365,1.193640139340611,0.008972511473099617,0.029059185559990684,685.1147102697693,963.2685363257428,0.08770943280421904,0.18020618679520195,210000.0
Random_2112,0.13957912436383152,1.2046620510909611,0.00851518747757398,0.026859209215880295,627.4254501715656,893.7000718261403,0.0907953683191387,0.18744097796089565,210000.0
Random_2113,0.21283744842327157,1.3472362836589005,0.0158079891441335,0.030061460799600925,722.3746621506681,1012.5401010256378,0.0819814342895544,0.165615088601615,210000.0
Random_2114,0.2701881430849708,0.8947860502601854,0.023622672114469803,0.01965791206540222,761.2418831022245,1045.591844400786,0.07549678333011609,0.15368133298828332,210000.0
Random_2115,0.22602929189623625,0.45775932134540775,0.0449999031468427,0.006215027858763643,722.254821475303,975.2641194294569,0.06084015606712928,0.12119433973201603,210000.0
Random_2116,0.22158510195104159,1.4416588288441696,0.01724102404603307,0.03781048643060587,741.2700692380859,1037.1368711857028,0.07679880943594006,0.15157701468122453,210000.0
Random_2117,0.2427385902503981,1.874663271431125,0.0457675208094109,0.014303458803887746,793.9632346396573,1114.2020510475936,0.06912008705894093,0.13421178227256242,210000.0
Random_2118,0.13051036699732294,0.1330515305722833,0.010629520301606885,0.026038394497472837,580.7750714351275,796.4565488762846,0.0789156666167943,0.16316416731395667,210000.0
Random_2119,0.2793919587822504,1.425035945287886,0.032386784019402946,0.023145785001361663,800.6603129189639,1110.1923146308202,0.07064327473438475,0.13907352186046362,210000.0
Random_2120,0.013155028580243262,0.6936960877188652,0.009851912081094656,0.01388748621433486,369.0487335886088,581.6546628173841,0.09744384081624476,0.2053919223143177,210000.0
Random_2121,0.16237639935961218,1.348721880913604,0.028040314767218775,0.009805380889332069,670.3810056480086,948.6399344764997,0.0843085159745324,0.17347875368644441,210000.0
Random_2122,0.11121227286617633,1.103358161437557,0.02470543310253959,0.022873602105087706,604.4121141455383,858.0599768101622,0.0784048297301792,0.15777804537730747,210000.0
Random_2123,0.22116278787428048,1.903269081819291,0.03562688343174555,0.0155353348507263,763.4929430043596,1080.3377711922003,0.07824170524969543,0.15601852318640214,210000.0
Random_2124,0.165295508355334,1.5920352017762902,0.02842237697967154,0.015832765411832008,686.8199730651774,976.2450228426236,0.08270924342586779,0.16771642989513413,210000.0
Random_2125,0.01331450316436645,0.8940759562637237,0.02143916093730021,0.03696350223380032,406.7437423632678,625.6335731325389,0.07515964361866204,0.14695822196888386,210000.0
Random_2126,0.21022956609711463,1.4068700647987198,0.04641837789806454,0.0393290078575967,765.1299916495667,1054.1367452293348,0.04952459626064628,0.08475023821902805,210000.0
Random_2127,0.2609570075997259,0.48142905054960816,0.003729741645684514,0.007555764983940947,706.3703035431479,972.3710221874417,0.09670727378267474,0.20890034491349932,210000.0
Random_2128,0.027166768992097266,1.8085931834129902,0.026852768794270697,0.03799332614271821,490.46051542194243,753.4512133285922,0.07782597527477847,0.14971351257476131,210000.0
Random_2129,0.1982768960820845,0.7945231120208803,0.018059703539884148,0.004495005254879635,673.3811022679789,936.8994896258586,0.09008883599425258,0.19115578847059966,210000.0
Random_2130,0.07767016459294632,0.7511097088455753,0.02671441174330907,0.029074473564609144,549.5225730710816,778.2769402927357,0.07044956887683901,0.13858358363051074,210000.0
Random_2131,0.16101862947323037,0.7328997764218217,0.009586676657888513,0.029024072847011844,638.6164951806427,888.7627825275401,0.0832611197300558,0.17107793965815143,210000.0
Random_2132,0.22582043668370422,0.2658051983051335,0.048613808174742756,0.007875397139824636,720.8376402136471,964.7348468831389,0.05467627277599031,0.10675686342615365,210000.0
Random_2133,0.07082656449460646,0.8274050028456974,0.04486282400360727,0.014773065464157638,552.6550560051492,782.8240510994359,0.06371101700724228,0.12356767822737856,210000.0
Random_2134,0.05436530321953445,1.8999621657886752,0.014042969243153475,0.01504619951952035,523.7298935464096,800.4923833107696,0.10266995596092848,0.2137042444167874,210000.0
Random_2135,0.03285346763611269,1.7881720477284484,0.0019526131703793363,0.02698358396200976,466.9473961728914,733.3136094591086,0.10630911313730317,0.22104374742165062,210000.0
Random_2136,0.2320979934438592,1.0991959672332836,0.02909888159376062,0.006886694803646467,731.8001498156727,1016.4096205903428,0.08103563942937278,0.1676770482997827,210000.0
Random_2137,0.24490715712797317,0.6783653107722353,0.008938112946753028,0.001879231324598061,701.17684057277,972.0646812978058,0.09771419361127646,0.21110144951401252,210000.0
Random_2138,0.23674224154049378,0.40810699327528166,0.037761579385973576,0.007290299992235534,722.6063371400793,976.5525618723337,0.06599023544297503,0.13395971913466637,210000.0
Random_2139,0.24459641427169945,0.7522767572783008,0.029832203281801944,0.023000382652451724,743.3388043835466,1014.1137551542548,0.06698221711471405,0.13283139985572662,210000.0
Random_2140,0.1793877633277141,0.7872079941776705,0.02896136326286842,0.007056491521760513,668.4331934403051,925.8230656274585,0.07910211956628521,0.16379709721871888,210000.0
Random_2141,0.016659408024179433,1.2194515130341734,0.02564072171618087,0.02561367385112117,427.54343700089737,662.4832554480959,0.08116823469089515,0.16183471115486947,210000.0
Random_2142,0.29970160461997075,1.165100487732092,0.03899609430932724,0.011284147334032473,808.1778173175201,1111.510321088988,0.06883502973313178,0.13755796280891966,210000.0
Random_2143,0.0652860731185134,0.24968038012620622,0.02223019431264968,0.03536735690424105,510.13245206558884,713.0817833535451,0.06615898687170998,0.12927895325666364,210000.0
Random_2144,0.018807150103072313,1.3926647752401844,0.011179189649591446,0.021033026138062093,420.3066599547798,665.1013851033439,0.09850277811948295,0.20412066992390449,210000.0
Random_2145,0.09182213300806154,1.5905810256408779,0.006148848295396916,0.014767647200821587,566.1058106624359,838.9641704285933,0.10545082505294852,0.22253505190740963,210000.0
Random_2146,0.24439918024230342,0.21376065864682442,0.03247177950677403,0.027565958307202647,730.6746384837329,976.5906441582977,0.056486080952540624,0.10895706677949056,210000.0
Random_2147,0.04509463275225327,1.8185433976155376,0.032724824065101195,0.031338756609726175,535.9754092952865,803.9584339220628,0.07568273897675497,0.145740045683579,210000.0
Random_2148,0.06535844167304808,0.5720253859205019,0.016963403416881337,0.01893604297645423,503.71987675279274,722.9286738260105,0.08397850557454374,0.17359723259175325,210000.0
Random_2149,0.11808284173956544,0.44407123028651163,0.028751934042876726,0.02457087284460876,596.5130812664702,821.7511725132558,0.06694881114942718,0.13256849954386013,210000.0
Random_2150,0.013586245205150307,1.3484281845006318,0.0463842475703102,0.008862508383181103,433.96388421379754,673.6199733413341,0.07408975300618122,0.14608080363096593,210000.0
Random_2151,0.0943484884834507,1.710614254130861,0.019695867931977053,0.006684881025254768,584.6317486912823,863.0860523314552,0.0992256929749175,0.2078990863669422,210000.0
Random_2152,0.21517004218069546,1.1082301931995342,0.03604023038820988,0.03067279786820407,740.9851164956049,1019.3109434742447,0.06096513086701674,0.11524505043146788,210000.0
Random_2153,0.2708656417000344,1.0045250602529943,0.049360411261134544,0.0033544556052178395,785.1417753798428,1073.844624166928,0.06319925630806762,0.12531256586959427,210000.0
Random_2154,0.12170783028850024,1.981063823306755,0.04699008131095496,0.0010925258258596016,660.4699436189379,956.1981646689218,0.0798867196876489,0.16054039652057195,210000.0
Random_2155,0.14850883156678021,1.761853965103004,0.029919217725533853,0.016029566895566193,675.6202393948917,968.3549729465338,0.08336613483807098,0.16835275582770193,210000.0
Random_2156,0.2907879625203207,0.5439683879965239,0.04099557183339949,0.028718696627396307,793.6594977511315,1065.2579243641915,0.05052749946831245,0.09316929155230655,210000.0
Random_2157,0.06684537361517597,1.5258360769365653,0.0420706484992103,0.023026500440312476,572.6978415937718,832.8640365445494,0.06840798240269509,0.13077710522958108,210000.0
Random_2158,0.09600547229432696,1.138093725692731,0.023616925532394837,0.017421434127209142,579.2313435301386,831.1638604871249,0.08347589383249152,0.17053644380114144,210000.0
Random_2159,0.033505661954186756,0.9669785240295875,0.026753329784130985,0.021367417297137873,465.64640311349393,693.6871924168706,0.0791104276802174,0.15897255652792724,210000.0
Random_2160,0.08315484935550958,0.19925638278125002,0.0056970486876771415,0.01732271651857204,505.46557639674955,713.3792447442834,0.09070427358640001,0.19220064109030033,210000.0
Random_2161,0.13392196943566223,0.49793167507856106,0.03904610176361515,0.02253333572297302,629.4144222346963,860.37548497322,0.05899875358564755,0.11336573217665984,210000.0
Random_2162,0.07376252505875591,1.2270232850956584,0.00555383194210158,0.0041788007412887586,516.9688884507839,769.8469569301062,0.10933265222222498,0.2347722513710938,210000.0
Random_2163,0.20513333827681632,0.5668301349185303,0.005745484830296693,0.03231472172991422,676.9787741479581,930.7246482636792,0.08205020235466946,0.16887632208525452,210000.0
Random_2164,0.08340997588136687,1.318069012083553,0.002523436877588113,0.008014965585790883,534.6980831721802,794.0206104892114,0.11032446052206288,0.23643356005877417,210000.0
Random_2165,0.06124061756997736,0.24358269450890024,0.039400632263655026,0.03086105637264918,520.1304680714367,720.7809086259272,0.05350925573784587,0.09891383602117007,210000.0
Random_2166,0.060000803217206085,1.4226079777525225,0.020489950591396168,0.025444468166914005,532.6459000976317,787.988706400132,0.08561943106845853,0.17286509463359298,210000.0
Random_2167,0.2695889817464111,1.6205637464400082,0.03552586483383329,0.02515377383335101,804.2560408350865,1119.724283768115,0.06875570303114527,0.13323955059541678,210000.0
Random_2168,0.15100464250730422,1.9240428146101167,0.046881200337586346,0.024356414138634135,710.3822710863311,1009.0163492125148,0.06466163619747456,0.12082822660446087,210000.0
Random_2169,0.1428637852643222,0.8789644482394826,0.012019755702746028,0.01523787539110123,616.0299092927025,869.1186452920521,0.0912696739155459,0.19163629539355287,210000.0
Random_2170,0.05150563914318749,1.3301279189686857,0.03526283375816623,0.008056118928324363,518.7628456050604,768.029495529529,0.08219208667964198,0.16705659228468764,210000.0
Random_2171,0.21412127228117533,1.6888528485483412,0.0025948672942389525,0.023423784946055994,715.0794982334965,1022.5267023092421,0.10124422899039079,0.2120809970846636,210000.0
Random_2172,0.0951920095678012,1.0691941418706137,0.016618259377217864,0.008529964909300941,561.0135028670633,810.9133837002696,0.09444688856224238,0.19883448740987725,210000.0
Random_2173,0.29308929740447187,0.12430451394610458,0.030099943292154364,0.005115675928141692,751.2910636398437,1007.3398415809128,0.07025614616293831,0.14642604463775818,210000.0
Random_2174,0.27143376298877187,0.8688512688890518,0.010468230713850939,0.02262150356968304,747.7004729473994,1032.010042051917,0.08527434181170633,0.17731278990999902,210000.0
Random_2175,0.1306070077457591,0.590549703680369,0.00778795305848791,0.010801066776737558,582.8318539997822,820.5712210150205,0.095187780907965,0.20293995388183975,210000.0
Random_2176,0.21749754236655092,1.9970059141174548,0.0010984235889665275,0.0021649545631417765,712.4584695037038,1036.4370509784585,0.11835517881747219,0.255405006374101,210000.0
Random_2177,0.2670537325544785,1.5583593180434097,0.028221977066939845,0.026215565763116486,791.8550213240154,1104.389620348184,0.07411902599169644,0.1464630348513703,210000.0
Random_2178,0.01989823436222074,0.49029633000124695,0.025829129207084064,0.01633360511882624,406.54384155031306,610.2087162448515,0.07903536191192795,0.16120563009349176,210000.0
Random_2179,0.17669627822332878,1.7486314664701963,0.04429400595557345,0.029673151269054936,733.4434221348608,1030.3885351038814,0.06141076725940006,0.11323467162894875,210000.0
Random_2180,0.24471520332250224,1.2675022374036709,0.02770387127800517,0.008191820802055634,748.5597759840892,1043.9045221314752,0.08293270624082276,0.17150713564962117,210000.0
Random_2181,0.09351149372131612,0.928370873080473,0.0037868274992496555,0.019327646596348204,545.7833677997698,789.0887725910723,0.09816304620977312,0.20708030278130707,210000.0
Random_2182,0.11779567260735971,1.2938533383486164,0.03766878801075876,0.010378669475040677,626.6448487692675,890.4733705479313,0.0759451476514094,0.15267131230849898,210000.0
Random_2183,0.2273445134086938,1.9203618039688768,0.04984838440890364,0.008061077103931003,781.7993991541023,1100.4190517638483,0.06996729423705564,0.1367708038689774,210000.0
Random_2184,0.29837616678712303,0.36608554662619075,0.04124558400692247,0.005218504850071778,777.5750247499284,1044.9257889363282,0.06248396302966297,0.12638229051652822,210000.0
Random_2185,0.19246138873118065,1.2908397494465151,0.017338030348582525,0.03906885094275681,708.167017293435,989.8576026980163,0.0750887753043184,0.14761479809210104,210000.0
Random_2186,0.10197398889599915,0.8290341552941651,0.003672600833033644,0.012106909491629604,549.2984505837234,790.8361239699876,0.10133418183035259,0.21635655953083982,210000.0
Random_2187,0.08118535072997649,0.2502065815706045,0.03984698718537837,0.007353414141633797,538.1583931242285,745.9379948712389,0.06652912023615945,0.13417807994151404,210000.0
Random_2188,0.07865767558024622,1.89459787946534,0.024745152762591732,0.0379738041997205,595.000553791476,874.9043607054929,0.07828186363837134,0.15147614449181776,210000.0
Random_2189,0.025048334427428317,0.952697857956176,0.023051588848044226,0.0066993932263431965,428.13589737850236,654.8893060274364,0.09159557955887287,0.1912907662879907,210000.0
Random_2190,0.031422404587739476,1.90664206665744,0.04281762722929207,0.008978282428725892,503.93571526417577,773.446536638054,0.08159831353506695,0.16247826320692674,210000.0
Random_2191,0.12626667417097673,1.030379561213458,0.026303973354983422,0.028870322571876755,627.6434792818371,881.1632844050381,0.07220122158701073,0.14233272480327736,210000.0
Random_2192,0.25546815442698484,1.6757421989345296,0.027224522761352076,0.03748871795547231,792.4572255283507,1106.5556038298048,0.06965334920455196,0.13342140212237416,210000.0
Random_2193,0.09232974946189383,0.5668647176209125,0.0340532392391198,0.02370810944743025,570.7721255200969,794.7425672835874,0.06471870404358272,0.1263328686125454,210000.0
Random_2194,0.043437307576276264,1.6734260959906573,0.013408584662357642,0.008507385381842796,488.18995425824016,752.6001778683528,0.1053937797672024,0.2220211715167246,210000.0
Random_2195,0.1925218131502995,1.9878664162964108,0.007902791286728893,0.02484784971618101,711.3479382673132,1026.3123290079939,0.09908198063405424,0.20506370486694447,210000.0
Random_2196,0.06405412005690125,1.9184676920157548,0.014144351978609304,0.02586292353895253,550.0038770001346,829.147871113664,0.0958752229287491,0.19574753565047345,210000.0
Random_2197,0.01900353724833701,0.6881017560927184,0.0378203279281918,0.007380612478641149,418.70236979698393,630.8017579006938,0.07565728858092854,0.1532342009991239,210000.0
Random_2198,0.12840697171347124,0.46981160199546246,0.023181550616537108,0.03657874106096844,612.3716523123215,840.8340939962847,0.06472069212271332,0.1255372675744244,210000.0
Random_2199,0.28100453530728775,1.6784313051921511,0.011795574106058526,0.029262367287778757,790.4721898474127,1112.9680970963743,0.08800890380297999,0.17959463104842507,210000.0
Random_2200,0.023116553917341617,1.420431683907634,0.012610263091550288,0.03339009736460752,445.0576539571717,691.076189375858,0.08978019583446506,0.18116024748646695,210000.0
Random_2201,0.22332869570976233,1.5841897974407748,0.003068898854074155,0.012632227270682653,713.2908709425408,1019.1554956648358,0.10604901952515927,0.2258175886004158,210000.0
Random_2202,0.2993012041680782,1.6558223745402534,0.04954982379705047,0.010291447621728653,836.9934326780864,1161.543438860915,0.06484682825107534,0.125757147934639,210000.0
Random_2203,0.20463089245184757,0.671306288897492,0.04300594367579935,0.02338351262884353,718.5966273108538,974.6519769198314,0.05493037676015401,0.10330497099845085,210000.0
Random_2204,0.24575455798775245,0.8461570591596691,0.01901766861495398,0.03535615012501979,743.3487460714497,1018.5145477313749,0.07021725117256175,0.13868497484913395,210000.0
Random_2205,0.26877381189948496,0.8903309561822067,0.046411956824066916,0.01034048955311601,780.6848739461843,1063.4030242390802,0.0605595746970979,0.11841817084332261,210000.0
Random_2206,0.006464122987642106,1.8951053750055062,0.04509282616842015,0.017863875743702594,425.30458538887257,687.1638218580609,0.07604118935578905,0.14689969794672902,210000.0
Random_2207,0.28813602628805424,0.14187748662284008,0.03377966663577823,0.001439373277596881,749.6136044740438,1005.2145747510152,0.06941779023447003,0.14474796450359,210000.0
Random_2208,0.29629851204225544,0.7374888212340796,0.04687185173760254,0.009048468517498593,798.2920391071383,1081.0800384528277,0.058874478753186604,0.11538082940433275,210000.0
Random_2209,0.12489055064863412,0.17356727943862818,0.010315058137277244,0.011199325274211656,564.3511669822724,781.66318154625,0.08866455386752667,0.18872335437045776,210000.0
Random_2210,0.09992062767600267,1.4392185063444916,0.025658640547108334,0.03139227622934791,607.6296279357089,872.8105442980952,0.07614199798462581,0.14946362925866913,210000.0
Random_2211,0.16831188847403258,0.24238786325405018,0.007890481096043764,0.023886581901926662,623.9052471418349,854.3485080669377,0.08278533012091528,0.1728598350426424,210000.0
Random_2212,0.10409844745301043,1.3784626186222262,0.015398101431435794,0.023177600779447905,593.3268530263335,858.2962265507157,0.08956691622778978,0.18370355157122603,210000.0
Random_2213,0.2186898065002113,1.3918550059408237,0.01589750741441827,0.023257195781158754,724.9505085772366,1019.1240592139804,0.08630361953051,0.17694535778278916,210000.0
Random_2214,0.23940604050844913,0.7333744750352263,0.026726771021876677,0.03079662901870306,739.6601012586771,1007.9115907591281,0.06501584610626143,0.12702233219629092,210000.0
Random_2215,0.09759479923546467,0.3566370452543176,0.004528573572323823,0.026608549041244073,537.7040661736775,755.6604632099024,0.08727749154661382,0.18210013404780045,210000.0
Random_2216,0.22945676129115955,0.40496827091347876,0.013735313787164933,0.03508905260098748,706.3334096514801,958.0152228543244,0.0710541397000001,0.14257853284473923,210000.0
Random_2217,0.13918854348690562,1.9509629489159928,0.03305323750455065,0.0010605921090938975,664.4618303155519,964.3231925194063,0.09166376430023764,0.1896819967550175,210000.0
Random_2218,0.1614856931871964,0.3441885531108159,0.02607757494091691,0.03711812080324094,650.9899166041267,881.7941691313799,0.059664139096696614,0.11404999989573007,210000.0
Random_2219,0.28009947680282676,0.9078881475891803,0.029578505882664235,0.005507697186813166,767.4455058038105,1055.5184454004723,0.07856872285722337,0.16310296448665576,210000.0
Random_2220,0.06006206896298338,0.43753996483162916,0.01807087909003114,0.03654778407749817,503.15047787326245,713.4858004780291,0.07128142523541449,0.14071538520381724,210000.0
Random_2221,0.04102187942108228,1.2568470281622854,0.003648233585926032,0.004373364377984731,453.71361009135416,699.8854683768147,0.11261026967776584,0.24201190016996738,210000.0
Random_2222,0.17727790335346308,1.8664588335530834,0.011027841347464998,0.01137175105661569,685.4591378676166,991.9772938235446,0.10349560397025027,0.21803137097886824,210000.0
Random_2223,0.09496862661490947,1.0611346645140194,0.04402279820895647,0.03400831531888519,611.1257132671774,856.3764407418084,0.05442244303385449,0.09763244065657228,210000.0
Random_2224,0.2652963452286372,1.8296616752873416,0.03994585927292461,0.014416216939538581,805.6268779194688,1129.9367735175617,0.07339422799242422,0.14504362549986316,210000.0
Random_2225,0.17752087677973638,0.5168869543605752,0.04287614349386751,0.007578590893172527,674.0464669191376,917.6502203093344,0.06360654058102913,0.12703118740724226,210000.0
Random_2226,0.10838761791320785,0.18974999517165747,0.028469620160457967,0.017780993021948417,569.5519624927425,781.4875676991767,0.06902179103071712,0.13954333678847167,210000.0
Random_2227,0.22818991926049786,0.3448574116742874,0.023484540837701153,0.01765908343479965,702.5358734236864,951.8104468223538,0.07216319159958792,0.14786893349017552,210000.0
Random_2228,0.16387296610801633,1.4842695210155223,0.03196865910304801,0.014827312351987667,685.0219770965147,969.0386693528144,0.07907826939975447,0.15943815021749463,210000.0
Random_2229,0.2835669800324307,1.3013294961275919,0.029996298505968015,0.024493484890932022,797.9465975425395,1103.038987204637,0.07067033387029527,0.13954475438183053,210000.0
Random_2230,0.20397077287731002,1.7995772647317345,0.012832101976747695,0.012225553150687636,713.4097257912499,1023.3787835133107,0.10007892426787494,0.21013478648477568,210000.0
Random_2231,0.14289493764045208,1.266005469097575,0.03242465343257804,0.03496420601806249,667.9077405015138,935.2106122649665,0.06493905364078778,0.12292256350131933,210000.0
Random_2232,0.027131809239117465,1.7713007427626246,0.03542207642199492,0.0011213721894316254,473.5326037485008,737.1006135936842,0.0918659681005538,0.1891145567565369,210000.0
Random_2233,0.0959841016001997,1.435505334814045,0.029235360892379884,0.019051205062645984,597.4926729649446,862.2235131552245,0.08041624529337218,0.16151786420473402,210000.0
Random_2234,0.2845210439287481,0.46130639055991485,0.03813056130089308,0.036316662763077025,787.3886876290998,1053.3219582613654,0.047837458266631896,0.08589602690767573,210000.0
Random_2235,0.18296733023129,0.9698288845149181,0.03055736651535605,0.0051862458640645455,679.215348479168,945.7399918498082,0.08052997533849283,0.16676250572521736,210000.0
Random_2236,0.22614332703380724,1.9946835482488172,0.027295378669902767,0.00432452457971328,753.5863107657955,1077.3533099354747,0.09327537404358317,0.19390278678731998,210000.0
Random_2237,0.06243515042697774,0.6007125121491188,0.0054619278899718255,0.03384025947074971,496.1506734961878,715.6473491607849,0.08578982899421166,0.17585878304413466,210000.0
Random_2238,0.043099098950668456,0.8786664490758606,0.04516076172136772,0.014792329248071556,502.14377258411935,727.6622902526451,0.06511451689652531,0.12624779740527492,210000.0
Random_2239,0.23525973239475237,1.7126623197461588,0.04788371592581299,0.02414492089007093,790.8373096689154,1100.9597562109097,0.05984361022477014,0.11087576572318668,210000.0
Random_2240,0.20847753578681658,1.3359253126457633,0.029142231893604223,0.03810260504040375,739.3339505651193,1026.190386626162,0.06513781333526247,0.12337769189692177,210000.0
Random_2241,0.2697787066650488,0.4854451070795288,0.03204434383440515,0.015251321223919853,753.5817493151235,1019.0878025952985,0.06647570370527184,0.13403314138721364,210000.0
Random_2242,0.11798901027826489,0.752864416469927,0.02511099282733331,0.027232098105027386,604.6916704366876,843.8803744728116,0.0717195860727735,0.14250193577260273,210000.0
Random_2243,0.23993074140185539,1.0030879115740359,0.01371461095896143,0.030351264169282657,733.6560260003077,1015.2523973613437,0.07968042561719516,0.16173450118309265,210000.0
Random_2244,0.28211240302850105,0.3263080529663942,0.04670057895648102,0.01289100307722282,774.5134691873907,1034.9581057653074,0.05287510672401436,0.10191358063454717,210000.0
Random_2245,0.203385541384905,0.21223827597805958,0.021129530280081483,0.004200465563616548,661.6086772579986,899.9793853557417,0.08156586893913428,0.17299973954078934,210000.0
Random_2246,0.09799807127695942,0.6168634124776068,0.0020998144208098602,0.012003614861939377,534.254319810488,765.3844168486002,0.10081570350298485,0.21599003529286998,210000.0
Random_2247,0.11008698817050536,1.9145308537872172,0.005791817997204752,0.036769102261545845,618.3113665109043,908.5821283532554,0.09523533912904654,0.19344631015459277,210000.0
Random_2248,0.09665796559294934,1.3753762227436201,0.030080861783550475,0.03795709198547344,610.6139441196128,871.2273292397912,0.06768875859110128,0.128162335674593,210000.0
Random_2249,0.291411733787326,0.27957195654218053,0.033252284757988526,0.020385388615205863,769.8006183774168,1030.9432759987908,0.059840917088370624,0.11822676482746344,210000.0
Random_2250,0.027748159692569115,1.358696658382617,0.035007391309245316,0.025718975290117407,477.4865451594201,720.7068253818311,0.07331737345717157,0.142344200274598,210000.0
Random_2251,0.051036300044129256,1.452611649081502,0.0380673387616813,0.008420756899261623,525.7376801101152,780.1452316769397,0.08069481444243905,0.162794390620501,210000.0
Random_2252,0.046330609930572385,1.7781037836573896,0.0054695809877571555,0.023703135708495863,499.11024253957885,768.3737479511042,0.10433162423515462,0.216994161791808,210000.0
Random_2253,0.1249145401605827,0.4081674729373811,0.008189089184441636,0.0312330582347521,584.0651696571243,810.5075691859167,0.08090300929322153,0.16603715961876556,210000.0
Random_2254,0.12956633933727904,0.4300673713415508,0.004726102544879526,0.02375712670064973,581.3115911804477,810.7775493854949,0.08859384048176336,0.18579438926531502,210000.0
Random_2255,0.29547504668838287,1.0540437267812781,0.027906395546112437,0.00799609056368657,785.1950166000543,1083.6235470885235,0.07975550364670424,0.1651500128494888,210000.0
Random_2256,0.08685070566321627,1.7047589805727301,0.015077828883696513,0.005051619883393517,566.5300869252733,843.346561565483,0.10455248312422175,0.22105318674160745,210000.0
Random_2257,0.0684751548602053,0.6630970161701436,0.015334990734897469,0.012105275321165627,505.5938974281232,730.3568305863461,0.09033276174636155,0.18968941707029785,210000.0
Random_2258,0.22685130193022107,1.1674056438097913,0.034443804199366254,0.008739543267797752,736.9696282790727,1022.7610399356954,0.0759051247997889,0.1545369106127122,210000.0
Random_2259,0.1257003364469292,1.5734947502458665,0.007085693585036117,0.023919001136809153,619.4066386113806,899.1586109064292,0.09791557394373035,0.20342926999872252,210000.0
Random_2260,0.22476014379875514,0.473113615283709,0.032330603203119056,0.039717427426194385,729.8377754523442,981.5540816394547,0.05232136179486141,0.09582351133799744,210000.0
Random_2261,0.27580323235669474,1.906966478703166,0.040783369833855714,0.026621593713894262,826.9717320571987,1156.3436346041947,0.06588828135484195,0.1248145772905839,210000.0
Random_2262,0.014928796313662666,1.2239515051727223,0.0333349849446249,0.039953636215661885,440.77293813204346,673.7198652504086,0.06582217780180136,0.12232890713948795,210000.0
Random_2263,0.1982373849977315,0.38205250383812317,0.02828888272824441,0.020653955489401948,682.4909795412592,925.3272614059958,0.06706338587175455,0.13454963645645052,210000.0
Random_2264,0.16212226373212849,1.5408187809525578,0.030702626522270536,0.029210962755288075,693.5991646701482,978.6734886038406,0.07219636447338967,0.14042729323575584,210000.0
Random_2265,0.2711336435616121,1.9894407077293574,0.00626972994477423,0.014281399036409827,775.7855338259894,1111.4496862457188,0.10526871173190096,0.22231697187132826,210000.0
Random_2266,0.29696347072948265,0.8986454357507535,0.031100391399108012,0.02301529854660972,795.3329622966949,1085.683619392192,0.06628805200625866,0.1309298280342302,210000.0
Random_2267,0.06503248512503752,0.9663725069655504,0.04175507499213385,0.03785254695427935,559.939119266428,793.3153936054241,0.05427233587829902,0.09670162297803278,210000.0
Random_2268,0.10805125595386897,0.5749090741669897,0.015727303593333526,0.03015384039620006,575.9426280179758,805.1558588247948,0.07692798309588766,0.15550350859596188,210000.0
Random_2269,0.2432766936362477,0.23980530172067924,0.02356249178972059,0.03668849195551139,726.257905371576,973.04823865845,0.0593140977821552,0.1145278020662176,210000.0
Random_2270,0.018623227694719444,0.77889356433548,0.024227353017190353,0.014343600605707506,409.194871331209,625.8152123601537,0.08464881861924023,0.17386925578932136,210000.0
Random_2271,0.19385077821890925,1.606108538676435,0.027615057148729766,0.010758430884956996,713.1391637726606,1010.8068635251325,0.08594677776146582,0.1765441603094569,210000.0
Random_2272,0.252946569023083,1.1213604979099558,0.011269546380304845,0.023620541716716258,741.9495960763683,1032.8562536903255,0.08683992945587427,0.17972382367294013,210000.0
Random_2273,0.020249114560140113,1.2295728194680275,0.03137091729009518,0.009057369537333167,435.08975330515085,672.248545875053,0.08578149324009421,0.17539167174921708,210000.0
Random_2274,0.2743430760281328,0.6893983247383879,0.038975008756409496,0.03396030129110948,786.0710902091979,1059.844959025657,0.05096474064901885,0.09275535727903006,210000.0
Random_2275,0.10065262016257694,0.8482825278387549,0.005519665474944565,0.006079526882105421,546.1013297611113,788.5092631659355,0.10352225080168868,0.2224048246605574,210000.0
Random_2276,0.1570376489824524,0.42467560324492937,0.04379469937096481,0.011702430468963416,652.260771591814,886.1908155962547,0.059884473097096054,0.1175700942582208,210000.0
Random_2277,0.294470560981446,0.16070347187067535,0.028598990171505884,0.02670424114217058,767.0226543261008,1023.4476923005485,0.0589923705278202,0.1158634485301698,210000.0
Random_2278,0.08307067458198662,1.96341586832072,0.011894614356305434,0.025157841094844997,580.0014349063895,866.1586211902264,0.09806990436070963,0.20131882654095906,210000.0
Random_2279,0.11847750840355666,1.661797351234677,0.02402236625681032,0.027992792615078223,636.3697590618965,916.6088042585951,0.0813180559248382,0.161830048300921,210000.0
Random_2280,0.23375394128534885,1.9450629441960805,0.009547661859022644,0.019221674182555406,748.1225287030702,1071.787299629905,0.09965510793713848,0.20780248145764574,210000.0
Random_2281,0.2918338643393141,1.9512175683065847,0.014868355409473285,0.010214473377602232,799.4796206364858,1138.2362509921447,0.09919764183486596,0.2083621521549017,210000.0
Random_2282,0.1406831414837898,0.7500870141238889,0.04848921899996103,0.014068365213213647,651.8577265139886,895.7778207834571,0.05791800363400246,0.11081297358273504,210000.0
Random_2283,0.28896445783417857,0.9722709511323051,0.01249660821828015,0.022996294477578606,768.9215489717658,1062.0754240155954,0.083926902546415,0.1736566440144865,210000.0
Random_2284,0.07556786170561104,1.9659304259675237,0.044847126495196364,0.00840853275612121,595.9165729377835,879.0149547926194,0.07875384890909466,0.15620543411766233,210000.0
Random_2285,0.14826478770608087,1.325031550496325,0.01616988270500082,0.007049150957859953,637.2608711744809,912.095965180307,0.0967668971181775,0.20424618077121068,210000.0
Random_2286,0.208686032549404,0.23993136109990176,0.00674941081429953,0.03602673247043828,672.8551007968827,912.4014287209502,0.07557237111915714,0.15403428492441912,210000.0
Random_2287,0.1687405273687976,0.8973233277728846,0.04999367787947793,0.029926246702966147,702.0494520422845,958.2205396676683,0.04780756739946829,0.08364716496595889,210000.0
Random_2288,0.23686528277336677,0.3490838792868546,0.0038441708475235366,0.0202223067438068,689.0058234067687,942.0056004607125,0.08816393947505692,0.18670128791358173,210000.0
Random_2289,0.172444306055498,1.7587979935718516,0.021935925559283136,0.011785469341075345,689.8685950776223,989.4278697102015,0.09246908252565816,0.19144960709117287,210000.0
Random_2290,0.055299622075206244,0.11363089472849335,0.0427167331128723,0.009853289656807315,493.7773089080974,688.5100028681068,0.06207610101611794,0.12312419292436406,210000.0
Random_2291,0.1353534285773882,0.6271559602091792,0.024703145033673327,0.009354226651665604,609.2558834818002,848.5916691007332,0.08106811103238853,0.16851327339064154,210000.0
Random_2292,0.025937116682429637,1.1285979194894198,0.04496317119426286,0.018878114733869023,471.61645255697243,703.7803352303533,0.06627125539911358,0.12700599642697435,210000.0
Random_2293,0.20518805312087432,1.6117284049393497,0.04146798366195323,0.017218891398412154,745.9044898570082,1045.0343313546684,0.06940522632990166,0.13533570263565714,210000.0
Random_2294,0.2578457045273214,0.8578160395352042,0.009424051166925476,0.020987264777339715,733.0300952438702,1013.6603378792435,0.08734845354281107,0.182532380707916,210000.0
Random_2295,0.20459394028582523,0.813501538572092,0.015105536172862581,0.008506198210559257,679.6420910288379,945.5092065853645,0.09038990156994264,0.19133510938651657,210000.0
Random_2296,0.06453724988722745,1.7213097437668967,0.009078969655257296,0.028665582388158282,539.8441566283518,810.4178434061959,0.09676183877418706,0.1984258567310079,210000.0
Random_2297,0.2557082279537701,0.4112830480993591,0.017402963461057103,0.033873960101729404,734.0986446770509,992.4312849449415,0.06801226708791357,0.13551376475071253,210000.0
Random_2298,0.28436415276378374,1.2806822440640369,0.0445843830624488,0.021837773645826154,813.5438288822603,1116.951795519426,0.05891305240554071,0.11125724212777144,210000.0
Random_2299,0.24479058528230765,1.3822684508798948,0.04432585330361995,0.023449083431557546,783.2716228649576,1081.2493545363156,0.05996470326065697,0.11281943182724294,210000.0
Random_2300,0.18131810326718614,0.9957217835017528,0.003250488759632401,0.016776418301837747,653.7275131259917,922.2623666354494,0.09844963427289939,0.2088885057212107,210000.0
Random_2301,0.026797701801210917,1.3457281671451946,0.018043879640606355,0.03001416935723121,457.09309240958186,700.5056414615914,0.08593528765966282,0.17264735572019063,210000.0
Random_2302,0.023258607564503733,0.35460579890000243,0.010455305485220133,0.01717809318841554,394.23919134707273,593.8004322948078,0.09077927254877664,0.19050518562809898,210000.0
Random_2303,0.08252700652442456,1.2549728003868887,0.0031241714247916496,0.02235893826150241,541.8719372306737,796.9388161042863,0.10057710794855872,0.2109609720225998,210000.0
Random_2304,0.18770920569826882,1.8563434166882102,0.047772980490074606,0.006777672485322969,736.9727509425227,1043.0714538800275,0.07283606414505184,0.14385186709994466,210000.0
Random_2305,0.2646110307943163,1.8231923075210161,0.007909082052362987,0.00905421835497926,762.6037932948394,1089.4431407992768,0.10539314685464518,0.22400097354635343,210000.0
Random_2306,0.2105650584945566,1.308752153336533,0.031438406606115125,0.015056112754222698,727.058008436776,1014.8735584117321,0.07658181424166803,0.15456582073920092,210000.0
Random_2307,0.10748199642140822,0.36483897480235083,0.016581459970696738,0.005377744940476933,551.4915604202262,773.0230769987902,0.08894153941279975,0.18909939686113003,210000.0
Random_2308,0.19641580012642992,0.8917879722113808,0.001726123827146969,0.01419843889597834,662.0922346541743,930.0526784174439,0.09998154049993864,0.21359325591062717,210000.0
Random_2309,0.2662099020444536,1.3350261064134943,0.012380141287407793,0.036650026824297646,771.5968986007308,1074.3031354515151,0.07989901122079243,0.16018595519690268,210000.0
Random_2310,0.1749396010975144,0.7120664614860468,0.004235522793547731,0.03252178537419647,649.2022381529663,902.0395445407974,0.08543046654533273,0.1761580098235678,210000.0
Random_2311,0.009972814557007645,1.46441307851751,0.04008548652798641,0.027183763320700147,428.2632581565798,671.2735103412247,0.07025965531200296,0.13361161068453126,210000.0
Random_2312,0.18537528449006,1.5534085731881853,0.04206207384514938,0.02910360449417847,732.7133833421715,1023.2673359910085,0.06160501054095188,0.1147437497461726,210000.0
Random_2313,0.04490535231970125,1.9939466305340956,0.019672414483971827,0.002252970295870496,505.69005584287333,784.8899615144455,0.1066443344881039,0.2245185150642709,210000.0
Random_2314,0.2107525692932678,1.2510281689525815,0.01847496192933331,0.0047271177142259755,702.4350826443773,989.5633261990756,0.09386498621312628,0.1984491405688288,210000.0
Random_2315,0.1616467467810516,0.5223130066139072,0.0332061269264719,0.037688624053524626,666.3581920911242,904.6023840056132,0.054683378117746165,0.10100885584349367,210000.0
Random_2316,0.28605936969622453,0.2730626218566546,0.04892131193777395,0.030997156358976777,791.3214401725369,1048.7306231164025,0.03940624800071854,0.06684510868273678,210000.0
Random_2317,0.05903186739073217,0.5065709412883806,0.01315865657097989,0.03384909726824983,495.8830095621708,709.6760484606926,0.07805416523484919,0.1573052289340065,210000.0
Random_2318,0.12202720205643586,0.7588921862548536,0.021166660972980585,0.01126666108178119,594.2394116962234,836.3016948274199,0.0847924519099644,0.17661157499802407,210000.0
Random_2319,0.012375779033342676,1.0426861552317717,0.04954913787817122,0.039707770177397836,443.87025088232787,666.7445199816476,0.049783045780608645,0.08386332833898968,210000.0
Random_2320,0.23363499982973687,1.3285077329769606,0.033995138638267454,0.03607746682640095,767.5684044508255,1060.1541939550495,0.06137581155610544,0.11472258092634349,210000.0
Random_2321,0.23432305787917732,0.44178698970050334,0.043638210170203855,0.03685894009165958,749.2919976484158,1001.3134046337836,0.04334673129459266,0.07449460248443995,210000.0
Random_2322,0.11618147911425326,0.4305826399424644,0.03269544287699522,0.01911816829932908,594.4562809999601,818.7327806818283,0.06659194595630817,0.13245844744208668,210000.0
Random_2323,0.03267015722249305,1.5615452180142249,0.015333537978410989,0.03745238230049031,481.94498682216124,736.1591873161125,0.0857288610413398,0.17034335397111902,210000.0
Random_2324,0.1421348430495661,0.2501132122139417,0.010555155573196712,0.03992026293784527,608.6713075624825,831.4220793936181,0.07150917935709596,0.1428281913097751,210000.0
Random_2325,0.09115422634318346,0.451433448216918,0.0375321675577271,0.03475903407042508,576.8959194396333,794.2156850649383,0.053841611597215934,0.098766742543171,210000.0
Random_2326,0.037048465042597206,1.1595005161558893,0.025425271813264937,0.01091396989260763,471.96442360856554,710.4969237597602,0.08831428302866996,0.1820928693749909,210000.0
Random_2327,0.14368601324002986,0.6209097395265818,0.04722001241882672,0.031463241109220275,661.57356617552,899.1413474819799,0.04725195396138865,0.08303060651155847,210000.0
Random_2328,0.18812232982764998,0.7513018257639114,0.006900734263048311,0.02589341677360755,663.0594768281219,921.2751093614779,0.08709169313297108,0.18106572585127978,210000.0
Random_2329,0.02147080730805125,0.6214002499174834,0.03584770460217782,0.03516063954149181,441.2549845757891,648.9050301175952,0.05992410057394151,0.11144486349041513,210000.0
Random_2330,0.28048886617245994,1.1640511095599093,0.04346018169125831,0.029292327753558407,810.0494325771934,1106.733748294919,0.05435871100387389,0.09961641822982112,210000.0
Random_2331,0.16926022795435952,0.5878762666223537,0.014692387715438213,0.019893036835907606,642.4028915601405,888.4055465826285,0.08249154203890244,0.17114891425726653,210000.0
Random_2332,0.03299152135426253,0.30871019714392,0.029368401133981654,0.037202081359123694,455.5605099503205,652.3747105609141,0.06070157847453442,0.11477496395182668,210000.0
Random_2333,0.25650566703607963,1.8569857334917725,0.029591964835589957,0.0063399211699737175,780.7602999954044,1105.576523881109,0.08800385857642468,0.18163496275062394,210000.0
Random_2334,0.2577673041461275,0.3303881013256186,0.03779909016222692,0.037063541703984744,759.8040742187231,1013.1243542656109,0.04689241699408633,0.08383978124168795,210000.0
Random_2335,0.03177322800668712,0.3397802143824733,0.030318227549251342,0.016591450918108038,440.31361403356334,639.7942564050577,0.07259151751355818,0.14641916364017254,210000.0
Random_2336,0.05489007289825082,0.3241184987744863,0.04755139681070538,0.034233719107983264,523.227101866058,724.9921432619775,0.04521897028530859,0.07772389420314169,210000.0
Random_2337,0.09571047923854674,1.001056096243154,0.021185508077431657,0.038023267013320906,585.5098524774562,829.7482946107746,0.07194222142904598,0.14020093282179094,210000.0
Random_2338,0.08252616961103108,0.9976382437675102,0.047381135279536725,0.024473147769076557,587.4522200499295,827.2291407783362,0.05690399834144014,0.10506628346343494,210000.0
Random_2339,0.0066650021221155925,1.693778436520739,0.03824251507791724,0.03474709522140805,422.9717478466883,675.0188591967044,0.0700384743773487,0.13088110463496722,210000.0
Random_2340,0.0449142949452879,1.9267836017645132,0.03507022533324009,0.016934536845653905,532.1128086494764,805.8862634908901,0.08330531252376176,0.16580872017596593,210000.0
Random_2341,0.2748808341298112,0.5671025376857974,0.029687669183547708,0.02812137782324756,767.0204687325794,1036.6355677003494,0.06159348058622659,0.12006334236973507,210000.0
Random_2342,0.1289894452568452,0.7348698771731027,0.048865854545750445,0.005890582304568503,631.71878435213,872.6547751911054,0.06265206017374847,0.12340154560736934,210000.0
Random_2343,0.22900338594568218,0.13937978185458283,0.02063551191140235,0.02492934817181022,697.7801344837515,937.6578823469713,0.06829336854842223,0.13836079306355942,210000.0
Random_2344,0.11289585243058778,0.9181773969389766,0.043194506411213016,0.027163133297269076,625.3836122567378,869.2969470499602,0.05728884261288483,0.10643462934237684,210000.0
Random_2345,0.033736220548705675,0.4399979268035785,0.021764171627002463,0.008079949997306051,432.47969995606616,638.3261320694588,0.08629077032607385,0.18064389200242428,210000.0
Random_2346,0.29510531501630954,0.6247571990879865,0.024764979495777398,0.031940604322922936,782.8552700047296,1060.2092260122704,0.06393000852613377,0.12517778352478734,210000.0
Random_2347,0.2122918706357672,1.2174982046201075,0.024561915092564536,0.008227020632849434,712.5219273287729,997.7591993375864,0.08591801769178338,0.17872046109340117,210000.0
Random_2348,0.06269056527416592,1.315609546178983,0.036333424479777714,0.014189211198898138,544.9216477536913,795.7549077959928,0.07693486990126289,0.15366068553105544,210000.0
Random_2349,0.06045588173982279,0.16256131564402848,0.04256547081607946,0.008531625669098035,504.0303492420676,702.3718111621904,0.06328015845946855,0.12612147832486612,210000.0
Random_2350,0.01600236782427324,1.0954361297650375,0.005654555350899295,0.019656710203943238,392.7358472425751,624.0061637936827,0.10154122604532043,0.2129579458687038,210000.0
Random_2351,0.1856731995053137,0.6035257614486215,0.035176862334964046,0.02706773458129152,690.0913687747162,938.6887601629322,0.059517478139462475,0.11413711751242273,210000.0
Random_2352,0.08923742724553502,1.3624431861489512,0.007112289223685503,0.014915901261424707,555.5150970268663,817.372141976144,0.10229930396864588,0.21578733174324768,210000.0
Random_2353,0.17296123107147354,1.5209179462804163,0.01504493578714821,0.017835062109390818,678.0680660364244,967.1192815551884,0.09264997839994832,0.192147957641281,210000.0
Random_2354,0.25671862620527824,0.48535069595048796,0.031039411639072638,0.005402587021565842,734.0230537816163,997.1281317578569,0.07354300261492519,0.15250920576559499,210000.0
Random_2355,0.1430953175144613,0.7723544206414114,0.04976904660176066,0.02199671240123065,662.6044348497834,907.3929524370229,0.05216778647910536,0.09562926935701413,210000.0
Random_2356,0.2365671684221095,0.3254428158565843,0.02793822301531177,0.004753788658588835,705.9875577891028,957.1589156742644,0.07553012003730447,0.15798343540504872,210000.0
Random_2357,0.2482869016768958,0.33839018563438206,0.024407317782349627,0.03071259294517452,731.0868140832387,983.976504997808,0.06302408094766682,0.12400019760432396,210000.0
Random_2358,0.142284669374377,0.6983682842821481,0.03703330945562769,0.019381713974787173,641.9358224788434,884.4203607407011,0.06448054791677617,0.12639508646138636,210000.0
Random_2359,0.1583746878328106,1.6633369631652013,0.007358426443742662,0.00554880220834489,649.0979235581955,942.5091805666651,0.10872224102796377,0.2322815905950925,210000.0
Random_2360,0.2997252267345141,1.970862847835954,0.0434341417318339,0.024213140712577838,850.7748690171138,1188.9832212578074,0.06514058314181011,0.12322225330585551,210000.0
Random_2361,0.027164309205327596,0.4292946651309941,0.023625681954820368,0.024603109373638802,428.9326954891038,631.1837294150538,0.07497164754996194,0.15065177856854017,210000.0
Random_2362,0.11097411453562371,1.8631959943428378,0.03913105906789787,0.00823511585723273,637.7487093634727,925.5467637487959,0.08181038176620438,0.16467429356235644,210000.0
Random_2363,0.19522823462521044,0.5079567509764893,0.017251250159807323,0.007465705779809964,661.3677338328654,911.0554898079407,0.0862370910466956,0.18258739971754429,210000.0
Random_2364,0.08025947185695588,0.8846635327202266,0.03307744578454609,0.03487523847442576,570.039749751573,804.4782619475044,0.0624857704979484,0.11779046729230805,210000.0
Random_2365,0.05342961268116245,1.1598152743213854,0.042371876047434594,0.034699942968172894,543.7633640646483,783.1467090581526,0.05802052922786882,0.10521233084949463,210000.0
Random_2366,0.19903400026075016,1.8357404064451317,0.013989889377178853,0.031352354348722744,724.5044704297117,1033.243909286858,0.08803244566225867,0.1779279938341567,210000.0
Random_2367,0.129095326541633,1.9151752999443865,0.021548134561460625,0.0373357102624952,662.3924369959516,956.1384495429407,0.08017103811795666,0.15678853830633097,210000.0
Random_2368,0.08485228403742821,1.5706558711956933,0.04132607023084102,0.030939710199172483,608.3867753273062,874.4980981060683,0.06412338630871814,0.11934046044543085,210000.0
Random_2369,0.22786466473882805,0.37651269202411486,0.04003266416697093,0.004261894045967524,713.817015196554,964.1826878653112,0.06563155833920531,0.13354529339323518,210000.0
Random_2370,0.1033405405708903,0.5017758248238393,0.03267780305826931,0.026739926875727134,584.8130783078542,808.4747071729299,0.06313445466022445,0.12250181734685028,210000.0
Random_2371,0.29459565699564233,1.1736981812560792,0.018740811603916014,0.011289234474267867,779.9608765158108,1084.02380523499,0.08724137730413874,0.18247073617700393,210000.0
Random_2372,0.21052785793701662,1.224577353256676,0.029543396406733365,0.00381140157260305,713.9300975818188,998.9996591242764,0.0841932128578575,0.1750445065239804,210000.0
Random_2373,0.27130291088984027,0.17327717190164413,0.017323181823713122,0.0234545507479373,732.0514187311514,984.4124005834534,0.07165182842885487,0.14699256382904957,210000.0
Random_2374,0.18307773481449635,1.3202263924520667,0.0020840870575586125,0.004200135243372267,656.737179252596,941.4140628324886,0.11024898761830916,0.23798428631624596,210000.0
Random_2375,0.05593155591928418,1.3972249402191073,0.017404692562474358,0.02835693510057304,522.4870378879605,775.6841189645976,0.08656389438373319,0.1748231377022474,210000.0
Random_2376,0.25239966954512816,1.7415809845380106,0.026749655727903356,0.0025785563640362188,767.0144555299232,1086.1392602530605,0.09174610709978351,0.19176092936279113,210000.0
Random_2377,0.2914126226497159,0.7385964912689449,0.018440695101418082,0.03590427738251404,778.9565325994098,1060.6989325702268,0.0684502434004484,0.13516249780732395,210000.0
Random_2378,0.018292827531949333,0.9538947941649378,0.003447688109542965,0.003074702183819208,381.40171685955926,608.3783982564997,0.11188618773713227,0.24116341935691965,210000.0
Random_2379,0.1520675126761178,0.866639778833106,0.014555716956077162,0.023354375385864427,635.1098280009896,889.0926888301536,0.08375446034913334,0.17234488376149004,210000.0
Random_2380,0.2266703089626373,0.45297329491412675,0.04525143969966255,0.03555387024155872,743.5326504877144,994.1196012042117,0.042949133999908976,0.07357614402332946,210000.0
Random_2381,0.2586947757200924,1.075882268056242,0.03595431147304204,0.02400528285632684,775.3631681478779,1063.6547965940824,0.06382436337438782,0.12366488901702803,210000.0
Random_2382,0.20001338708808994,0.9228550661261,0.012809147488535927,0.012160020519425541,678.6886248863563,948.2229161934163,0.0914597343605433,0.19293180151790196,210000.0
Random_2383,0.14860605367486962,0.8712613187555185,0.011940291362478699,0.020551070368766487,626.1533465809698,879.912310405186,0.08792581759492189,0.18285509049734566,210000.0
Random_2384,0.21095571293207985,0.9387842398398024,0.044972699952493554,0.011051005920302014,727.929631147205,998.4319537031924,0.06309582580751466,0.12378216926591105,210000.0
Random_2385,0.29543609317248876,0.8443336845138986,0.0349470064593252,0.023348123590830716,797.0180725706814,1084.2085012629166,0.06211135022507179,0.12090464843008121,210000.0
Random_2386,0.2293622993163739,0.8418941093541997,0.041869598367225556,0.007953054943391043,736.3030080630787,1007.5430055482618,0.06638611275845686,0.13284316419266712,210000.0
Random_2387,0.09437705504192248,0.110097140539924,0.04116899375611512,0.03242555564685921,572.4417204950691,775.1027916276084,0.048449373878646056,0.08746092799610236,210000.0
Random_2388,0.24244426964533072,1.3604223842105005,0.03871054808164993,0.028487940849121034,777.1566708525542,1073.6108664388976,0.061824240034418075,0.1167690844965277,210000.0
Random_2389,0.037650607308660974,0.7459002163290233,0.044507464436359126,0.03683922320908519,499.9368007869388,716.4072273372747,0.051417997364106294,0.09029731967003482,210000.0
Random_2390,0.06205810670350235,1.7169676113107486,0.008125688486517495,0.030346315276921255,535.2902944058286,804.9906032896129,0.09666647439503817,0.19794414728470086,210000.0
Random_2391,0.12311772462803923,1.3366359836854085,0.00795824033491245,0.018830017967806853,605.3063790637086,874.0913688223443,0.09788830567351854,0.20506130802594935,210000.0
Random_2392,0.10432080277176048,0.6801736686447947,0.01034717643491578,0.017935537893241364,559.4661461383802,793.8915447740835,0.09026820894822016,0.18922333216517748,210000.0
Random_2393,0.09926925924708857,0.28642021966604647,0.02661297096524379,0.009689284710676885,552.3059925908449,767.1080368335155,0.07679755260271788,0.15907420293506747,210000.0
Random_2394,0.2797655120493043,0.9989361886826228,0.032772989986457876,0.03262908212126498,793.166493038555,1082.8278337729814,0.06033764871589896,0.11451446858870876,210000.0
Random_2395,0.15346364784566488,1.8230229233897561,0.006182504865038369,0.021882075178285616,659.1121896679263,957.2689667784157,0.10170184243980414,0.21217785286227864,210000.0
Random_2396,0.1674035626102896,1.9474776151463584,0.0053032409841841975,0.0036186477088477015,665.2934832540146,974.0671154927305,0.11434767454824078,0.24512659361926878,210000.0
Random_2397,0.26977843490545295,1.1858558870272755,0.02123699878238497,0.013381757367711473,763.8183824042447,1061.8570055548278,0.08432816559745428,0.17480882873486997,210000.0
Random_2398,0.02300011807660278,1.4363485402346525,0.04137663478951889,0.029930828360958936,477.3678488591131,722.0489656367848,0.06613285911185292,0.1237427329635147,210000.0
Random_2399,0.1579322702186835,0.7507928316239425,0.02657794351495,0.03268075445632206,658.7140489428924,907.242098082939,0.06603118782346476,0.12835889645842066,210000.0
Random_2400,0.08052761240706453,1.901782368400924,0.0034285750027071844,0.008213138305533952,551.822357646526,836.6031302616746,0.11532874568857748,0.24600080605385846,210000.0
Random_2401,0.09168972301378008,0.5897996656437053,0.01198933531082053,0.02768964254930541,546.9357388429096,773.2248363215112,0.08243774716071796,0.16900390317738556,210000.0
Random_2402,0.2314232671283752,0.1637972532095615,0.049481965938856065,0.037995421188915024,744.6663079723966,982.894810178699,0.03468565602597183,0.05438035720083522,210000.0
Random_2403,0.2908976788373685,0.5477930933052477,0.0016811749767785922,0.009474326973315298,733.2365766530257,1009.7192454050964,0.0974932910580984,0.21052438133615928,210000.0
Random_2404,0.15750719740239286,1.2728791005521136,0.022560899692587694,0.017214984644259867,660.8589253891042,934.3332135175997,0.0841575552070209,0.17240475667930272,210000.0
Random_2405,0.09781070866570152,1.059855196546412,0.024435347471685007,0.022071914874217596,583.3400218569801,831.7656018803218,0.07910864959197525,0.1596143942455894,210000.0
Random_2406,0.2544732373262648,0.3563069663278514,0.04050059683009034,0.03333987433486182,758.417436115032,1012.1623212381554,0.04701953982499023,0.08450289118399955,210000.0
Random_2407,0.23273304567829006,0.580170244163006,0.007432426278305335,0.0029447903975704285,685.4679445294348,948.9286896022726,0.0976971618599138,0.21124343704947726,210000.0
Random_2408,0.22045067572413013,0.7246841483430664,0.009276788793537091,0.022648375479523534,694.9195314977858,960.0889739624115,0.0859182712389139,0.17906647676860352,210000.0
Random_2409,0.21269156412028226,1.2638408915710397,0.03644266363603674,0.0011020328022610562,723.8035113977429,1010.8456668334464,0.07995509283152227,0.16489230708772534,210000.0
Random_2410,0.1566688925001759,1.6177106573037277,0.03130920847812889,0.02851184436430856,690.3820073980044,977.5605258743211,0.07297542803161161,0.14202243492624828,210000.0
Random_2411,0.25228847493609446,1.1106696691119768,0.03896770748068031,0.015500485670052425,768.5399628518617,1057.2347612438655,0.06668980332342961,0.13159232938656612,210000.0
Random_2412,0.05394465353731765,0.3632244653766673,0.01066248311096496,0.011871324531567373,462.851658447838,670.8802181627149,0.0922680174626378,0.19552251186826264,210000.0
Random_2413,0.23162892417668193,0.7353274622878488,0.03123404748104706,0.022545334229505592,732.1496363068009,998.8442526170803,0.06608986281470354,0.130667972945186,210000.0
Random_2414,0.2961977348971956,1.1549056056913223,0.02207351769339645,0.0322664368297965,799.3128840081388,1100.985873626692,0.0714382177950672,0.1411404537808572,210000.0
Random_2415,0.17497009520993886,1.6555077500263737,0.041522689017067155,0.03555183185291551,729.1211221798022,1021.1955330638752,0.059487672899568265,0.10814553745114344,210000.0
Random_2416,0.026657363608662867,0.6532421958493824,0.026315672098522962,0.007518801641967177,426.6491906397398,640.0026724558885,0.08507161950425604,0.176609449512316,210000.0
Random_2417,0.08051244716862364,0.41344045538076823,0.03781718292295747,0.0187489146137667,548.3477139036526,762.5553583850051,0.0631746480831495,0.12372285715160933,210000.0
Random_2418,0.26630959011564387,0.15504137277863417,0.023619604258365533,0.003675091852296934,720.7892706684532,972.1599542835497,0.07776667626800023,0.16461547409173546,210000.0
Random_2419,0.15880545731027662,0.6479664278007492,0.04672891960610017,0.01970273647719999,671.1990658219323,914.7443869138713,0.05463191426202965,0.10269116609073928,210000.0
Random_2420,0.26368644148576353,0.5505396796295183,0.020253272456552233,0.01240446739023231,734.4096160552795,1002.492892822306,0.079564689525765,0.16606628311281618,210000.0
Random_2421,0.17223695814177448,0.30924013523089905,0.009995339797029386,0.031184405421591583,638.1598627193148,871.8405287226592,0.07708566413903462,0.15769943019062085,210000.0
Random_2422,0.1469952423715929,1.866623495205226,0.008196604807112904,0.010840040081194175,647.8154033540583,947.0393396401271,0.10711727486145628,0.22661989176758976,210000.0
Random_2423,0.24770546080453795,1.9723505002610837,0.04261078195844349,0.031452800312736104,810.1123205126416,1134.8693716438306,0.06254811762049325,0.11547080233251458,210000.0
Random_2424,0.130492698971913,0.24202802774051568,0.029652963315128948,0.005858733983619484,593.2696094770761,813.9431096844776,0.07499261826496252,0.15578055761042567,210000.0
Random_2425,0.15033765662679588,0.19796397347313732,0.022468876297468642,0.0023069046439961167,604.4668260505454,828.9775565382182,0.08261882823236245,0.175327344088139,210000.0
Random_2426,0.15686193919604335,0.45806575687829676,0.021637065643701804,0.010320381686734603,625.6732472530649,862.9450953251642,0.08099390948165129,0.169204840031128,210000.0
Random_2427,0.21877519789964966,1.254444364683493,0.0025446997142437025,0.016959332839275764,699.7914246414839,989.374897922872,0.10072393199527288,0.213646250969138,210000.0
Random_2428,0.06015307748265265,1.2589603506180673,0.008631984140496884,0.018128816077211472,507.84728349655194,757.3979046276114,0.09903830326668937,0.2073722864462954,210000.0
Random_2429,0.16065510069520655,0.8366779813915345,0.04084425260901412,0.0028249501877448202,661.0105330560624,915.3312811687423,0.07189562156548639,0.1463235620122692,210000.0
Random_2430,0.2982049889802089,0.7433376188222675,0.036365913635640006,0.0010189329439980305,781.8425031759966,1066.8531555416798,0.0731710644365556,0.15138819024125597,210000.0
Random_2431,0.26599585551079474,1.3234572682413388,0.007071760557313277,0.03407115429980202,762.82999943024,1065.5931071902296,0.0861123383928801,0.17576751084291403,210000.0
Random_2432,0.09162007924302513,1.888499479600131,0.004661619415813325,0.02906764888774518,584.4580594369583,869.6472143654357,0.1011951862084432,0.20889866509546295,210000.0
Random_2433,0.2290135999627957,1.4090426984896698,0.010558229147613944,0.030064789668600198,733.7300109860453,1031.1404909034823,0.08697807386657846,0.17770694020667127,210000.0
Random_2434,0.1996055482003699,1.346802821886588,0.04938554225819362,0.02793348071519148,748.0493165641473,1032.3713087612655,0.05332550441098449,0.09572339963261497,210000.0
Random_2435,0.07223977217577843,1.1814957186513162,0.03647066616536805,0.0033270387802051362,549.343194213032,797.38662820064,0.08161964286921104,0.16732020376019274,210000.0
Random_2436,0.19201312313744376,0.442838675711835,0.02086191730504258,0.03749974616745279,681.1571951036252,924.4192832172192,0.06438895307387629,0.1254332407587544,210000.0
Random_2437,0.22146026385748854,1.6786984496185826,0.007554909655397309,0.004751821143070855,714.6826952668098,1024.6046530001406,0.10772456016174058,0.2305264280040938,210000.0
Random_2438,0.03335187864438797,1.6602028538551759,0.019527899115537192,0.004121155315054428,468.78785802309596,729.9430317532284,0.10290172680155825,0.21634383183087982,210000.0
Random_2439,0.29015754968954144,1.9207680722253035,0.006910812405994608,0.02544139466289035,798.1253015380676,1134.5110756450806,0.09694985791781333,0.2009588330080727,210000.0
Random_2440,0.20497828424419204,0.5225371525008582,0.004883314631439551,0.002300962550201019,653.2301993884952,907.4142001375506,0.10039490532196801,0.21791609977127976,210000.0
Random_2441,0.14097507463006298,0.8838230652656505,0.005865539352802429,0.00188671309361322,597.2129821093903,851.608608508147,0.10491788785816193,0.2267348747377576,210000.0
Random_2442,0.22335766318295489,1.0444778129524712,0.024401560530441145,0.020594196565005454,725.6011067034127,1004.842363514377,0.07667470964605679,0.1553511164539349,210000.0
Random_2443,0.02141582984195254,1.5302033747439967,0.047976439485162545,0.031452166992083745,484.8526976932817,732.7115184990699,0.060325108342197044,0.10887877409349553,210000.0
Random_2444,0.1564712159764841,0.8088202067281409,0.03712426840720778,0.015695791122976973,659.8528674883106,911.1419760227831,0.06734759728527281,0.13356717075847174,210000.0
Random_2445,0.14940252800644085,0.7003120516371919,0.03416126332797489,0.014764964134955722,643.7135214747609,888.6640976030102,0.06966848040067843,0.13976646981618457,210000.0
Random_2446,0.2117503095759204,0.9426060577374458,0.038296515330929544,0.030450006092814265,734.4090505558775,1004.2641788341431,0.057485926104449726,0.10747324363940194,210000.0
Random_2447,0.2960383525417581,0.6091338107365943,0.003589988935985825,0.009790510254454245,742.1656865822555,1022.5158562656067,0.09610416059441339,0.2068561215126508,210000.0
Random_2448,0.289153229609957,1.5431341267340566,0.011654098480370148,0.0363910058969926,797.4250461942923,1115.3107809496253,0.08235345510893939,0.16548886846693364,210000.0
Random_2449,0.1390675579880229,1.312767066121967,0.035622163175015854,0.02470257291984124,661.6111102308188,930.6265388157245,0.06878782747263083,0.13344576050731882,210000.0
Random_2450,0.16945193215515325,1.9801880408997778,0.02190132786929965,0.01827625177699719,698.8624076356905,1007.1196461432651,0.09089202633782664,0.18571302081713456,210000.0
Random_2451,0.0729847607370582,0.8521473246388855,0.01813335509860499,0.024940092764029042,532.1844742714585,765.3314182354621,0.08183425962465025,0.16643914010424687,210000.0
Random_2452,0.08300136993741572,1.242514219543522,0.04622067709420109,0.038793357164304355,605.3977852442157,855.2601448673478,0.05178852684469079,0.08957143998597938,210000.0
Random_2453,0.09750629280712243,0.9635759699226815,0.009929315005620824,0.011447637019652842,554.6876615496791,800.7149972359584,0.0975855944561123,0.2066204081021151,210000.0
Random_2454,0.16437414901330366,1.0309709512043648,0.029094930923900662,0.029720432876256947,676.6899405345173,939.4719414880271,0.06818339557432768,0.13284064562859232,210000.0
Random_2455,0.061903540826861225,0.8451492770362132,0.03582810803053561,0.006677131395109332,521.1717460042883,751.2789295235816,0.07722383226815221,0.15744556876604646,210000.0
Random_2456,0.22179491024081496,0.3714049612128629,0.023596914773622815,0.037027714289225425,711.0908342840773,958.4028147738321,0.06084117634431459,0.11743250106348982,210000.0
Random_2457,0.10876581621208056,0.6112178095354701,0.00886583770332219,0.0031100078189472934,551.0255997584541,784.7637875987888,0.09967098689971941,0.21455163559053098,210000.0
Random_2458,0.0765693990933214,0.3116145244552371,0.02992966594862058,0.03877740738547605,543.0068782432298,750.6753157503182,0.05737876622441669,0.10727470311519471,210000.0
Random_2459,0.11332692226759565,1.2689918618992706,0.015928020550957683,0.03495236531764979,610.9715739133109,872.3375073961884,0.08065046808002242,0.16094878181260186,210000.0
Random_2460,0.0637072096994021,1.0800256557834278,0.018323231237555904,0.009266671802954055,513.43803033117,755.7587950230339,0.09370128792600342,0.19636661463580285,210000.0
Random_2461,0.034618983398638656,1.5558394841749899,0.008556983554925512,0.006023344575290119,456.3946991793986,713.8957955665156,0.110521867435706,0.23521160361932564,210000.0
Random_2462,0.009243381616857385,0.8074752171536527,0.01676890523631758,0.02861352967162,374.94204578845915,589.9586811719529,0.08389176951955944,0.16963056507594387,210000.0
Random_2463,0.09594553449386473,1.937278379032271,0.03936253274922748,0.013696689097520913,623.4031506379962,910.3223235701746,0.07953347561962702,0.15784326250055458,210000.0
Random_2464,0.13046405339856548,1.7788523099128455,0.008930218331637638,0.02556944809598088,635.9529790140299,925.8573729955398,0.09718569613191211,0.20057152569277675,210000.0
Random_2465,0.2302377423550117,1.7675481725634083,0.007590436096745651,0.020602365029865198,737.2422215433465,1052.085900807324,0.09888605118360773,0.20649498191657106,210000.0
Random_2466,0.07703844662272596,1.1947151810478054,0.024782855156569278,0.013329540695050119,550.6873412944077,800.6601444291109,0.0860936976351286,0.17694243692960945,210000.0
Random_2467,0.10281641434216172,0.7699801943930714,0.0115364032541907,0.034927689151444744,573.8273616660924,810.4634466068702,0.0799474257787079,0.16130921459516162,210000.0
Random_2468,0.24025028997367817,0.3347937129188685,0.004394434902718454,0.002391654279071303,679.8032596433927,934.3886620836182,0.09815488648679661,0.2135953373008773,210000.0
Random_2469,0.1442048423467755,0.8823536330382045,0.010274355016486176,0.004778893121380886,608.3256424750846,862.8785066974682,0.09911441840684936,0.21220753755855187,210000.0
Random_2470,0.22066361753684696,0.30312278534866577,0.04529640748895382,0.026938838288088112,726.5957890617015,969.6233991244399,0.04670618890088441,0.08451827949095203,210000.0
Random_2471,0.19182917254886062,1.5744392228356712,0.026290980305675445,0.015482125843945118,711.6768032797823,1007.1420129526331,0.0840335729797048,0.17135790349956137,210000.0
Random_2472,0.06551335955084514,0.35515217445635816,0.04285578385037857,0.03590534266531368,539.3512054898391,745.4105031068311,0.04831899514897481,0.08513353969167273,210000.0
Random_2473,0.00578141769096821,1.9413165736041182,0.00972487462011646,0.013812594295089152,377.71681654161733,644.6384192633284,0.11085250931388796,0.23229003106169369,210000.0
Random_2474,0.12382617285511843,0.20038881655456103,0.01148155644360974,0.024607803047965573,574.7174278870702,791.804319086479,0.07986801688325633,0.16530028996988252,210000.0
Random_2475,0.12190730423567255,1.1429262386513552,0.007650526853667558,0.03633010031527238,608.8511594023395,867.2412160270534,0.0857626827267282,0.1739331145858804,210000.0
Random_2476,0.2794778429370465,0.534523204167056,0.014677851109419073,0.012130208680807105,740.6038554864323,1012.3822156249935,0.0842839080362043,0.17784459215631812,210000.0
Random_2477,0.173726618179256,0.9336604359301636,0.036527362108049063,0.027881018196653288,691.1523894160719,951.4460931533671,0.06139726250203883,0.11703117288219674,210000.0
Random_2478,0.06405371612466618,0.6788231052250056,0.023014470094456427,0.026518102695359206,517.7183654063696,740.3162283494761,0.07510257922283718,0.15039212932974808,210000.0
Random_2479,0.0345962953207851,1.279030205207955,0.0260992347884326,0.009669408918326381,470.2544396554717,713.5983812234853,0.08977932951406671,0.18525120154542976,210000.0
Random_2480,0.2542814237344664,0.679188885229339,0.004968225270556412,0.016784046972416228,715.3192377908157,987.7129117803148,0.0921647929564,0.19562867701561093,210000.0
Random_2481,0.11140219822130865,0.3956892522228317,0.02746155397802921,0.03741832496859072,593.3885266422375,813.8547022318625,0.06011510539278559,0.11427825920692322,210000.0
Random_2482,0.18368995251681702,0.3029082045742105,0.0401599066202566,0.0030319611255563415,666.6476405038175,902.7456484191962,0.06649417624303242,0.13571160538773966,210000.0
Random_2483,0.11661849217262983,0.7722801540239393,0.0020009759923362595,0.03089605112473593,578.4032605799699,819.6787283848389,0.09055440251205046,0.187949994177272,210000.0
Random_2484,0.25694959140570217,1.0878908641451803,0.04539593137581308,0.034532309655661175,792.9356736426842,1079.733901098125,0.04916514552120857,0.08635899462982738,210000.0
Random_2485,0.2486084254190575,0.754160320152669,0.006036228285658987,0.0023056995880248545,703.9989100375685,979.4208765693082,0.10075344832100053,0.21817012549252754,210000.0
Random_2486,0.27842780576190446,1.1664651221650342,0.044370026926441146,0.019315858906278714,802.4877411580362,1099.490752229321,0.05958885990328307,0.11370336547347817,210000.0
Random_2487,0.11327948318748118,0.5444841639446761,0.04188116994074011,0.02653577039169452,610.8025470935361,838.150850041322,0.055098922943266224,0.10283106975355856,210000.0
Random_2488,0.2361799431406533,0.6538594135749743,0.020384854232722273,0.019678167141348454,718.5067538382917,983.7703715244032,0.07666565543515824,0.1573061023206882,210000.0
Random_2489,0.18982793053941988,1.7984679107756132,0.042047463006543356,0.008051337555531703,731.1624939683626,1035.5426285431543,0.0765973104197816,0.15315510061473317,210000.0
Random_2490,0.028824915918300806,1.160554247798902,0.038095004818636646,0.007744313078144275,464.5555423684429,700.3195670672263,0.07927786987747576,0.16022001259623914,210000.0
Random_2491,0.1720811309014757,0.10394833895968433,0.03461329683050284,0.015912692135751,649.6569973252346,873.312876186489,0.06204336841024887,0.12387634123399621,210000.0
Random_2492,0.12789131122970473,1.1167350261202238,0.021201944335498525,0.03240038779852896,629.0653828459741,887.0031002580881,0.07549298874079845,0.14954504462798593,210000.0
Random_2493,0.18511580883246517,1.7807736632222542,0.028301558529289905,0.0067712709195832405,708.2546186826189,1011.8625593798267,0.08966855405764539,0.18530797633574145,210000.0
Random_2494,0.03764644447484595,1.2235244833815602,0.004825920882522585,0.005851401427501249,447.3346681706909,690.9506952567707,0.11050053684539879,0.23673014476678803,210000.0
Random_2495,0.153017415600716,1.3939109075798284,0.030656839142437525,0.024648609330441346,674.8860803123625,951.4419891758035,0.07373530013723227,0.14534842088531297,210000.0
Random_2496,0.02568967662199386,1.504751861647531,0.02038293399270618,0.03798318590737404,467.96606109216634,717.4330244297973,0.0807073665895466,0.15806828521906105,210000.0
Random_2497,0.23035592178749933,0.874951447236619,0.0024442098429596016,0.03088995942620675,707.1379987623609,981.4330607933504,0.08841666829799665,0.18349966888832675,210000.0
Random_2498,0.016881417104374904,1.8028563398086388,0.022770289344898935,0.014419407063753564,437.4535609514201,699.8272748062103,0.0962850885961005,0.19769429862874,210000.0
Random_2499,0.15762309156392743,1.054291359582938,0.019145571711743546,0.016928833027198602,649.0410392069837,913.0039709000824,0.08521424429564216,0.1759987266957074,210000.0
Random_2500,0.25738930058359566,1.1034829419862002,0.030986710247780037,0.03257057934336562,775.207302845033,1064.1267772130193,0.06345773276777783,0.1214925496990974,210000.0
Random_2501,0.2999059101576457,0.5976581705854779,0.02453435141202924,0.015079364242592947,773.787805633641,1052.4898035970293,0.0738953137117194,0.15194514116158986,210000.0
Random_2502,0.2539737507776559,1.233560301570119,0.0011298616817316776,0.028504199193415094,738.0456599197922,1034.6785863148498,0.0941370462991743,0.19642046824828988,210000.0
Random_2503,0.16640298532911574,1.6569964227925895,0.03557583905924912,0.00846109414515862,693.741345809907,986.3839765114999,0.08131654818218527,0.16501832308260742,210000.0
Random_2504,0.1870529081920521,0.9381297972562859,0.04580938865086545,0.018115557017966768,709.7332221564451,973.5982944274845,0.05863359124358478,0.11169720421963665,210000.0
Random_2505,0.12070273022496861,0.7643461660076786,0.013684989692716198,0.036882807026509264,601.6727544956766,842.1985907847262,0.07624882702882461,0.15227053536995905,210000.0
Random_2506,0.13117914199969147,0.1615076172426869,0.02551080166778751,0.03726509845694889,608.319248433608,823.3598046994729,0.05905256335482868,0.11299476665976278,210000.0
Random_2507,0.08676407384362866,1.9266279277471436,0.015187717401403886,0.006857811964169338,575.5593849822283,862.185017842511,0.10559149803205134,0.22236478431787338,210000.0
Random_2508,0.06825360789769504,0.12847476498706661,0.0291311339187923,0.022936685179350956,510.6381802493113,709.3175211203016,0.06607963772319883,0.13133214780714036,210000.0
Random_2509,0.19117355222413995,1.554902014198938,0.04331325235438934,0.022932856676543673,735.9610539228721,1028.4253438953847,0.06406269944095586,0.12162695526953847,210000.0
Random_2510,0.29979316405622924,0.24760633859438347,0.04357824067437957,0.03664210343986852,799.3899224541336,1059.0628711757986,0.04031971050649963,0.06855128336730001,210000.0
Random_2511,0.05164232026198612,0.3762196194668105,0.017366145632390747,0.01773715388930193,470.94758948292065,677.9797884626882,0.08294538345148635,0.17184944709429562,210000.0
Random_2512,0.07469964848744753,0.7204199265693331,0.010108023588468053,0.0046324027066646165,506.5681355142408,736.4827102281121,0.0998612891257736,0.2138264077334941,210000.0
Random_2513,0.2198483182076275,1.9271889198262226,0.019615619956478363,0.0049398995015029375,736.4401550842957,1056.161294471744,0.0992762944411621,0.20873038109913172,210000.0
Random_2514,0.06706803347213039,0.26416258756502653,0.026900695338994165,0.005398214457696933,498.38274528679483,704.4531573115183,0.08001257205827429,0.16710558019787214,210000.0
Random_2515,0.02405108217863064,1.9528738788155806,0.016582545799245684,0.008216861370522053,453.5771455906654,725.4852881084428,0.10657264848177345,0.22322553409563983,210000.0
Random_2516,0.008979988021338625,0.26539919186809247,0.042613437538826474,0.021513737679058502,380.7712319857499,569.8290186077179,0.05949839955189236,0.11334592901663071,210000.0
Random_2517,0.07947152781196383,1.64075019957475,0.03019142226470477,0.029976490363626124,588.3557609255683,857.2439688491565,0.0756111887622649,0.14715521247319743,210000.0
Random_2518,0.24172135358404673,0.6374672915959829,0.022534240803539198,0.0343684169200929,735.8968289188451,1000.4609828187856,0.0656397728650594,0.12851848264066595,210000.0
Random_2519,0.21198191697789667,1.1645697049670243,0.014205564600870246,0.03896405982396524,719.4549050742979,1000.6024510883013,0.07627395421444938,0.15128005865896457,210000.0
Random_2520,0.02299476423568378,0.3417251798529245,0.045857195265569944,0.01230377859494379,432.077882115294,628.5513283587554,0.06173070398065453,0.12019701841710352,210000.0
Random_2521,0.13647765748564347,1.0124010122073315,0.031569419529168544,0.01881043094710365,638.9705839324246,894.6176558150636,0.07303669745739957,0.14592145472429027,210000.0
Random_2522,0.2087806069202515,1.7631709538490443,0.0035575708522774057,0.01710229467595041,709.1843236828598,1019.0693790938715,0.10503001565470953,0.2217960850981279,210000.0
Random_2523,0.1914756556799936,0.841081240212066,0.011388042330024384,0.02714965018664199,675.929631563145,938.564185891353,0.08312019792135698,0.1708253188360474,210000.0
Random_2524,0.060293700446341233,0.4909286012518975,0.021357086863948407,0.02398945699535447,500.59660552178417,714.1340941809606,0.07638327851898646,0.15462793949425177,210000.0
Random_2525,0.09755534473981109,0.37702566224652545,0.020201175799780185,0.022355896882895916,554.1910958278644,772.1415209992967,0.07592889007578171,0.15483495107849296,210000.0
Random_2526,0.09325575893020328,1.582744103053807,0.04549554725612782,0.011737830109095553,613.0474345076908,883.006188688445,0.07173118925418596,0.1405690275622826,210000.0
Random_2527,0.2464240034627749,0.6336872774208241,0.029241295409486733,0.0044443936163938835,727.1496958175401,994.5767690451005,0.07742484826727938,0.1613754209242065,210000.0
Random_2528,0.2743914028118185,0.16279360695377057,0.04434020933043757,0.027117297705216554,769.3295810604003,1019.5365435134222,0.044974892488417476,0.0813667821625733,210000.0
Random_2529,0.0475387841798439,0.8020302137430299,0.02119572123084797,0.02511056590900678,487.3138345236916,711.5853872159006,0.07951713536361055,0.16051175587127914,210000.0
Random_2530,0.006971510820670018,0.47132618564817463,0.044502402187457865,0.013848676448928753,374.73938893011785,573.0238586985424,0.06468198254522949,0.1260235336359043,210000.0
Random_2531,0.07968032150156697,1.365263880508495,0.02981376533108472,0.028610416839382063,577.6373727411352,834.320393165772,0.07400845930929127,0.14464724575039578,210000.0
Random_2532,0.11408959867567042,0.2414399468190025,0.007330261293844509,0.008379060509242631,547.1064206522842,765.23687218381,0.09403429762919469,0.20178486653715452,210000.0
Random_2533,0.07079200844418863,1.383682767585752,0.02422944554201138,0.035752070372555296,561.9915895693348,817.1567949485755,0.07525773093578897,0.14652285550575123,210000.0
Random_2534,0.12896120605874786,1.5113527126111244,0.010419718080896579,0.0037094076529381815,611.1981132011441,890.3189567246249,0.10632790245697202,0.22700415462041013,210000.0
Random_2535,0.2976943591136834,0.3526668774418281,0.03666178624687797,0.03600271881414483,792.5917581906529,1057.0721970490742,0.04801715495676266,0.0869685078891162,210000.0
Random_2536,0.27086822813617945,1.8687001512560377,0.0466819426033996,0.031291187716687936,831.7316899856951,1157.3024034006548,0.0574895400469108,0.10378982796578654,210000.0
Random_2537,0.008970016776997375,0.46555265674608914,0.04220418349614587,0.03160515671555173,394.30212814196074,591.5897546728484,0.05581446394138555,0.10210519179809202,210000.0
Random_2538,0.20368177842248245,1.440543982974016,0.027213556613058427,0.007590486222750971,714.5687069332255,1007.5293073458121,0.08633272360572501,0.17874383007712621,210000.0
Random_2539,0.03684184506023925,1.9785741933904122,0.04096675325793112,0.0025870303973754964,512.9691885122219,787.7311857874257,0.08752459983987687,0.17762768621763106,210000.0
Random_2540,0.19606811701912455,1.6771795997764238,0.014296230125004018,0.03061521460755563,715.8036288323583,1016.7008244984737,0.08668014419928523,0.17539571050554661,210000.0
Random_2541,0.02793635174706893,0.6384404879209037,0.04988677158284282,0.027699753253757155,472.0269106686726,681.5338985749524,0.0515236242709651,0.09201263860729023,210000.0
Random_2542,0.08251054152023439,0.5380188343951412,0.0019990271084063147,0.022125583452248288,515.2392341053622,738.1477481883497,0.09456078423159518,0.19947172423892848,210000.0
Random_2543,0.2799190671822144,1.3552876152902174,0.03175707491035125,0.015843183185025117,792.8001887823706,1099.9598776183539,0.07488412317534267,0.1507281431125348,210000.0
Random_2544,0.2158220122818587,1.5126161470456727,0.043014612475264453,0.03930604761689261,770.1831634555292,1065.6207403356766,0.053538052116876754,0.09414784019689065,210000.0
Random_2545,0.1850761859676678,0.2524126047371607,0.010900685950619177,0.012235050029460157,637.6641360891414,873.4408909158242,0.0867683823016499,0.18428247021126806,210000.0
Random_2546,0.29818217652092066,1.4213867242493015,0.03025299323061944,0.010245711591796356,804.6786634019419,1119.9467137375973,0.07991753442291957,0.16363558691687283,210000.0
Random_2547,0.14192319425332794,1.9204634495692856,0.01766458130298954,0.015139970101480472,658.0659516492963,957.3432413308884,0.0966879902781196,0.20025415999445115,210000.0
Random_2548,0.1029452773269537,0.7450360175334335,0.0026290676374795836,0.03140420685612177,559.9798647353028,796.5201428965576,0.08982465789554361,0.18603600599364667,210000.0
Random_2549,0.23393435974006488,1.9054619379463618,0.002478860403999336,0.012888569485122087,733.9886505361593,1056.988633287632,0.10941715106737647,0.2326873301791044,210000.0
Random_2550,0.07367975856506835,1.8771967398308171,0.022393714939532208,0.02806229514075136,576.5140912772114,855.3714034044426,0.08635144373811907,0.17252048344412474,210000.0
Random_2551,0.02692540859420657,0.9067438257437949,0.003577729773784963,0.03838778299073095,430.58142999033794,654.7590132761991,0.08953301894954288,0.18227983279327936,210000.0
Random_2552,0.09778912743940242,1.9958581601422516,0.009720896751331962,0.00878592703067698,589.1115390964308,881.891892260122,0.1096839676741869,0.23196520583557023,210000.0
Random_2553,0.22523344316505403,0.4527430557956402,0.023277985074527354,0.015619398159666942,701.8420580947658,955.4120657380975,0.07471385197639899,0.1538687506591202,210000.0
Random_2554,0.26788956603884595,1.9406516710493027,0.03717186946969667,0.028461646128229115,818.2746472356272,1147.3256826947231,0.06852323666426177,0.13079306708935326,210000.0
Random_2555,0.07537528866976266,0.1941227555889944,0.026067571411223435,0.0015721373219677124,506.26692185468795,711.635091324978,0.0820462188128254,0.17303655413237432,210000.0
Random_2556,0.17576839624305732,1.0021652483581265,0.01216449523479034,0.024429636643170324,664.0965984757179,930.2086031623611,0.08603087645634075,0.1774241001614972,210000.0
Random_2557,0.04649347206789951,0.7751493373100867,0.0021739453102735855,0.03668783892921823,469.48155317401734,692.8776986307867,0.08946977024198186,0.18339482678816701,210000.0
Random_2558,0.22637595332761487,1.4160407819477128,0.031809558335532125,0.035014120580777824,760.4536202615839,1055.4235494678298,0.06500753655827082,0.12328560155001769,210000.0
Random_2559,0.04375430942992342,1.3615524237797714,0.01967301383711849,0.03272720865008667,502.428774590845,750.4451932194393,0.08208998043658462,0.16321987187828715,210000.0
Random_2560,0.20410459038481568,0.6637836810156093,0.03315520537114156,0.01763227373589903,701.9626911578165,958.7961060711596,0.06718320052877212,0.134051409414728,210000.0
Random_2561,0.02479274287884929,0.37278428096258,0.019847190453151285,0.03497227542714378,423.0560741469742,621.643995239579,0.07173286385727,0.14153794136242195,210000.0
Random_2562,0.05965240714271612,1.429751825827589,0.030866657542632073,0.03225205280611801,549.4723203857626,803.6747575057831,0.07228152633142831,0.13931556852335655,210000.0
Random_2563,0.17695593632040207,1.473623772075794,0.001035877513252983,0.02284289564553152,667.4050894815392,956.0468414523477,0.10168498440504221,0.21381845954657058,210000.0
Random_2564,0.10461873260338993,1.5748531879859602,0.03207419838501843,0.018361827959617764,617.565551589376,890.5537460920209,0.07939569272699205,0.15861697491612967,210000.0
Random_2565,0.1250904879324797,1.6717417123051228,0.040937309887375595,0.03504654561809382,670.4815167614795,950.9038073578924,0.06177228411948393,0.1131510260367801,210000.0
Random_2566,0.22331674104144256,0.8785824603048332,0.010031873048768684,0.028449073192344944,708.0105916176443,980.2975118924334,0.08323641479677597,0.17108045109710646,210000.0
Random_2567,0.080699659251805,1.7737701046549015,0.004057398478253987,0.018497284190080926,555.5680998027605,833.7582947117154,0.1073061348124524,0.22559039655757077,210000.0
Random_2568,0.017047995295551628,0.9002442845908543,0.014736143752986562,0.035601259524651895,411.62397887416665,632.3699782424319,0.08176779831470402,0.16340063531835264,210000.0
Random_2569,0.07554685218414806,1.5640678655420839,0.012574397614652105,0.025338847001369152,554.9409340352613,821.1776414614104,0.09362325507468472,0.19208121230296096,210000.0
Random_2570,0.19643031741762532,0.1862736796470858,0.011528279485178747,0.01202149759278115,647.6527024406071,883.2586152128954,0.08541029470512355,0.18140067857906314,210000.0
Random_2571,0.032659810406962295,1.2492445918431307,0.021551585341785435,0.003017450646128671,454.3459076777825,696.7613440334309,0.09767114363201743,0.20551467286886915,210000.0
Random_2572,0.044950590701791825,0.33713349672277704,0.004395039996361181,0.005029525179354762,431.40837719084504,637.0630670047607,0.10215777299212617,0.22054571991396593,210000.0
Random_2573,0.27214555826845876,1.3537270809348745,0.01300734927169386,0.02074656654776359,767.0200127765238,1073.2738077201514,0.08894920210873643,0.18439683788968986,210000.0
Random_2574,0.0094960058488838,1.3468316675802314,0.04821851150207991,0.017006049222245072,424.6082631813597,662.3717248267451,0.06791907775596148,0.12974833122219298,210000.0
Random_2575,0.13671289170263318,1.8405584247131144,0.023397301003594988,0.021546983307517073,660.3515524299905,953.75936172285,0.0870248820694864,0.17607205041452798,210000.0
Random_2576,0.21920783351599255,1.6087078902182326,0.03112183611252323,0.006581239273602091,739.6345729052497,1043.8121403131784,0.08476475559405988,0.17444828103366963,210000.0
Random_2577,0.12300286843883339,1.4075347294159182,0.003036286964009033,0.022591656882269648,604.3673026732346,876.406847098957,0.10077334194231644,0.21129550634612135,210000.0
Random_2578,0.011543367898594871,1.8241551337063908,0.007796736813785539,0.038014668884640196,416.507841963505,677.8157524990672,0.09626688554302856,0.19420920880668682,210000.0
Random_2579,0.2598726728127501,0.280997538230609,0.024788384016999017,0.010678542200598724,725.8553275401434,980.6310308663006,0.07389776281684209,0.15360875514664507,210000.0
Random_2580,0.29286965838833023,0.25081923917257354,0.04527256583249803,0.008861938853294477,776.36600900985,1036.539528994835,0.05562223317622291,0.10959066447812879,210000.0
Random_2581,0.12807177689848923,0.5160496358364336,0.026934576589538857,0.03158990541700753,614.5802191994715,845.1384384762096,0.06480801070544498,0.12620622860827138,210000.0
Random_2582,0.01981631897093098,1.2998219695723032,0.041695097805196535,0.037033148144127476,468.1444930129443,705.2923017104848,0.060437333828774364,0.10938336927781911,210000.0
Random_2583,0.25849392184289127,1.3048318666341554,0.010710178921303791,0.02266585653187122,751.9681074066109,1052.6389390296167,0.08964118421145562,0.18593195424164116,210000.0
Random_2584,0.25066603755970884,1.8447894730800634,0.03442489281789395,0.011496293081666484,784.5239431856926,1106.5322839922576,0.08055440345482395,0.16274033254982367,210000.0
Random_2585,0.18952953852479143,0.3098860182968234,0.016385077048997988,0.03552592255778397,667.1911620885601,904.3655375745724,0.06832973923311245,0.1358950786235121,210000.0
Random_2586,0.12197186114842602,1.2021971195868184,0.009054102743108628,0.032109031769126335,609.738375579382,871.0371604869166,0.08762296564640075,0.17878067748790746,210000.0
Random_2587,0.1273658836988687,0.8448115055954238,0.023783910668098374,0.010371710990521556,606.5645076572715,853.6900466010932,0.08368189742776723,0.17370154619208653,210000.0
Random_2588,0.14330999874291445,1.4221499444274512,0.04475883744490605,0.009267479753885192,670.6798527379208,946.1819945469814,0.07080679647105344,0.14000306606259036,210000.0
Random_2589,0.2008615132463854,0.8028158313542191,0.02435745795670064,0.03321988316409335,703.939607260789,965.6755106936617,0.06721100102293372,0.13139106559754982,210000.0
Random_2590,0.11368072212442706,1.6987784759433506,0.009843956508875661,0.005036250226587557,598.2445168015397,881.9193122112601,0.10836315938384265,0.2307742360735,210000.0
Random_2591,0.026120388094652697,1.2766220027378126,0.00576803098893961,0.018739403538491847,430.17721807808147,672.1947104627517,0.10309898938493545,0.21639500495889832,210000.0
Random_2592,0.07909573676430981,0.7691505147498408,0.004630636122023487,0.03142281358507595,527.5886795234917,759.090110901744,0.08904545162771467,0.18366952337258957,210000.0
Random_2593,0.2587228927574579,1.2857665581694113,0.042325750302857824,0.029022632617303437,793.8918654951334,1090.7242131685086,0.0571779486773253,0.10581654418658604,210000.0
Random_2594,0.22019962816448138,1.76595448035535,0.007975633695077564,0.017403744529730505,725.8906872784426,1038.3781956775692,0.10065414111878761,0.21115653094765197,210000.0
Random_2595,0.01766190040175939,1.7632085606210937,0.03724999522507842,0.008910383623271914,452.25783691373306,712.3248669342541,0.08610289807444145,0.1737416446095427,210000.0
Random_2596,0.23857717804764983,1.0485039818547108,0.021775399329004918,0.03317865550409953,745.652442901736,1028.0830922104622,0.07121111455355751,0.14044060717387324,210000.0
Random_2597,0.015789950309629878,0.9285274787359158,0.04328942370399072,0.0317556013216186,439.76695324294406,659.494575361419,0.05875827128041269,0.10749853255058159,210000.0
Random_2598,0.26538882304356726,0.5091408687963513,0.030887438576952052,0.0066334079458616035,743.171366513384,1009.4282436482865,0.07300948866227713,0.15101063871542877,210000.0
Random_2599,0.21501233960655464,1.0475054934769144,0.016700291147069234,0.020813763418353698,708.59748369246,986.4871914353259,0.08368265023691823,0.17235967864766724,210000.0
Random_2600,0.024390070684540032,1.7362811357147692,0.025519635363525278,0.03947607185128908,479.58253906993156,738.6130512710461,0.07758603227280633,0.14917378165968687,210000.0
Random_2601,0.20946533821300328,0.17190822077176207,0.013707900121656052,0.007600521357572924,659.6930833099763,898.090614079618,0.08566818260620174,0.18281299662071185,210000.0
Random_2602,0.26160879828679434,0.5330439735074558,0.044434415756146026,0.0361581906279394,777.6179389515768,1040.5597088203842,0.04341500967707099,0.07459297680050776,210000.0
Random_2603,0.07821789329724597,0.6356984220809722,0.0088379516668914,0.010917058812769716,512.2040863042338,738.7845877838162,0.09625910002489695,0.2046161958579294,210000.0
Random_2604,0.10554497116017222,1.2532966693689012,0.04579566653897319,0.03557721079944231,636.1134006743149,892.3881633988852,0.05347300322139162,0.094396855507417,210000.0
Random_2605,0.29485232051344185,0.9541444078154825,0.029852071943186703,0.0040559760570093245,780.7594756442447,1074.696410284286,0.07938093254399292,0.16519864588790742,210000.0
Random_2606,0.14826080416743773,1.1845057123180658,0.01758110690846972,0.026045075299078006,647.3284274306433,914.2062909502118,0.08269408580388904,0.167937698724759,210000.0
Random_2607,0.10652049868277107,1.7212545436445024,0.002819260905489822,0.0017097881385881018,578.5611781036907,862.2854333148599,0.11712184208740613,0.2524320645571811,210000.0
Random_2608,0.17972118292021597,1.3309223355726183,0.02710098962904895,0.027942588521104775,700.2050983245799,980.6234129033895,0.07367407253114357,0.14533071380222562,210000.0
Random_2609,0.07010741377077077,0.6279969591391766,0.020852316748181398,0.015462861019148299,516.1269179972613,739.0084203798306,0.08293960698173578,0.17135314285653966,210000.0
Random_2610,0.023522683583396563,0.5924305714081183,0.04342798711766143,0.02566214951542697,448.8461177134893,655.8589533920567,0.05837440629865832,0.10911275794408123,210000.0
Random_2611,0.09172627452003097,1.5855510887776487,0.021596305885726468,0.0052536048275436875,577.6644912371838,849.7978660051242,0.09720940352325615,0.20367884276120418,210000.0
Random_2612,0.04510874722713714,0.26066452751686375,0.00847377615970224,0.016008239675940415,441.64693705137006,642.6954663295617,0.09112753893868397,0.19246227154311085,210000.0
Random_2613,0.04912602809594719,0.8417310378741041,0.0436176909538635,0.03798164610450875,527.8684974142702,751.499954177922,0.05193952242042786,0.09123931001750685,210000.0
Random_2614,0.1605214431927446,1.56857102587135,0.031130667961939695,0.001918750201935594,674.1860590157684,962.2581625250552,0.08850383349592668,0.18378789972630322,210000.0
Random_2615,0.1543281837253626,1.0664764816327144,0.046439835345461075,0.036393296001580255,692.0914201628071,952.0382572598567,0.04917601021135285,0.08521876788388913,210000.0
Random_2616,0.26540454762963944,1.0003229372097304,0.04393101984501082,0.02127518683936159,786.278017139647,1072.427189686745,0.057396713636065265,0.10871094459838154,210000.0
Random_2617,0.009678503704864824,1.2910583750590072,0.0018107797178103615,0.030329913756639622,377.1323663446949,615.0783636706104,0.10111534601887456,0.20937441464796905,210000.0
Random_2618,0.04539379572258107,0.5076671639139599,0.04922530385401066,0.017524936363887664,500.85854899027754,709.7120010796192,0.05599777239278063,0.10529544869840195,210000.0
Random_2619,0.04409629610745138,1.8400541439351792,0.032727710748703176,0.001234900995292028,513.5316415536159,784.6411431180424,0.09400483754788289,0.19442463039816774,210000.0
Random_2620,0.013956269079608386,0.21540946877437656,0.047123925833059487,0.038587375634216325,417.4221941841989,603.7477834315657,0.04422740297227215,0.07417028535763392,210000.0
Random_2621,0.2926401712105385,0.6779600618946277,0.016685292230473873,0.03431051648895756,774.6343521003896,1054.2229329907277,0.0703572824355844,0.14031624138339624,210000.0
Random_2622,0.21850355181126455,0.7578953136636569,0.008091730268664356,0.03968888279568076,704.7179016702395,969.6266296927726,0.07713419351937158,0.15515614181300508,210000.0
Random_2623,0.09989040693972809,1.311255392306619,0.023790160443541833,0.018392838733434006,591.7661113807197,852.3705658352916,0.0843446175503885,0.17181603542998658,210000.0
Random_2624,0.02210412342733914,0.19518932510439757,0.04813360422922003,0.03813317955217017,445.09227701219714,632.5004847962188,0.04277825060517807,0.07104978769780004,210000.0
Random_2625,0.13413396032733907,0.8549419716319168,0.04622922772591486,0.001107059558044612,635.7917150281484,884.0106908507025,0.06895401833796232,0.13897352176234082,210000.0
Random_2626,0.21924622072770367,1.2796032372909087,0.025275922607762142,0.03590729036497417,741.6659432959896,1029.1649871181874,0.06913858070458286,0.13380387622007114,210000.0
Random_2627,0.11762825599440585,1.32529796164455,0.03455815647379737,0.029025257457285153,636.8456802787687,900.8044794368882,0.06787608912382227,0.13031881267521153,210000.0
Random_2628,0.09215718882873208,1.5632876851779243,0.023864384188502778,0.009451940392694414,583.1853110402906,853.9072481139845,0.09241228634077733,0.1914980428490758,210000.0
Random_2629,0.19939370077171262,0.10623320723840818,0.02058928871768994,0.020404059780659213,664.5898466173323,895.9392982561209,0.07135883200126096,0.14632032460318226,210000.0
Random_2630,0.04950013461779986,0.5951071188223154,0.033874664469166135,0.006990543681374937,486.60935852804704,702.4949958774579,0.07681982181427524,0.15729356036833408,210000.0
Random_2631,0.08469285375957925,0.680805692870101,0.0322878327942604,0.032199580120332194,567.0316346024099,793.6821111882917,0.06260885201023153,0.11942273885462598,210000.0
Random_2632,0.04428762533875095,1.1342853765580712,0.04383249103940327,0.0101287777824733,508.7907494398574,746.5885962139081,0.0716074201036269,0.14163033267850322,210000.0
Random_2633,0.10113138403626028,1.6608376500437931,0.044480855564011004,0.01938349864518389,631.2852423971497,906.1966343214498,0.06858527510755826,0.1316248085314385,210000.0
Random_2634,0.10439440955736495,0.3817937818158036,0.011775471217885743,0.0016685724967514368,539.4524621602545,761.6562612341361,0.09575684547762084,0.20613607346938678,210000.0
Random_2635,0.07865001559715193,1.40362856269293,0.02230250836145737,0.021039111610823193,563.0188788053996,822.3773384280871,0.08573163911401659,0.17412663023912092,210000.0
Random_2636,0.13338214795217154,1.4743747309427988,0.032371952152844156,0.01630875226583557,650.5592717032174,926.3572152301919,0.07851943485790641,0.1575665879483409,210000.0
Random_2637,0.1865731388548952,1.0874196902629247,0.03817883676644954,0.0022088901685969687,694.1675324272633,966.513685048015,0.07654908713321529,0.15694308349241198,210000.0
Random_2638,0.012013136027319585,0.2415909750726979,0.02575943759214956,0.020642655966608515,372.46087574478923,562.6235861451898,0.0746547332860486,0.15074862914859394,210000.0
Random_2639,0.018346339123539033,0.5618046583400882,0.00149346634678,0.03599927460146471,388.5586076423194,595.4269827726486,0.08996538893790329,0.18493368149650863,210000.0
Random_2640,0.2976852767547868,0.10649237108404362,0.015981087542831944,0.017553346021103127,746.2367602512231,1002.7674814535869,0.07523782886524957,0.15706188430492507,210000.0
Random_2641,0.28590019777923986,0.8735173206877334,0.027075416012232366,0.01126467818135072,772.1756044871777,1059.891725827449,0.07691456467991371,0.15849309168239417,210000.0
Random_2642,0.22375126107579554,1.7249130985204906,0.032855360171669575,0.029435881961213106,766.1246861136132,1074.7002914453535,0.07055730702982901,0.136198117206505,210000.0
Random_2643,0.14401403855764183,1.0524557190905837,0.034798283497993486,0.015334906560383731,650.8709595319449,910.2243213257614,0.07241532178261671,0.14477736754188253,210000.0
Random_2644,0.03718794904965785,1.2581896720028172,0.010520094713113763,0.006812315326404812,454.9869677546242,699.515897454004,0.10516958684126498,0.2234062096667226,210000.0
Random_2645,0.18308055979008186,0.6311300439664899,0.025090428642164053,0.03428211410525649,681.2867731954743,930.7079617016931,0.06460306336717733,0.12545710963538648,210000.0
Random_2646,0.1991710901755169,1.9691463705026797,0.010413404224769673,0.004425665481191058,706.171469391323,1023.3887030313459,0.10873828293586008,0.23154093798933592,210000.0
Random_2647,0.23382302291066565,1.4228542537358666,0.00524134211337542,0.02003093785382452,725.3084183847154,1025.7708331331198,0.09782172186813204,0.20553453174938408,210000.0
Random_2648,0.2935706521449986,0.46574183874914343,0.013413837097045089,0.004136187906652437,742.9323453227815,1015.8793891024469,0.08926682014692715,0.19151363029237528,210000.0
Random_2649,0.019486212824529454,1.3564173719482318,0.0017889655216805737,0.03511643413655211,419.8365936712374,662.7944966423815,0.0980923837540064,0.20142260764471973,210000.0
Random_2650,0.23101274723844775,1.998452975718028,0.04350691007574201,0.006748554407201427,779.4522034323169,1103.1153369906046,0.0771664209534415,0.15423065611370568,210000.0
Random_2651,0.1822855079955933,1.3560095282119733,0.0141562791839474,0.026783350844527168,687.4503767006306,970.7670120667898,0.08621045211871066,0.17604505222603145,210000.0
Random_2652,0.11752999965478257,1.255412126029752,0.0366793516058103,0.02337675110934679,632.8622097136468,893.9337670814687,0.06866012442503594,0.133297807764009,210000.0
Random_2653,0.07815689352862804,1.7234280864377183,0.010465049448377752,0.019238403060597094,557.9539143256878,832.6711253968242,0.10068138363959238,0.20948138627559473,210000.0
Random_2654,0.0654841443203495,1.1022953466811867,0.0198353022191553,0.027336388318331083,531.8270010194095,774.0275924571514,0.08165137449191234,0.1644340727688301,210000.0
Random_2655,0.24872076633344617,0.616725225672885,0.013099622960130165,0.02471275585199189,723.4510726721152,990.3589091057868,0.07957555556752736,0.16402615961020592,210000.0
Random_2656,0.18506976937070183,0.9365553941212583,0.036850438667054314,0.03352723585442858,707.6466551502749,970.4288762666885,0.057479870409151756,0.10680867100971034,210000.0
Random_2657,0.276068582979871,1.0513739973582041,0.047103025270226376,0.013803294302349046,795.8640873728007,1087.3205574330816,0.05933059484609447,0.11429866186315876,210000.0
Random_2658,0.011784865692908562,1.7130321490433795,0.032746491914779234,0.02422475803282196,433.911555277064,689.3865184114352,0.08095246152210962,0.1591164230651788,210000.0
Random_2659,0.29129585318187656,0.3653844286926188,0.029801695263421947,0.0012683998113867643,755.1848473817482,1021.9655023624006,0.07527691248093817,0.15812578693195287,210000.0
Random_2660,0.27814995221021777,0.4826077854664069,0.0319855385506047,0.007229716257591654,754.9940308914352,1023.1116489053221,0.07115327872102993,0.14662045551878133,210000.0
Random_2661,0.07758182475211382,1.0322271479151952,0.02491739143409296,0.011656705972445214,544.870140946705,787.7898909983942,0.08533189278571117,0.17603414660880706,210000.0
Random_2662,0.1749303493947384,0.4475485302217691,0.022324255429026378,0.021332221356945198,653.8079409498871,894.1876940156735,0.07321938747020612,0.1489761842260236,210000.0
Random_2663,0.08721514250389219,1.9999026437943028,0.03850274750142924,0.03417033884947871,625.9090163565643,911.8945740452084,0.06893790838524917,0.12880658223013514,210000.0
Random_2664,0.10927271172211012,1.5024858243399162,0.03593420828682125,0.023521763132088657,629.6810971211944,899.8546594335054,0.07195972825861462,0.14013706794966527,210000.0
Random_2665,0.2029991476293181,1.3755623239548362,0.04237750368832008,0.010207429495390222,731.6417268284428,1020.085023659043,0.07048032688022024,0.1399266804869564,210000.0
Random_2666,0.18623048050239896,0.6094933116036766,0.01735161997000406,0.02921334450036388,670.9934185593639,921.2530405494998,0.07431958249750421,0.15001317920686125,210000.0
Random_2667,0.12253998173695654,0.5095167006167952,0.010367266992067168,0.03687841611189416,591.1400970870334,820.9236894007115,0.07663643480402346,0.15437459636646236,210000.0
Random_2668,0.009471200220752887,1.772473500334628,0.006301557366257032,0.017358803712430156,389.33768635163784,649.5739650355894,0.10969164931510761,0.22991915419874034,210000.0
Random_2669,0.04398422347317648,0.18089244141897298,0.04006909450378099,0.016292141641928326,474.5703924015114,669.1977092420026,0.06177697116678628,0.12100944787528879,210000.0
Random_2670,0.2189232086776268,1.1102217782445793,0.040503248685313804,0.012829173057928508,737.5451559162192,1017.9693443671727,0.06759394403946777,0.1338549193816386,210000.0
Random_2671,0.016865319276940825,0.5615679881918294,0.002229018290076072,0.002852443231733763,361.2063014886253,570.286673854748,0.10930076659977386,0.2365689485908238,210000.0
Random_2672,0.19926064561968748,0.19644315874563878,0.007731240709159833,0.015362474117927644,648.6543174080205,885.4619237703292,0.08686110634249192,0.18448472675414884,210000.0
Random_2673,0.18200591535628366,0.8993369672011624,0.02065045090025987,0.008673893614037365,666.288422164156,929.9141169661355,0.08667119743331139,0.18161265706090385,210000.0
Random_2674,0.26505176174506484,1.908946153302718,0.040158756906943545,0.01070723903898067,805.8472930223795,1133.9435306815942,0.0762256012924748,0.1521048042065799,210000.0
Random_2675,0.23269279406903848,1.641472663649339,0.048941798687448496,0.03580568313904818,795.3898531333923,1100.6495229687523,0.051236049639174316,0.08857310654774997,210000.0
Random_2676,0.09683994495203037,1.9701011565965654,0.02726664284388777,0.02260172050486867,617.5667702101158,906.4418394270683,0.08537617728214184,0.17080500922478106,210000.0
Random_2677,0.21532875113699185,1.8395567478136878,0.006736498124089792,0.03181715488618916,732.3720540909889,1045.9000032860304,0.09396172041811436,0.1925019796321171,210000.0
Random_2678,0.11958446778407643,1.355507603509753,0.04996205156502796,0.01978693393421915,652.4769668299479,917.7910070939661,0.059800871819927104,0.11170214944015536,210000.0
Random_2679,0.2528729373876071,1.7747909521498966,0.013053618379234536,0.0030725208857455737,752.511047635382,1074.3047836878306,0.10409884583462871,0.22174723596326534,210000.0
Random_2680,0.034586461757218905,1.7435652006626374,0.0450598884998364,0.029776961254529413,523.3174431165606,784.4375446053348,0.06529608844815832,0.12065743699457032,210000.0
Random_2681,0.06884346123152071,1.879680999327221,0.04948884071198875,0.016034573038851394,592.5419825375802,869.0966197151182,0.0693885020274038,0.13256763855447157,210000.0
Random_2682,0.170817454184183,1.3849863316807138,0.04242017437872842,0.037867075780363565,717.8562981913651,996.4620666503156,0.0546854472570265,0.09725599445041616,210000.0
Random_2683,0.05518558248846479,1.9464377055896724,0.018137867386133533,0.03840633470032875,548.1997010344309,825.0622572411653,0.08539817322850814,0.16817866562243136,210000.0
Random_2684,0.12373595446903167,0.8938426347066228,0.03162598162283607,0.024638800158017084,623.0679264474022,869.7236510839899,0.06865653843226673,0.13480716415219218,210000.0
Random_2685,0.0064556117170410585,0.16243186073150903,0.03223880414572706,0.028924380409701536,356.9308856918344,540.9611675895783,0.06364783020134941,0.12283038658052739,210000.0
Random_2686,0.06457967535529373,1.6903152581353618,0.032354213415100294,0.02000449768861133,560.7020213622553,828.7224299288731,0.08069915560909946,0.16045482677671424,210000.0
Random_2687,0.21734998253533705,1.537850571431756,0.03662734264128605,0.026207544703552105,755.7101428384926,1054.2241231991688,0.06736520872888768,0.1295964625198401,210000.0
Random_2688,0.29147426768723084,1.1947492833264508,0.004048607082087669,0.014773240140537512,762.9110332891149,1068.037570182803,0.09864213100226737,0.20975552311548468,210000.0
Random_2689,0.029450900613812413,1.265783876674828,0.017181863305304426,0.007213839050841115,444.42174129466105,686.7930847099898,0.09943360542126768,0.2091089299000771,210000.0
Random_2690,0.09918916275006534,1.9103535243333607,0.020787554540591828,0.010441514135118485,602.565298000149,890.8301717886097,0.09783096546894793,0.20317030346761167,210000.0
Random_2691,0.006505179356811675,0.17743459073595858,0.008918253328967896,0.0031199884790405487,311.6853294906366,500.333121568317,0.10026283098197997,0.21571036524075654,210000.0
Random_2692,0.2154545392182093,0.7587983604083156,0.016630248563768376,0.027949531466433808,703.8326403294723,968.2758189499827,0.07656762485211677,0.15530333769215265,210000.0
Random_2693,0.043071684237479584,1.788739049166225,0.0023310392128451213,0.027503514703664207,491.4390429100155,760.3134568685447,0.10513660262587605,0.21833938368514827,210000.0
Random_2694,0.23551506367284902,1.1835521873619221,0.038824019209672433,0.006653247702197208,749.4394713261346,1037.9399043226838,0.07319597711192187,0.14820104745909587,210000.0
Random_2695,0.25051202908787024,1.5324593254604504,0.013856226835646138,0.034103030924718995,764.5962607051938,1072.3481970020525,0.08238193520404717,0.16558016730394823,210000.0
Random_2696,0.18443360364956365,0.6250415008733017,0.017529625036797496,0.0330960938970154,672.5908709178027,922.7760818547872,0.07202694941262447,0.1438036112517238,210000.0
Random_2697,0.1037894994618188,1.1816674106711997,0.021977470352007734,0.034955914561052716,602.1478636391148,856.7156011917286,0.07462012650548505,0.1464668990457459,210000.0
Random_2698,0.07734258362119849,0.9479488249778096,0.018898362467676198,0.01819031594270657,538.8842766338664,777.9105253903368,0.08599466553794476,0.1771538597117364,210000.0
Random_2699,0.29020766601277703,1.8420239411455737,0.010159801507455286,0.03629788063091177,806.9094495249462,1138.635828808622,0.086723504490993,0.17486393612663914,210000.0
Random_2700,0.29776872872309806,1.4830853301747924,0.014718426607761466,0.03314005723508651,803.8818425592667,1121.2341858904792,0.08078659714683793,0.16242980075653668,210000.0
Random_2701,0.17431113978629606,1.8069356060365287,0.034878474156225824,0.006884181699405502,705.6711127797142,1007.2199875294816,0.08419810318031028,0.171691144018368,210000.0
Random_2702,0.16042503433409191,1.5884400756496906,0.023004329701456636,0.02230837301018626,679.2943058873755,967.2553516582032,0.08378486140816845,0.16944464173167972,210000.0
Random_2703,0.2400419242681284,1.1888763070058777,0.013607201052501731,0.03386784028503711,742.5934621263655,1032.305373701659,0.07952276324248203,0.16005550994994855,210000.0
Random_2704,0.16437563540448902,0.23905397584630553,0.03358144345711816,0.026643423759565243,652.2044048422279,879.2377532290992,0.05807253334893157,0.11205511981118976,210000.0
Random_2705,0.203112852106417,1.033360476514322,0.019517677701939507,0.03688656419994505,711.0218139785195,983.7889090961174,0.07162214766635887,0.1406825985719639,210000.0
Random_2706,0.12241177847728951,1.4039764308002234,0.03080491184774918,0.015652087674942066,631.9480825663899,902.013406609907,0.07992661210898222,0.16127042440888792,210000.0
Random_2707,0.0792816374102955,1.3900029035493249,0.030418211455139864,0.004317319276834461,561.5870349306339,821.1787324843693,0.08830184813606767,0.18270948397934558,210000.0
Random_2708,0.012368938076066507,0.9151467785169848,0.009448316920734095,0.030201341418284764,384.6032114281347,605.7050783132942,0.09030286315259696,0.18474586296958637,210000.0
Random_2709,0.14990648924541833,0.12343029909886272,0.04650156785781736,0.03767027543452314,654.9509692436498,871.248207551066,0.03903717477953596,0.06440561224213569,210000.0
Random_2710,0.14095882804099036,1.7998057058947727,0.02671743752477963,0.03813027989446222,679.6456768519887,970.6888232339617,0.07356529854575068,0.14119151012380454,210000.0
Random_2711,0.14962703398766478,1.0916722358474584,0.0357022012442359,0.011732019270204536,657.398467340748,920.1357388096445,0.074009198918676,0.14904470963157576,210000.0
Random_2712,0.07106471639416329,0.8509908204098126,0.029920916355032395,0.022832371255511807,541.5941343604446,773.4346373685836,0.07255006748367958,0.14399881992314148,210000.0
Random_2713,0.13149019855016159,1.461908383581683,0.008515295748717563,0.023160859834751805,623.9519455628725,900.0762800149112,0.09580648630879268,0.19894251038419766,210000.0
Random_2714,0.06536729978295881,1.9590374990898651,0.028202586381756302,0.02787692640636895,572.0265301768404,852.0386815585741,0.08236848550202708,0.162305165888804,210000.0
Random_2715,0.26073362339140055,1.936645492577789,0.03777929920412025,0.024436259931783368,809.7818726244868,1137.137080907465,0.07049091325217584,0.13609560284999017,210000.0
Random_2716,0.2935512080234361,1.4157057348129793,0.035922049401321474,0.028871109332869085,820.4892322224393,1132.4003395961472,0.06366847404967699,0.1214196846056778,210000.0
Random_2717,0.2610631718076023,1.6942895369547517,0.03471510296296114,0.01177957307244613,789.0530306572301,1106.842278689262,0.07841269058924706,0.1582275107643312,210000.0
Random_2718,0.1549723138441589,0.7554927125922328,0.026327200072300418,0.03443995619906585,656.4415619763444,904.3204400023253,0.06532316872786778,0.12633947494718903,210000.0
Random_2719,0.12964622849172672,0.5772615824670014,0.012611312618699588,0.01797492091888644,591.977955634531,827.9193852854708,0.08643619790623018,0.18063790239742591,210000.0
Random_2720,0.2182640929792954,1.983392378107747,0.004781209443252296,0.001334736099857077,716.5591851300072,1039.888589746231,0.11538624506013764,0.24832611190303147,210000.0
Random_2721,0.1866330595052557,0.2136271044140502,0.015055343995641807,0.013748116807250934,643.976480084454,877.9436877951688,0.08169738165548751,0.17187337898981792,210000.0
Random_2722,0.21681317484499618,0.15387591173213516,0.0492576905826022,0.011057670189250513,711.3040696455115,947.6065505229585,0.051259595148244866,0.0983930459877486,210000.0
Random_2723,0.21955471855631345,1.1330701826513816,0.0042502136688262115,0.015205445219211793,697.1115219952726,981.4319071426202,0.0990109091142335,0.21023955467325178,210000.0
Random_2724,0.05140012647304193,1.7901827428227206,0.015087303733759432,0.02778731407084893,524.256644238233,794.2349298591472,0.09311654642734919,0.18908324573285504,210000.0
Random_2725,0.11317438437951009,0.413022054635214,0.027359242607259568,0.016984471759189507,581.9485999385068,805.2806913426531,0.07258793899616858,0.14743839224575755,210000.0
Random_2726,0.18358428811307603,0.6478081915892536,0.045868338594800516,0.031220526379021726,705.1902954912211,954.0706269431008,0.04789491393079189,0.08495428187205484,210000.0
Random_2727,0.06218385579972163,0.8754460512392316,0.01379306909839147,0.034516611431072305,515.7841417073712,746.86040352071,0.08064339326532599,0.16196291431886647,210000.0
Random_2728,0.17405491284944088,1.1855415615053708,0.043651211084668545,0.032161959239362325,711.8677793779627,982.6658242321422,0.05492817231843198,0.0995310765072516,210000.0
Random_2729,0.09673472712164657,0.16170148638611623,0.04371770361580586,0.033661847724781285,581.6039514598012,786.8738360203412,0.04585353160387881,0.08075524267152277,210000.0
Random_2730,0.00938038155984231,0.440007795716733,0.019237331432914864,0.03576383695748329,370.68688937117537,568.432242097157,0.07369113009457945,0.14538179283299962,210000.0
Random_2731,0.12013544244250697,0.9909620422327504,0.00599801069304623,0.01515980715221783,584.4381899540131,837.3727170374925,0.09848341449308501,0.20850370184806438,210000.0
Random_2732,0.12238397319393074,1.8670165488801853,0.03184684639393895,0.0036168760502708385,640.9443954562868,932.719035658841,0.09084119394103733,0.1874968989043907,210000.0
Random_2733,0.15683548337458195,0.30298688253058415,0.04115401827677706,0.03242734287559244,659.1106423443548,886.067414009687,0.04861435466172352,0.08779616486249925,210000.0
Random_2734,0.24368698866149416,0.6088956944426361,0.008214621503715217,0.003208596074781781,697.6968733013058,965.1050693103182,0.0968977074809023,0.20922612793040576,210000.0
Random_2735,0.20528511542968622,1.7975902901765108,0.010454681517727635,0.012252376273872326,711.8135457130776,1022.2098230051141,0.10215358367495538,0.21522434423327072,210000.0
Random_2736,0.06090470938127149,1.0781760578270045,0.03609170135826135,0.012885779045488703,532.1761645654199,772.002066080653,0.07563198602677007,0.15167297989204012,210000.0
Random_2737,0.23937864579842622,0.22262575160769163,0.039858804476490976,0.006364577989170757,720.41470479903,966.5796544737296,0.06274931928198697,0.12700928557770924,210000.0
Random_2738,0.13416671460710877,1.5224449621909948,0.027319763733863824,0.03747822604350396,661.9630219221802,938.8308846903627,0.0708239716678989,0.13572874742485067,210000.0
Random_2739,0.04121114781836127,1.6465598207456034,0.015373656197259139,0.02641780633862924,497.2752067115182,758.3298685967897,0.09271851802426369,0.188720451034172,210000.0
Random_2740,0.059812268180983806,0.49106790799162703,0.008194141767134611,0.03543606436181597,491.93451323252117,705.4952196470741,0.08138300351065039,0.16531392456972052,210000.0
Random_2741,0.11457239937116807,0.331791193488697,0.038599199953986564,0.02336720372590845,598.9256786728824,817.5420699282743,0.057788600755246014,0.110790640038534,210000.0
Random_2742,0.2640221127933658,0.44576393035270834,0.006956991530618398,0.010233955694767469,713.5616354464192,978.2512647326017,0.09177935708553236,0.19668233528091036,210000.0
Random_2743,0.2717925159800201,0.3639418603462886,0.007647068861147912,0.03982803244119679,738.9975848740552,999.5250894804556,0.07243349239882903,0.14587694427672016,210000.0
Random_2744,0.059608027070982374,1.5972851515678461,0.04558302322536161,0.02695054790517581,569.2027883677275,830.1799412655831,0.0638948508328854,0.11877627321355583,210000.0
Random_2745,0.10381407967691249,0.5990061043242448,0.03738151103927181,0.022769363043304115,591.7433124159547,819.8400371031678,0.06224104480664496,0.12042173998025957,210000.0
Random_2746,0.12659501781071433,0.6229747437631287,0.040927118880344185,0.03157345701310541,633.2398211862071,867.1223930367504,0.05333522751326027,0.09767022466914069,210000.0
Random_2747,0.13380300964899888,1.1171260829280607,0.005777701600628531,0.015964104741063422,606.4193715129157,868.4014531495928,0.09907704780250055,0.2094573730683243,210000.0
Random_2748,0.026409920979209262,1.7364677914352202,0.04255200177390712,0.0063046879367030986,482.5122218199071,743.3472175024456,0.08203483765725186,0.16452699943025959,210000.0
Random_2749,0.08373927248883972,0.4900840148450458,0.020427958373870396,0.02641332145343003,540.595464479488,759.8367608835409,0.07488013698671207,0.15102376204250395,210000.0
Random_2750,0.21273741410654257,0.6087821695342097,0.014655500257654414,0.02683937206703286,692.792733149621,950.0526945193211,0.07756955496857085,0.1585411610072668,210000.0
Random_2751,0.1674807499647174,1.95138264590677,0.03597007746517733,0.00967668726580721,706.5558748820855,1012.5865402605907,0.08314986197578886,0.16804101805918395,210000.0
Random_2752,0.08891085171712469,1.3531469347920735,0.03489474578817821,0.024362432945011146,594.6488454820286,853.027596178298,0.07154515382139845,0.13938743614952115,210000.0
Random_2753,0.038758606199129714,1.0521723791010853,0.04384891592907357,0.03682897234336675,512.4098628876894,742.9930404352255,0.055022874940737765,0.0977745945724994,210000.0
Random_2754,0.19225940916544743,0.8136279278946602,0.033968777507921925,0.03222163963938636,706.4212176842362,965.8040933590731,0.05946191663927736,0.11244766641963141,210000.0
Random_2755,0.25912249883138194,1.1037766982650128,0.007302573320587769,0.03489006788198367,749.9550070265877,1041.030171860153,0.08335059499637054,0.1698241335117125,210000.0
Random_2756,0.2451202275528992,1.5655153159328374,0.04137011841183629,0.00503583901278607,773.548827553791,1081.5645970650237,0.07549861957893766,0.15243485618802635,210000.0
Random_2757,0.28957315140752404,1.2747688507303316,0.047182970914022966,0.034645368522251675,829.796247060417,1133.0078660402612,0.04873339325527716,0.08473545073604447,210000.0
Random_2758,0.0704900640116944,0.49151607962689325,0.006813287728794169,0.03314743592436232,507.53189797392366,724.0757796678049,0.08358474729095065,0.1711852051206387,210000.0
Random_2759,0.03791057076272712,1.8540631492433814,0.019682245866181343,0.008686029184972247,489.8268592566898,760.4678816592315,0.10172086528934783,0.21209442055823424,210000.0
Random_2760,0.2788222007217099,1.36238309910647,0.032571001511860674,0.02912221234783354,802.3867152444891,1108.4640477759322,0.06627587874795561,0.12787447195203352,210000.0
Random_2761,0.14318425654986763,0.8547123823363142,0.021822577811979202,0.02092236163984285,631.3049405892149,882.1434667756702,0.07878544768233885,0.16047291958394885,210000.0
Random_2762,0.18816923008837244,0.8627889445276846,0.013755086609650677,0.03449076128461369,681.253546420959,943.2616886152567,0.07687815924734126,0.15445797933697675,210000.0
Random_2763,0.1232602718208309,1.6255363313631113,0.04475485888374409,0.02281548962939355,662.5464253752499,941.1050003607465,0.06526500808781478,0.12350187677037452,210000.0
Random_2764,0.17924948520308648,0.9718301116041069,0.035264382224510483,0.0026013832046269184,679.1930699929991,944.7085350816245,0.07795195409844541,0.16075760202523587,210000.0
Random_2765,0.05896979418571294,0.706851253594189,0.04819209749052947,0.01785684082754639,533.6233727901174,754.8902126828381,0.05812478089023969,0.10982998645324904,210000.0
Random_2766,0.19372519581310146,1.89943107366304,0.04473609734238989,0.024523699341691272,753.4580144072595,1061.822927940645,0.06521475862393136,0.12272559857423027,210000.0
Random_2767,0.04321009579820145,1.4191467463758234,0.0366646249501085,0.0050402715647515466,504.279220143432,755.6069559587057,0.0840117344257025,0.171341510245461,210000.0
Random_2768,0.16567428666821093,1.203549185617621,0.04539121696722189,0.01116941696985509,690.740230901958,961.7936652068375,0.06634112513341285,0.13005799669199494,210000.0
Random_2769,0.257316287674951,1.0977278150810035,0.04728137872034888,0.030129287834098614,792.7858054176997,1080.3197756907268,0.05020119402555741,0.0894381214293358,210000.0
Random_2770,0.184539007533276,0.35551902252045375,0.01182762697234652,0.018388707380221553,646.1304459343755,885.8462470829096,0.08328550079722222,0.17448446785341717,210000.0
Random_2771,0.22211654425889726,1.292489191916841,0.026741354553052776,0.013037466928958696,730.616151180699,1021.1249951631203,0.08160934428294181,0.167307159973079,210000.0
Random_2772,0.050374253056459546,1.2505001172510832,0.020152553880960843,0.02953249988757345,510.6212022744529,755.5124665133837,0.08215936088949732,0.16444470027158092,210000.0
Random_2773,0.28947883273976316,1.8627739818150284,0.018232492957261936,0.023930790058226122,808.0567682677444,1140.8782429931223,0.08709937469246229,0.17733343617872935,210000.0
Random_2774,0.1641050842976435,0.88028809247103,0.04680932533022975,0.011355431319673457,679.5190472508116,935.5051019544266,0.06175925218693771,0.12025260171391411,210000.0
Random_2775,0.11810544657724757,0.44579577639786494,0.04083017570924153,0.016899265857604887,605.7268060353484,830.6956222922166,0.06069794551309813,0.11830411439945765,210000.0
Random_2776,0.09163579647591268,1.6212330604044067,0.0349512701707948,0.00359253224269982,593.6420994962692,866.4230321403661,0.08654638709121394,0.17767525321702998,210000.0
Random_2777,0.052626778518013784,0.8440469398141965,0.021248643489365466,0.0334869426590144,504.9456191469367,731.7055791762086,0.07463641923552905,0.14737860401170616,210000.0
Random_2778,0.260182412161952,1.1953995000671196,0.018139322147205983,0.02073455291352336,757.193066972834,1052.921737511484,0.08298625752330799,0.17042296502232424,210000.0
Random_2779,0.15145070485286988,0.5944429490005163,0.0018740159939245047,0.011582967877346174,601.4124119573081,844.9484621658471,0.0995247007682779,0.2136666079880475,210000.0
Random_2780,0.27564671859496076,0.16657259194505056,0.028580368788052972,0.019871097755881157,746.5548672646864,999.0861962274392,0.06352032167730015,0.12766005673702663,210000.0
Random_2781,0.14217602393798529,0.4655945885894558,0.023773832971903885,0.002425779382524456,605.878580461743,840.2783739444106,0.08426278136550949,0.17804571778924763,210000.0
Random_2782,0.030921797824998005,0.25647902385399957,0.043379365925094546,0.03991068568615643,467.23083914120605,659.8396405419854,0.046060030511685626,0.07880404037887086,210000.0
Random_2783,0.08636481633291337,0.35851371211995353,0.013816522253038602,0.01925226299579766,527.095413691014,742.1742319997333,0.0837213310078504,0.1742151479161663,210000.0
Random_2784,0.08998021698584223,0.8817946249482078,0.016461321667488652,0.011008130844646833,548.292413313312,788.2706694814709,0.09139853771200117,0.19180929441914812,210000.0
Random_2785,0.17314624745515997,1.6917205480230009,0.03062739941413337,0.018586264013367253,703.47109401205,998.947987462675,0.079878618472269,0.16007177157353775,210000.0
Random_2786,0.13598434993256034,0.32595673345430043,0.041659459536703705,0.005878476136921471,617.3992735822607,842.2603792169542,0.06486375688776855,0.13071233950608704,210000.0
Random_2787,0.12285355320261414,1.800182543675336,0.011149473343659299,0.008848855038477044,618.0341964557924,908.1559329512651,0.10564789216242199,0.22329645297198938,210000.0
Random_2788,0.24900606155091404,1.57401001464531,0.04198875703848194,0.03451061046659498,798.738850787057,1105.7008674334184,0.05726375109849177,0.10392775519495277,210000.0
Random_2789,0.11335940192521082,1.6688595516594218,0.022532897358127052,0.030322887628376677,629.6955744904685,908.9056419975249,0.08148147771697005,0.16182064143933853,210000.0
Random_2790,0.049621627865961714,0.8141532144659112,0.026343225052299104,0.03846751005437222,507.5177022994338,731.3751451083565,0.06689694106069309,0.12786958807871765,210000.0
Random_2791,0.05110418640685207,1.5189561538899061,0.02983990295372291,0.0344760584198529,536.5607054601691,792.5445020770418,0.07312676681451097,0.14052714907959157,210000.0
Random_2792,0.2015005730264973,0.9078704797201952,0.0011365659367972084,0.03893089337127636,684.3903080948298,952.4142261942171,0.08571949639086147,0.17541200905849352,210000.0
Random_2793,0.29703797327279796,1.3282497603135728,0.019684338527672353,0.011436005665907766,788.6258635699754,1100.1669685667994,0.08780475148958244,0.18316136530173288,210000.0
Random_2794,0.12360029972261324,1.1919907371071932,0.03710107899303373,0.01702166251521058,634.5676429522862,894.7774817321036,0.07128457191040974,0.14092004721752177,210000.0
Random_2795,0.026644041793437757,1.440464883620244,0.04711775020602266,0.011834893834322006,482.14902137579884,728.9147400638417,0.07163313680534801,0.1396852159945581,210000.0
Random_2796,0.03028540736404388,0.5626355897037008,0.00529884250420563,0.010425398614483102,409.9729631749686,621.6049772631509,0.10112161786344755,0.21595353927941957,210000.0
Random_2797,0.008729317840320498,1.3576304016052,0.033209640859038,0.008582561620070851,397.46416284574565,637.3964841797313,0.08666947390143821,0.17662206681123288,210000.0
Random_2798,0.05829910126866258,1.1342024211750938,0.00424749608612936,0.014558385998199409,492.2918116802626,736.4012253835612,0.10395520477004734,0.2203880567063631,210000.0
Random_2799,0.11285823529723066,0.4439101910452077,0.0024082362989539022,0.007171679690650925,545.7963340714784,773.2204582136521,0.10124980547049867,0.21866764454515536,210000.0
Random_2800,0.18170172724811978,0.6148978654701008,0.003213057806060255,0.02847640217889146,648.948946359532,899.5096253189204,0.08764608820689897,0.18261639241981725,210000.0
Random_2801,0.23922603924962063,1.5171685205435717,0.030337949894437884,0.02198086550033525,765.0896952158458,1068.9832832211298,0.07489686319416802,0.14886620023042677,210000.0
Random_2802,0.11263140166783499,1.2906727636440471,0.01968653335417754,0.00453072162697697,594.0143112424797,858.3150556249282,0.09575829421147136,0.20182968643048088,210000.0
Random_2803,0.1744309041761239,1.5208691268504428,0.006178398990934328,0.01273575091672794,665.4438576524929,955.9775624121808,0.10365369643147351,0.21974173289988214,210000.0
Random_2804,0.14526769275560653,0.5392833874117503,0.0011555706776234297,0.03695110889887146,609.1533715208095,846.6895127771204,0.08455935510451043,0.17387603837842291,210000.0
Random_2805,0.037802235404551236,1.8850843551567662,0.011993459649740586,0.011609155845651021,483.48168583881346,755.8728314323744,0.10720267696526203,0.2249643077323674,210000.0
Random_2806,0.05881353537249998,0.4358072178003469,0.0017117177524916551,0.02905204688629527,475.9072655756556,687.7608730486933,0.0905359976505561,0.18876648944559743,210000.0
Random_2807,0.14138263160750822,1.2009970313095928,0.013265729901351764,0.03631478554930807,641.7820585332072,907.2061416079631,0.08076176570182264,0.1616913252233813,210000.0
Random_2808,0.08880046348514173,1.195352397819972,0.01280681202966234,0.005704352856629043,549.3932149309786,803.9032955132595,0.10104490011370298,0.21468533427288936,210000.0
Random_2809,0.042783153490032186,1.596351452418292,0.003868769785893046,0.009478196872401208,473.3063627662625,734.7702091649302,0.11265788580726356,0.23997698495120945,210000.0
Random_2810,0.01839810880879626,0.9690990350657138,0.0282660915802096,0.005959583095896675,414.0851499047768,639.5560797108444,0.08796296550172833,0.1822356611330141,210000.0
Random_2811,0.2874053530320999,1.6611275493682518,0.043354837615785485,0.025678247927038614,830.6318417641958,1151.711272900366,0.061462932908842666,0.11531263160055576,210000.0
Random_2812,0.009355901356301802,1.810864454365899,0.012744232566813625,0.03170628071636646,407.9210490467498,668.1928837696362,0.0956805486356555,0.19358089195803896,210000.0
Random_2813,0.1318161899021354,1.5732502640293857,0.0025738047491612255,0.024512643497972646,622.0696700306391,903.6530635277246,0.10144719238633104,0.21205980547380848,210000.0
Random_2814,0.05496777415163363,1.7430784560922938,0.049191905925538855,0.018799770075429094,564.2047370927804,830.9458770747646,0.06718916573898935,0.1271816610775915,210000.0
Random_2815,0.25677974633199524,1.2478579559443066,0.017075263577433775,0.01472207512066519,750.5317521747173,1048.336509679362,0.08814290938203621,0.18356688328483284,210000.0
Random_2816,0.0803945452170028,0.3141265229811606,0.010813308416089896,0.012142916831790609,507.6558269653417,720.0536587839142,0.09045275118337989,0.19172301226760757,210000.0
Random_2817,0.16729669996582697,1.2330174925161879,0.009835510161211942,0.017162637056489554,655.0893437668116,930.2394541440807,0.09500024969293855,0.19920124049879653,210000.0
Random_2818,0.21117498166906404,1.911056571474605,0.01753866547741143,0.021479375960306208,736.55295395215,1052.222801770756,0.09124738538210468,0.1868875541891223,210000.0
Random_2819,0.24506813457204576,1.1013777096434518,0.023959002311994947,0.01000213158883137,739.8397262457731,1027.9518661106738,0.08354852469519188,0.17351259583005324,210000.0
Random_2820,0.262545934720581,1.3194944058943952,0.011140014642874788,0.023863370262524223,757.4078085923225,1059.6212697452836,0.08860306144215763,0.18320476892215562,210000.0
Random_2821,0.05484359421248877,1.0565189724834345,0.0014952110592023015,0.03999670019428396,497.53849053809637,735.4733899526942,0.09053773780844557,0.18447871111549657,210000.0
Random_2822,0.2778859367889664,0.26789469328669147,0.023168808640415737,0.02017014266542499,745.7319723196202,1003.7916016102957,0.0691819560501202,0.1410283315779041,210000.0
Random_2823,0.012583515823495286,1.4531402791162578,0.0289724750273774,0.03630925910583766,432.00200526868207,675.3166580541302,0.07442709437873869,0.14274149510419135,210000.0
Random_2824,0.009266174562383524,1.2422092161124738,0.009709614738419168,0.026192079795279752,380.0981901213645,615.4420129243258,0.09604297159683232,0.1977252653801851,210000.0
Random_2825,0.16875610317215112,0.41095645786692325,0.04199534908906928,0.013351645974457451,663.8434590600027,900.0977658519699,0.0600867758817067,0.11803475373800265,210000.0
Random_2826,0.2628884136838264,1.7130728537019575,0.028073976965161,0.01632842937917478,786.5300288162015,1105.7882181461994,0.0818125626183583,0.16586416269898227,210000.0
Random_2827,0.2851645384953447,1.418180850112052,0.042124613934127246,0.027162073500600237,819.8065132326778,1129.372851116778,0.059292251964326234,0.11086982895476144,210000.0
Random_2828,0.29207924527692253,1.7452913371060341,0.0032215943349264706,0.024573908608173878,788.5520531333334,1117.8863343868875,0.099000262035678,0.20688232289411582,210000.0
Random_2829,0.0944509364236869,1.131238469599926,0.03893091878274067,0.025502296955438625,600.7578964787241,850.1217044575881,0.06482660540416657,0.1238799245130614,210000.0
Random_2830,0.29717389540885775,1.1500183916619529,0.0035658323993183584,0.03881799577849366,782.3251653921658,1084.978760614943,0.08409740560658413,0.1712412799420435,210000.0
Random_2831,0.2698102818599992,1.9350104458087096,0.0085968375425147,0.0037839693447033174,768.1797376383894,1101.7173136138035,0.10895391598649576,0.23295550921810435,210000.0
Random_2832,0.17998838412469387,1.543828250824088,0.04417401922136453,0.012865994639357874,717.8743492376941,1007.7805154470936,0.06947706084438333,0.13613811614447774,210000.0
Random_2833,0.27604307314527105,1.7493806433960535,0.04924498849732277,0.033927461608192926,836.9297444671877,1158.0088456978865,0.05230887954088086,0.09134877903955546,210000.0
Random_2834,0.2355882970589802,1.7854494512090604,0.03703376972394834,0.028169640575750665,783.4869525578696,1097.5129793030464,0.0679148296441136,0.1297482951683476,210000.0
Random_2835,0.08570027553522201,1.6344901732135724,0.02992726953290755,0.007530161717039277,581.8624772777061,853.8430094561267,0.08903734024287724,0.1830917079857758,210000.0
Random_2836,0.11802333432690552,1.7642969995212918,0.02197258639222233,0.008943698342030487,623.5688066373488,909.994702418793,0.0956305183671275,0.19889452284055387,210000.0
Random_2837,0.29130870906311207,0.14930396996430528,0.03118683454024882,0.012106957015858937,756.8819072091545,1012.9642597988376,0.06536611002832587,0.13341470343420864,210000.0
Random_2838,0.24954718130626968,1.9869163224786697,0.011095674315130748,0.002313719312923126,754.0687624519908,1084.794040799854,0.10850388523190328,0.23164401301258503,210000.0
Random_2839,0.2808263844567424,0.6999021596302315,0.03417458776965631,0.03562227896336555,787.3791683262269,1063.497612285131,0.05426991428912063,0.10062108188503249,210000.0
Random_2840,0.24455712587191045,0.17054671765144402,0.004098632042261468,0.021589724386838205,691.0747572825097,937.8335725304744,0.08517232022541601,0.18006929787919215,210000.0
Random_2841,0.06486059173646445,0.17204269145740803,0.00786591809808793,0.03836930913511741,491.5287964597924,691.7870473308354,0.07652596660863571,0.15455784232398928,210000.0
Random_2842,0.023674565066308443,1.8725102815455763,0.03784543564431626,0.013902351975562287,479.1628999750553,745.2046809015931,0.08324549130656961,0.16579186756518777,210000.0
Random_2843,0.2468560357544223,0.34244567638452383,0.016241051612004006,0.0177816734910911,711.0835117891844,965.4857581568459,0.07820158444644126,0.16279407885164446,210000.0
Random_2844,0.26444513934898217,1.2095595247364552,0.02700559957168847,0.007500792108206175,762.8099240369995,1060.590876152994,0.08300523444104449,0.17220791221013115,210000.0
Random_2845,0.28506950795561387,1.298201398254088,0.006785564089813133,0.026243319361379632,772.477157317645,1079.5212865518872,0.09045063450892549,0.18768971563737386,210000.0
Random_2846,0.0530090897824429,0.9732722655845476,0.03576215613544354,0.002831435084971782,506.1744478250495,740.1364849243317,0.0812431804916837,0.16704892449520128,210000.0
Random_2847,0.21216905423830348,1.6368776372268157,0.03699831234570464,0.03756709128649375,762.54196574359,1063.2784906877969,0.061317678050898605,0.1128091946489179,210000.0
Random_2848,0.2942510388621605,1.2512583460728783,0.0061097179330039855,0.030937367329766072,780.9860613577328,1087.8916798255307,0.08760243468772687,0.1803860352703457,210000.0
Random_2849,0.07917334351967874,0.6832482287933217,0.034100773480413585,0.027985411599875182,557.6642278922906,783.2368392614867,0.06372298756034443,0.12261150108857333,210000.0
Random_2850,0.2637529974057378,1.7564620972787928,0.023646532511044205,0.010826966620450199,779.6428835944924,1101.864047392953,0.08951518408408544,0.18524096851557312,210000.0
Random_2851,0.05930618286332426,1.6459292869755369,0.011745900381101272,0.022304014444910723,526.4911627184907,792.66053316214,0.09763500170191583,0.20165003747342686,210000.0
Random_2852,0.029052783287987227,0.2569149860228034,0.005194552811955674,0.02839414248750198,408.5052808731769,604.6425554422432,0.08744859143148273,0.18146170474318238,210000.0
Random_2853,0.2904112138231474,0.5197443162630406,0.01237221018831559,0.038329597878960606,764.8767549313942,1036.8119079736357,0.07028673230752698,0.14029274138814343,210000.0
Random_2854,0.13653796523946493,1.0887260472383584,0.029307243333246902,0.036009041256706745,651.0398284969727,908.9416891653689,0.06551510791923645,0.12490370200249144,210000.0
Random_2855,0.07993635760903874,1.281854277977157,0.010376632884464627,0.005967733976856059,535.951439631776,792.3114221941021,0.10424432909414157,0.2219509114437549,210000.0
Random_2856,0.009033200479834195,1.6347011978714707,0.03528493945912779,0.035473227397538325,429.9265640130072,680.0857646886487,0.07140576701457058,0.1345082672864747,210000.0
Random_2857,0.23489956553090124,1.665096824082737,0.005809731695167833,0.006364911653374992,725.903451017737,1038.5837280163018,0.10790997503463405,0.230950092729851,210000.0
Random_2858,0.12188384524477677,1.252407190959192,0.03279818434228076,0.0318555912827899,639.6977891506274,901.3547720049795,0.06690997784612382,0.1279584454422194,210000.0
Random_2859,0.23889680777190694,1.3227873950303901,0.011214114983072641,0.01573140860596753,730.6601225830447,1027.7541154152657,0.0939209110852221,0.1970636127348281,210000.0
Random_2860,0.1314535797641992,0.784784086714224,0.026883620646409357,0.01935878661402598,619.5876873409946,864.0669736033498,0.0747860047858363,0.15107504666749844,210000.0
Random_2861,0.06349134623244757,0.18445989903087232,0.011059616449935208,0.013439370822206576,475.91259864233183,678.1262116750617,0.08878782385069232,0.18777605279252793,210000.0
Random_2862,0.008445521929635129,1.552888814229595,0.032684024385471126,0.03808395255876148,422.94027330290385,669.2702122701058,0.07142490424342239,0.13454261770915169,210000.0
Random_2863,0.08591726946047047,0.7625057328448583,0.03275974237533094,0.03687115822898233,575.6140321307124,805.8356354255035,0.060156264700584494,0.11246016915944368,210000.0
Random_2864,0.034838320990503595,0.22986606446475066,0.03405762402553673,0.037302850437662474,463.01169384677155,656.3564090382553,0.05553208348232258,0.10251997717936545,210000.0
Random_2865,0.23895358883671514,0.5936441528423264,0.022676987343114026,0.01998064721205846,721.9222968828506,984.9620702055201,0.07376218873298131,0.1504613236438936,210000.0
Random_2866,0.11396640742417243,1.883276533441195,0.01466711091247919,0.02455681331556191,624.5351803976685,914.636312320322,0.09414649531692446,0.19260342094263244,210000.0
Random_2867,0.27257650234536573,0.18506488632591622,0.003850052307813735,0.015449848225502692,711.7919641831771,966.7200176115194,0.08867392092571316,0.18962788163809974,210000.0
Random_2868,0.18304065118830734,0.4696894460769241,0.026109180244157735,0.022735389224154655,668.73417265693,911.7227949700035,0.06900074863332692,0.13846366947932887,210000.0
Random_2869,0.14444712696911788,0.999658838285421,0.03362264319995894,0.005331553152927013,641.1231220871832,899.1032158440759,0.07893603752890843,0.1622903965166625,210000.0
Random_2870,0.029509505596547927,0.8891797009610549,0.025312772837839944,0.029996052783126743,457.0988328924513,680.0645897851585,0.0746770035855626,0.1472304769227385,210000.0
Random_2871,0.011720397155925152,0.5268869365914819,0.03679761905264576,0.030649307986472005,401.48740601817184,602.7316632906405,0.06159621176478901,0.11621365271393083,210000.0
Random_2872,0.010294785011011474,1.3338057095975582,0.04649369958922797,0.03561500142031453,438.72303832941606,674.7492954332956,0.05809546221365485,0.10334744402349266,210000.0
Random_2873,0.11125161963346294,1.2758485464283238,0.047756428207190615,0.024270838521127193,639.1416265131876,898.6055346725625,0.05854431637458472,0.10827772605784233,210000.0
Random_2874,0.18861953114994848,0.3653869169944789,0.04823296990676715,0.026216634431635688,699.8929011602751,937.5342268654415,0.04582814557097954,0.08187644940659794,210000.0
Random_2875,0.1956801171098338,0.24188986147414976,0.019660296576365664,0.015384512781851808,660.9493685910103,897.950856886148,0.07664677494689064,0.1592756261504943,210000.0
Random_2876,0.17337731215291366,0.9813099998223203,0.003577109641683121,0.027737852200331776,652.8022901616218,917.8003712444935,0.09162326973256292,0.19072055472831984,210000.0
Random_2877,0.2936725260070258,0.5198481508679051,0.012545079132955616,0.005520856935498732,744.8374271395035,1020.2034505448393,0.08975708397117017,0.1922877935149586,210000.0
Random_2878,0.06525779618625524,1.1240291429265208,0.010865682082586509,0.021348092181553768,517.2339527930154,761.5526113301414,0.09354320114012964,0.19420089257460313,210000.0
Random_2879,0.2933382517217521,1.0022281348624296,0.027953903668226972,0.01702108754297886,787.9838211925751,1082.820650894926,0.07381897350386751,0.1496479505232527,210000.0
Random_2880,0.1781198106444219,1.3603285240035237,0.0372490167461756,0.026832867559400692,710.9315105137179,991.5496960105357,0.06553860108202336,0.1254444484418162,210000.0
Random_2881,0.2401854633322146,0.6976882919465596,0.028052945602698363,0.029939394466751628,740.1186808186864,1006.9216325837792,0.06396385120252847,0.12473076637727695,210000.0
Random_2882,0.039638163047324655,1.297514865779395,0.032869277436766126,0.0033524884421807957,486.38691247099,731.7868809225781,0.08739943884750562,0.1803101713434325,210000.0
Random_2883,0.18855466479211408,1.9780201536414694,0.03270742507924227,0.0295235233193668,739.9520163488029,1051.1231135888088,0.07394482865008316,0.14299727794072264,210000.0
Random_2884,0.028300381945817944,1.935741298109746,0.028854099586708933,0.006488935767890503,478.32257623781373,749.678587310839,0.09613081841982739,0.19812442269781502,210000.0
Random_2885,0.287134579147182,1.6404190878992113,0.048539263619378624,0.02612631154904217,836.2146622242573,1155.8439199530435,0.056326078698343815,0.1027859273293193,210000.0
Random_2886,0.1544184826608456,0.8131728597515601,0.029610602182685287,0.024796494127187034,655.0163733551627,905.8612050044046,0.0687450667177732,0.1357272949115974,210000.0
Random_2887,0.14509494270539086,1.134885231329892,0.047151202336197955,0.02540238537681414,676.9060663589916,938.4453504281433,0.05605307296918255,0.1030847108531602,210000.0
Random_2888,0.29709007581741814,1.767452375064897,0.014718404846649304,0.036499610051041076,815.6263753625287,1145.3368100029884,0.08162699937173885,0.16276679278440156,210000.0
Random_2889,0.11097847799705679,0.48130015734061915,0.004336824821792384,0.022052070624407515,557.3070365599567,784.5990515038527,0.0910159303740419,0.19147630256960382,210000.0
Random_2890,0.16385035975399423,1.369201710890799,0.03718059333447598,0.019102464050662255,690.2164003220242,968.2904226597977,0.07067231793072645,0.13883141290739756,210000.0
Random_2891,0.23614007824302585,1.1022226657324576,0.018051957464523004,0.0073262988001337424,722.7167689483663,1009.3215479659109,0.09066083638072454,0.19117037025558636,210000.0
Random_2892,0.041800616440651216,0.8856417207544383,0.0015390030477475491,0.006863653813680683,441.6556130500263,671.2874320452246,0.10926408236532435,0.23516710198607738,210000.0
Random_2893,0.05466629476809038,1.19969857907515,0.03906155242315981,0.038367941765775467,546.1482916375562,787.6069418528457,0.05914465867875146,0.10731751968192882,210000.0
Random_2894,0.0349009858619508,1.0143853294494711,0.029626580923852914,0.015915292823350045,470.3323385684694,701.0615749594069,0.08019439365895553,0.16217203781902984,210000.0
Random_2895,0.09372730045825153,1.1300975295399807,0.01894444516122933,0.019081386779414563,571.1779511395858,822.4220985281964,0.08667915963449753,0.1781479864927375,210000.0
Random_2896,0.17038282493124557,0.8002849293954533,0.033591283969774406,0.007764062171973057,665.2514472380433,920.5515476023103,0.07485676551963838,0.1531713925825777,210000.0
Random_2897,0.15349502695653428,0.8266699141842915,0.0445785467071695,0.022720031820778797,670.9376978084276,921.1277144036185,0.05667829973539355,0.10643716805960776,210000.0
Random_2898,0.27755049111715435,1.7861596739269838,0.04109400178408766,0.009012712895088992,812.2848383143187,1138.0411092459874,0.0749327552063285,0.14982282454098633,210000.0
Random_2899,0.2622246665657099,0.9761868859450512,0.01521896656137417,0.026144968432128234,751.6016716796391,1037.7771333891137,0.08013624249726076,0.1637269109971205,210000.0
Random_2900,0.04587417179290613,1.219385321235526,0.029227475193949096,0.017045152176602508,502.4473728504008,745.0864450645819,0.08137838290182187,0.16424771485542305,210000.0
Random_2901,0.2940779151056585,1.7665096116835168,0.02360619085373444,0.00783233519379193,803.698461101789,1134.1957903201599,0.09087433298702723,0.18917325555504388,210000.0
Random_2902,0.19320324099527042,0.7689464984351476,0.011781320476203522,0.024851319551300814,674.0406513375148,934.0134428137136,0.08338450669976717,0.17211595738853258,210000.0
Random_2903,0.1713439024828195,0.7504813431448355,0.034096584127402275,0.02882731453134178,679.9052360950307,931.4789602645536,0.06124275748775593,0.1173159555120142,210000.0
Random_2904,0.15887042266297455,0.49494048826711234,0.03089779691070892,0.0010066967212819602,633.8319357586562,873.2695039058607,0.07856565908200706,0.16436952071121774,210000.0
Random_2905,0.2537146747846051,0.1251793420045184,0.0038961849537680485,0.0336758330187163,705.9606618225843,952.0166394711401,0.07746570759942853,0.15990260800986333,210000.0
Random_2906,0.15545232619727986,1.765251579575009,0.0053409818410774575,0.016146564078592877,654.3425654013128,950.9229643579345,0.10527220509047179,0.22194939181307538,210000.0
Random_2907,0.22568626936083594,0.7414426957592756,0.02517361481542448,0.004771614943384602,707.0570033080583,974.4478735767299,0.0823939148639554,0.1728097378243872,210000.0
Random_2908,0.24656887858933874,1.5456311105263532,0.031150064757679872,0.01523695172077574,769.0443548403782,1076.5290131431223,0.07834794130070406,0.15814107601002583,210000.0
Random_2909,0.10724717015200846,1.7150535212708777,0.02797484839260917,0.010861742990441223,615.9374350178545,896.8197087024021,0.08890640311823059,0.18227816968324106,210000.0
Random_2910,0.02309182934641035,1.996281913918459,0.03642314060511012,0.00766636508540837,475.7080549864355,747.7865379941272,0.08954297434971,0.18145014642321258,210000.0
Random_2911,0.15870014979179456,0.822352528361171,0.0271404002984327,0.021312505802397932,654.8042592837209,907.6089280198557,0.07304222405866614,0.146703285677,210000.0
Random_2912,0.011170667296100233,1.2069005906284962,0.003149769265444314,0.026476928287515716,379.6773334195058,614.4103910175764,0.10123422904314866,0.2106177790651133,210000.0
Random_2913,0.27292973706536716,0.2645938426437572,0.006280768569548718,0.005065050853236495,710.527341448232,969.7588330797201,0.09350568066690233,0.20247303356469057,210000.0
Random_2914,0.11914351931522286,0.8317412891746125,0.021432329825593996,0.01747260061372349,597.7151132883326,841.8169566948505,0.0816413211927685,0.16772067020980996,210000.0
Random_2915,0.04282012813087216,0.7674689408237416,0.036106984124089574,0.01621772942136434,487.77942896341244,708.8345862495626,0.07130916105505555,0.14168843669192957,210000.0
Random_2916,0.24402419279350362,0.5685494781908467,0.025771386939808537,0.02756231379440412,734.7077600379566,997.0318386961836,0.06607409727460667,0.13081471425552826,210000.0
Random_2917,0.20398110905829164,1.6483599629826253,0.009468883617294647,0.010337149975022119,702.7696746932414,1006.3566676046471,0.10272646081890156,0.21753050820087644,210000.0
Random_2918,0.13695157149207718,1.1873567134843654,0.03546134525348151,0.011473619316091171,645.2053489764686,909.1194967907185,0.07567279112418727,0.1525715964205455,210000.0
Random_2919,0.18395693300266885,1.8216341338948083,0.009168521001441922,0.013144109426861388,689.9721042494662,996.1498630911356,0.10350016660903096,0.21807528104674062,210000.0
Random_2920,0.037678813350304555,0.8289184243430556,0.027956262834665468,0.024198067754905194,474.1975887731378,696.7462747589858,0.07472750079281966,0.14859326934981104,210000.0
Random_2921,0.12448702127865267,0.9201304286034866,0.017143081089160652,0.036637568151090906,615.9670249880119,864.1921976556118,0.07473344674904388,0.1479546338019871,210000.0
Random_2922,0.14587252823660232,0.6815912714152677,0.0327451687715184,0.01897855241122758,640.1742440891377,883.1760856673556,0.0683194769202513,0.1359494653674042,210000.0
Random_2923,0.2275857960588552,0.23912001864791071,0.022221837212146607,0.03682585797384899,710.1670837332138,953.1001179722039,0.06075484129247628,0.1178906045105543,210000.0
Random_2924,0.14869823697422566,1.9616873040821141,0.048630172466609,0.007987665043933105,699.6593214657416,1000.5803823921498,0.07334483672046464,0.1440425384367124,210000.0
Random_2925,0.22231265555191446,1.2169302451832302,0.011722972344758307,0.03252569806588392,723.7785011001565,1010.5786323885291,0.08267319990071026,0.16764693163716365,210000.0
Random_2926,0.01490876320442305,0.2666367735310785,0.015895144751937068,0.034966156144670114,382.77407180567417,574.4310133439499,0.07493901484446551,0.14953350933028814,210000.0
Random_2927,0.22458753153174785,1.1467868873382234,0.00134347837682231,0.015706489873776205,699.260260699015,985.6485560521241,0.10135671101712428,0.21589343473400918,210000.0
Random_2928,0.21201335379628952,0.34820700706635715,0.029826289035214695,0.03060300928687145,703.8050691473411,947.6433790486327,0.05906762279891524,0.113963526268996,210000.0
Random_2929,0.27602410124222465,0.33251722878328965,0.02844717107938413,0.01868150892592465,751.6937275851992,1011.8927337905787,0.0660062137822907,0.13316095556245788,210000.0
Random_2930,0.08727974272227369,1.7174567847662985,0.0486808903874932,0.007720755658476553,609.8208915273959,884.4142508387702,0.07282068406750762,0.14308070971662734,210000.0
Random_2931,0.08563610093142801,0.6084731945302669,0.025989205830741303,0.03481528056606703,560.2271241380026,784.1530842129769,0.06595254904829956,0.1275833035378758,210000.0
Random_2932,0.12263704083589333,0.9712996290322715,0.02073955207027067,0.016159284326310176,605.3705946393814,856.7864312430804,0.08434791447328169,0.173936294387931,210000.0
Random_2933,0.2875317792869882,1.211072840479776,0.012586056264464345,0.03700152263417637,785.9897912095748,1088.4040075410205,0.07785796622112953,0.15588090088280276,210000.0
Random_2934,0.0251268408098445,0.3023245269098699,0.03931082227164405,0.031123295297475703,442.2036851256428,636.4552696335185,0.05579923841836492,0.10342482980908194,210000.0
Random_2935,0.0717108600458306,0.32454335481725105,0.04199860656848289,0.011918197851362815,531.1100351205837,739.3288567452299,0.06293999222963476,0.12431326269133121,210000.0
Random_2936,0.236739044412968,1.7108523455782259,0.023028405940241827,0.016728158337579877,757.1261602814623,1070.1187517934986,0.0866148957687583,0.17732716582638788,210000.0
Random_2937,0.07752717952518492,1.8257558356968073,0.01616887686431916,0.021854572998379857,569.1956343429543,847.694565841591,0.09502408478544142,0.19483878962580323,210000.0
Random_2938,0.21176830008279754,1.2669207394026727,0.03373761309398382,0.01986130765296336,732.8948856096428,1018.5604802437066,0.07118491304742564,0.14093025779607235,210000.0
Random_2939,0.01995779158384048,1.4406166595021506,0.04932211891544356,0.005022687741146367,460.2688505200808,705.7384635611105,0.07417720596376402,0.14661648926489207,210000.0
Random_2940,0.1984349205883939,0.6116451168966092,0.029783721857603473,0.005625853488108708,682.0004548995747,936.3004492793638,0.07702638246787122,0.15988893479745758,210000.0
Random_2941,0.08565471388152046,1.148514343341052,0.009830856255708908,0.026255806409436564,553.7755333459281,803.9854242534439,0.09103052363904311,0.18762638221202807,210000.0
Random_2942,0.017454582655288427,1.181240470508497,0.015596692642043022,0.031052740672758962,420.70057945245776,654.4880916239781,0.08650142107151805,0.17434306881711525,210000.0
Random_2943,0.1541721478047183,1.3585130978661588,0.01992948157892819,0.004466176105218222,647.9725110760677,925.6969848164927,0.09511593963933117,0.20047361620500373,210000.0
Random_2944,0.1910305894858974,1.391988549006773,0.010808425599124184,0.02574112564478949,693.0719144402267,980.5450824174927,0.09000621780721142,0.1853926151168574,210000.0
Random_2945,0.15603237043756854,1.3335588665631128,0.04042183737859056,0.024595575188560134,687.9060644178768,961.7229130172369,0.06429840332061094,0.12258984161436157,210000.0
Random_2946,0.09602425791618507,1.5241977136243618,0.027988148376532785,0.035044054969738093,610.3535666486199,877.9059519730608,0.07282865439016324,0.1404444274418181,210000.0
Random_2947,0.2573087431653678,1.7839219774580473,0.039902638909831784,0.014785813837586401,797.2009886501817,1117.4295872073421,0.0729102346073791,0.14394508811579093,210000.0
Random_2948,0.01943350593041519,1.2744160343477473,0.011656516345702583,0.029317244930864034,424.57815141556875,663.5073485416958,0.09187486647056117,0.1873602284304957,210000.0
Random_2949,0.05559945830309989,0.35020726268920643,0.016969193247184114,0.017337555231933772,476.9724111685512,683.8870626870109,0.08311135808936711,0.17250001678708704,210000.0
Random_2950,0.05854097733604356,0.39603588855447025,0.0069854875566046975,0.02586365505541099,478.105584759094,687.9345126690947,0.08731617849462112,0.18149269994443598,210000.0
Random_2951,0.1476938962612629,1.6738911553436966,0.0039698023301276775,0.010361995537783848,636.4820224379826,927.5840546643317,0.10926269941524394,0.23279267968332323,210000.0
Random_2952,0.04086553236735302,1.4084466573342536,0.011668700739787777,0.007419665220851776,470.42886496595753,722.4982783609859,0.10508779176575765,0.22254023714725943,210000.0
Random_2953,0.19169573212856023,1.7515414497188868,0.048416513934466075,0.009832987810161852,740.3344994800443,1042.417837609964,0.06928414503559649,0.13526848937334182,210000.0
Random_2954,0.1607322707646804,1.0983018381461542,0.002962836583569692,0.007622488694229539,628.1545745073631,896.9143988928862,0.10572468636891103,0.2272152426267023,210000.0
Random_2955,0.27831076943449995,0.5745589645689702,0.03201171372902787,0.0018313854266490473,754.6020972256357,1027.32749505741,0.07528518254041444,0.15703312541855807,210000.0
Random_2956,0.09358613399459233,1.0874313452295958,0.02063083568708733,0.025680242263818844,576.1199273654023,824.7459851633097,0.08078004580066632,0.16303566042097012,210000.0
Random_2957,0.15299888987314297,0.630410680063145,0.049355340413121576,0.004558586368933937,656.5174454921874,898.8225344207502,0.061326134102217725,0.12108669749161324,210000.0
Random_2958,0.15256278794008749,1.686348888671397,0.012937357520647064,0.010464661107810167,653.4058834212669,945.5601189062252,0.10112921310861164,0.21289761876584032,210000.0
Random_2959,0.2318394841739807,1.9983492456078018,0.040861474652044816,0.021430671079664614,787.3248780426526,1110.2270934799622,0.07071982006347978,0.1365227818342758,210000.0
Random_2960,0.21113199052408751,0.23266776351782284,0.04287503004902476,0.027541797807825997,712.4145774541568,950.0342782149327,0.04802425165732201,0.0878817721719037,210000.0
Random_2961,0.13041225354771033,1.9407588804877793,0.024448206180479146,0.0030566989381725952,644.4178285443734,942.154649143759,0.09834765652278733,0.20569335099811395,210000.0
Random_2962,0.15750804210738495,0.2853313923032328,0.044333220903441974,0.018849910855818677,653.5669471837733,880.7292198235241,0.053706012023777644,0.102138771343851,210000.0
Random_2963,0.21206325676559365,0.7055102031731018,0.017979550196032,0.0012888248256757427,681.6234329212755,944.8457362537268,0.09089014666662998,0.19407294332457684,210000.0
Random_2964,0.2574181520428256,1.9013849195036454,0.025698184231564645,0.020163087262565133,788.1279865351321,1114.3759442039723,0.0836403525359596,0.16893619647426733,210000.0
Random_2965,0.20841674224421403,1.024264897094845,0.040782095195140554,0.024685074291836147,732.9414804321232,1005.9002128034866,0.05959718221365695,0.11300749663252317,210000.0
Random_2966,0.17074653754744698,1.8631715008820438,0.006144354967798345,0.02940731902468493,685.0627443475212,988.7479623546762,0.09719310651103513,0.20016554342507697,210000.0
Random_2967,0.25169171244912,1.5813268854166156,0.04265291697289709,0.01868701694891888,791.1308274016106,1100.3062706438932,0.06617965620520058,0.12782333884167474,210000.0
Random_2968,0.13732069209242392,1.8933536887223765,0.04479717212273912,0.028116526358381414,693.2168141755124,986.9148073126356,0.0643348048267947,0.11950413026114118,210000.0
Random_2969,0.2165744244143813,0.7268976506210558,0.03759629246897836,0.0018337307491462724,710.678596412711,974.3781949368039,0.07302456336455787,0.1502771174418659,210000.0
Random_2970,0.03595727822288611,0.9045288908044898,0.03698107454231164,0.0013772003983799517,467.6614808874297,694.2859385340979,0.08114352069250018,0.1669437314087237,210000.0
Random_2971,0.24692629132438892,0.9098154065138103,0.04791134870097668,0.03222823614690375,779.1220295712877,1055.384128907676,0.046702662843910184,0.08134949174866819,210000.0
Random_2972,0.00908249719113802,1.9635572461953181,0.040958475392817495,0.019793691211641977,437.50218064316954,703.2727076913867,0.07899068715461438,0.153680507667445,210000.0
Random_2973,0.14141122531356107,0.9633734125160528,0.025204865660944976,0.03579638516197805,647.4635331739433,901.288042999722,0.06795058714802626,0.1315006739668833,210000.0
Random_2974,0.10431770772728091,1.249005820603895,0.03915246286479333,0.03128126571510074,623.2793124652377,879.9293030378416,0.062024431814091625,0.11587537219622568,210000.0
Random_2975,0.042383438427282316,1.4431484584705205,0.021460579314179717,0.03828347310811813,508.3464678536759,759.1044838978861,0.07802943166030571,0.15216124235169226,210000.0
Random_2976,0.20918956512740877,0.41441980498940045,0.007496536504262075,0.007762563159230995,660.5695431850299,910.2950977183258,0.09359232814510121,0.2010810164248052,210000.0
Random_2977,0.1509758655497972,0.36969814351666963,0.006002683834837448,0.00794985974284532,595.4080737375155,828.6722530970002,0.09575352755382502,0.20592603767657694,210000.0
Random_2978,0.11934043741816493,1.8517527575990906,0.03830976629272188,0.01019704607570936,648.8321661941327,938.1156046511585,0.08101137320325112,0.1626200214591297,210000.0
Random_2979,0.24757236394504833,1.8018011298197762,0.03291514084944288,0.029294864565775673,790.8774113243825,1108.874752719317,0.07086613695944897,0.1368482717528105,210000.0
Random_2980,0.07654215689687438,0.5297837673050818,0.020414685745543854,0.003869657896145835,514.7450945399304,735.7781558015425,0.08906957511410057,0.18842541277152522,210000.0
Random_2981,0.18587215158237316,0.8952533306580145,0.013319147941097693,0.029779531009282184,676.178549990066,939.4850934492395,0.08047500301666245,0.1637105344531729,210000.0
Random_2982,0.13192911466683474,1.4450371176459575,0.047321346511671955,0.018639398581449845,667.3079229347571,940.0400122880842,0.06341311063383762,0.12044192323042655,210000.0
Random_2983,0.2477050072756312,0.37369276952614316,0.018929267810018774,0.03172434190109799,725.9311520083132,980.6212896790081,0.06771198720620558,0.13516253052796445,210000.0
Random_2984,0.06802262511487464,1.4951805513390157,0.017408045648895143,0.030238718055760182,549.1184035644453,809.5954435570472,0.08592510411037568,0.17279150273888919,210000.0
Random_2985,0.2409893864107567,0.18175559995018523,0.03939381054926138,0.03303614410375089,738.5753479770326,981.2073002052391,0.04672330607742638,0.0844746302936478,210000.0
Random_2986,0.2571716454054042,0.13862430949781052,0.020562351512121164,0.02941132254251096,726.5234423138464,973.0565536682284,0.06509091445551538,0.13019235928917786,210000.0
Random_2987,0.13898455418767808,0.2911822395850099,0.024687415732412416,0.008844070351487592,601.5328168711039,826.6996373126368,0.07793057957332655,0.16244856471309307,210000.0
Random_2988,0.05031825460236718,1.9498197560793935,0.0123974647246523,0.02836424454931375,524.86119738448,801.9217133167273,0.09683558642196087,0.1973664891343353,210000.0
Random_2989,0.14344773640371444,0.9562612812892912,0.00670411763393911,0.02440316191254319,619.4667534573475,875.8718628525756,0.09131211081453924,0.19018130981048556,210000.0
Random_2990,0.1573947030330007,0.20139149807661041,0.032198959939552824,0.00931556836643311,629.2653637102336,854.3554946174523,0.06951090975989568,0.14241600819739697,210000.0
Random_2991,0.24817301496261643,1.0062919916298716,0.04049843129382266,0.01082680454341441,759.7497987922455,1042.970173289265,0.06715485572909362,0.13377961712329237,210000.0
Random_2992,0.20784426660982286,1.0772986253496335,0.022227497360139688,0.02878384662990396,714.8366050020581,991.1952022760438,0.07437994257050112,0.14835534754498478,210000.0
Random_2993,0.29178547375791397,0.26172783179744075,0.043969450348907375,0.014422048965206057,778.173785702571,1038.2265866278053,0.05358810947160464,0.1038196192175639,210000.0
Random_2994,0.037340656948196105,1.1017910654098853,0.04508646895611353,0.026098639435653014,504.8490742480643,738.0700277572168,0.06091615878539543,0.1133582742140842,210000.0
Random_2995,0.2804173091094957,1.1110016416235937,0.018589965789917312,0.004553269373850579,760.9702968658444,1059.2182392031784,0.09105619687212396,0.19285509967874073,210000.0
Random_2996,0.10841448318228657,0.8639261920842964,0.04225164508329985,0.006031289907530184,601.4984857838399,843.6161504239384,0.07040873646745147,0.1415042989385709,210000.0
Random_2997,0.07541494099396678,1.9864622738954758,0.04048098248968208,0.0331152161606052,608.4400379437894,890.7968796255545,0.06807025262282432,0.12670202578553366,210000.0
Random_2998,0.18079598310222944,1.7866872801779201,0.042641035130083015,0.018886326419031527,729.60472356348,1030.2824580231147,0.06965412315311154,0.1346973016865773,210000.0
Random_2999,0.2309935002132023,0.8824689057488359,0.03827836807148966,0.032599942045981,752.1964614102232,1023.9856724128238,0.05520183593020263,0.10205234781341696,210000.0
Random_3000,0.2817159827315295,1.3195613100381676,0.049357319227885964,0.022901380518871653,819.1367084065466,1123.1652670614058,0.0544178127479938,0.09993214559728456,210000.0
Random_3001,0.03320061910978273,0.4610757178397775,0.003211263985932704,0.03890440144859021,431.2135813518548,636.8928901973287,0.08473377131234133,0.17262127645087347,210000.0
Random_3002,0.19754782214177594,1.8264959198787636,0.010034777938712453,0.010222320964300535,703.1418849472783,1013.1005889650256,0.10421099604092042,0.22031915252063558,210000.0
Random_3003,0.07943434467791395,1.844724310660067,0.0025024122082085067,0.028358615788802565,561.0761692256203,841.478467135041,0.10354308280925356,0.2147417544197027,210000.0
Random_3004,0.20723504783370666,0.2315177971833533,0.0499818074399648,0.038237421198311854,724.5551736174407,959.7246981580562,0.03528448329133928,0.05528127512736787,210000.0
Random_3005,0.2955374035495396,0.5221100321376965,0.034382698190815734,0.031286088248830085,790.7035182991559,1062.8293177175656,0.054632348609874155,0.10299718264388999,210000.0
Random_3006,0.027288575120288715,0.2601171044690688,0.008597067340143939,0.02014735495919134,402.19701352369736,598.4248732209309,0.08947154667220916,0.1874453244246842,210000.0
Random_3007,0.20862719815540057,0.5197323799380009,0.014240648936093812,0.02210536195622885,681.8347029300455,934.4717786947199,0.07998237730450176,0.16542635025207447,210000.0
Random_3008,0.18028770059282806,1.6783197869388629,0.02642136803892257,0.013200983850643354,701.8302154491837,999.2567428584744,0.08659131648921306,0.17733369222259973,210000.0
Random_3009,0.17595285529912663,0.3241112245804672,0.014582110747969161,0.031771197143619236,648.6028761655933,883.4678304651688,0.0726651473440791,0.14678897153152282,210000.0
Random_3010,0.1190092010675188,0.2826863820482133,0.032062604378539646,0.033721222919236404,602.4533966822848,819.6638779575121,0.05683824408352385,0.10736295724793728,210000.0
Random_3011,0.09008744596487511,1.5595352367466728,0.03534020623760412,0.018477782877452813,600.0575658866042,868.4530739022188,0.07669958286934846,0.15187197009267414,210000.0
Random_3012,0.21014575272324934,0.7780362026397035,0.023954504504612294,0.021862976723346736,703.855670257257,967.7383390586192,0.07393519051483816,0.14954338853849267,210000.0
Random_3013,0.2137235698994448,0.3499476253313003,0.04266345937629334,0.01033593548554567,706.7516922123234,951.6902762381461,0.05965475220700395,0.11810974646927228,210000.0
Random_3014,0.24275363664507263,0.9708110135726595,0.01249273736357746,0.00696889899516197,717.2782162108052,1000.0961900741439,0.09442930007579069,0.20107394560808556,210000.0
Random_3015,0.2717347267758289,1.3863934720298017,0.02217648233797898,0.031551615454887896,786.3753113008993,1092.398451412768,0.07454849511749843,0.14760575111785007,210000.0
Random_3016,0.10175879677080674,0.41334135862028165,0.005528229813966225,0.017709332498976788,540.5942480573659,762.7753034029449,0.09215247632136686,0.19500992771755649,210000.0
Random_3017,0.2069104513331195,1.6682924660406826,0.048235894070768066,0.032774069567329124,768.6018523277563,1068.9218290418191,0.054508696157778536,0.09661340686031818,210000.0
Random_3018,0.05526211108606344,1.807564205502816,0.03831266349139946,0.017426941399305052,553.009854208946,823.7066028368321,0.07843650114324885,0.15457716033021582,210000.0
Random_3019,0.23690816438416365,0.7425626718391358,0.04844318228322847,0.004337564984755821,745.2167229035917,1013.6366244509551,0.061489581113520715,0.12186686331984772,210000.0
Random_3020,0.16690006542432048,1.721771042799989,0.028988958634483482,0.017444332686131037,694.9404096892065,990.4304596656369,0.0824903671575187,0.16640741778679152,210000.0
Random_3021,0.2586435660748708,1.5051745409551414,0.008230197341199723,0.009037568640122336,746.5967510105818,1057.609075593775,0.10205062423573989,0.21719414207895096,210000.0
Random_3022,0.19830205672767082,0.6778509021173516,0.042738016034860535,0.0238652040234023,712.496115429078,967.2466626016155,0.05508894835805195,0.10353660869279876,210000.0
Random_3023,0.14223914421079095,0.16934284197757665,0.008872618433271199,0.010040947272690073,583.0342510881911,804.701379773403,0.09014058243492502,0.19271573858746552,210000.0
Random_3024,0.29998510129152506,0.5832432124183339,0.007445868608506907,0.025978708397740705,760.4717117078765,1039.039965429083,0.08258974620311364,0.1718096616037282,210000.0
Random_3025,0.24878496685884124,0.818143641511172,0.009631542537245068,0.037297980204165554,735.206602899868,1010.4649466632682,0.07715859026999479,0.1555453714434253,210000.0
Random_3026,0.007722883309883333,0.4062012669439461,0.013856466240983849,0.008751023814497463,336.0624637140842,534.4636423495941,0.09458298002581736,0.2001229640294422,210000.0
Random_3027,0.2709091709133242,0.6945261986191403,0.049853498592271464,0.01385066434979166,782.2685017482187,1056.1531403790461,0.05335692750013944,0.10123218982345364,210000.0
Random_3028,0.053710214888126884,0.13617729798370137,0.036703829893270486,0.03603288497457583,502.6130001361061,696.3495950779767,0.052073502216646986,0.09505231848615545,210000.0
Random_3029,0.03637931321799934,0.5297734218320829,0.003643163253866679,0.01826785869618063,427.36162338696903,638.5433739179089,0.09724349970255734,0.20572259062509576,210000.0
Random_3030,0.21058140616567952,1.873838869371453,0.008170694764339063,0.00641936932058553,712.8851001135521,1028.6859956498934,0.10835531187025951,0.23087459810654917,210000.0
Random_3031,0.14065701263183383,0.5060205586055755,0.04400549440611758,0.01137437334703233,636.0177871536499,869.5225760286072,0.0611297829907263,0.1201076188801926,210000.0
Random_3032,0.09674007267739321,1.4259308986458943,0.04913458143869605,0.026265457664902753,627.1824953057499,889.5024007858755,0.05805829785355138,0.10595658006566322,210000.0
Random_3033,0.16519320943176474,0.3406797965051945,0.015441862602816759,0.01936512918866181,629.8053259526769,863.6496598100335,0.0797612506088853,0.16559970450117914,210000.0
Random_3034,0.16177938044714663,0.448508752714289,0.028373515003075386,0.02757296881129738,651.0433706771817,887.1953909559616,0.06436078122291701,0.12634296892008487,210000.0
Random_3035,0.22133767256437184,1.3936114555375414,0.026465227152200135,0.03852137195467983,750.9184747333743,1043.7664804451063,0.0675952793713953,0.1291959191000386,210000.0
Random_3036,0.13977419175022415,1.2079857454430765,0.025333931270225988,0.01984013440817607,643.0457938454987,908.7347750737209,0.07989796130754404,0.1617262963437272,210000.0
Random_3037,0.245094259229406,0.6014486566435332,0.047798189803783316,0.006616268591754105,748.6028772484383,1012.5884749331058,0.059124955510485744,0.11648412766275644,210000.0
Random_3038,0.162418765913677,0.18731873251113312,0.010601026858549648,0.03018695355468783,623.1191600588927,848.8901560672539,0.07615984869288256,0.15600450522047016,210000.0
Random_3039,0.17688410894677556,0.4114350886405711,0.001595960106033203,0.032076054232912043,637.2869509678602,877.3287960462642,0.0850208357451139,0.17657286575464967,210000.0
Random_3040,0.23368435227238116,0.6304342503022329,0.03167669260359139,0.02491053072911113,732.5827860981105,994.8464375631901,0.06318081884003796,0.1237267483469949,210000.0
Random_3041,0.09957219396032765,1.6187501570713316,0.006443222302318147,0.006175411954732447,572.7064688823522,849.43378370008,0.11037234192014837,0.23569723013747648,210000.0
Random_3042,0.21493527014824507,1.8361269992175069,0.04103409243306748,0.01167288432192782,758.9263824911345,1071.069356852584,0.07515463381873562,0.1492264769354731,210000.0
Random_3043,0.21915490022439993,0.7667052215114935,0.01922603320284234,0.03947663780210844,718.865415857821,983.4596622015421,0.0673148430557355,0.13114861770949066,210000.0
Random_3044,0.2733988065487344,0.2574295931385795,0.01661042222978087,0.03897130086669482,746.8104185752599,1002.2979140559614,0.06378462505938864,0.125336560880187,210000.0
Random_3045,0.06584882347177597,0.10258978207389496,0.006077454540233264,0.030215397692015908,482.98359658316485,681.1589144658542,0.08229474499981086,0.170072349106722,210000.0
Random_3046,0.27153955989021294,1.08270430501392,0.031659548000334235,0.0359120317260922,790.0096512620646,1081.2105085821302,0.060364339241340575,0.11370004659211058,210000.0
Random_3047,0.07148180414769079,0.42628169854038167,0.021610414969464257,0.010324584671804887,508.7042980790167,723.202625578955,0.08327147645654788,0.1737689530565881,210000.0
Random_3048,0.008584245043504876,0.3886983770358827,0.005472508395911734,0.03708304035927289,349.51566240711657,545.7487067341928,0.08485887797882397,0.17269553645557406,210000.0
Random_3049,0.2891931892109201,1.6891715679370365,0.011710241403387039,0.0066391093844112205,781.8108396889942,1108.653909485867,0.10161369570660761,0.21588765109809593,210000.0
Random_3050,0.08897844721092739,0.884909246900454,0.03257505934982182,0.019056600750608645,571.8648131405388,809.7998082457566,0.07213172754260394,0.14361079104503566,210000.0
Random_3051,0.06403893793726348,0.6474300919357353,0.004197940033270765,0.03516943872126229,500.06943143317596,722.0641297542373,0.08653330847730926,0.17731966545280528,210000.0
Random_3052,0.14975611571158093,1.7072124657753192,0.008920296041242243,0.030060071783166775,659.7838597468988,950.9290202087307,0.093268148085245,0.1909441490407264,210000.0
Random_3053,0.13682593022096604,0.9066961525569046,0.0346004165293247,0.03265638749448807,649.0242393660229,898.65150446442,0.06093475630925731,0.11496679100898947,210000.0
Random_3054,0.19728427604026336,1.1703471734607118,0.025982573779719867,0.0019528036786370206,693.258453704724,973.0103153238533,0.08826413420294617,0.1853541174225495,210000.0
Random_3055,0.21598547678361693,1.9839185870978697,0.033971631866815864,0.030187874339353087,769.6027599363756,1087.7427050551903,0.07185714505144981,0.13805048762043204,210000.0
Random_3056,0.13164826805287214,1.556273218375654,0.04616744016828126,0.00437494640038886,659.4832513237309,938.3842222383597,0.07413039490321736,0.14804383517896663,210000.0
Random_3057,0.17889335190546038,0.8997506979040566,0.01374947553763647,0.039414301533327485,676.2427307512388,937.2017479676093,0.07451524086170228,0.14776497089501894,210000.0
Random_3058,0.1480020469883563,1.5661892735837017,0.015420115909736527,0.028045122461983638,659.1916568940964,943.1934668827143,0.08726250810647077,0.1771389208642534,210000.0
Random_3059,0.20549620998578869,1.6729871009048296,0.04081130366197625,0.009227396086716314,741.9724983603825,1044.6278744176516,0.07539692210182566,0.15077836430417427,210000.0
Random_3060,0.1449687429532714,1.465598789376267,0.030994082344534844,0.010254589108829051,658.339918329027,937.2341558730077,0.0829936081070231,0.16948774763270055,210000.0
Random_3061,0.2582680985611249,0.513700354944756,0.03665124412788585,0.015706457919993887,750.336286157017,1013.8312106059818,0.06256299218820971,0.12418290355726752,210000.0
Random_3062,0.13160838383467519,0.44252058545491135,0.04941423733783123,0.00786243980797263,626.7898415009519,855.0232296334274,0.057979354402627394,0.11304803794693322,210000.0
Random_3063,0.18809151408026484,1.1570503965902732,0.0406729291120768,0.005783754272307899,703.6785739159568,979.0521856118346,0.07282071148808911,0.1470587496224243,210000.0
Random_3064,0.07063105064838984,1.0388797387082755,0.027305515540668644,0.0194116860491706,541.9041158532826,782.5740906300653,0.07885152119063926,0.15901616174534283,210000.0
Random_3065,0.2634798057855833,1.7672506528506313,0.012998781455525996,0.011308970496802302,767.3411461488841,1090.792756817372,0.09892216411590223,0.20812122745087314,210000.0
Random_3066,0.23077367142917324,1.701327084401947,0.046395286456041525,0.0024318862847160505,769.273287141211,1079.6202499773312,0.07419059959518377,0.14885033009406448,210000.0
Random_3067,0.02430698805953881,1.2835538014998111,0.03552517280876295,0.0355985334338016,472.789850579942,710.9366221629132,0.06638562272120221,0.12432176294537862,210000.0
Random_3068,0.0944410711168886,0.48743322125404154,0.04107196104992358,0.03010203181410623,583.9993324502885,803.8501757568201,0.053702094975220674,0.09893459280482939,210000.0
Random_3069,0.25157374827391715,0.26499912711280893,0.03406815563191159,0.03356866169055553,745.068970810226,994.4764232129844,0.05181602860097223,0.09657733027295759,210000.0
Random_3070,0.13689590478156122,1.1483056566743948,0.013836045422517457,0.025182076268650766,627.4164251703578,890.1927061808024,0.08652148060769493,0.17743571253892257,210000.0
Random_3071,0.29535086591484516,1.666058957102523,0.040855750323389214,0.03859413068648185,843.4705895150777,1165.9249685826128,0.055864697331466144,0.09994944225898386,210000.0
Random_3072,0.06896279883955989,1.9564797675571752,0.031462328100099905,0.009551766434100922,569.2647430755092,851.265904762736,0.09026548872530979,0.18412533963693922,210000.0
Random_3073,0.07820499308152185,0.6275316069573782,0.027881560065033794,0.033722137976362546,550.7133758011032,773.575250541254,0.06535559809420138,0.12606971697184424,210000.0
Random_3074,0.1779528657288999,0.8743666640224068,0.031088578421199466,0.015675528416762993,678.5421363629506,938.6357241291469,0.07292173703053134,0.14713783132587774,210000.0
Random_3075,0.031619583859206615,0.28799082053917446,0.009432838006073866,0.026300859972164217,419.8467536565776,617.8525407073831,0.08505345874218445,0.17581343829307366,210000.0
Random_3076,0.056412639469087096,0.5762885013897747,0.025878942524317036,0.004244879721251815,487.95835040235926,705.5845870525253,0.0851746398866022,0.17829975087497682,210000.0
Random_3077,0.22038740457353756,1.0019240508110125,0.014642128220140903,0.03226495364739196,717.7322952960637,994.1631621765409,0.0780932655415407,0.1574236983360682,210000.0
Random_3078,0.2518280327001996,0.32892061787564175,0.045929773492703704,0.017086340741334364,750.2306211785503,1002.9477680192809,0.05166411152735081,0.09812177736108638,210000.0
Random_3079,0.23309081392592312,1.6837315987958152,0.019330988964262358,0.03952163068496189,764.3082495516771,1073.6406654070317,0.07607055161231745,0.1486000553649452,210000.0
Random_3080,0.10174307969685246,0.9106657776467093,0.013994422021186385,0.007669805476232513,561.1101919388819,805.7927836574034,0.09553035646138293,0.20239502192379832,210000.0
Random_3081,0.1584867952265698,0.2529869846138727,0.02757434149756746,0.027768725431550206,639.6754625247423,866.2541302846797,0.06308964722908475,0.12404206768652243,210000.0
Random_3082,0.0865871848803767,1.2185038803715917,0.04292887657546393,0.03437643255365702,603.0570948210772,853.3521409275634,0.05703805025738294,0.10315397686311749,210000.0
Random_3083,0.2076377967738839,0.23924478128079296,0.02116459685330634,0.038408251855040175,690.7624747848054,928.6721112392444,0.06118590142253074,0.11854266336172284,210000.0
Random_3084,0.18829863534772806,1.589935752532572,0.043742021931946824,0.02916934880780167,739.097237814901,1031.8860958566188,0.06035125036872671,0.11153795244155404,210000.0
Random_3085,0.22526756019739133,1.2761932129447342,0.0324268052850641,0.03448421324051122,754.8791166606921,1043.271819810507,0.06339480745975645,0.12002520750928275,210000.0
Random_3086,0.16278681465547287,1.0404550351932647,0.026550971931676277,0.03401420137002129,675.208665845578,937.8806322290073,0.06803078518392705,0.13183550104717504,210000.0
Random_3087,0.06708688268017461,0.280604701050189,0.012175308910106292,0.017019078773492277,489.4551110191485,696.5184922217628,0.08645659460178153,0.1812354341301236,210000.0
Random_3088,0.21034202486070824,0.4766822058124749,0.030817450051693056,0.029749196845536816,707.2567927067741,956.4476664317341,0.060008986956513785,0.11579131515413563,210000.0
Random_3089,0.24757594314836487,1.5626447849802296,0.011230146467395705,0.032912465558666164,759.0205037178916,1067.7020958670082,0.08582043592524329,0.17398382704006188,210000.0
Random_3090,0.14793531752613714,0.7426242633884608,0.007164255055969562,0.02080128652032483,615.3111003534281,863.4757782613395,0.09080516907124064,0.19042412151196353,210000.0
Random_3091,0.2835589055505585,0.3830924712954159,0.007521183391118226,0.03684216129552006,747.475413593524,1012.0552336145262,0.07430651301425842,0.15086768815386148,210000.0
Random_3092,0.22954934610560784,0.6294149769895986,0.03581757357532611,0.006214591782246017,720.562601248362,982.9110385106901,0.07074731682684904,0.14468176751066922,210000.0
Random_3093,0.12952053386310233,1.1489326414706968,0.030313529108878273,0.029827631427135425,641.3688714785108,900.6396809675865,0.06911277909160443,0.13416909396880333,210000.0
Random_3094,0.2767676605799811,0.6630144637736829,0.0067680862937710105,0.01150275182771332,732.8575464163496,1010.4234453814419,0.09311547342444057,0.19892261160028743,210000.0
Random_3095,0.27383950623204395,0.8990524419388221,0.039137612368812205,0.004421253842067958,772.493938196166,1057.9264653445537,0.07064798564452125,0.1438724248046904,210000.0
Random_3096,0.13083875781666945,0.49676833547284194,0.017247299156100283,0.006003641212192004,587.8309642895745,821.0351536105563,0.08860860128220807,0.18791682641709923,210000.0
Random_3097,0.28186769353394714,0.22035405653624263,0.04632299339608021,0.005527896436002258,764.9904317401404,1021.2252164811915,0.0565778659766028,0.11241537602037259,210000.0
Random_3098,0.26172086261070665,0.21415382936934696,0.018806065604827546,0.03277102638535288,733.4303329321708,984.3713035472538,0.06532173115794353,0.1300126255198149,210000.0
Random_3099,0.005518389865021371,0.20115910846279625,0.009842593815397364,0.009021924687241951,312.02430792036347,500.9469037872335,0.09625438452143363,0.20496296164181152,210000.0
Random_3100,0.1175815859148352,1.0757822320066355,0.01629295277377213,0.008475604682146285,591.7483879177246,847.5725002402585,0.09415076772124002,0.1983941124601127,210000.0
Random_3101,0.17475462802478875,1.3084749093067873,0.01517277525179905,0.025553631576203953,678.1244655403457,957.4363809191082,0.08573633972496844,0.17518211671873565,210000.0
Random_3102,0.07614225589436023,0.8848129318849942,0.036389751273607225,0.03803505065922721,569.6056659480106,802.5038277017986,0.057757545525017155,0.1057451702769005,210000.0
Random_3103,0.1981755318355453,0.6518040408821322,0.025998967470489114,0.02861824223421913,694.6968662461701,949.2025542683758,0.06704464224958842,0.1322424006172935,210000.0
Random_3104,0.23125599704848335,1.7734956479149413,0.04573518241005503,0.0050354471567128365,773.2811328206984,1086.8407858736502,0.07393420727736306,0.14756016272801895,210000.0
Random_3105,0.11082361567414335,0.38352252306140255,0.04048163160996031,0.0210608700735457,596.3554850649567,816.3965023865751,0.05810719852031403,0.11159739636722563,210000.0
Random_3106,0.0073189564875263315,1.9589829218587536,0.04460102704645831,0.012652030583279877,427.93786611183003,693.3415921069766,0.08014666852719093,0.15739211400248662,210000.0
Random_3107,0.1623917554566734,1.9095326144738618,0.04272248141664797,0.033091096623806444,723.9451306385182,1024.406950910774,0.06273086281113177,0.11513629440608181,210000.0
Random_3108,0.23506193862592142,0.5061272408969514,0.03429307009860813,0.024716873891816746,732.5166289866718,989.337043964281,0.059670747658183775,0.11573751772019755,210000.0
Random_3109,0.1673115210927849,0.5198927928669408,0.04247130836843706,0.03908333021261279,684.6537280741373,923.352412939862,0.04534400606655637,0.07806615670069278,210000.0
Random_3110,0.27732379657634576,1.9526755580840311,0.023008499812156698,0.007893401683775926,795.4331000634776,1130.162297201671,0.0935507564156936,0.19474075223301418,210000.0
Random_3111,0.1868963923907257,1.1951121646109393,0.04660700444555829,0.0374785193352972,733.0759332439616,1006.8532368466668,0.04887140296363526,0.08410859641492832,210000.0
Random_3112,0.2273218573302692,1.9449420482209203,0.004766496677925581,0.035399298076859737,747.6768142447274,1068.8164071668534,0.09438433822841184,0.19270235855490955,210000.0
Random_3113,0.20744741515474202,0.8004747753301701,0.04148735429475879,0.03513135053742767,732.310948006763,994.0646702987312,0.05047803944688893,0.09030859696090324,210000.0
Random_3114,0.14036173883830783,1.7758989283062958,0.031790588192635534,0.029893271010352423,678.414396642803,968.4855743899242,0.07371852088984233,0.14276349809848948,210000.0
Random_3115,0.19415133492714573,1.6805451486831064,0.025531594333713162,0.007317160977562614,711.1424704811665,1012.6769354787907,0.09062419856900701,0.18810889501350372,210000.0
Random_3116,0.04932913923483789,1.475099497002479,0.006081297612493996,0.029048063153878232,499.15116124551275,755.052574558024,0.09740695639294839,0.2007621684793479,210000.0
Random_3117,0.007268164345470405,0.4587953604312117,0.038463668272023924,0.03862968672759677,385.9831970819811,582.2785609877835,0.05508776952668492,0.09933819705352154,210000.0
Random_3118,0.27550871609540056,1.2672548682756186,0.01641292176007924,0.0052874505051166126,760.1509594221878,1064.318577737225,0.0942306639607957,0.19978117901551304,210000.0
Random_3119,0.22505508116839307,1.9251534234886296,0.04099185721627649,0.020228263685010964,777.6901185707073,1095.6881832476909,0.07073391040679608,0.1369797724530772,210000.0
Random_3120,0.25574605988388527,0.6400914327226428,0.011744142581354686,0.012847644072918836,720.6315971715651,991.4048836827134,0.08800833122519805,0.18617994778868666,210000.0
Random_3121,0.20168915451813615,0.40001936077801237,0.044090318647348165,0.010220605715396961,698.2518252019595,942.3301111174844,0.05920458025821454,0.11668479077133098,210000.0
Random_3122,0.1711949006014173,0.20093052778608725,0.021365154325552693,0.015491962779738924,635.8964771515666,864.7885066838716,0.07521034761607404,0.15567784839003138,210000.0
Random_3123,0.079555560802614,1.8694681931596016,0.025178896265772313,0.03139993191059355,591.4763726039073,870.9650252426336,0.08155259707966751,0.16047366288878862,210000.0
Random_3124,0.23022802503262715,1.3681290961619934,0.047394867730972845,0.0219867232872282,771.9878093151095,1065.5600976191,0.05823745951204718,0.10872228261681391,210000.0
Random_3125,0.2255279144860968,0.6673704112025375,0.024074052417281635,0.007688038280164158,705.0364684426017,968.9091483124446,0.08089627809384764,0.1690877199087169,210000.0
Random_3126,0.013528920194074395,1.6259903835408784,0.025396090452954618,0.019633449199202176,425.8108842621002,678.7603183977858,0.08929707517811315,0.1805823344953636,210000.0
Random_3127,0.18930924428923204,1.999902135553016,0.025068447286518573,0.005328780465618973,715.3959973811276,1030.2871263331504,0.09553821408346946,0.19891753706608392,210000.0
Random_3128,0.23577964092543793,0.6971625418984668,0.04133812069791011,0.03762437684648829,757.3578098902593,1021.3580347034979,0.04748126152088862,0.08337752402401785,210000.0
Random_3129,0.08141340361104525,0.2526202779642782,0.011626312115272604,0.00907035965914492,505.9398431112175,716.0053727804178,0.09091369925634961,0.19354872980293225,210000.0
Random_3130,0.1815636100506573,0.6629564191385033,0.03806566802583042,0.006071325375734583,676.6247387252679,928.3177206270396,0.0702056114168878,0.1427564254731496,210000.0
Random_3131,0.22996453551166643,1.3428606998058563,0.030358012789488773,0.039094850190504335,762.3876939327012,1054.7513302634818,0.06305856184079925,0.11833597848960126,210000.0
Random_3132,0.27641527378864467,1.8994279078410958,0.018199889535600228,0.027972223058721365,801.0772930409072,1131.961598333372,0.08531600260152364,0.17216316016531855,210000.0
Random_3133,0.14695366179958932,0.427584792066781,0.007126068283485306,0.023738912789773622,605.1448088191155,838.6553414261572,0.08595213167602787,0.17955827092275217,210000.0
Random_3134,0.08600783848350053,0.5441612644223607,0.01926336789971711,0.02957184363129319,546.8058134304586,768.888213027859,0.07449605675227763,0.1494580288921511,210000.0
Random_3135,0.1001223576975411,1.0354737877079043,0.029865207731183837,0.005648611570872416,580.8129141888787,829.5987185159552,0.08375846054888855,0.17331139337695461,210000.0
Random_3136,0.22511844696671615,1.9937882372393394,0.020705752541344817,0.038113666587535455,768.3288959613309,1089.6234248484698,0.07894517539939368,0.15436258314723517,210000.0
Random_3137,0.11773630931041239,0.781873594110647,0.03722966979455974,0.017918760200114205,613.398836186247,853.6053508492553,0.06669823201707147,0.1313370920362733,210000.0
Random_3138,0.2815751138319693,0.20164699082482096,0.04002707236430237,0.024785235426048723,770.0126621723409,1024.2955705942222,0.050508233172345166,0.0950915432285499,210000.0
Random_3139,0.03743405943055822,0.2788916955051016,0.027144900156035393,0.01551208975582178,447.3245034812828,645.8205854437033,0.07518167626951971,0.15330055657429656,210000.0
Random_3140,0.24472242272809483,1.4242993579969825,0.003702925231768881,0.016968861265990835,731.3970354746393,1035.0173693467063,0.10083515867221823,0.2134016027453326,210000.0
Random_3141,0.24013505641779104,1.9566505804320473,0.04425139759904764,0.039954312079021594,810.5846593836134,1131.9312428332578,0.05596694530677977,0.09825160674233183,210000.0
Random_3142,0.10004514266904471,0.12227457967769083,0.04081614547378648,0.02960610915670592,578.6524825781594,783.5323439604773,0.05039856668054102,0.09262823150888508,210000.0
Random_3143,0.24039082788018518,0.9948582510122131,0.042581420898407864,0.03504919485036195,771.7191862573492,1050.3750652630433,0.050789853324702795,0.09052746034989761,210000.0
Random_3144,0.02838532104624408,1.1672976054685318,0.03980017859183748,0.020552581667930135,474.63393191575796,709.4304336026215,0.07015167756023787,0.13616225101656865,210000.0
Random_3145,0.13546658526251792,0.7109502944886193,0.028296219117686063,0.0072440644200097055,615.1616386190916,858.1778255036933,0.07993530996970159,0.1656545065243248,210000.0
Random_3146,0.061362547739191316,1.748937541777239,0.045199275108118664,0.013859629505541631,568.09686959063,837.4149835363107,0.07353995712058939,0.14345635239571464,210000.0
Random_3147,0.15862302367522393,1.702091911951974,0.00607268019339593,0.01639688228887613,656.7858050432336,951.2381320012967,0.10375187636567935,0.2185159277384499,210000.0
Random_3148,0.1852007749563486,0.5319992467009631,0.03178642101397933,0.020611947188448627,678.5066784703811,924.5549688548173,0.0657380533172,0.1305167593534288,210000.0
Random_3149,0.23644822365748608,1.6035986160959936,0.027995587776508287,0.018091909215514457,760.0184714559244,1067.6054653352537,0.0802596232303517,0.1620842476638943,210000.0
Random_3150,0.2141487249750274,1.1563720261270178,0.026197407654357414,0.030841554154475023,729.9848527853401,1010.9956582601061,0.070225879662385,0.13763617460123695,210000.0
Random_3151,0.2703066307222704,0.8647820483756175,0.021933069497298566,0.017734827176857704,756.9206268009032,1040.2390449244408,0.07786895734813512,0.1598707560266077,210000.0
Random_3152,0.28281347220637054,1.554827657839258,0.0035093501840686935,0.02840539679251823,777.1358548508741,1095.2532877471062,0.09471058136275637,0.19665526393487798,210000.0
Random_3153,0.20690468586044686,1.6273162344494185,0.018128003341446892,0.009650990976195203,714.8463565993503,1017.5794390692746,0.09507000940257379,0.19902842107809077,210000.0
Random_3154,0.19925434266573522,1.1351512471115917,0.04981638594610189,0.015838832068321915,732.3383713196316,1007.9813456649332,0.058085882943351555,0.10990967868093354,210000.0
Random_3155,0.05538903279910388,0.7800776990445651,0.03596871224892364,0.039229300330436874,529.7395568583986,752.6744705088312,0.057184380824556146,0.10428955661736805,210000.0
Random_3156,0.258586807144631,0.343532330335488,0.020852430115281154,0.011482110760551199,722.7469074800331,980.2658008612212,0.07760858347110296,0.16228335059187293,210000.0
Random_3157,0.10741563331565887,1.8962284995357828,0.015268492031027155,0.00923063690247055,606.1205524300619,896.3448129234071,0.10312739516645446,0.21645513875950978,210000.0
Random_3158,0.2053613019451387,1.1349357310000572,0.007145737735737085,0.018935835502517588,689.4039859813399,969.7298935035667,0.09449333059606684,0.1985540318968318,210000.0
Random_3159,0.024061646645723044,0.9565907022602023,0.02667314836647632,0.019568929752689947,438.7930563923079,664.1556834059145,0.08071635224234723,0.1629358732370279,210000.0
Random_3160,0.24422182811404253,1.872768306498586,0.03392778498047905,0.02240270740651383,786.7113722978344,1107.5349637278218,0.07486729115177422,0.14720238534875127,210000.0
Random_3161,0.09426051289255807,1.0690875194556915,0.012243577523909806,0.022215133174645872,563.9778244919806,812.8951942347418,0.09020220051691527,0.18662091675440828,210000.0
Random_3162,0.23949530770414604,1.714469960218191,0.04462102952994688,0.030526474124764367,795.3645361807646,1106.377711024243,0.058882236989263176,0.10770547251664181,210000.0
Random_3163,0.15885882258022888,0.16037827858610174,0.04589384857859986,0.008917129974267368,645.6417270549578,868.1885769521601,0.056977621568824334,0.11203085171650175,210000.0
Random_3164,0.1188564223489901,0.13287353498205656,0.022946636652116197,0.015427801277233349,573.2660367966054,785.8894964236976,0.07452496963667307,0.1537001641016063,210000.0
Random_3165,0.20728179102895117,1.8447401552176168,0.04740671903425168,0.0379935971685823,777.8033767350635,1085.8051061808674,0.053879554110348324,0.09359898173956308,210000.0
Random_3166,0.09043827210415033,0.3807836109758961,0.040448801551084476,0.03736557344504839,578.6784994125298,792.1981799327921,0.048969979318853045,0.0868142086392529,210000.0
Random_3167,0.03282577882019909,1.8405414864396565,0.029884461364952253,0.007937728913639315,488.8976886841089,756.902725056656,0.09312318511483972,0.1911174941182428,210000.0
Random_3168,0.1012439991273179,1.8234038968361772,0.023941632525016233,0.00789697843951992,604.4467400662202,889.2638263285147,0.09558461019348476,0.19843377600115505,210000.0
Random_3169,0.20255537746003618,1.7299310026179868,0.030031550519519022,0.013452502351357535,731.0575710355527,1036.0645862887009,0.08319818262169712,0.16900274409504362,210000.0
Random_3170,0.20490820821023165,1.2607213251763665,0.021326602056331335,0.03243047347492042,719.8195909158467,1003.478536558841,0.07490162974645473,0.14830042928040876,210000.0
Random_3171,0.1013886639283107,0.8004474738099091,0.022303173173637975,0.008342524087560808,567.1935159466502,806.1091624692779,0.08655778710276298,0.18085729530104644,210000.0
Random_3172,0.2171253906076833,1.5272597415301352,0.025545943435021916,0.02394960687129243,740.2443884177477,1039.2927804140193,0.07859214107806703,0.15738606203360822,210000.0
Random_3173,0.2372667816834996,1.1157927845281725,0.04056061795443835,0.028536247165552857,766.0912053937687,1050.0908269088122,0.05778961575642061,0.1079404854648447,210000.0
Random_3174,0.026220171358415836,1.791118390905136,0.0314817043108923,0.025026895016162655,483.71980966346416,746.3544921476349,0.08132298425738628,0.16004252878395053,210000.0
Random_3175,0.13014249518507487,0.3119870940914895,0.04900765261522227,0.016117433217195564,625.6883455083283,847.0533816721207,0.05212747008301257,0.09820490583305799,210000.0
Random_3176,0.18287571160724958,1.3780671806432756,0.0038746896397430864,0.01375146424572619,667.3837323797092,953.7055910996315,0.10348977861617284,0.2199290956781579,210000.0
Random_3177,0.16972380617359187,0.6627013989328993,0.04401392142329689,0.010779489542741532,674.3348403307011,922.2038819487965,0.062307281138713005,0.1226971978910106,210000.0
Random_3178,0.24187896607959555,0.9796272792281658,0.02120661251182234,0.009804573867485372,729.2288207987305,1011.3008949735522,0.08499133878216548,0.17757820301260785,210000.0
Random_3179,0.14674788619192755,0.18464866765336346,0.0013923502877459914,0.023609217948072928,589.4291567664009,812.4251928999186,0.08876630330450544,0.1875319793146833,210000.0
Random_3180,0.1712317867291828,1.282617893157243,0.016914386099510046,0.01407353616647871,667.4618294371483,945.5085475302408,0.09088307719677731,0.1893709854871591,210000.0
Random_3181,0.2795301781537866,1.5712952668667972,0.020889353799349423,0.027000490543714596,794.7984246033308,1111.5580686033384,0.080138117204732,0.16112029667223837,210000.0
Random_3182,0.08539318653739637,0.12382783194156305,0.01167564810158584,0.03140242080565869,523.3254598911152,726.7997634502551,0.07604432002265324,0.15485741248240864,210000.0
Random_3183,0.17130689393740234,0.9068076325026349,0.004953009437580701,0.0018439065603755478,631.4757460475429,894.5650597146755,0.10522617649514304,0.22773358659110354,210000.0
Random_3184,0.07203824688020657,0.1547686168541621,0.03385936511904907,0.012454136069426896,516.3255100034839,717.5945793868949,0.0682337875859162,0.13794217469644196,210000.0
Random_3185,0.1527344710936961,0.33900257285055024,0.03969502494062913,0.006406933854140338,635.7152938426736,865.4658706907909,0.06600409141020507,0.1335673993025023,210000.0
Random_3186,0.17517538144164238,0.6885702316672435,0.021843521896323607,0.008406470099266254,652.8823369748608,905.2418434006502,0.08381185891661183,0.1755237210349877,210000.0
Random_3187,0.014255956986407404,1.1545414706269146,0.03301869341442388,0.02710373942376852,426.4624822597046,657.1710430574623,0.07317838073249729,0.14230778832971766,210000.0
Random_3188,0.037705166234676894,1.3868833867246078,0.007075153359772558,0.017111132686742164,463.76925894619467,713.6704000237501,0.10335095259810798,0.2170273907776101,210000.0
Random_3189,0.06193906996241736,1.2542159734818985,0.018653860176742757,0.016896390905685295,522.0977152008891,771.1781814115845,0.0906383388038293,0.18705657717468735,210000.0
Random_3190,0.24751069428713482,0.6468635791735422,0.026347457787427524,0.013784376224669614,731.6602579134224,999.4362458270477,0.07453520871624518,0.15301768382765152,210000.0
Random_3191,0.15931336280833636,1.1084312416795312,0.03966133239588951,0.03390282518169725,689.3473725803633,953.1699865518193,0.057064602537713636,0.10470354204439253,210000.0
Random_3192,0.03008691042826056,1.510715054874332,0.037809203167653196,0.020673338807848437,488.827617184721,739.652918903091,0.07520574865098102,0.14701848051176133,210000.0
Random_3193,0.10310420744255236,0.329369761745013,0.018402339257691525,0.023650001466952997,559.154344777091,776.387848658283,0.07611962262802444,0.15541830896619108,210000.0
Random_3194,0.12000307790804142,0.660480684247984,0.0034954050072250834,0.03477238783547263,583.4251250987718,820.0861019395257,0.0856672175534361,0.1760273179697931,210000.0
Random_3195,0.1820204483328853,0.2283152901212849,0.004992316073526508,0.019478247560551543,631.5912785018938,865.4129335498467,0.08757034899277405,0.18535247253191686,210000.0
Random_3196,0.07906770263065599,0.6777469287805682,0.02524770118945347,0.03474206009905529,551.4086444142481,776.8750009639571,0.06758550619319226,0.13117510787098102,210000.0
Random_3197,0.17335318864031546,0.8144183564635146,0.004819280239795038,0.0035460577524119652,631.4913593871579,890.8092555487183,0.10335205580411705,0.22335797641135124,210000.0
Random_3198,0.11135466072133919,0.9243423330347876,0.02981854217813591,0.033694705636482775,612.0491382129184,856.4021485546491,0.06551594283263812,0.12562658653942876,210000.0
Random_3199,0.22503360163177552,1.5045812401191454,0.02633852942855689,0.023370626910242484,747.5653777951369,1047.5532015013384,0.07783121843068855,0.15577877432585735,210000.0
Random_3200,0.2309240554422678,0.7664362680543476,0.01834309000201977,0.009819230361348942,708.2014615594077,978.1691218533507,0.08565313184142437,0.18004133553750126,210000.0
Random_3201,0.0910119568884753,0.57046202340722,0.003225705241538837,0.038559994486119305,542.342705500188,767.423629797419,0.08363185121944221,0.17054942254782116,210000.0
Random_3202,0.17911563377541737,0.4120300980639797,0.02812038157113804,0.03048473411141676,670.4033200181517,909.0351736202807,0.06205670610370873,0.12067136593439551,210000.0
Random_3203,0.02814412468160819,0.8792468528728925,0.041966743592357525,0.01104227712074772,459.84922281212425,682.210640704758,0.07104179087502029,0.14087997346479844,210000.0
Random_3204,0.030208916438133167,1.1552015334782006,0.04570776635480587,0.030885294514782096,493.32749127787594,726.7363445243611,0.058407706421698034,0.10617818849556088,210000.0
Random_3205,0.18141355314105057,0.7236028715228466,0.0015002975201199513,0.02407346564905938,647.3119128142342,903.1815292644907,0.09292314757251935,0.19561678987736691,210000.0
Random_3206,0.05679937377090969,1.6419304708821787,0.03035037545916175,0.004200312330514127,531.321808421103,796.6444680303545,0.0918172555582039,0.18981423600053746,210000.0
Random_3207,0.07575773631765673,0.38490782352635944,0.026849568138070597,0.031797006726627636,535.6662699557231,747.2348301046476,0.06510143821595733,0.12674424648603538,210000.0
Random_3208,0.18611854151118606,1.8064698635830663,0.023276426216595054,0.021618444997228523,714.5641919301335,1018.793381472062,0.0855165564037413,0.17307516432195313,210000.0
Random_3209,0.10304551263406506,0.7611812944944382,0.013413162342481202,0.0030334504005704185,553.7668814519421,792.465688843264,0.0972997560174077,0.2080208669375948,210000.0
Random_3210,0.2864045306203857,0.4090674406139111,0.03511781829385855,0.027174991847821652,777.1322200596252,1042.1579627310132,0.055476287646483824,0.10603545123629551,210000.0
Random_3211,0.1794732500527483,1.5832497406124946,0.00459818326329013,0.03616911831377309,687.5284934637607,980.3816601783451,0.09151980481852812,0.18673268900623088,210000.0
Random_3212,0.019889854621945553,0.5713816400153572,0.0012031438888103747,0.017892322914580008,380.8950123932032,590.0520125051094,0.10107496523401206,0.21451174374666793,210000.0
Random_3213,0.05327998303892736,1.3784611294820233,0.012529818759616458,0.006510121785782548,495.58112209334956,749.4086734361405,0.10398520989969831,0.22035444358123696,210000.0
Random_3214,0.2906001751493248,0.5658299601156183,0.004306579448460567,0.03051991832819166,751.5019839705662,1026.828256140968,0.08268895827399039,0.1714473174373199,210000.0
Random_3215,0.2262791597103925,1.0491940341477572,0.043257148163468075,0.0037713220109221396,739.3895761014242,1019.4108199517201,0.06978395197219311,0.14075651587463014,210000.0
Random_3216,0.19215216170146804,0.26638007910319883,0.004425834105173122,0.012141819654576773,637.6500549012906,876.3497865855215,0.0926284254714464,0.19862978943899282,210000.0
Random_3217,0.012970145711920088,1.7293712116694686,0.02149191751576544,0.00160721009919102,409.94123328807603,669.1575440319856,0.10470892934207357,0.22017820763816456,210000.0
Random_3218,0.23213170230333252,1.3676487817628307,0.017754403652444503,0.013400913865355468,732.1740632403277,1029.2587585940641,0.09002096661588284,0.1875798062246457,210000.0
Random_3219,0.0859096190077033,1.8598529565523125,0.04335647168844233,0.008069762316632267,606.5645375630684,887.6212266394423,0.07887377911292424,0.15717706462381864,210000.0
Random_3220,0.2256489589631726,0.7834515561160962,0.01727012005577355,0.013622234242585792,705.2032098633742,974.3993812855231,0.08461756257957835,0.17687818343981296,210000.0
Random_3221,0.1334659264520467,1.6037831849922308,0.027807969223975746,0.030404335856663776,659.5819080868043,940.4616486180153,0.07546146029115386,0.14763799855005189,210000.0
Random_3222,0.1285783397336539,0.3822876570895616,0.02117238812455359,0.03747953223564058,607.7430041560361,832.3983800296644,0.06510844352089107,0.12675611889770444,210000.0
Random_3223,0.1732607945058417,1.3358675541826563,0.0132396952541184,0.007791567326586019,662.7185628466283,944.4653004048519,0.09844308792790878,0.2084736708235358,210000.0
Random_3224,0.06839738110644743,1.6443123750833055,0.00674302440848291,0.0065145520630858255,525.5787856549211,795.6115816925563,0.11123509194995435,0.23716715331128124,210000.0
Random_3225,0.11759496213254707,0.3916627740252797,0.029565006803560043,0.030662013581280918,599.2787114580117,821.4841151914989,0.06205248909725891,0.1200141700405814,210000.0
Random_3226,0.15158485682096076,1.5930151200764113,0.012452312474742353,0.03814418960380849,667.8043367794053,953.3385112217999,0.08404977621378038,0.16786095159614034,210000.0
Random_3227,0.2069987551783656,0.8354781883486874,0.03732102624788955,0.0029758488638405136,705.5841050546746,971.7065623160186,0.07388092576963053,0.15164310149456903,210000.0
Random_3228,0.2004227768350891,0.5088971224262392,0.0023787750570161744,0.00497390562217517,647.0650856428982,899.482935906516,0.10101000980288635,0.2190789473340961,210000.0
Random_3229,0.1298742438761119,1.9394671981214442,0.03505399762635309,0.004900013537230319,657.7187822481396,954.267046239546,0.08769845213546504,0.1794152998054967,210000.0
Random_3230,0.1884291980634029,1.0428585792903533,0.023426718197590665,0.004504057535581118,678.4408416244796,950.2423151497425,0.08796041846622768,0.18474852663918662,210000.0
Random_3231,0.06769558578138117,1.4887625587096214,0.010151251559519486,0.024767106620478194,535.7905445496422,796.9152874825205,0.09568756013370737,0.19740777699541567,210000.0
Random_3232,0.11603482910078781,0.8846220121383319,0.042567750569476016,0.004636814304332821,611.8638100466916,856.9041426782087,0.0709403789390231,0.14299893192852262,210000.0
Random_3233,0.08515743440558843,0.7561496564739811,0.04234355091926387,0.016888965572480014,571.7354958344923,802.312987657879,0.0634825720416021,0.12327213748650662,210000.0
Random_3234,0.15579626483326195,1.2904870287301515,0.009162933242162288,0.006316914077956702,635.8237258082582,911.606320523821,0.10297387481019168,0.21975581069233577,210000.0
Random_3235,0.1706537495942659,0.24851996014512714,0.010339275180821516,0.00721527912220443,617.9483549130109,850.390826173866,0.09058863267193586,0.19415544362266132,210000.0
Random_3236,0.18075351689710242,1.220435522607529,0.013724214447084972,0.004509137697024445,664.976749533807,943.6260591038928,0.09864405621619249,0.20999477157474122,210000.0
Random_3237,0.015514309550539333,0.8107217813176772,0.03207250751299177,0.025190264988574282,416.59626298790795,632.3762987347129,0.07163667303313523,0.14036823706564405,210000.0
Random_3238,0.21528039375209382,0.9041063208947541,0.02696221456078367,0.0035710220958606997,704.0829585273318,976.1451824730876,0.08335279319437087,0.174492291726084,210000.0
Random_3239,0.04830629989664389,1.0731943289973223,0.022626199824578766,0.00840804929864861,488.4071236604077,726.2947035095899,0.09092779502761976,0.18944189040594864,210000.0
Random_3240,0.06985969209577163,1.3405805799075592,0.020895349504380205,0.038672256929092104,556.944176531258,809.9698171363633,0.07611044026592541,0.1483938379584619,210000.0
Random_3241,0.061509948291169285,1.9738490657913161,0.02745737403294107,0.03092849241560026,566.8943038424602,846.4241295599784,0.0815095187342546,0.1596646908890927,210000.0
Random_3242,0.10084995238135402,0.8721502033249491,0.049299426485663544,0.014934952436470209,605.9509692759448,845.2714662071352,0.05903967043046471,0.11238558929207586,210000.0
Random_3243,0.19847525623417364,0.6052628591775485,0.014635971589612672,0.02546765382776459,677.5297804284922,931.1771331166351,0.07868954949179183,0.16133764881663276,210000.0
Random_3244,0.016861188375561928,1.092637658097567,0.0382751258064105,0.0171129161787921,433.01708517277166,661.9700335222365,0.07361400087356407,0.1450727849530471,210000.0
Random_3245,0.1298200791668112,0.6485215314867845,0.03993898128752556,0.03498705034289464,639.390948655411,875.0353548335855,0.052341791233284335,0.09471316981440059,210000.0
Random_3246,0.19667379080409694,0.5535630953888626,0.013758237675116379,0.030153458834345774,676.1232845567916,926.6891358295577,0.07619155797180975,0.1548184373398346,210000.0
Random_3247,0.17210182715485783,1.1909027734300026,0.04028091448466192,0.03575340500529504,708.4124931501765,978.9458291840444,0.055907130246153375,0.10140053269632392,210000.0
Random_3248,0.1147085278281694,1.2818298878123897,0.012180819340346816,0.02146599288877136,599.3250511134092,862.9927830436797,0.09220223625389518,0.19094574761614305,210000.0
Random_3249,0.08050304877101612,1.9050037425067623,0.0487970693160265,0.028791073251619472,620.7428981389736,900.3867773391203,0.06218341925198606,0.1133315814769137,210000.0
Random_3250,0.15422741692842562,1.6969525385152917,0.02024741028506138,0.004569153456286135,660.3348264684599,953.2692198344466,0.09815100432462708,0.20637538315271517,210000.0
Random_3251,0.16625322058571723,0.8324648573784288,0.03704436642869277,0.029285053682024897,681.056496366671,934.7743664862722,0.05925885437726637,0.11198594071024563,210000.0
Random_3252,0.0718107443640649,1.0141634764834473,0.04869250833359181,0.01387615647473531,564.8177825848486,803.4023319329538,0.06263317801586503,0.12023889010839922,210000.0
Random_3253,0.1003792157711524,0.9529235534826948,0.002285870707384199,0.0323365592693085,563.8750730009921,809.0816424523659,0.09173348050789115,0.18961798902510527,210000.0
Random_3254,0.022420339809817048,1.747526125346505,0.023959155071764743,0.01858072180463503,457.6817132658001,718.5222837087351,0.09176890399433332,0.18652185723810671,210000.0
Random_3255,0.15180703110350813,1.4226411604891656,0.04270969453508693,0.003532853866014484,674.1788677938043,952.4500739196056,0.07587548984751874,0.1532539603345969,210000.0
Random_3256,0.16239508894831822,1.5596263967809707,0.04714275390109481,0.020499010883512768,708.1920024220667,993.5626213315213,0.06280872412149538,0.11856074232914773,210000.0
Random_3257,0.21542354102951025,1.0686535815497165,0.015202672488984891,0.030643609039704995,714.8202831641728,993.0978770689924,0.07933521682946872,0.16033192104746144,210000.0
Random_3258,0.2873210753267906,0.1954280614590743,0.003668178936207279,0.022560863409306218,729.4554528484385,987.9816610581533,0.08439593371336696,0.1783002504885285,210000.0
Random_3259,0.22999229045322683,1.2269914696759696,0.015190428744476143,0.030720217036141934,734.2949709125268,1023.3348079988026,0.08057489631493052,0.16278553431761378,210000.0
Random_3260,0.19927748165389378,1.4079500710819015,0.019841951781133862,0.030591770611364606,716.2673921461703,1005.4098179669295,0.07893858045002448,0.15770367194304957,210000.0
Random_3261,0.11663623893652804,0.19592781992143327,0.030295406308903476,0.02827478804830225,590.3727457939148,803.6629418759348,0.06089813007239388,0.11836818240190544,210000.0
Random_3262,0.29756184134163893,1.7499118962170255,0.02981637223236037,0.0078003629810648395,813.4298805190695,1143.5570373671712,0.0850743203113871,0.17510194653740416,210000.0
Random_3263,0.15391318356355993,0.22855101416877627,0.042728807980780804,0.01443485046657866,642.4641870869411,866.6541859396373,0.05732231853042691,0.11177917368191004,210000.0
Random_3264,0.05289543897992724,1.99755944941134,0.025889648159871968,0.0020672455020874295,529.4203064454208,810.2977899209561,0.10083476215847136,0.21048676685215895,210000.0
Random_3265,0.17598836556835057,1.8169764061182705,0.04643579389775917,0.004809029060940934,720.242152749376,1021.9035965800899,0.07510193866074008,0.1497059481380001,210000.0
Random_3266,0.192334854368846,0.2682199612713565,0.01533410827647403,0.010747498754632795,650.015857971703,888.0829412586371,0.08366180334961407,0.1768909638867854,210000.0
Random_3267,0.27505258587859843,0.871303655760715,0.03190377008428583,0.03199185987731651,783.183558287627,1066.0437188695807,0.060315436348232485,0.11507262071182404,210000.0
Random_3268,0.08947145680819449,0.5750148657744141,0.004907464222778355,0.0010272474847649814,515.9395683993084,743.7083246246023,0.10473472641548386,0.2270955681479504,210000.0
Random_3269,0.268087582680963,1.5504296702950127,0.031250324936415504,0.03025618153276625,798.939328356238,1110.81003867222,0.06886986038719914,0.13313711818672555,210000.0
Random_3270,0.09628895675641012,0.6233397769530897,0.030587257383935744,0.010269243809791589,564.9842290872983,793.8382381437917,0.0763372274521946,0.15633185442689823,210000.0
Random_3271,0.11203585158037709,0.8695583030748463,0.048184556014317356,0.030363823939299123,630.7564974662492,871.6117136034222,0.050416836856862504,0.0894143217322784,210000.0
Random_3272,0.25720990269683486,0.20067017615369637,0.01173321941908663,0.020313622570132982,711.7656459700407,962.5345322120282,0.07911545761555333,0.1654121784354188,210000.0
Random_3273,0.15865055079666981,1.0521795862793568,0.03257047627186834,0.018810954351903393,667.5571801686374,930.4573848004742,0.07195560227194146,0.14335863229437418,210000.0
Random_3274,0.17119849803644085,0.6178571243755823,0.030274325943769463,0.019912765162529506,664.2783881728963,910.8666159904037,0.06870879075076879,0.13734274505901795,210000.0
Random_3275,0.27133555694448336,0.5128670287418643,0.018299663296381722,0.03700731008316314,754.6239765171815,1021.1123241763227,0.06603661132639178,0.12995043330096562,210000.0
Random_3276,0.12852866244408254,1.5967926294238683,0.030473753348447145,0.02923902421210372,655.5816119890379,934.7924237192884,0.07382795488687195,0.14377079874952348,210000.0
Random_3277,0.1565553462559503,1.0317259899447055,0.0449654556109087,0.03276865291892353,689.1106928034831,948.4584702325958,0.052273743000962186,0.09345384258999148,210000.0
Random_3278,0.2719112747574467,0.19177040731543946,0.01263969161927726,0.03583583363049409,736.2706893720895,989.0001343706642,0.06861145895680683,0.1378327078137051,210000.0
Random_3279,0.013324299119933262,0.7486949528944191,0.032880752717770606,0.025388383023619416,407.3209298550618,619.6817466559828,0.0703526237104257,0.13739759312429534,210000.0
Random_3280,0.26834066241345356,0.6713195692831954,0.028322736805766913,0.015320689621374534,754.4224266716852,1028.2254987786212,0.0716699971315972,0.14588262369233784,210000.0
Random_3281,0.04702226160430323,1.2287853862906084,0.01578081424949027,0.015854798728599365,488.2043780629282,732.7244368088342,0.09423531839379747,0.19581639159635908,210000.0
Random_3282,0.21861101787066434,1.4875287782232478,0.003692910951928969,0.00409865578782438,700.1667738658616,1001.1349980143937,0.10974130302092941,0.23636597934595752,210000.0
Random_3283,0.049923739913341605,0.5070438819125569,0.04966461562304409,0.018556661165139612,511.42632637818366,721.2665338995293,0.05476956386045782,0.10225061700564213,210000.0
Random_3284,0.276531250380984,1.15354994618951,0.04044526288825403,0.013224397131634251,791.4417901482149,1088.1907775203977,0.0666828768374074,0.1318978896668595,210000.0
Random_3285,0.07110963179068064,1.4156164405118041,0.03322805194835317,0.005058668799575842,552.9588095494305,811.3760196602975,0.085882438513326,0.1764501887274804,210000.0
Random_3286,0.25236583960432335,1.0428170525704759,0.0358425842842947,0.023451160782311097,768.0497523909743,1053.324480052398,0.06405194282573651,0.1243863876248307,210000.0
Random_3287,0.26014584375614214,1.3828483816362442,0.0053490482793857414,0.016538940188058845,745.4362580150078,1050.9498570502788,0.09889007739450587,0.2090249594020339,210000.0
Random_3288,0.1328172431670091,0.13826732330751274,0.014826064263782,0.021904122718679794,585.9604201824391,802.4483455644325,0.07760792174563985,0.160523768698295,210000.0
Random_3289,0.23116182293119497,0.2026400086493795,0.009762308474570082,0.022137664764251132,687.0171553920909,931.374413655006,0.08034186538783221,0.1679237414801359,210000.0
Random_3290,0.20522971630473746,1.760973880852818,0.0499005520849643,0.027538283398803633,768.5121253022842,1072.868272178144,0.05711581459074889,0.1032560949879906,210000.0
Random_3291,0.25086980381595353,0.5647246196051319,0.035729931278948183,0.012133453854633738,741.9168406326431,1006.217828658176,0.066192854760807,0.1332403554681812,210000.0
Random_3292,0.25063353476676525,1.4507528929624731,0.03971401894366226,0.0037873407853154166,771.6541330531998,1076.1162881498842,0.07647984473097506,0.15555914557035902,210000.0
Random_3293,0.14952443701048812,0.5057966629737173,0.018991213289082997,0.03268830792032108,631.3896629394426,867.3972603291296,0.07061921195638676,0.1405666154290119,210000.0
Random_3294,0.11399393443229222,1.222188235085577,0.0034936416676168316,0.028923838336237552,591.0825351498754,851.986090936491,0.09497070429080534,0.19697441658006892,210000.0
Random_3295,0.24787752791106407,0.78773616061745,0.034807327658486036,0.02439743413497961,754.5034661246793,1027.1845943867534,0.061954846156584864,0.12022778759578348,210000.0
Random_3296,0.17601488442465632,1.683780823591316,0.002242713405767389,0.024618169745282265,676.4434544478572,974.0684419635467,0.1016576387521411,0.2125709242438623,210000.0
Random_3297,0.22111104865520267,1.9703652006125194,0.021571584724505172,0.010497038959434893,745.3986305827647,1066.7773368794135,0.09458651305351369,0.19634557663345137,210000.0
Random_3298,0.2605913796295086,0.3356986362098273,0.027242689053809905,0.022959555363162486,739.9457335659656,996.1838375494272,0.06485320264733108,0.12962550752787316,210000.0
Random_3299,0.17996067411651584,0.944516856193434,0.02039249956961857,0.003991510823929501,662.1190951909716,927.6618014173213,0.09021265805127751,0.19067171194513577,210000.0
Random_3300,0.1636472613313392,0.5261111192414589,0.006874525804108751,0.006188507941250645,615.0753241459255,858.6170971449972,0.09727026546066257,0.2093153174231814,210000.0
Random_3301,0.11816493912411542,0.7110604673225527,0.015436365574448153,0.013372349851595987,582.147547520276,821.3818060967362,0.08831944024351944,0.18511539431662122,210000.0
Random_3302,0.1523215042019132,1.16808849416436,0.02540600187351089,0.016959648507745093,654.4975422871779,921.7526485445519,0.08083401662221917,0.16472177309193595,210000.0
Random_3303,0.09105955719256871,0.7754149712900587,0.032966664491168994,0.017343969161017183,570.4249851644295,804.0586974784494,0.07164255494385678,0.14316085642683912,210000.0
Random_3304,0.24423946827690407,1.1262956860475062,0.04413617462472667,0.0195660198447676,770.8652794315472,1057.5122768153515,0.0599166698584966,0.1143524619291955,210000.0
Random_3305,0.035330637695677604,1.5245671494918864,0.016143015142337465,0.02971863095815707,482.7025228110651,736.4717722740799,0.08912649011998013,0.17990832179976246,210000.0
Random_3306,0.017940185030167418,0.9528183629855242,0.0016112598780156804,0.03124798685540994,397.7026236841109,622.4357565373273,0.09665043810801269,0.20015717752265516,210000.0
Random_3307,0.06938534368803541,1.7558567166757355,0.01105329646837619,0.03717642346288231,557.8123180798063,830.3138286577226,0.09003652669393189,0.18078116541536043,210000.0
Random_3308,0.14734472472833854,0.4133005464817613,0.0035665623622009946,0.009834906746912061,591.0994033648827,825.4619916099176,0.09734505363112189,0.20932951961859855,210000.0
Random_3309,0.1200732655997417,0.36493446294890763,0.027576948211393493,0.03275899280074641,600.6606446629721,822.2741366146372,0.06224437765555228,0.12035437890624859,210000.0
Random_3310,0.018037850822781545,1.620116929642568,0.023170258035312367,0.015076027643886557,435.9361811635083,690.2912028487833,0.09361621915313656,0.19193392403459347,210000.0
Random_3311,0.12214247328033376,0.5430484927748895,0.001546102469371799,0.0070614261159224825,560.3450053883627,794.6292035964926,0.10281235954916412,0.22218170766421053,210000.0
Random_3312,0.08206404685998082,1.2275338646793004,0.01102550149690528,0.006723870054090967,538.7224031931946,793.0574890946787,0.10258870066500658,0.21807765270961466,210000.0
Random_3313,0.11588995170999926,1.4118108729290737,0.02100278503848655,0.011023075618666979,608.7163948096487,878.6583031663845,0.09179323417283308,0.19077612408280473,210000.0
Random_3314,0.1324226110964211,0.1301451547511011,0.002455994258528446,0.004466107823179683,558.1378083956718,776.5462249670398,0.09913340847886265,0.215497976125042,210000.0
Random_3315,0.08308167991199446,0.5311426215018668,0.017064781635114518,0.011750721864794703,526.7082706843695,749.0748683499594,0.08713791105422077,0.18274962070847786,210000.0
Random_3316,0.18654572609577158,1.8920973032903354,0.0356125878530517,0.03861592722464584,744.7081162279849,1050.550645193777,0.06506189971632688,0.12043239340157477,210000.0
Random_3317,0.22245887621755855,0.251492125359994,0.03012393251909471,0.03428257167282049,713.4386607011085,955.2180050613447,0.055400729713397504,0.10503885775002889,210000.0
Random_3318,0.202840937022306,1.4975507962377763,0.025731397333987896,0.038934440961951436,735.8868569816876,1028.8136100042889,0.06944901259263526,0.1330316898668948,210000.0
Random_3319,0.2227170553814042,1.7190303328526295,0.014390669715363374,0.0034749410275982766,724.6034949136392,1036.2098748779217,0.10271515439289491,0.21828406448860518,210000.0
Random_3320,0.2088315262274282,1.5782789830537705,0.011281912819562832,0.030523202580427206,721.4270951149567,1021.3131216772342,0.08817552911093482,0.17962901206187365,210000.0
Random_3321,0.19538569182795246,0.6497200972205313,0.001701082757040659,0.03294822751224739,665.6673457969729,920.9792283073419,0.086356799231804,0.17885387435589278,210000.0
Random_3322,0.23186816947634695,0.13547821171133878,0.00962786413170463,0.0013427560627493958,670.609326744532,913.7952390250728,0.09225351246909258,0.20011877686040352,210000.0
Random_3323,0.29191763886333694,0.8163196281013211,0.030994956433164685,0.03582653702563937,797.108337629367,1081.4764111330564,0.05796593267560191,0.10920326796768218,210000.0
Random_3324,0.1682301898857001,0.6168742765176741,0.03847712968402803,0.030376359581077643,678.1694706878005,922.4780814613123,0.055110335552413944,0.10267927539878559,210000.0
Random_3325,0.03000895526660233,1.0568607424248833,0.0163763304730936,0.02440070091700366,449.630050604758,681.4288603193206,0.08772487083914525,0.17913892912225157,210000.0
Random_3326,0.2657917033437287,0.7723914182885057,0.04494564591106573,0.003399484918069048,767.3430276270456,1044.6809568196297,0.06492214383539512,0.13050623533913633,210000.0
Random_3327,0.10718813653855959,1.8336116543831185,0.027993982167470077,0.0022210461531325587,613.9803129323,900.872669248532,0.09526098503187894,0.19843595873551684,210000.0
Random_3328,0.053885425837068145,0.29905790767605245,0.045165987843555,0.0054034742692061575,497.36775513824733,700.2511604739157,0.06445645854561788,0.1286851322461313,210000.0
Random_3329,0.13689018110743578,1.3532127563227614,0.013845470685824153,0.005955512305990383,621.1339277979818,894.6669684700197,0.10009816194262491,0.212275930688524,210000.0
Random_3330,0.09982502970246199,1.16971939741292,0.0370006947935425,0.025913944768711745,607.8366673078076,860.3971264520242,0.06652918194742488,0.127892508069948,210000.0
Random_3331,0.11893250581001615,1.49671900766674,0.03812963898910492,0.0041795959002015985,631.4457811424666,905.1465241488294,0.08124543895841725,0.16556718396111195,210000.0
Random_3332,0.18517007598577903,0.7704674934427658,0.04830683708955291,0.033275536321744084,715.509976728663,969.9469430571285,0.04565692121577288,0.07868089306702694,210000.0
Random_3333,0.2921979846049551,0.563681726491839,0.01876692720820625,0.03760279250453474,775.0691931193118,1048.974789385664,0.06537383915727692,0.12819979042945737,210000.0
Random_3334,0.14811274189221532,1.0666853597786992,0.037323043046578984,0.03763915446214355,674.8378117438062,933.8698626062037,0.05679553852586519,0.10360619804824137,210000.0
Random_3335,0.017980654254016622,1.2911103828063812,0.028227767616453923,0.024211026273253337,436.6926686655073,675.092695944122,0.08029765797071967,0.15961979838555648,210000.0
Random_3336,0.22170547751213673,0.405384124845941,0.015137520517223689,0.022735106460072933,692.0385436475193,942.6773884854372,0.07737188668168783,0.15959472257245702,210000.0
Random_3337,0.10762475834827474,1.751775817168205,0.03235669125060521,0.009179993744787816,621.8220918933918,904.2352584533982,0.0863274972843663,0.17604032057057536,210000.0
Random_3338,0.06365031631600518,1.3124250062577936,0.015082702887981997,0.021694147636831453,526.2811508392663,778.3107071578831,0.09148752601887564,0.1882643118278259,210000.0
Random_3339,0.17951016551358176,1.259258616194183,0.038295448036125126,0.022358159321306702,706.9970607017341,983.6889512202732,0.06623805933738579,0.12821467573179887,210000.0
Random_3340,0.07588980055665069,0.8930887862657959,0.017765132436557668,0.03102134752628344,542.2241410677884,777.4826681918846,0.07881983945718116,0.15812508692922586,210000.0
Random_3341,0.042819369367824066,1.8618464971371593,0.009965879596097887,0.008763199932311,489.4934973102613,762.4831056611168,0.11025268505455187,0.23301373829774022,210000.0
Random_3342,0.07391993542354294,1.4515456189164666,0.027166732772266097,0.027105565429283943,567.072059645698,826.5298124967007,0.07836441326196807,0.15501990724331607,210000.0
Random_3343,0.048108779919256286,1.8731243685983816,0.008452444687748563,0.00818594066262348,498.8358688068842,773.8225895455959,0.11182573631795144,0.23699611849575403,210000.0
Random_3344,0.24710285070972943,1.0340269842356267,0.01516763450276689,0.033393259276737364,745.1523547669445,1029.5744102326198,0.07671155505889785,0.15399875260599394,210000.0
Random_3345,0.1862351586868911,1.4920493184081658,0.04071607845062667,0.009196260956546562,715.9131487177187,1005.6211705652352,0.07412727165429865,0.14828960754572795,210000.0
Random_3346,0.04989185404793248,1.1614675916853565,0.003282221544268608,0.011568898572160948,473.7166211957065,717.2675367242163,0.10725204048075783,0.22856363291494383,210000.0
Random_3347,0.12698711277018965,1.9786537005218805,0.022564384068931263,0.016407615044591303,648.5327316835537,946.201166470504,0.09250697207750685,0.18942514450960465,210000.0
Random_3348,0.04895284241237895,1.61735187466779,0.03150265780119986,0.011458219496304468,521.5588618168279,783.1410365961729,0.0865211371790464,0.1758579234390911,210000.0
Random_3349,0.06584500613065856,1.9112288906856394,0.049774460655873556,0.0028918018613651782,579.589161332681,857.8424119448202,0.0774481368426693,0.15382976867844314,210000.0
Random_3350,0.06447154171303224,1.5769295667259304,0.017769973748857817,0.014320890695573539,535.0623485653448,799.5747953407152,0.09610553550384524,0.19937472522991795,210000.0
Random_3351,0.020448831314953658,1.922237918531841,0.0036355068193915986,0.03394991652454907,444.1053460709051,712.7114263660611,0.10272048492931796,0.21040680052105964,210000.0
Random_3352,0.018977598000993145,0.9679880627367762,0.032231823274663327,0.02230659150341635,432.1556668444489,656.0964559856058,0.07453210071886153,0.1472488355264912,210000.0
Random_3353,0.15326585886586275,1.9864348801570215,0.02146105296234593,0.015077812644735122,678.1756070038521,982.9585320788173,0.09367287679767944,0.19273020735252647,210000.0
Random_3354,0.02347852547929386,1.130966749215636,0.005149363730223272,0.0017832912684870392,404.9157116826044,641.1242343672346,0.11254072459395545,0.24230838718842673,210000.0
Random_3355,0.07313169384006012,1.602961388132862,0.002987320738951292,0.006714762865288607,527.774617539189,797.4146367768435,0.11390359305127494,0.24392635266085394,210000.0
Random_3356,0.11270918929515572,0.4979015646964644,0.04911256092622113,0.025708846419329273,616.5075238758892,841.1046790233751,0.048637965106067695,0.0873473672739152,210000.0
Random_3357,0.2694501611094317,0.3707553493327439,0.048041960595233406,0.028562274905730003,777.7976832989435,1035.7158754561979,0.04295070621586812,0.07525971823135086,210000.0
Random_3358,0.08983064446080656,1.9079167494781377,0.0070884438180780236,0.03702551789302773,590.9469284117758,875.7317263166052,0.09448990516551169,0.19133422564658106,210000.0
Random_3359,0.10719387491902657,0.33609056756501365,0.0064440638659946144,0.03788013467222843,560.6764220921184,779.0530304792428,0.07828507225252704,0.15884046508976485,210000.0
Random_3360,0.10536663521529795,1.1082835904111195,0.029916274794342945,0.032361740716534096,609.4847190348876,860.7168981663422,0.06824909871226625,0.13158699122018164,210000.0
Random_3361,0.020514394523940174,0.65250632698074,0.03395199133099814,0.004217465865153439,415.43795984991135,626.8757866193375,0.08057322215942189,0.16587866144038313,210000.0
Random_3362,0.1756536612344011,1.773203240652223,0.013410340740159545,0.02011074857957772,689.4315500277769,990.4574240201482,0.09521406539905305,0.1970196950702112,210000.0
Random_3363,0.27785743615156816,1.8573860487477707,0.010759704157084295,0.013708812547972307,781.9259831400368,1113.015233035174,0.10012240238038994,0.21045739807875727,210000.0
Random_3364,0.05137387100591909,0.594687007617085,0.034787374158490376,0.02803382533836147,506.1748157550004,720.7535028895009,0.06328477715803794,0.1214410745173351,210000.0
Random_3365,0.13664902640304158,0.4523095697322945,0.015759466942451353,0.02406031635458277,604.279038537542,835.6096431124929,0.07851017181819459,0.1610924303175755,210000.0
Random_3366,0.05692440891845841,1.6480550233781799,0.048573901258972735,0.03568519995324553,575.6797776919602,837.3326278766154,0.056581151786632686,0.09945866308837806,210000.0
Random_3367,0.008892124680730317,0.3750643630332964,0.022265139441893234,0.005321904230354341,348.4390096746759,545.332973687577,0.08863291433492776,0.18623101120095648,210000.0
Random_3368,0.20694877074805085,0.9631371669084179,0.04261962686965632,0.013811722264556871,723.9461601613973,994.5100174285517,0.06388834965008547,0.12520415964648562,210000.0
Random_3369,0.050234974097634576,0.4831128200584699,0.016788540307810206,0.0053183782846224935,462.4965018286415,675.0267687682867,0.09204778295371563,0.19525279847045823,210000.0
Random_3370,0.23885602924995114,0.9644031317766697,0.043652710316493995,0.019585937624870063,759.7036126289419,1037.7566690360707,0.05883044958467659,0.11236543999280756,210000.0
Random_3371,0.15953652144820168,1.0507907222050592,0.03564397551376117,0.022272762583525216,674.6195881836228,937.155961997118,0.06707626707662896,0.13098583891434334,210000.0
Random_3372,0.2331392530957674,0.752846745891176,0.03401952820505095,0.03713257751627001,747.726336068573,1014.1970844499122,0.0549744464122721,0.10148805053601576,210000.0
Random_3373,0.061750225697415874,0.9081885504406497,0.012821004108828239,0.008111902741011687,496.49647034559666,731.1278789917926,0.09770592162339026,0.20703868050684454,210000.0
Random_3374,0.13637549930853038,1.597589743239947,0.009511795988570874,0.01611190475590712,630.9696111116117,914.9051283249837,0.10036232748730158,0.21047517467681187,210000.0
Random_3375,0.021027026434884074,0.3231835344959728,0.014613601161189566,0.015610987145287206,390.28172488680667,587.6637734833283,0.08781286226195416,0.18353588920131758,210000.0
Random_3376,0.2434499127962489,0.38528476104473697,0.04039841085950934,0.01473040881866158,736.3401398006306,990.1301266724523,0.05878790379103445,0.11552427971080048,210000.0
Random_3377,0.1144659747027041,0.7530369240878206,0.02001030495966935,0.021639276074565953,590.0115365844633,829.1827253613524,0.07977096502048976,0.16288209762728542,210000.0
Random_3378,0.25655883432458704,1.16806916870757,0.0220628396825297,0.03702776293369657,769.1419966849032,1061.1175696485925,0.06947715078796957,0.1353180605294486,210000.0
Random_3379,0.23683701009000155,1.4469671233123624,0.023306156938989638,0.03864664932358338,763.6570178834357,1063.0235664539866,0.0705729598224561,0.13636479713988295,210000.0
Random_3380,0.02400348293498357,1.5330895870330035,0.023651207137166893,0.017255517539487213,453.55596349672953,705.2733276728283,0.0905928874318912,0.18482308499312078,210000.0
Random_3381,0.29433186174151826,1.9583826814322203,0.045018498646822024,0.020893097953257188,845.4620050939624,1181.8992634657855,0.06568084716466432,0.12499705568929698,210000.0
Random_3382,0.14436063832727292,0.3595921774847126,0.017229415043444118,0.011137838540762585,603.0108955585221,833.0133228404159,0.0838077810153812,0.1762686605970797,210000.0
Random_3383,0.17948710719856356,0.45626522655339574,0.017259253608106918,0.03195548502038563,660.3424955715934,901.8090284758576,0.07138284925493465,0.1430798030584723,210000.0
Random_3384,0.21036400050158702,1.1261505729851116,0.004306470956367853,0.03758459587874001,703.681351502628,983.5978420655462,0.08566183324886738,0.17456723976369162,210000.0
Random_3385,0.1416199053750939,1.268374928624776,0.038710357482204014,0.010049013367110754,656.5716430729402,925.1527415368834,0.074288535482321,0.14907332262491613,210000.0
Random_3386,0.17840576798571212,0.6690675583891139,0.03192621108667132,0.018425696458329144,674.769768039641,925.4510975599791,0.06845404633819645,0.13676732965839267,210000.0
Random_3387,0.2897289398863175,1.9615990663860212,0.045047522065671045,0.038095908698442704,853.818403882781,1187.8711223806024,0.05545038060810052,0.09764338891055552,210000.0
Random_3388,0.2638669100913427,0.9306124563913708,0.008630969193097289,0.017864574325864316,737.7455975237104,1023.4702421026409,0.09054591221704776,0.19049360702651089,210000.0
Random_3389,0.028738811800022655,0.8672845457072371,0.04281716107885278,0.03966861435030763,482.07631118892755,701.6899566614261,0.05294572679260172,0.09289714341353929,210000.0
Random_3390,0.09382682123155438,1.2346918965791938,0.027117835036119878,0.008708051186167269,577.5317308886756,833.6835006448449,0.0865898039074783,0.17884925332604168,210000.0
Random_3391,0.20462330878060606,0.4993434708940526,0.016203060537322105,0.02733757717863641,683.1747699473092,933.3178023154164,0.074961072322698,0.15250588955901254,210000.0
Random_3392,0.273358557887104,1.8562359462853577,0.011169904625189776,0.02545778546000704,786.745918725986,1115.6859605737875,0.0927780334634282,0.19090499089277768,210000.0
Random_3393,0.07711355991035708,0.8397179061034399,0.04600084905024142,0.008967864042846704,560.7926058931461,793.4608045979431,0.06606183081257037,0.13013617638790548,210000.0
Random_3394,0.23499472074565156,1.2421779930865142,0.0045164018537002144,0.01678029987504318,716.9284084133553,1009.8713621503618,0.09859358752599001,0.20866849436048263,210000.0
Random_3395,0.27493833984363353,1.4921534351524803,0.0016318327827789373,0.0363089384803326,771.5108936290892,1084.3571214708102,0.09118060915608676,0.18718490980692887,210000.0
Random_3396,0.05627231859061951,0.27569163451681294,0.04582261104278994,0.03211590567137934,520.6135588394019,720.8526807031798,0.047502665572496244,0.08382992445932475,210000.0
Random_3397,0.21638550301963444,0.6007741695487012,0.02606267921563629,0.007255684940523077,696.0365871405126,954.50233139262,0.07889446839956321,0.16446159113666267,210000.0
Random_3398,0.02044752195767336,1.517346567919826,0.02734792380819452,0.004939837648313792,438.077873534651,688.8873286639408,0.09473653502430594,0.1965579654660085,210000.0
Random_3399,0.030972716314887475,1.4719201279193805,0.025649379029921135,0.009304906232849141,467.2014976677634,718.3847396818358,0.09253200299051785,0.19108229187592757,210000.0
Random_3400,0.28278494645629965,1.3552386089354955,0.03207968509521642,0.0049742796742814396,788.0087195380523,1096.7263763726646,0.08106059613600125,0.16729960636420335,210000.0
Random_3401,0.2651207666916671,0.9558699759154401,0.03612675685118801,0.021974609449542853,775.5986973949606,1060.2449286800138,0.06356187706998583,0.12388320761967933,210000.0
Random_3402,0.1617976958701549,0.5773616707500557,0.0457790099727886,0.005184376635769136,660.7882928924599,903.1419211150665,0.06341706488822214,0.1264487751330212,210000.0
Random_3403,0.24705758367515132,1.3806135590237152,0.002249840294619724,0.0025982721474967062,720.184060502891,1023.6882175823769,0.11028133854590871,0.2386234321149709,210000.0
Random_3404,0.23646632692516803,0.8788479756809251,0.021927225303988773,0.0031592463385377956,716.9340530820162,993.5918759875478,0.08743286848828732,0.18483114831956401,210000.0
Random_3405,0.24145602472516967,0.3239615248090817,0.022346577126544982,0.03405525371457013,724.2367989710352,974.6669273014471,0.06286690859544349,0.1231730848544409,210000.0
Random_3406,0.12957046660336918,0.6032506229586524,0.006291059754020717,0.01028815565304246,579.8278336163216,818.0403910677383,0.09699847947801321,0.20736527279320113,210000.0
Random_3407,0.15358791646141978,0.3564833457714919,0.014756695905302639,0.018702588135061118,615.9894122721458,847.7513992239888,0.0812241954088117,0.1690646772014779,210000.0
Random_3408,0.19380647196001569,0.9959748668598443,0.036571753568106935,0.036285311708027526,720.3560510509351,987.7979728275412,0.05646929213840806,0.1037957581663623,210000.0
Random_3409,0.17185974595723252,0.5803007854562207,0.020611873412099548,0.03536234370092809,662.902147362731,907.5026818285268,0.067743721536747,0.1330977562282829,210000.0
Random_3410,0.09640249899801666,1.7501675459212234,0.0021740853360566743,0.013426461588547527,572.7020560604983,854.3121766224892,0.11127937133834373,0.2363185239068458,210000.0
Random_3411,0.21648160929712362,1.742245404860372,0.024622948672855645,0.02647486692012287,747.806792365071,1056.2404126606305,0.08007136324777224,0.15970360025835303,210000.0
Random_3412,0.2358537594196769,0.40151103218346484,0.046342496889012604,0.03371522965986793,750.3475388549748,1000.9743570342395,0.04236476986580631,0.07270644911206035,210000.0
Random_3413,0.12538865088679838,1.7789295427270981,0.031946991755601215,0.0259382314719568,657.4480255734284,944.2161998596428,0.07639201197648052,0.14962993466193777,210000.0
Random_3414,0.06445802907083399,0.862336365428193,0.010282488237344855,0.026355088073290466,509.4665928423761,741.4552304495024,0.08847835422966902,0.18230167793508387,210000.0
Random_3415,0.26357040356948314,0.5279471162522739,0.003609198214384662,0.015365329551863947,715.6168918439549,983.7491507463782,0.09254417338886797,0.19749853567123646,210000.0
Random_3416,0.10121560992607694,0.17887209650870808,0.004039259631563526,0.03326234072941126,540.7208807873931,751.0898995829261,0.08183310269589708,0.16874556524740422,210000.0
Random_3417,0.13769314496179427,0.7185856858073271,0.016248371034960487,0.017983815997393827,611.2004580600735,855.2215251992634,0.08435062793669056,0.17500838106043937,210000.0
Random_3418,0.01946679527968502,0.1324725730967413,0.02012695656509563,0.03684099292060131,400.1486950112961,586.4192236617149,0.06831539991379001,0.13384362003330122,210000.0
Random_3419,0.19160387108274424,1.246830000822034,0.033956129403964315,0.0018818377491454344,699.656906697553,980.7981871329819,0.08202416500717358,0.1697131431531032,210000.0
Random_3420,0.2714983767183999,1.432235717258483,0.0255219284937553,0.003555828935019456,772.1931995587497,1082.1921804206795,0.08879802294480044,0.18596494291809096,210000.0
Random_3421,0.04421833222984931,1.2292700110872645,0.023192229705644676,0.02080385874467011,494.6712263492896,737.5232728296536,0.08473174703580832,0.17186505869149066,210000.0
Random_3422,0.2923493133157381,1.672554855439747,0.0029167720356148372,0.029581142090402055,789.3703729820911,1115.122836675733,0.0955379011984211,0.19807663674643544,210000.0
Random_3423,0.0362516961623884,0.9836978724491937,0.047152425930926535,0.005598802124553804,486.2904018816553,715.3996319380276,0.07023253847322278,0.13936458572425345,210000.0
Random_3424,0.14310454215539242,1.3193878566250143,0.043471506459428405,0.006171155599173671,663.1266406038396,934.3038167261252,0.0728009971943442,0.14574492956524754,210000.0
Random_3425,0.18883695275879628,1.1072215513631671,0.015840778447472607,0.03792894152612717,695.410313307051,968.1429437102045,0.07536707519958372,0.1492262624097275,210000.0
Random_3426,0.09794491690452292,1.1619366600476637,0.0419835956054031,0.004391350822391553,595.7874170170261,848.8508002310781,0.07494008953744113,0.15133020050376436,210000.0
Random_3427,0.16407178511233744,0.6290859130283903,0.04011218159864236,0.017289332167117578,666.8071371431969,911.541828406298,0.06171514128563856,0.12046967706497314,210000.0
Random_3428,0.2086915841940578,0.29956098830860134,0.02330658845614545,0.011540958878904425,677.6761781115592,920.5415148471567,0.075958550141698,0.15797808134937605,210000.0
Random_3429,0.23164162696157237,0.3997483236027565,0.02229224765624982,0.02245705997027244,709.6242917459219,961.9434284383174,0.07083439189094738,0.14376906073128584,210000.0
Random_3430,0.04702501721373496,1.8953198050947677,0.04275203337358078,0.01715025360357158,544.811082449892,817.0645450244181,0.07584916537034252,0.14773741594982406,210000.0
Random_3431,0.22259486712382942,1.776396398341055,0.0222950328523624,0.02848575870323402,753.4875888098397,1065.0116801916968,0.081170987097615,0.16202965757299137,210000.0
Random_3432,0.16275898516709428,0.6933128003639841,0.016629354361754535,0.0016933758424927774,628.4971283179111,878.9201322097242,0.09288200375075795,0.19843491541981698,210000.0
Random_3433,0.18181651897973158,1.9087124045884467,0.03999526581183168,0.03223221505951171,741.1213382467118,1046.6893277284173,0.06522406612241204,0.12155713989628675,210000.0
Random_3434,0.07122522042214725,0.43149952577894735,0.012354101846193677,0.013932789369028021,499.87284045208327,714.993672920455,0.08949901925755238,0.1884832820290161,210000.0
Random_3435,0.2859889869244644,1.3918845312627814,0.003713042834490525,0.002196866340329554,756.0108598233168,1069.6701177272723,0.10856339932651082,0.23476283498309364,210000.0
Random_3436,0.252847483171017,1.2035362472241786,0.044584485710359584,0.006078029689766364,772.4352510622904,1065.7532517481227,0.06820571910185441,0.13614643204365845,210000.0
Random_3437,0.017360632970252726,1.838079380547978,0.0450935479047271,0.03178531470871898,479.2785353707384,740.1819567288849,0.06609021677110992,0.12142888849684136,210000.0
Random_3438,0.18249541711603123,1.237084210554552,0.016715088487606163,0.017816875600567206,680.3032075099412,958.8332941368499,0.08809324063891505,0.1823736956425607,210000.0
Random_3439,0.03276623530817752,1.3323434285478037,0.029035660253887076,0.014213184550746962,474.3370569289619,719.0241624562866,0.08504314009454035,0.17278674226722704,210000.0
Random_3440,0.26334911512927006,1.795337274898464,0.02471402030413806,0.025354038062550405,792.0994243334651,1114.7214358168785,0.08023482122210196,0.16044241909752854,210000.0
Random_3441,0.11345603788102995,1.2845182891509204,0.025846213242483027,0.004842743908173385,602.5126395951853,866.2248555051818,0.08994129745396595,0.18760701204766939,210000.0
Random_3442,0.21851262083051112,1.7842292392987789,0.006852906884648734,0.00957965818798973,718.0852742805414,1031.689140050803,0.10657781457485646,0.22658260312065756,210000.0
Random_3443,0.08105545934922445,0.6023445531080706,0.045273151272759396,0.002795616309380906,553.5989367021982,777.1228050227962,0.0679061915022012,0.13658487597154623,210000.0
Random_3444,0.010376854251704468,1.926364545023229,0.01639580002667422,0.023557150070666825,415.26788528215064,681.3522673633348,0.09833579846993956,0.2006904169009427,210000.0
Random_3445,0.207082229039799,1.8856577972045458,0.027131632560765437,0.008442863620815613,734.0225827478695,1047.8017811874972,0.09027113280068452,0.1863124671287366,210000.0
Random_3446,0.09201780712301008,0.993128465446011,0.041669008021961794,0.018354864303328958,590.6206443925997,833.5139673323995,0.06534937144240145,0.12668919395468659,210000.0
Random_3447,0.1120118884613427,1.8857116655771613,0.02223898167578042,0.03272473878739726,636.8075981931563,925.27049762241,0.08251355443655664,0.16304162068784214,210000.0
Random_3448,0.08070178615744568,0.1434813938080889,0.022160269405541437,0.019280855009216693,520.7833087722788,724.1001280798235,0.07424044650765481,0.15190444324940636,210000.0
Random_3449,0.038041507563606844,1.5884990958383884,0.04858047002948749,0.020122472461308005,523.5178533566752,779.0144541610407,0.06618823800519298,0.12489529901406778,210000.0
Random_3450,0.0643678200823672,0.25741322528483596,0.015035960207899376,0.0048589629712169425,478.7912148242791,684.8751711283593,0.09105222749167588,0.19414648571170526,210000.0
Random_3451,0.2964786988070569,0.4741868544504998,0.004736118808490069,0.006654527950717964,736.9867700621425,1011.5336014734426,0.0955966733348624,0.20663708796604155,210000.0
Random_3452,0.14520316544810744,1.513191790379854,0.014785226575098377,0.012628362329400573,642.4936362783603,924.6949710951208,0.0966270899642504,0.2022887443667012,210000.0
Random_3453,0.09599936812004713,1.1189674703433417,0.01398949646970625,0.020353270862656838,569.0524300322478,820.6583868411209,0.09019041240304318,0.18664371787314107,210000.0
Random_3454,0.21492243753599455,1.706835985924308,0.00807728152706661,0.018494375195640886,719.615611503671,1028.0281077164468,0.09943023577801213,0.2082318088669412,210000.0
Random_3455,0.09019264865192786,1.4155916437610923,0.008941517052602137,0.03431295326982635,574.5834137872198,837.3728422936566,0.08951436093940474,0.18172693374983803,210000.0
Random_3456,0.036694375092252464,0.8923492815089297,0.035754000490574214,0.0160698144695711,477.78787880915513,702.9712850533084,0.07327184850874197,0.14581417103342587,210000.0
Random_3457,0.24089556730226672,1.301868463366682,0.003705267480280019,0.035496489710332015,736.5892787979534,1032.261110899772,0.08856982743507003,0.18145895199389517,210000.0
Random_3458,0.1299993260779315,1.5265398457069652,0.04172067967647266,0.008856438347163688,654.1919907396114,931.3399458740167,0.07519183988027749,0.15015283255110037,210000.0
Random_3459,0.06511157470221891,0.20146097362293294,0.015669295763774214,0.030693914831909336,496.99275744306425,698.6273380839963,0.07439250069263369,0.15023971714699397,210000.0
Random_3460,0.26605626054935055,1.998498964591303,0.04568989395652465,0.023063787831475883,825.1457639282739,1156.09198792918,0.06470968403198386,0.12191789534876749,210000.0
Random_3461,0.14926336666891937,1.7964241928972813,0.014228284998574151,0.03819336224832406,674.3956995111193,968.3568980789751,0.08451584458820391,0.16806303027764846,210000.0
Random_3462,0.059658450821180105,1.1151580810854553,0.03441881259294936,0.013386045779638187,529.5290554271979,770.8013931115314,0.07725800611093009,0.1553940688728251,210000.0
Random_3463,0.2441060446490099,1.5780366980305298,0.03586782000936858,0.009454193040387703,769.5544048471173,1077.9668063767633,0.07794539534149575,0.15776198546308892,210000.0
Random_3464,0.05561151589792874,0.47337954671667415,0.026554803695630534,0.039413743573240796,508.2625153677335,718.1899901629564,0.06246980719056314,0.11855219547357769,210000.0
Random_3465,0.24116196122703085,1.2960112095152512,0.008155432023545576,0.03722227979223259,743.1767011045059,1038.1574788941878,0.08346520663220738,0.1687793285381035,210000.0
Random_3466,0.14519229959002755,1.465959454495038,0.026280992427994324,0.03291608348498433,668.8239962875815,946.3544805643269,0.07363622980149437,0.14359362923779734,210000.0
Random_3467,0.2561249494578411,0.3940071304710505,0.04537801203421363,0.013328642883107516,753.0530124054918,1010.1180382477636,0.05498091700228101,0.10647917203763355,210000.0
Random_3468,0.01027962372370031,1.7363552413337133,0.017180878050191094,0.016525189708106205,404.2067512234676,662.216157593746,0.0999578787583929,0.2064333304134669,210000.0
Random_3469,0.10508299801165204,1.820303384139986,0.027606719812510058,0.02493354063867634,626.0407311680898,910.0219121212072,0.08191356006024379,0.16281101594001302,210000.0
Random_3470,0.2947263373183131,0.9829384021835895,0.04553900583605807,0.0021521932508826846,799.1545216245133,1093.2530381253978,0.06669522203509401,0.13431396443541171,210000.0
Random_3471,0.24698910767194845,1.4263950667666645,0.03188934683811766,0.012485445852071272,764.2128441141676,1066.5979156214396,0.07813267125822591,0.15851542544037622,210000.0
Random_3472,0.08417937056166257,1.174828099691685,0.020201213729026963,0.007696188460388447,551.8709040576065,803.5512190089946,0.09314673929408633,0.1951345177124065,210000.0
Random_3473,0.27714482087312875,1.8804592147708135,0.005444586745637152,0.0018459372309002384,767.4426454070175,1100.7662733718632,0.11226799256623579,0.24161977554185662,210000.0
Random_3474,0.2767335285958764,0.5057660603879517,0.018933693911760505,0.02251876404246938,749.6345935586803,1018.2612517887688,0.07398498401511874,0.15138898484854554,210000.0
Random_3475,0.08005727661706465,0.6226017449771918,0.007953442013046007,0.00998035492060198,512.9709913963266,739.5676853198744,0.09742082776429047,0.20766813675512172,210000.0
Random_3476,0.24831337452052774,0.25681506346084276,0.0031264013554584435,0.038372205277282655,708.0802207023918,958.3953536576423,0.07676485584475702,0.1569302690364176,210000.0
Random_3477,0.06968776907086574,1.1340025549372748,0.03614718712952607,0.031012811369365754,562.3616515296978,805.4409088896803,0.06492018209800414,0.12297636479645155,210000.0
Random_3478,0.19437591660827794,1.6910547228117532,0.048774441284318626,0.010116738663955828,741.5907194651645,1041.5708667479007,0.06812589003917278,0.13269530809903576,210000.0
Random_3479,0.24509492764745483,1.3059876158147785,0.04345033653773116,0.00615394174765482,767.7212956757953,1063.7961280364932,0.07036079564662702,0.14087987997909968,210000.0
Random_3480,0.11625733779436283,1.528929050248846,0.007042437002829886,0.03941654773657857,616.4237972044375,890.5732201350736,0.08848186249962273,0.17838013110348197,210000.0
Random_3481,0.06418764167244094,0.5704682962546562,0.007245450672298351,0.03421869229455151,500.6315365005009,719.0323888127227,0.08358550596477728,0.1705853547428146,210000.0
Random_3482,0.2580988195555771,0.540098464053847,0.016701602846919933,0.01945810524424496,729.7968863833196,995.7332455073438,0.07853399353056001,0.16260410382465407,210000.0
Random_3483,0.025677522455821986,1.2747191373300215,0.041880324650443695,0.030646130942818647,480.54171814130984,718.5213434876553,0.06346237913122629,0.11791417602514764,210000.0
Random_3484,0.06371551491063696,1.873320028828779,0.023090620572667024,0.00960630270712702,547.1767488025932,824.789274965164,0.0971394736772469,0.20120017804257612,210000.0
Random_3485,0.20939819425151318,0.31216839901817317,0.01727979025560516,0.032621294129074004,686.3369752017868,928.7420149697086,0.06884508679293551,0.13772973983199935,210000.0
Random_3486,0.10047879953263818,1.2810112480609972,0.03337983415445706,0.016187390279115928,601.5078873366663,860.3077154278848,0.07671614936360012,0.15360540895377103,210000.0
Random_3487,0.24809197254172066,1.3152448550450027,0.003151518621212091,0.028817488952825647,738.267120751341,1036.9186117578734,0.09306382205938968,0.19334004108916425,210000.0
Random_3488,0.08499299758816742,1.6822320443844292,0.04578412762289939,0.027249927977323063,615.2760511969958,886.3820181433192,0.06343593708768686,0.11765825193528479,210000.0
Random_3489,0.25036346564420026,1.871329822029206,0.0168918356330029,0.00420716642274112,759.0387632961288,1084.1515515340336,0.10097907962428734,0.21351855842627707,210000.0
Random_3490,0.0532747663479994,1.2736942099757282,0.026525636849676962,0.031495135206168035,526.1886006556228,772.181869927063,0.0753505223792907,0.14749273593624335,210000.0
Random_3491,0.04613020943251571,0.743053375708723,0.019836700411968326,0.02562197009640211,481.0477870341779,702.3810476585297,0.07990873245464047,0.16163399670593281,210000.0
Random_3492,0.027893771209346777,0.568984309640276,0.04284020128712108,0.029357429593908847,462.1857491000002,668.9876753656669,0.0561789184927083,0.10347878463300458,210000.0
Random_3493,0.24490283506569502,1.5588176353542242,0.016456895192762108,0.005774273448807716,743.7378100052446,1053.3318188712828,0.09741487489694135,0.20593728233725472,210000.0
Random_3494,0.2561745017864134,1.236446626818467,0.01256858616992381,0.008551512175997474,739.8671507381507,1037.8612665239114,0.09579909459026816,0.20315014984216775,210000.0
Random_3495,0.04660284730895891,1.9323960321050382,0.00551601396648144,0.014219891549073566,498.496235638271,775.5258964689931,0.11151007429576258,0.23512578638530318,210000.0
Random_3496,0.07524428840841862,0.21046154767186562,0.019275581281197017,0.03879694612575357,524.5309453545926,728.1669849093752,0.0659922861735089,0.12875556138423755,210000.0
Random_3497,0.1650369977157216,0.9469559536619903,0.03350737024246291,0.005021357341193083,662.4899656551445,923.279934792172,0.07817516273930555,0.16093883444514873,210000.0
Random_3498,0.27752063244551095,1.6491792977412076,0.04075149326727261,0.03600995348809959,825.9520784396784,1143.4043892089808,0.05767343152942166,0.10464228435669437,210000.0
Random_3499,0.02287000500629843,0.5697182305942331,0.011190925150316854,0.0063390605808883735,393.912079360871,603.8645021306897,0.09879734690650034,0.21058269952051858,210000.0
Random_3500,0.10984468433739072,0.9750288689878654,0.02741079814954996,0.010491195933758989,592.6482295864088,840.9535402485457,0.08215728781194513,0.1691537779905667,210000.0
Random_3501,0.14673465061208127,0.7841376552798939,0.04552904296425017,0.006339829243365314,651.2711822792821,899.0915296432885,0.06540014850968727,0.1300527481363283,210000.0
Random_3502,0.008052401456857055,0.8118807105157404,0.04788410927650742,0.01713359151559605,398.63192668107064,611.9782429551249,0.06294825036649213,0.1198894204161429,210000.0
Random_3503,0.058685902285105285,0.5462213225515208,0.04134171205471489,0.038325635035307434,533.5823052464274,746.4603525653205,0.050414256689159546,0.08896157454231016,210000.0
Random_3504,0.17475098197953828,0.8745999382597576,0.0023263555658775406,0.012593671345564071,638.4472409243256,900.2983814879839,0.10073543108898522,0.21550285141339376,210000.0
Random_3505,0.07210493884379475,1.5025329149399473,0.009371383638992651,0.02878414071793691,545.6544761752195,808.2422501099114,0.09395012688170007,0.19263804402062829,210000.0
Random_3506,0.19609759808850916,1.7479290587844636,0.04746532932470692,0.005910589911529763,740.8195012447286,1044.2306348732577,0.07235755855847825,0.14336474942246183,210000.0
Random_3507,0.12469715910678142,0.1412898902178207,0.04747230591687652,0.02969156616031733,620.508373830038,831.8675989003598,0.04381038689724471,0.07675522496361187,210000.0
Random_3508,0.11908781552159625,1.9273176388048325,0.04609827964439537,0.0018583159444892164,654.6567965743897,947.3215165538954,0.07976791464180333,0.1603531910480528,210000.0
Random_3509,0.21600151039304943,0.15684770738211584,0.04791388184487811,0.03464875691859459,725.5241216348701,959.9776349642499,0.03836153673294908,0.06369801796050906,210000.0
Random_3510,0.06051690503184607,1.8839084940231663,0.040817521470896526,0.013627494186611154,565.8587245263845,841.4082317627879,0.07900678231468321,0.15623555836636333,210000.0
Random_3511,0.18920715352492312,1.8044943008222496,0.004067099377890456,0.025356589732640517,697.2689702890049,1003.4191070783943,0.10047101000200546,0.20917254435979848,210000.0
Random_3512,0.00858921909482812,1.7380159344667743,0.027149132550571702,0.034396693760723164,420.8974383829551,676.3317941027633,0.08045436299308763,0.15629039546165732,210000.0
Random_3513,0.11356540401983736,0.5269839043780317,0.007691760405217183,0.018754135335656633,564.0976420825145,794.0875971252154,0.09035488018417835,0.19013140207200716,210000.0
Random_3514,0.07145718499637056,0.30679935863965585,0.010687752528673464,0.020152154829198785,498.25307983977314,707.4561546390205,0.08601142806034812,0.17968689317754732,210000.0
Random_3515,0.15633321124882538,0.1739063532014549,0.03378089003688854,0.03805970873537732,649.1165400276703,870.2783808321609,0.05059263829077537,0.0924490370726444,210000.0
Random_3516,0.2573443745481328,0.6956831623762738,0.02147131197977355,0.009561462096917314,733.3696000148393,1006.5288140326695,0.08174994932852506,0.17108678902637375,210000.0
Random_3517,0.08177115835244067,1.2254974523771531,0.022367293979264197,0.026493505559265346,565.6395280232875,817.3208390052872,0.08050917526190823,0.1614740307084046,210000.0
Random_3518,0.08749216396129524,1.4222839927766866,0.023563290964704643,0.013689655284208575,573.8503167857427,836.7459017511045,0.08888627001829716,0.18287136153702904,210000.0
Random_3519,0.2987428327409702,0.9935116087298581,0.0035301807219686224,0.039858325887019506,778.8263004012704,1074.7489504506373,0.08191148348068292,0.16646756431777054,210000.0
Random_3520,0.1945768873236268,0.6776024069792569,0.0017210377652814857,0.013089638056875096,651.9419083528503,909.8933844320509,0.09855113319912695,0.21117799606939125,210000.0
Random_3521,0.026018857492512273,0.5757338005927679,0.026779891705426506,0.0034018584620897365,419.84111106286593,629.8393064492673,0.086388248014409,0.18070379596181146,210000.0
Random_3522,0.1788331371358545,1.4645179165983864,0.03469508558561092,0.010471698000320755,700.8204229504545,987.818670794471,0.07867884990392929,0.1592909863734859,210000.0
Random_3523,0.06814505098506302,1.7552342757746286,0.0400960442976881,0.03567302742317488,589.4610355617001,859.421314980155,0.06484116502356341,0.11937470135878159,210000.0
Random_3524,0.25750561960022267,1.6887427048365766,0.019095611422724233,0.029774923699711853,779.5682788092764,1096.0284626171833,0.08168742024046619,0.16382662643195797,210000.0
Random_3525,0.13348686144677643,0.14882465835762682,0.002351669381745359,0.033340744898339755,580.1920721231644,797.4055039685448,0.0820601264366968,0.16984328716135955,210000.0
Random_3526,0.29111027987639665,1.0021848487399152,0.006146616398156729,0.008095340590486968,753.7108762066864,1050.4474078099902,0.09884176207677345,0.21198674135808943,210000.0
Random_3527,0.007387799664490737,0.14165711582352866,0.0041793707179490144,0.025831037755800115,325.4120497117143,511.2327371619959,0.09043746865043907,0.18887077391137846,210000.0
Random_3528,0.035788176655946455,1.5606541371799136,0.020355880289442553,0.036611121932572585,494.9376057933927,749.5567259527143,0.08153602330082475,0.16028524571284347,210000.0
Random_3529,0.17846585371980872,1.9182486861161159,0.048650991473759675,0.03410810941625961,749.6025423156159,1053.9194685495918,0.05648268506409594,0.09986172977218419,210000.0
Random_3530,0.18121932087517037,1.5252558564211967,0.024492478024308664,0.03233463451766578,708.5379369029429,997.9331116573314,0.07529457509536436,0.14785830517393894,210000.0
Random_3531,0.20871441453851705,1.595820830321698,0.011576920283566085,0.029734791839460952,721.7278423547743,1022.4134463840378,0.08856105039620618,0.1805974159432016,210000.0
Random_3532,0.04148642060655642,0.7759301760595126,0.03972469893358908,0.03556145384314252,503.0341528262176,722.2997236783963,0.05659655729773214,0.10307865348477166,210000.0
Random_3533,0.030161306098691956,1.78965477736171,0.00619865625411361,0.01717133541562732,458.39933588982086,724.6045280621915,0.10854155375362098,0.2277351108393456,210000.0
Random_3534,0.030141810339730953,1.6478163222088569,0.036452241594436406,0.0319223576482372,500.01448392380746,756.2317030687249,0.07104545181194444,0.1347410639268194,210000.0
Random_3535,0.18747319554663572,1.3825014214157818,0.020835320337641766,0.012680589188494257,691.9499212889838,978.349511377262,0.08880523740379888,0.18420411099714334,210000.0
Random_3536,0.10218903431206054,0.8684035361922289,0.020507011909445316,0.008413821477070323,568.5953896347273,810.9071406704714,0.08878602783400785,0.1860037223134094,210000.0
Random_3537,0.1885475325683009,0.22281041127644458,0.009414774891636106,0.022939462691179555,645.9522613652014,880.5272740080914,0.08130671702410118,0.16967173901507607,210000.0
Random_3538,0.04281528606719379,1.9300228970073996,0.017926903906735882,0.002845238743066795,497.2814476230241,773.1745280931715,0.10732050122107081,0.2263321453822206,210000.0
Random_3539,0.04503615032395208,0.35534947322806265,0.01840518971864967,0.02788303053057853,465.0370825396167,668.5837887959292,0.07601466117952992,0.15351403425936855,210000.0
Random_3540,0.2670745971757468,0.4842488119443076,0.04291890589042344,0.014592299729640476,763.779350313718,1027.7382996955434,0.05712424086880189,0.11124399948957822,210000.0
Random_3541,0.1971787837044552,1.2476361826467144,0.01615799704040599,0.015786945352704265,693.7510840982274,976.6338128519945,0.08958103373380782,0.18638409051037147,210000.0
Random_3542,0.21034113120324333,0.6825778117873889,0.026702784225057813,0.02948151658917484,709.3372869030995,968.1438271692042,0.06593176989941586,0.12938981947313863,210000.0
Random_3543,0.006055856930644202,1.4560459238105077,0.006164042518114548,0.03075474651756865,369.9242288565009,614.0067565377801,0.09900358532928084,0.20323965504428843,210000.0
Random_3544,0.2683402631106441,1.353257262855887,0.04935731719233471,0.020873038121819162,807.4180394868829,1109.7812536679264,0.05622685032745831,0.10436155852925508,210000.0
Random_3545,0.2109500282287953,0.4207740919473788,0.04827003703160754,0.002072461000309718,707.4655293758785,955.1104707281561,0.06033537167929508,0.12053374414582324,210000.0
Random_3546,0.010342151472177312,0.9975980760342421,0.019639600091156555,0.02545382362422637,387.82786142698427,611.6978388193388,0.08499411912333371,0.17195086876051424,210000.0
Random_3547,0.2588048434693161,1.3463941423863561,0.015598779682276617,0.034110321436254025,767.5753442683698,1068.8875634536023,0.07878427376671247,0.15768490708601265,210000.0
Random_3548,0.09184842038636117,1.0672198007079958,0.027380355371399625,0.017091919017276806,574.9320016277239,822.36121580508,0.07971342589922818,0.16163794204298582,210000.0
Random_3549,0.2751346881613613,1.8578978353186077,0.03952224222233066,0.01115530515181368,812.3413741481943,1140.6762449879404,0.07582512069224523,0.15137922243483273,210000.0
Random_3550,0.21117819582046263,1.2093275584176881,0.012859899368185126,0.009778838505952549,698.190690375158,983.5938804291387,0.09546123727958206,0.20186697940950907,210000.0
Random_3551,0.22047170342554556,1.5302281800001705,0.012408248804331466,0.017595733156050095,723.3546279244339,1024.9325033239973,0.09418653509691786,0.1963714774096831,210000.0
Random_3552,0.06593004669204265,1.9278550384413797,0.032177767811627046,0.004801627040873587,560.5410087820795,840.8186455967523,0.09230221374866825,0.18981266955633622,210000.0
Random_3553,0.0625842780827651,0.13107691776003777,0.0030010756203325546,0.034262356520414795,477.3242818735932,675.8877381222264,0.08304901721942326,0.17119266158254756,210000.0
Random_3554,0.2196363525999362,0.9108969594949514,0.004941341064151318,0.003299767787540193,681.9092299160205,957.149392535142,0.10330882664012393,0.22332120973957126,210000.0
Random_3555,0.242953777704757,0.7635479695061393,0.020476852698079587,0.039953329276084484,742.8768072465241,1013.1404957425566,0.06537624637707565,0.12658041996448566,210000.0
Random_3556,0.21993951807457304,0.25401952908523606,0.006176386001798467,0.024572457877728177,675.5824550757534,919.5383058928702,0.08285843121057013,0.17341732486932956,210000.0
Random_3557,0.24393383485514444,0.3650493303661737,0.02198631857878141,0.026486046198037152,722.2074660381774,975.7403554362958,0.06809324720077622,0.136797548490825,210000.0
Random_3558,0.13927900113475875,1.9623884206603095,0.029975596848326687,0.035914774851650566,685.6755711029963,983.5315705804018,0.07363296173732455,0.14090977479465822,210000.0
Random_3559,0.2715500714102435,1.1858129313289432,0.011532538411369697,0.0053675984790721816,748.0940157157365,1047.9911045268645,0.09783619236471941,0.2089123299732621,210000.0
Random_3560,0.17522650939142817,1.3478417414529986,0.028983689506467795,0.002709318771304022,680.5920021004137,962.5160671514338,0.08739549247144024,0.18211378163177172,210000.0
Random_3561,0.08228308946248059,1.924764376670959,0.03534553526929091,0.030788463435152517,609.4985818358625,891.3930312553205,0.07322657814270907,0.13999955680364076,210000.0
Random_3562,0.06176515505636304,0.5400705995459725,0.00234905272904896,0.03810497065996745,492.06818181749344,708.5763256900318,0.08545305685230077,0.17472450434899497,210000.0
Random_3563,0.03174322871993054,0.7666014950109684,0.0037667647264842154,0.039628890647853694,439.44105906660246,658.4022810921316,0.08693526640498524,0.17651227066023528,210000.0
Random_3564,0.025491113535439914,1.291078721342647,0.01735349125276587,0.015842147736096157,440.7948786476519,682.6105483728221,0.09459416910023341,0.19591008260492207,210000.0
Random_3565,0.04481078049213346,1.071652189623119,0.0032389238643728466,0.03953032918290789,479.5827785871048,715.588281999396,0.08984958151110617,0.18259146180330002,210000.0
Random_3566,0.171430018663091,1.395484042101421,0.0258223837461605,0.015651014066197667,683.4214867883819,965.75790152373,0.08304326494368224,0.16949717076242124,210000.0
Random_3567,0.050180831044294556,0.6070705897355327,0.024044929922511414,0.014624426515068095,481.9481900976199,698.7180258817862,0.08117539739162496,0.16688305220821814,210000.0
Random_3568,0.01476336824912565,0.3177303599962288,0.03575677043334033,0.018992804116505602,396.67779158642827,590.2865338845522,0.06717043570483046,0.13244104158972253,210000.0
Random_3569,0.2590990304040913,0.6489476834889225,0.0020978517137850115,0.038652137676518455,730.4030275107256,1001.1204317175255,0.08122977346082699,0.16615955116553263,210000.0
Random_3570,0.0057292683443474855,1.4778331545974348,0.027798294706329916,0.002897241285965985,375.2329204177823,620.71208658137,0.0965076829284956,0.20073715146007287,210000.0
Random_3571,0.01935065185281449,0.8649408805534833,0.0471468066707619,0.012910108274997584,441.0821330211185,660.0375824135681,0.06568908542786538,0.12735540487742694,210000.0
Random_3572,0.0684433267288524,0.2781351474411624,0.03656122911770734,0.005113977447593777,512.6430692142726,718.9359660061139,0.07157552369104614,0.1464809647559718,210000.0
Random_3573,0.03079485134881527,1.8258927276402628,0.001960116138547922,0.006516657518624581,448.75620179472025,717.9419454831622,0.11907513586946772,0.2547595622760665,210000.0
Random_3574,0.1473704168602108,0.21660857904531564,0.049923753562993695,0.002966275943574959,635.0658904040938,857.4246783156602,0.05777717106869357,0.11439833033475966,210000.0
Random_3575,0.07541532321246748,1.4018482532667633,0.0036556125175017367,0.023291822573516148,536.9123540623169,796.6935614551568,0.10126096762557268,0.21174296121473815,210000.0
Random_3576,0.24005041863973667,0.9844369615948921,0.02349303656937686,0.015242182051869672,734.2709287221354,1015.4843791641399,0.07975633938912675,0.1640185913297549,210000.0
Random_3577,0.13588471368010716,1.6792181854238326,0.0017727504874150688,0.03341931718949552,636.0563534775704,922.7769848275168,0.0977726073380854,0.20146838760540658,210000.0
Random_3578,0.1059288190109584,1.1796590426947555,0.025353296209995907,0.0199467874876893,598.5951435938445,854.5379985720332,0.08050120978075653,0.16288238608243902,210000.0
Random_3579,0.16250542192195477,1.8439616088835444,0.04531433059140879,0.013599110551140988,711.2428815892174,1010.1344341780616,0.07143485997737618,0.13930434349773238,210000.0
Random_3580,0.028230521453832598,1.3799829680609321,0.04839102457628022,0.03754939272074114,503.87067544916107,746.1523059915995,0.054357883770157475,0.0943396006215064,210000.0
Random_3581,0.17405560294242192,1.9495800432766097,0.014807861816017464,0.037576226215475156,707.7878383497531,1014.8421139902866,0.085278994751176,0.16960435428975495,210000.0
Random_3582,0.18947212466770835,0.37697354671348615,0.020126133789623486,0.018450824751627258,662.0165748036804,903.2622588894143,0.07588004103227468,0.156329298648049,210000.0
Random_3583,0.10740294186689048,0.26691868472868946,0.03368052013083197,0.02697004970932049,583.5893053922492,797.5993360845507,0.0596202112934298,0.11498019465079856,210000.0
Random_3584,0.15901578332249341,1.4624559360089222,0.03301157517217831,0.02665484414058429,688.3492870836207,969.1404364896246,0.07094587859370516,0.13802518946230524,210000.0
Random_3585,0.15304983266872618,0.40472618945775096,0.007769181149807303,0.024111102708170108,612.4604609883951,846.3851749725372,0.0847640204552514,0.17677592736731182,210000.0
Random_3586,0.1088396502063456,0.7418707225477758,0.01075405790290877,0.0017408102236127164,557.0066053513585,796.6011109674731,0.10009739801375518,0.2151968487769018,210000.0
Random_3587,0.06551512475705333,1.8392377598879976,0.025902463415443566,0.0036608200391840392,548.382154036479,825.161571744332,0.09776448400559394,0.20370365462933687,210000.0
Random_3588,0.1560087312519875,1.5577610612804793,0.0075676320479094086,0.004290365817309334,642.08751717454,930.240307915941,0.10829293415707593,0.23184266916806437,210000.0
Random_3589,0.17100651609194206,1.4694989151097675,0.025034943514115227,0.016229660279466044,685.0115635852137,970.5894754846522,0.0841551569952964,0.17180447247316027,210000.0
Random_3590,0.17474673546908853,1.1443569876213167,0.03378011031931389,0.013541996676386985,686.2924998106968,957.689479561272,0.07455572868994728,0.15018261458161422,210000.0
Random_3591,0.17902786678795343,0.5794333855245452,0.019116056522796094,0.02789649113421135,663.5521430237835,910.6226082568157,0.07338965135066614,0.14797428363852924,210000.0
Random_3592,0.24884475904772904,0.9202134272242971,0.04175116002330558,0.03379295431704727,774.923009238999,1052.5002740787966,0.051373449233567375,0.09252925273099363,210000.0
Random_3593,0.18739767960822518,0.4049838179194237,0.044486761519817,0.03135990092311533,699.1155608189432,938.121519531939,0.04653792153033858,0.0827371780835042,210000.0
Random_3594,0.09385766421715543,0.3386841833335166,0.018291843165664456,0.026183597952608665,547.8584608792793,763.0056298941146,0.07508678456607235,0.15238339268483542,210000.0
Random_3595,0.21386318010214225,1.2462921919068606,0.030536870212895705,0.036674852814378364,742.1449599860738,1026.3169658052364,0.06372575832675113,0.12056682744259267,210000.0
Random_3596,0.16097730676546623,0.6866856788895047,0.035346399329645,0.0300332328204707,668.5707372134665,914.4855488828515,0.059010762226989234,0.11186967159393216,210000.0
Random_3597,0.28660271406780735,1.401314746178676,0.01146253961695096,0.028014559823777818,784.2288542102946,1095.7805283500286,0.0861810681638852,0.17657129655147885,210000.0
Random_3598,0.11056093189064192,1.5067710721688237,0.04397963666096769,0.017659094255834385,637.1302538244214,907.6440865713347,0.0682404403660663,0.1318253883654118,210000.0
Random_3599,0.11192690622819562,0.6541020001441862,0.01803684393994153,0.015467188369158839,576.4641238646544,811.2001178434637,0.08433645167237103,0.17527129042110187,210000.0
Random_3600,0.1729149246453664,1.7660290096464288,0.02570576300996768,0.006051090366626929,691.1410575406203,991.3005458659236,0.09257784109341954,0.19245294083620126,210000.0
Random_3601,0.07564152509776492,0.11033622490758827,0.02570866385583116,0.021434369921220518,517.2432630356376,717.3473317287561,0.06960434194627287,0.14035147038172505,210000.0
Random_3602,0.20334284949789116,0.5300405207749143,0.035896677177109815,0.02799169988398178,707.0635950455912,956.6400606900478,0.05717966527824679,0.10880397973205688,210000.0
Random_3603,0.07930784588632392,0.19278675728497296,0.016116626276226023,0.037727887706965745,525.9518479488023,730.1466523795517,0.06915384155523395,0.13676987751719116,210000.0
Random_3604,0.06463577866533385,0.5843987272340203,0.0298903907457945,0.021632756601352825,520.2774618631455,738.6124974672381,0.0708782681315567,0.14114727732425444,210000.0
Random_3605,0.08786158446044637,1.5844780082665244,0.0074406664290959,0.030766371778008186,572.6950837439795,842.9054271745164,0.09476006626311559,0.1942373172433895,210000.0
Random_3606,0.04668572504273533,1.5677287315252944,0.04694221335161796,0.019891125029090233,539.5868664575781,796.4594235664435,0.06717324434107844,0.12761315332987364,210000.0
Random_3607,0.0679441464242037,1.000303798466472,0.03005275285824781,0.029172083238661845,546.0892765218247,783.350997171114,0.07023909087174375,0.1367882473047236,210000.0
Random_3608,0.05239705902985588,0.2958341678475125,0.03472929638558537,0.024351312144737278,495.08890505875297,696.7742586869292,0.06251310686638212,0.12139397032063513,210000.0
Random_3609,0.2622791631065412,1.7342788467752612,0.042194731185455615,0.026515146495402184,810.8128199965636,1128.928368663617,0.06321580293937677,0.11894765480641042,210000.0
Random_3610,0.03218260855032743,0.51511480119244,0.01105991480097248,0.0072571363544280875,417.8365179228214,627.596972021631,0.09725504050790745,0.20718326055365466,210000.0
Random_3611,0.06269268030956537,1.5473902117978455,0.03306949953734057,0.023496017831229735,555.6358270030026,816.4163152218115,0.07660604055422503,0.15058587416102184,210000.0
Random_3612,0.24333273046280018,1.2651225509354203,0.01535005218566092,0.01786943282699003,739.1668625266401,1034.273001133422,0.08824876534290503,0.1832097366807497,210000.0
Random_3613,0.07606311134008667,0.13390822644984432,0.032007842208515803,0.0068597029027591865,516.113864768816,718.0461091851788,0.07290029422049157,0.15025357039647314,210000.0
Random_3614,0.0653680434277484,0.6102713404550725,0.03495054733344535,0.026393587753222633,531.8802395795427,750.7769299500246,0.06369763316504466,0.12285761229542215,210000.0
Random_3615,0.1214984984916524,0.36924103452395796,0.02434365897867665,0.015569174209545185,586.7439615273025,810.5414060487359,0.07547028579208413,0.15497543830887953,210000.0
Random_3616,0.1731605019380056,0.5139464546563491,0.02218199884461871,0.011914307398703246,647.459565606956,891.1495770515273,0.07970456946048804,0.16577061642364732,210000.0
Random_3617,0.15693014799239646,1.8171046527773957,0.04876373994301552,0.038757783355717744,725.7752891591667,1019.7758136683501,0.05310612856493295,0.0912036478103726,210000.0
Random_3618,0.144592808456694,1.6661958720250267,0.04556573842952315,0.03867419716568357,702.2959292897459,986.6837507974291,0.054843203620103434,0.09599043300212418,210000.0
Random_3619,0.14193337652735583,1.574712783505974,0.04156572282400875,0.0036348484558418694,666.6046255093253,949.333999196545,0.07862225895819747,0.1591642894044547,210000.0
Random_3620,0.21860592205824986,0.11176785627142213,0.04772510586285056,0.03764755247766771,728.3330986993474,961.1843200788824,0.03622548935599121,0.05830191537577509,210000.0
Random_3621,0.044887818825448636,0.38406440100186534,0.02714056555909787,0.03306347343710459,479.8360743283105,683.5246039600603,0.06533870182864883,0.12659578805881663,210000.0
Random_3622,0.06904025210489714,1.3673566363070377,0.03217343852484263,0.039717355635632674,570.7473637648757,823.7872118920786,0.06563195594667963,0.1225075942291691,210000.0
Random_3623,0.2181247272997139,1.176779407473898,0.02007044684542875,0.03903167427047474,732.9284127898032,1015.6864982617849,0.07094462234436003,0.13824839624235868,210000.0
Random_3624,0.21949053714738265,0.3418250567313056,0.04779690510303125,0.03587781453419981,736.082988064002,979.643772332778,0.03950438381449106,0.06553887977408968,210000.0
Random_3625,0.17718594867210832,1.7210569097749993,0.018911305532178787,0.014206457358133369,691.7162305993887,990.8108576760658,0.0932478274379545,0.19324854971978409,210000.0
Random_3626,0.21756420893045597,0.5190737246242857,0.0026500446600825718,0.024349390762777583,678.1862155843279,933.775630591206,0.08886730685902566,0.18693483954890724,210000.0
Random_3627,0.22796242542479475,0.4032725595094224,0.03282860658882928,0.023318411626373638,719.5404529963289,970.1865630732353,0.06094685052558052,0.11943489376507986,210000.0
Random_3628,0.06652103603067874,1.1245953705604217,0.013809255669589338,0.01970354516438795,521.8494771363835,766.405503752554,0.09183716204327015,0.19026920375294937,210000.0
Random_3629,0.143820795958124,1.7370591058559208,0.012288687239326374,0.0036825861888635783,639.4347150138609,932.2798718926532,0.10651647835674717,0.22664444734221828,210000.0
Random_3630,0.039838171047687,1.2309398717100264,0.023454395028523475,0.014088856847572197,480.7258851704867,723.0742620092719,0.088755228731039,0.1824931567116397,210000.0
Random_3631,0.04316972602974052,0.6282263714788522,0.009272512919601374,0.004773699338175258,443.45245870384986,661.3913799472111,0.10091731735842333,0.216216149813736,210000.0
Random_3632,0.1835543382678177,1.1560899868176913,0.04494629844308049,0.03727472024112439,726.0801895878207,997.4151420668348,0.050175750730313884,0.08746309398694577,210000.0
Random_3633,0.1668848435928027,0.4840586057676569,0.0032718240435797626,0.02378121443908905,625.17896289064,866.5185679697718,0.08945690747213215,0.18809259955119675,210000.0
Random_3634,0.06793184567949634,0.679086737788685,0.016998936103420695,0.026418525528382183,517.2333721696327,741.3018398594534,0.080427961897711,0.16348893914270082,210000.0
Random_3635,0.0704716223422556,1.9609870228114736,0.04409964336933723,0.01107821330830834,588.2272927700714,869.6753858479399,0.07796396486377846,0.15385678705649866,210000.0
Random_3636,0.2199848540188489,0.7378470683307696,0.031480752103964366,0.037509964203964234,731.9814118899685,994.6614861649311,0.05715930666667547,0.10672232681017946,210000.0
Random_3637,0.19296298910174733,1.079496695071377,0.026906428476944817,0.01982972681172966,699.2988820603962,972.3780881909511,0.07589583468348444,0.15309720725149908,210000.0
Random_3638,0.20742885656248589,0.4613573358441566,0.03243197586784029,0.002951363693452785,687.0310563567444,936.8186834454496,0.07454510521741645,0.15493687461031563,210000.0
Random_3639,0.26431731223185556,1.1640094087401507,0.04008883111805826,0.006273017331652163,775.9442337974806,1070.6950373727743,0.07151397579287447,0.14448321220586477,210000.0
Random_3640,0.2404245824068926,1.4410099962456484,0.028929272805055892,0.021956629145972944,761.818102845914,1062.698826122609,0.07539315505678756,0.1504319493331636,210000.0
Random_3641,0.15431091924208665,0.41718216342865855,0.03152413907977834,0.022133584494368346,641.4657086699835,874.5240179488632,0.06466346005679421,0.12786383068392973,210000.0
Random_3642,0.07511328508168207,1.6690013970007394,0.01468046490745192,0.003184268028531437,544.9218214262723,817.3760269268474,0.10608567413568554,0.22502545509697766,210000.0
Random_3643,0.23429323274904792,1.1908482001560345,0.019543802896546704,0.010476016481018657,728.100077867975,1017.8599695120532,0.08835268026494723,0.18469743277886827,210000.0
Random_3644,0.052963222957676345,0.9629508671828658,0.03852303531703171,0.02354755511737837,523.5378714683126,755.1458189962078,0.066227495812644,0.1276267554515239,210000.0
Random_3645,0.024349500206906856,0.27677874797325547,0.0015938418393797115,0.027048321556254078,390.97262898091554,587.223674619788,0.09198347161264463,0.19251007786703575,210000.0
Random_3646,0.14272029614449389,1.7746520762276812,0.022788362515399584,0.0059975125333349465,653.6621750648571,946.8987225273274,0.09608281900941457,0.2006512879993353,210000.0
Random_3647,0.05376351081403489,0.5324258199375493,0.022250461575849572,0.028322754269550467,493.8440244322361,707.1982067653025,0.07366779824483136,0.14710631015150263,210000.0
Random_3648,0.17135206626440383,0.5426146689254204,0.02119178410216193,0.03399584489893008,660.7709886432267,903.6116549908842,0.06767709532730617,0.1332791390541755,210000.0
Random_3649,0.09062554051143455,0.5353540989079203,0.046397123447060554,0.038341228354764306,592.1894874347729,812.1577388693419,0.04457057762968415,0.07524581453863836,210000.0
Random_3650,0.2395752143294243,0.5021727220835952,0.04943870502514102,0.0015509712092338101,738.5059614904638,996.9183634678318,0.05980702574287085,0.11921818099199176,210000.0
Random_3651,0.08405786776663124,0.6320228634320356,0.04869468724379721,0.009785215955359115,568.3386902876923,793.1157938278592,0.06082533355932599,0.11825870583898945,210000.0
Random_3652,0.12724696500831548,1.1237364200659516,0.021247393864331315,0.03282042725025284,628.8471794531685,886.9016339190483,0.07528811486064328,0.14894910127545288,210000.0
Random_3653,0.13388034432184676,1.0935872786034917,0.03357453366084941,0.012903927871341238,636.904712240094,895.8679489351375,0.07565850315544319,0.15272562169801013,210000.0
Random_3654,0.0854069012652316,1.484334978496176,0.0022182705289653087,0.007724534091477485,543.0409551026718,810.3923300816722,0.11236729402386175,0.24075746619954644,210000.0
Random_3655,0.2200907499286908,0.9110521843799511,0.027337350517141708,0.011056349130734302,714.6555666468189,987.6041064542593,0.07849033078478836,0.1616231817104263,210000.0
Random_3656,0.10161364136533806,0.7345492106348909,0.04688327500516637,0.014995609730014806,599.3581311984121,832.8659452395023,0.05977779983015739,0.11480404576624229,210000.0
Random_3657,0.2056761721500654,1.601916866511185,0.01509870353041583,0.004508186465853232,705.505079559082,1007.4418303899,0.10065511662003467,0.21346747724156173,210000.0
Random_3658,0.2557326628071013,0.4948772411339639,0.002974128030897691,0.014425885922958043,706.1179309961852,970.9285714326804,0.09350252221257135,0.2000450388436004,210000.0
Random_3659,0.1554372311256616,0.5408586097965438,0.04925822030771526,0.008282998138466932,658.6677724787418,897.262420225307,0.058221283203059804,0.11342607902764672,210000.0
Random_3660,0.006015362656964509,1.5838643530782464,0.0387085498550239,0.005697623146830536,395.67674053394654,644.9019832465603,0.08603119939210935,0.17429992958347687,210000.0
Random_3661,0.1723147931982837,0.9176840319976222,0.0027949847312159744,0.01692470992288632,640.9175731743458,903.7144773414814,0.0982043646985734,0.20852085153550587,210000.0
Random_3662,0.2818439034722088,1.6180388017958616,0.039720682511718765,0.021831612994911112,817.3790615227888,1135.7275998311243,0.06671501139714432,0.1288091045916367,210000.0
Random_3663,0.0466663053497664,1.6884300971681168,0.047975989375221004,0.02573785577618802,549.1042079877503,810.8530310856445,0.06394271999508568,0.11839990192960778,210000.0
Random_3664,0.15950796284788146,1.4462987914598775,0.03751045149142414,0.032200411370301774,697.6193194308738,977.0028867296006,0.06339564515056138,0.11890694515643233,210000.0
Random_3665,0.12013324014752254,0.6125920959675624,0.04577254879489506,0.019461699657635265,621.933153045679,854.3143675248974,0.05632155877474235,0.10654941816847253,210000.0
Random_3666,0.03486086278545075,1.3116532601367745,0.03193438968112466,0.005019517034050895,475.782368913869,720.5656687791726,0.08762965888419398,0.1804777550823177,210000.0
Random_3667,0.17543577527819235,0.5549745806166657,0.016608526672726564,0.01730227519451665,648.4314214161451,894.5513572140637,0.08184369587397768,0.17012307100105806,210000.0
Random_3668,0.2756336304440558,1.8820174748777327,0.04635202788810915,0.013337782467165014,823.3368902790362,1152.1608994311262,0.06860051578105632,0.13332510742000298,210000.0
Random_3669,0.048322777362317444,0.5502093823579736,0.018853710981118654,0.003974418901231723,462.50585634034593,677.5197224964461,0.09175261412095363,0.19437397628896713,210000.0
Random_3670,0.25500092824782844,0.33522597878263527,0.012126281340451052,0.035343703742828206,725.5035889035299,980.5413912040433,0.07113286101533202,0.1432777279973523,210000.0
Random_3671,0.1728647763258145,0.7684034064880607,0.03997232966379377,0.027962479715112613,688.6277409183953,940.9873035414992,0.05661604753186128,0.10605817131215994,210000.0
Random_3672,0.18223392685569634,1.644060509429101,0.022590985957476044,0.009191235949336258,695.2849588986933,992.2835857843819,0.09205620299062374,0.19139951721852258,210000.0
Random_3673,0.009342215750010676,1.1039848695081158,0.0010455976698565167,0.009993034547202698,353.8789362441139,585.0107187321171,0.11216988729890066,0.23992432171097763,210000.0
Random_3674,0.03472963876835608,0.6293137421115588,0.04537558244431896,0.007821615616270532,469.6748188080705,682.4205710503326,0.06703496589658633,0.13279105256893686,210000.0
Random_3675,0.26423208439789325,0.9128537866492564,0.001268465525832767,0.01926796723353271,729.5912085475003,1015.0847354254408,0.09614543654600557,0.20407629998826496,210000.0
Random_3676,0.26201256369832965,1.8109957091088673,0.03501293642903183,0.0017065892183249958,787.2794513156718,1111.3398370983648,0.08533692821109404,0.17598604616324526,210000.0
Random_3677,0.19998597660899542,0.3137408425620697,0.02996633504005206,0.012152284647649197,677.9252557286893,918.6705982212152,0.06993237776903766,0.1430173076629948,210000.0
Random_3678,0.05553019040555429,0.7415023137103874,0.0030854001200034133,0.030966645285179967,483.41531480275785,707.9413028886992,0.09134520692512028,0.1890695956881672,210000.0
Random_3679,0.11717965383221937,0.5907388507091584,0.049886538621491006,0.03464919873395766,632.8777696029883,861.9930723545193,0.04337368174362823,0.07293306854507697,210000.0
Random_3680,0.10528789974084894,0.9698702473929555,0.010921534896305558,0.010784022018571544,566.6329887375039,814.8626802522089,0.0969092884607742,0.20513635415559758,210000.0
Random_3681,0.29543428287560264,1.7111807321768786,0.0451904431452521,0.03830038189247543,850.1149253162073,1174.2973629800492,0.052589406009090414,0.09178248200308976,210000.0
Random_3682,0.284238019202762,1.1646674551558505,0.02964550413038141,0.020726538693840547,790.6723400638339,1090.1121169205999,0.07186700212699462,0.14358518712430046,210000.0
Random_3683,0.24214278203230094,0.21305826392207536,0.0332465790613858,0.009470275264385965,716.8541776709326,963.5601467094394,0.06668489519478801,0.13628304865926733,210000.0
Random_3684,0.06343553031726416,0.6762608862016053,0.021244273332593436,0.012323724309479117,504.46656576743567,728.0717484144582,0.08521124606066934,0.17699529306450962,210000.0
Random_3685,0.19453614546044842,1.580365510787536,0.034865427226713396,0.03558975715076029,739.0204024447971,1033.1344720451505,0.06424966593805168,0.12031725812511386,210000.0
Random_3686,0.2836412227192634,0.548055686946007,0.012640316001873032,0.022239942152593513,749.2400903051172,1022.0224812451462,0.08010871156393058,0.1662653198660745,210000.0
Random_3687,0.024087917290139402,1.37531416854464,0.03564719936738094,0.016898486653864144,462.4241194636564,706.1315814890004,0.07842751373657325,0.15583675306464842,210000.0
Random_3688,0.2294903123386293,1.1473959456894576,0.006498627442759813,0.02414531512914505,716.0052559636244,1002.5591361985549,0.09155697625108415,0.19085637547340636,210000.0
Random_3689,0.16961337230897064,1.0055181633774875,0.016339090238447783,0.005186229432411728,649.08770127104,915.0173361266008,0.09400143394496922,0.1993927400215946,210000.0
Random_3690,0.06703452256144685,1.26422995685751,0.02692994499823872,0.02688762011308914,548.4045502684279,797.7481237584714,0.07709457180894308,0.15266211757335496,210000.0
Random_3691,0.14543304964011872,1.6130596241866535,0.028229118500553273,0.02063074684229632,667.9947199026684,953.0318761736695,0.08071880441786049,0.16189366269858108,210000.0
Random_3692,0.2031391951652556,0.9411800772241832,0.02083529576254302,0.01467357915038683,693.8538545749697,964.1510468483374,0.08284169395012543,0.1714798379350789,210000.0
Random_3693,0.14176584881398452,0.4104993793935672,0.013784002755558765,0.03886945199518388,616.9831511548081,846.6848090509553,0.07084735893520615,0.14063333597011524,210000.0
Random_3694,0.02510660133952802,0.830345315795511,0.014332829692296867,0.006670010815344403,413.5360539599915,635.4980162650602,0.09823288739666682,0.2080646385902771,210000.0
Random_3695,0.19993433045569586,1.2786010126997018,0.022965773153567695,0.019209998526969675,708.1831140182211,992.3296804691887,0.0816480117988138,0.1664257149254126,210000.0
Random_3696,0.2829652824923558,1.3991557537256987,0.03358383330822033,0.034025879955596014,811.8394976781358,1120.1340501577758,0.06271168335630209,0.1183794814070776,210000.0
Random_3697,0.1353622770241834,1.3007993552485213,0.011840641950591164,0.020301803610991914,625.0725252350627,894.8776698323653,0.09281201107629221,0.19276704392795121,210000.0
Random_3698,0.2334743277216686,0.9416943425389295,0.04691629915766489,0.006484928939142175,748.6709425363405,1025.143671633265,0.06363748056887492,0.12591446989902697,210000.0
Random_3699,0.11394494264586283,0.26923551112257293,0.005764912110530984,0.02840621861964653,560.0270762697583,777.8952194733255,0.08370905668853595,0.1737496610850009,210000.0
Random_3700,0.14767427922010715,0.26663676037303025,0.013841786038400639,0.023667187038902072,608.3651621536969,834.2816683293258,0.07832276569322119,0.16164194215552127,210000.0
Random_3701,0.08678842045621754,0.6919740154127181,0.031054737789710775,0.005892996232153384,550.7487435978368,780.6288606837144,0.07954270350746809,0.1643063134061905,210000.0
Random_3702,0.21622454410142541,0.606981139978667,0.042897693933345686,0.027038653413887143,730.1481888165877,985.9235683532054,0.05193870461571885,0.0959028702925446,210000.0
Random_3703,0.28437759425404935,0.11516437458360872,0.03174317103435712,0.010366583046208085,749.3227583213954,1002.2307734147249,0.06569742683524771,0.1345509520382693,210000.0
Random_3704,0.28690137847264613,1.8128387264519312,0.030086520679905047,0.03211336770721719,824.1011184038942,1152.428214641423,0.07106986290011583,0.1372597704453827,210000.0
Random_3705,0.2818544288354063,0.8545484625816894,0.013277287766732999,0.007151011044454478,748.6573261597614,1035.9413502798939,0.09168732618867996,0.1952033328528849,210000.0
Random_3706,0.29491357280377667,1.170274622684485,0.008063489689998283,0.015559487204309372,770.2809509086909,1074.7818639788923,0.09424872406228924,0.1990482573668554,210000.0
Random_3707,0.22092636195354406,1.1589910751968782,0.016210998301275335,0.030008971170272455,724.0494048279103,1007.7379961424319,0.07959406870276198,0.16070014961690482,210000.0
Random_3708,0.1873534086253857,0.8300317235066053,0.02073679297365451,0.00747682643099392,668.7281000828193,930.6607902445911,0.08649423970706938,0.18170303165227933,210000.0
Random_3709,0.2666765604026949,0.3093672100136312,0.019771747738212442,0.014795148647139284,729.6771767660979,987.502489606557,0.07609386276797779,0.1583609669818149,210000.0
Random_3710,0.008493605387593481,0.9314057700938416,0.040823786052950166,0.032864086525359514,407.5372883383767,625.6789195332332,0.06101098317020533,0.11254681730908675,210000.0
Random_3711,0.23748439347898256,0.519889474184999,0.030370119389394275,0.01988925187130269,727.1540856958732,985.8994607030879,0.06618576206811991,0.13226777563196102,210000.0
Random_3712,0.11339921368874313,1.111720500276251,0.04633435462139598,0.034885098318565455,642.0042094525925,893.8838791520126,0.05175026690627234,0.09101275263656008,210000.0
Random_3713,0.22104105896434711,1.8058615395754471,0.003701907812603572,0.005980936973559104,714.9691340432888,1030.7185404823776,0.11173533540468618,0.23959753289490732,210000.0
Random_3714,0.12354834072397053,1.0576785823122024,0.019413379435220555,0.025269707604917126,614.3485962239913,869.2565706458221,0.08091303098630974,0.1639528271565644,210000.0
Random_3715,0.16266293012665478,1.0470002984620275,0.005751651100048283,0.03923993506554472,653.9983803729368,918.1797994421444,0.08368325742056495,0.1693698803748927,210000.0
Random_3716,0.1932652832502791,1.3912712282150397,0.013513021087960049,0.039159895275536004,707.9795729476065,994.6892657207734,0.0794626666274058,0.15785616670941316,210000.0
Random_3717,0.024372387555100825,1.1816971623506465,0.03768401186310445,0.032396346501830035,469.76258236385934,703.4256228892189,0.06534122138129043,0.12265029941660703,210000.0
Random_3718,0.17968069669898107,0.9942457716564806,0.0084864760534301,0.017067923791419897,658.428759146044,926.0456410577428,0.09358612301096006,0.19695048608398008,210000.0
Random_3719,0.2011484841062708,1.141308165619648,0.041109019517343574,0.012673229801908114,721.7940915724591,999.1375001063708,0.06784111017625076,0.1341693206248008,210000.0
Random_3720,0.1101529273353472,1.620571612402892,0.0018294577535802343,0.006021533270943117,581.8340800630447,861.6699551730497,0.11430842527135224,0.2454764541328952,210000.0
Random_3721,0.19532292846585766,1.8788576046976309,0.038775368540858134,0.03779401171966062,756.5044495089566,1063.7582234159727,0.0623752665974799,0.11412278109075229,210000.0
Random_3722,0.2221455423854402,0.9965724460324679,0.042245661056628026,0.02887280545428543,749.9766569695379,1024.669325316486,0.05519448258628936,0.10194157856821331,210000.0
Random_3723,0.09443480742178512,1.5690949213766654,0.048377639712296396,0.03912768032806198,636.9330881861465,904.150635900314,0.05252841589689464,0.09005470377764586,210000.0
Random_3724,0.10634200903618743,1.561387886612122,0.032672522736293105,0.030915494655490143,628.9875521975814,900.7484679628311,0.07113728710741306,0.13683936725811283,210000.0
Random_3725,0.19983590331785242,1.0281104337660745,0.04850856260992717,0.013738519218686074,726.1381867322211,997.3823655348685,0.05943968461383875,0.1139805364962322,210000.0
Random_3726,0.11244707462416674,1.126678064441362,0.02019412941370603,0.0018372111811539205,586.7508971450976,843.8006714534118,0.09528311164635485,0.20175368705476568,210000.0
Random_3727,0.1583157734529337,1.2188931650739676,0.029607677479742144,0.010123455648007235,663.3771251794093,934.6277703207513,0.08151016558633352,0.16712787792156727,210000.0
Random_3728,0.028528396441781026,0.17777513093462835,0.03581250574545394,0.01929693659100846,434.7181530930372,625.4413777086238,0.0645902639393421,0.1271367509440992,210000.0
Random_3729,0.08965184623800757,1.839580982196743,0.0046398911990193385,0.0019001516285591558,560.7605732874817,845.4314756196309,0.1170914331361194,0.25156684914120736,210000.0
Random_3730,0.2774587831734269,1.9916141701532455,0.020123295399223584,0.004009980989583892,790.7306455455695,1127.7873168847177,0.09886431595029359,0.20807532134506412,210000.0
Random_3731,0.2207896396490067,0.6422398261968606,0.028836385715784854,0.02191385310109533,715.3160765801562,975.3542595659162,0.06792368764302599,0.13554727975929987,210000.0
Random_3732,0.03053468631463326,0.5024121129213756,0.01625192828582652,0.024853293348826248,431.7516365790919,638.7054355084398,0.08199057425512583,0.16753905985639053,210000.0
Random_3733,0.28255740655942657,0.12271736364140276,0.045671346120889904,0.033592841939685376,781.0208747280458,1030.8413726869196,0.03933603113496303,0.06696638704569592,210000.0
Random_3734,0.19203962930784366,0.9912541145210526,0.04246227197469233,0.010926384274136194,707.6980271720879,976.0432771525899,0.06637620051900961,0.1313969385384878,210000.0
Random_3735,0.278459830677124,1.7181274091895953,0.028683033912043264,0.015346898883349652,800.2205682001829,1123.6288646593641,0.08160454559736388,0.16559711807657057,210000.0
Random_3736,0.19256461060109648,0.9045689804961288,0.037073827020756275,0.029143090394934148,711.4883294439198,975.0377328232645,0.05941695437320474,0.11234714178013329,210000.0
Random_3737,0.11731411515026456,0.6878814824452523,0.03297172673622349,0.011519969192758408,599.9662360048441,836.690095828128,0.07344204961062165,0.14908742084965051,210000.0
Random_3738,0.24774487703638642,1.4319778903654952,0.011920879783668733,0.030313097388854283,753.6092416259006,1056.6057477776426,0.08544833329725146,0.17400307572549373,210000.0
Random_3739,0.2838557946786697,0.17428072610589346,0.022093234604731667,0.03245572933677969,754.8337870062046,1009.2764512353164,0.06172983474737542,0.12164008391814626,210000.0
Random_3740,0.29550666913865997,1.7198017906004004,0.03496817780443709,0.0317839144526332,833.6483422385168,1159.5759227196343,0.06578420418631213,0.12486757146979616,210000.0
Random_3741,0.055408361326667724,1.5763294047936818,0.01023567599054704,0.029475167709576647,519.9377842197847,781.5478302711574,0.09415828888699525,0.19243224029394101,210000.0
Random_3742,0.129681884284479,1.585901032593086,0.01716215611571016,0.03683598074003169,645.988649190715,925.4548157800643,0.08110920717348197,0.1606191596046672,210000.0
Random_3743,0.13061268976593826,0.5683522977140867,0.037057823477890654,0.009993344952149583,616.6204590313387,851.0853913955539,0.06910739934305236,0.1393943313140886,210000.0
Random_3744,0.29649555795489974,1.1246365613779588,0.017496977350397663,0.024791322895707103,787.7752295347988,1089.1247002658436,0.07973401112679526,0.1625527021551486,210000.0
Random_3745,0.15069413760314215,1.355363203648115,0.03488040967819281,0.01947191104022539,672.2986267400966,946.6153196475739,0.07271424814040742,0.14368756799344756,210000.0
Random_3746,0.22842639523694955,1.9511068093541741,0.03655498517377982,0.039662571862635956,790.0642869957735,1108.8732876630354,0.06325524351609174,0.11602346421761717,210000.0
Random_3747,0.11270415057941392,1.0058257669683344,0.03492405129661743,0.018967216604676054,612.5327645839475,861.6596603102726,0.0705319937719033,0.13950748038328925,210000.0
Random_3748,0.07584921017960321,1.5842688414811776,0.005727679322328407,0.028060721515983576,549.8317475520039,817.3830758964928,0.0983431970517443,0.2031710337681638,210000.0
Random_3749,0.09505519435845697,1.5794383464813324,0.012934854258751623,0.02450947703520993,585.4380029598062,857.2809806375634,0.09328112392641512,0.1915845153352456,210000.0
Random_3750,0.11413176425086666,0.7690418968376016,0.04186770201451421,0.02992110930834727,622.1530223114162,859.549743825996,0.05530014297055288,0.10188476141196114,210000.0
Random_3751,0.07929265646610899,0.3282747536789803,0.03456205671074201,0.020311790763587724,540.6129038763346,750.8185241104695,0.06435803168541006,0.1267665243810882,210000.0
Random_3752,0.1924526594700006,1.429156557276238,0.04913552172043623,0.024712478200004967,741.1066801694813,1027.624050120777,0.056468223774138224,0.10339724758009988,210000.0
Random_3753,0.20245823292906126,1.8078323653707093,0.046590177896461915,0.02337611866672457,760.5038601055865,1066.8735710544788,0.06312242055185328,0.11825832247843196,210000.0
Random_3754,0.2746625771967306,1.1293151425663688,0.021379284299397817,0.010567615869333882,764.2528470436863,1061.181920744857,0.0852295739282486,0.17768038778900452,210000.0
Random_3755,0.15968657591254343,1.9808211885996982,0.002718901452150291,0.03295057067464425,675.3040478699843,981.509087564963,0.09959869761751597,0.20492960638431415,210000.0
Random_3756,0.10321197832597115,1.9041256761191558,0.027335418612133802,0.013597236092149693,618.1045561571773,906.3185937876895,0.08985571413511595,0.18333836638851853,210000.0
Random_3757,0.17856933287561633,1.9649399238335643,0.02725719191625282,0.003336717990597484,704.1344131537284,1014.7515301525949,0.09466440276542448,0.19709124156810878,210000.0
Random_3758,0.03378390049656969,0.9075748385999685,0.04391857794330164,0.024231450072926406,486.8530036486621,710.6878442685048,0.06133407873294676,0.11540814625940227,210000.0
Random_3759,0.1378613182008342,0.31489222004452433,0.003856646348345201,0.02448367766190616,586.9549031496047,813.3231566809967,0.0875617977683087,0.18378746593251685,210000.0
Random_3760,0.16260394669470865,1.0646958918947322,0.0422312462630155,0.03348602640321774,694.2996873433556,956.804607338997,0.054482385504098965,0.09867786194170464,210000.0
Random_3761,0.2597078679497133,1.785490628230685,0.004394259973458434,0.029748176751094816,767.2428783069618,1089.7855286268066,0.09585885801942691,0.19806074134903248,210000.0
Random_3762,0.23251329099567547,0.12156838052702174,0.009152970770978191,0.02204638988140201,684.6476191364611,925.7505701569056,0.08010624978308509,0.16773275530521806,210000.0
Random_3763,0.025575803543205204,1.1433208732682318,0.001957464808661492,0.012596418410263276,415.1146125992538,651.7936921246115,0.10891515199478928,0.23200875070200871,210000.0
Random_3764,0.2101282411530284,0.1972892904395066,0.01959426577105593,0.02830665640130726,682.7906272102734,920.3686317945193,0.06818611045546685,0.1372118520419884,210000.0
Random_3765,0.03446612117788542,1.1629231231143267,0.048841987841970975,0.019594540000561517,500.1143542975652,735.5875029047787,0.06220170747130346,0.11702880380559388,210000.0
Random_3766,0.21529384597409923,0.16178419965767837,0.022107367750992424,0.019127139138876842,683.1781966474582,920.983186574389,0.07096497396044561,0.14543614516494352,210000.0
Random_3767,0.18572649756845325,1.7050851699402847,0.017991008851724298,0.035567666458391295,714.0285329975812,1012.9042960121982,0.08089914441544444,0.16037481870684267,210000.0
Random_3768,0.1626258969134592,1.868672404611419,0.004981015993597999,0.026792171493891265,673.0773851747241,975.2822626116036,0.10006312649386828,0.20741697799274084,210000.0
Random_3769,0.22940483152923538,1.523864028340326,0.020531971729920852,0.014433405435525768,739.1430108031362,1042.2708697875241,0.08852057757781565,0.18305500428945265,210000.0
Random_3770,0.15258513020138037,0.35794497471402587,0.028357827071137962,0.01010186188866016,625.1880899000264,856.3651211957188,0.07418385891708427,0.15298384225024927,210000.0
Random_3771,0.18970640944430514,0.36872123046198635,0.023913945390317444,0.022481751637362567,669.3368971048967,909.644299074548,0.06996455061704569,0.14137082242301935,210000.0
Random_3772,0.1716146643251501,0.32275554113266625,0.045009228145656804,0.019094661911912406,671.5113839087207,903.8107381363727,0.05297717286962251,0.10031278971621735,210000.0
Random_3773,0.17464790780329895,0.4636665853603956,0.024680068476553543,0.007725190390483198,647.3701195754852,889.3046721581647,0.07943131057613433,0.1659005176054539,210000.0
Random_3774,0.09746279496805155,0.2860017752029022,0.011450788426716037,0.018005708199701476,537.3262906381609,752.205549534191,0.08550707687807019,0.17923155510557331,210000.0
Random_3775,0.1880022840882597,1.5807238672366695,0.020844794997783484,0.023971458888927783,707.3521820974305,1001.9000268342087,0.08399220180712585,0.17005790205956714,210000.0
Random_3776,0.09436605892443574,1.6105553757686815,0.03752691053295445,0.03180505503724195,620.136800815416,890.6567502104999,0.06710448944461825,0.12647619266115795,210000.0
Random_3777,0.017475223979141825,1.4250811238353716,0.04904766206400048,0.02529557304918787,465.4164339908742,707.9664317491963,0.062286693794676024,0.11483609354407669,210000.0
Random_3778,0.17910023202909672,1.025833113081262,0.00320957425228751,0.014420439527343312,650.7320739022271,920.2592208957876,0.10025340351684793,0.21345480152184354,210000.0
Random_3779,0.17534505479396476,1.7150419937441084,0.04930151541823985,0.0015339683845624398,717.1300727314999,1014.0763874442517,0.07348383043963498,0.14663346735814906,210000.0
Random_3780,0.0614585637014539,0.23127007921968842,0.007259386404033913,0.01684480219542407,471.7146178655292,675.558077267822,0.09071420415861853,0.19178673287745385,210000.0
Random_3781,0.16382514358117983,1.605215353919398,0.024999971107663773,0.007183695520124205,675.4889592085194,966.1052426999643,0.09114689846070965,0.18942033027030417,210000.0
Random_3782,0.14535148122238303,0.9796540904135618,0.031008813205660672,0.001443703806199928,635.6339657413575,893.4600687546148,0.08339738886719328,0.1738137709296423,210000.0
Random_3783,0.12012235226007657,0.6813721081471192,0.040564537459113655,0.0034618475745671453,606.8768071555211,844.0470292844661,0.07129679448758998,0.1449830349617076,210000.0
Random_3784,0.22046991730549267,0.29412137850994574,0.004725379175316866,0.02134527642037975,673.4944148238175,919.7617037354825,0.08649036182905702,0.18255246141983536,210000.0
Random_3785,0.24766496901316207,1.7772544364344327,0.03347444912892882,0.011105111560723663,778.0403642502613,1096.3666912879291,0.08102928339125562,0.1642267425066503,210000.0
Random_3786,0.14564464952218295,1.4327527085410257,0.043683681696114064,0.0318752596528429,688.3502091593235,963.1905281162989,0.05825437411013384,0.10628517168068491,210000.0
Random_3787,0.06180159554867952,0.1346250472026731,0.04841569409146479,0.0060476861878935965,510.7834301856696,707.9348857746111,0.059171528737143535,0.11655770536254369,210000.0
Random_3788,0.21361106873545535,0.13788437620117866,0.023295508551736566,0.026637646393936513,687.3896133618988,923.0025250791618,0.06518668273004213,0.13040010348181502,210000.0
Random_3789,0.11998144354439763,1.2367155173836786,0.016672872268845982,0.016684535656304227,606.716703677946,869.695670212299,0.09042318120725978,0.18750339924445944,210000.0
Random_3790,0.18511911959553967,1.0911929100286195,0.014532134981856203,0.02558626861955349,680.7699451702721,952.9439337323321,0.08387615214916451,0.1717049428577651,210000.0
Random_3791,0.0719557526959504,0.785296782481446,0.044457086230563665,0.002486084007138102,543.9952748496474,773.5671146162839,0.07098502592011041,0.14319278374514013,210000.0
Random_3792,0.26035591764099103,0.5457198233618701,0.008512342599412573,0.022119843875411667,724.0246498156084,991.2204463591544,0.08431916680965906,0.1763854590293884,210000.0
Random_3793,0.09553712836634982,1.3006626634543346,0.030571371661022004,0.012276357963342397,588.9840181186071,847.9703016956905,0.0819447611765039,0.16675043050326205,210000.0
Random_3794,0.28867960786590263,0.633182884702317,0.04291905926620846,0.01881036598141531,790.3917441401328,1066.1165218984029,0.05567267334371725,0.10665357658838494,210000.0
Random_3795,0.27911447934950917,1.679715322525677,0.01305990370355311,0.02920604497912625,790.3877273322737,1112.372260788692,0.08695335567982274,0.17700033188657366,210000.0
Random_3796,0.2244772778482055,1.5735941469768724,0.037995164828442216,0.039767581064011515,774.9185976772683,1075.6286340818826,0.058203937863671826,0.10530277737036216,210000.0
Random_3797,0.10903560870022501,0.6664325440879011,0.014113406514633626,0.030562681257588813,578.8399671629987,812.5142468002327,0.07902054274710993,0.16017065038533082,210000.0
Random_3798,0.24693856282553114,0.9211165460283706,0.047245212443344606,0.039679003589391616,783.9448558946234,1060.175803889664,0.04294448945565987,0.0711192924982252,210000.0
Random_3799,0.14443452996821451,0.5321444246309431,0.036678195729954,0.004736287360541586,627.9951791980094,864.7371521512158,0.07186838704396804,0.14717098085173783,210000.0
Random_3800,0.09824493324475675,1.91343869376253,0.03381877191281964,0.013054175323708474,618.7872334977649,905.7033722493456,0.08459617746199373,0.1704431760293762,210000.0
Random_3801,0.1595800500542848,0.3985230377927067,0.047750782869581954,0.01675504448629277,662.5050228059966,895.1731058317697,0.05296700475020879,0.10013167855806765,210000.0
Random_3802,0.16526545293468892,1.45712887288174,0.0027417300591000347,0.033311617552708686,663.4834039126112,947.4862986170169,0.09398619036613695,0.19355104168755044,210000.0
Random_3803,0.17842683179910732,1.917636896217892,0.04564761031749608,0.03402302985881868,745.8759478064692,1050.402664871946,0.059231581690992935,0.10659490731145987,210000.0
Random_3804,0.07033906200290721,0.265701017878438,0.022554323184358505,0.02946575834120692,515.6843658935776,721.0640706767889,0.06937436182796519,0.13794069104570417,210000.0
Random_3805,0.1540039140930816,1.3522531573381988,0.010553423172309794,0.030457654523722247,654.5033184326987,930.5748028205055,0.08790119151623683,0.1793979519540608,210000.0
Random_3806,0.1759617170523575,0.7815576976855924,0.022982466602406472,0.017498709597171425,664.7126951397057,920.6347267026806,0.07824257307461387,0.16029267566939653,210000.0
Random_3807,0.034209927202522014,0.5036161685517652,0.04361976359394196,0.037419296885359096,482.6271224327845,687.3592069799004,0.049627611155287965,0.0868395981188555,210000.0
Random_3808,0.29368637382552726,1.4264031361968896,0.04571227910396752,0.011354624512371268,820.4626278162351,1133.5070101121698,0.06547163777284373,0.128116514099152,210000.0
Random_3809,0.07142862178569215,1.04001034809757,0.04701936461288387,0.0341966880738619,577.2964838803376,815.4568207762117,0.05221943576262401,0.09195245045054964,210000.0
Random_3810,0.2818101440020483,1.9251468341878792,0.006852450083795218,0.036688645158428214,799.0572697374713,1132.65812565706,0.09045391753075191,0.18349139696461442,210000.0
Random_3811,0.010965780189280582,0.8501326090720209,0.005589032178280892,0.01644065090124468,362.2157946401542,581.4508324493532,0.10151245416556892,0.2142130350993276,210000.0
Random_3812,0.2299367719369523,1.6835890544423329,0.025775354999339545,0.02518972264503011,759.0543539450881,1068.2228481676816,0.07893389289824682,0.15748175473874576,210000.0
Random_3813,0.05669699089385273,0.30727891981516586,0.020415932101682573,0.03039374437867945,490.8296712253105,694.7666962220271,0.07169997769176999,0.14307608479139516,210000.0
Random_3814,0.057838796122829494,0.6805961743832469,0.01369052642348139,0.011649391705372943,484.85135163596334,707.9106850636084,0.09268491339212853,0.19523385953271535,210000.0
Random_3815,0.20763658939503962,0.307522792692319,0.022645749082000885,0.01809726412283354,680.7107040967978,923.1989360603253,0.072722263666796,0.1491473220516582,210000.0
Random_3816,0.22052963817504934,0.6059680830184261,0.03497802484785875,0.0033751438601633027,708.19036292149,967.5230827044397,0.07316225549554008,0.1509832435078713,210000.0
Random_3817,0.24926410881798072,1.1597123888506284,0.004191535174176724,0.010773653445166294,722.4985430656915,1015.8044126789175,0.10137527883497431,0.21676448222221142,210000.0
Random_3818,0.13134995993939258,1.6189407334542805,0.030006630444113558,0.024563600742285457,656.0455179219377,937.3697224173166,0.07719683248505818,0.15256557249555672,210000.0
Random_3819,0.1306425239361745,1.642983162058907,0.03401550788634867,0.039648496506018024,671.3775123993988,952.079265324704,0.06479787562571987,0.12013014949449305,210000.0
Random_3820,0.2148102676813151,1.2499607100297865,0.016048960516424286,0.03346416903091614,723.5609531894427,1009.5507016973246,0.0787075154970319,0.15760977917512764,210000.0
Random_3821,0.15527709651236551,1.811155769264061,0.045010820339511204,0.0050749776588128485,695.602855227745,991.9172751328532,0.07667578980212791,0.1533172604049262,210000.0
Random_3822,0.20352380584306,1.9031055016956067,0.025489611413598012,0.011553346459508021,731.306083833909,1044.8633462411278,0.09013567431219992,0.18545416547515745,210000.0
Random_3823,0.009152144530930571,1.0199666059514008,0.008903881369030184,0.028038825874540107,372.11082416441116,597.3419409854712,0.09344954047597173,0.19212199805451527,210000.0
Random_3824,0.16641401447920148,1.6477714546787052,0.026762281477558467,0.0357822798801563,701.9791993745299,992.7288535462549,0.07276351851618851,0.14050921248929113,210000.0
Random_3825,0.06311533277078202,0.5655679489395831,0.016349082383590886,0.03007820041137605,506.5734035187404,724.0886117901198,0.07787003207161433,0.15716915102524187,210000.0
Random_3826,0.16008107001733785,0.9843995014173932,0.04507140100752451,0.036149086454156355,693.9352164960237,951.7558225672065,0.04958825574114192,0.08668831649761147,210000.0
Random_3827,0.24826642700111112,1.721527689892671,0.010188819282540802,0.016158084360065092,752.2277814719334,1069.6553819759731,0.09838522070338768,0.20623167994973302,210000.0
Random_3828,0.24585475097294024,0.8443217601504911,0.0107976545012386,0.017225770841185924,720.8201681356709,998.0364610582841,0.08847311756701001,0.18573686499705017,210000.0
Random_3829,0.2777649285547825,0.36878225691537425,0.014382251967184501,0.03127151013835517,746.3868164889682,1008.7709492204124,0.07144020798146437,0.14461891112071285,210000.0
Random_3830,0.1598370607179469,1.1728228832630652,0.03110075126773421,0.002959136026429939,660.2577442693689,930.2692482121604,0.08396614559547014,0.17430833627327455,210000.0
Random_3831,0.16358709740089847,0.708469280038817,0.030623393758253525,0.03058294113156794,666.9656724806796,914.8470576414652,0.06308469337507883,0.121686852794229,210000.0
Random_3832,0.10497215881753118,0.992892975962092,0.01851861494724975,0.031986087332662845,590.9585182037818,837.8413656440656,0.07759064246359745,0.15497940401522983,210000.0
Random_3833,0.21433822077442496,1.0303161112437464,0.027994953428191378,0.018364920313267533,719.1805361387093,995.4205264389674,0.0748294156410589,0.15111488178553417,210000.0
Random_3834,0.12974184786757983,1.5126776817386491,0.03320061981713419,0.016175691475355015,648.284708018538,924.8405607602731,0.07833686495576658,0.15692320539453747,210000.0
Random_3835,0.0978407530873008,0.9651553687800211,0.04706661057020697,0.032344297233371073,614.41693772885,855.95624497149,0.05162912452183706,0.09149388592224286,210000.0
Random_3836,0.2272765706824012,0.814134130599247,0.03598201618119967,0.024667110057697363,738.001884075846,1006.6051325243006,0.0614225541961378,0.11858545789671679,210000.0
Random_3837,0.16107985489001989,0.11134729560577027,0.028473890782684783,0.0052041281638988655,622.9215078778285,845.5078583868664,0.07433754337824262,0.1552038791778518,210000.0
Random_3838,0.050166388759692974,1.646360752616959,0.0014669831288217404,0.009859025744067836,487.8650148970503,753.5867652449055,0.11474833635756658,0.2449662691659774,210000.0
Random_3839,0.253848970619288,1.5676593673013264,0.04650508413976191,0.0029755431757676875,786.2079011467658,1096.2563651449052,0.07196000666175655,0.14412776239730124,210000.0
Random_3840,0.29608167075152364,0.4304408766547624,0.004533269947811778,0.0077312403547948865,735.6377077462294,1008.046804059366,0.09470304415891603,0.20450028419678942,210000.0
Random_3841,0.01534393376802214,1.0802401688425907,0.022189719150162737,0.015578766935271535,406.8247756194833,636.2500877725706,0.08900698162822525,0.18290656882227682,210000.0
Random_3842,0.2380027209332793,0.7256742919499896,0.02194388505119365,0.03420369753496604,734.7435533986568,1002.4077701628335,0.06722792334479046,0.13199681365511706,210000.0
Random_3843,0.2332250962664216,1.3095396631945029,0.02503577518764027,0.030457122871562506,751.8372627293164,1044.6333897949382,0.0726302483894147,0.14306333755514825,210000.0
Random_3844,0.2847112203962018,1.2396634000659874,0.04958698424884171,0.021474740005779886,818.1499575613891,1119.427677723039,0.05421183662975832,0.09999898355766801,210000.0
Random_3845,0.09336600568725127,0.8132196489998412,0.011019435335867214,0.0017393318898800522,537.9062053492828,776.8218895980286,0.10105993526693807,0.2170163636435772,210000.0
Random_3846,0.13541162994565822,0.17017966369637855,0.0021285321669811726,0.015752151866669954,570.7219063658339,790.8024439958934,0.09297516271713623,0.19879805182081198,210000.0
Random_3847,0.006980242233498253,0.6309736961087326,0.01950517982315781,0.02537810877955967,358.4480308781656,564.9962446732158,0.08185725297293442,0.16576119050478183,210000.0
Random_3848,0.022964240829686452,1.6026014185408617,0.0383361237067705,0.023073612538628063,474.6315385493955,727.5768836915239,0.07464854395557609,0.14473319341299268,210000.0
Random_3849,0.29790143392412727,1.6260804444943997,0.024897349814827784,0.003452153668648049,800.4292708995259,1125.8102891041276,0.09086582789937961,0.19039185440536885,210000.0
Random_3850,0.21775046199723208,0.9682010676393534,0.045733644268355675,0.0040073100048542394,731.546186449835,1005.573573651057,0.06678459685513793,0.13367281200099193,210000.0
Random_3851,0.18361171233187185,1.7145167042252327,0.021676107288568596,0.005203767707940784,695.3114861436684,996.217275917051,0.09594442240546623,0.2011368948123287,210000.0
Random_3852,0.08934857993645312,1.8324254014653525,0.01124496458448691,0.022807018609836763,582.6148549392466,864.6869843337548,0.09854132815916461,0.20346186304059977,210000.0
Random_3853,0.17594669590993606,0.7028432109484787,0.04975708564198816,0.03218191257895144,704.3493585825819,953.4088571950722,0.044548707381574945,0.07632181547477401,210000.0
Random_3854,0.014587224555796911,0.31120559269899783,0.013153096191119543,0.02989712205993826,376.303721317535,570.5107616678546,0.08092044445898011,0.16462080161753706,210000.0
Random_3855,0.11762592585967756,0.8718379949647074,0.02800572511113978,0.003598845115095276,595.310117857497,841.4209434777292,0.08449459302901305,0.1763473579675321,210000.0
Random_3856,0.06602219501356138,0.7724133563464478,0.039380869595407604,0.037358180728680156,551.6952979326228,776.8203236956763,0.05472748559181328,0.09875935105399145,210000.0
Random_3857,0.17896299107766467,0.20912817556635968,0.02626130538017095,0.030778774116701553,661.1143534864419,890.7026627965946,0.06152803891007273,0.12024004602139649,210000.0
Random_3858,0.09901588187458427,1.8097582891320458,0.007647026785518034,0.002942588963108891,577.7788867913599,863.1248110110579,0.11315634757860131,0.24207684885775188,210000.0
Random_3859,0.07295331590761708,0.7084563807463676,0.01500919597833927,0.03908542101715477,533.255646817043,759.0469435678945,0.07472306051433425,0.14780827423047085,210000.0
Random_3860,0.06614974987304287,1.7550867266401866,0.04276113165612327,0.010045441753353146,571.249545708687,842.541360002998,0.07789466498917715,0.15466670061456367,210000.0
Random_3861,0.09329059929656221,0.6048199037354427,0.0452924259319684,0.012302279258570505,579.0227917340344,804.9547608110267,0.06179494617668651,0.12055201027715744,210000.0
Random_3862,0.12812382528624483,1.7815865903070902,0.044335532513726954,0.038767071821894,684.8446170526635,970.3987615911941,0.05749476583424429,0.10174848993424025,210000.0
Random_3863,0.11266691979936869,0.42049684113741936,0.02815841045356064,0.021504880233636416,585.6539385134872,808.7699630595375,0.0692462921881909,0.13862726810150294,210000.0
Random_3864,0.1524364499217235,0.90832153969528,0.0023343372395741744,0.01203833184733594,614.4072878712738,872.2410561110395,0.10195069061734971,0.21815231359993537,210000.0
Random_3865,0.14741746109318407,0.62506459581922,0.001329373692218713,0.016868595052791365,600.8353600885571,844.3617946741173,0.09725405628647013,0.2072289250749362,210000.0
Random_3866,0.10115047465048108,1.7662625369461291,0.012800200736819398,0.018834236361848437,596.6008568068889,878.8395346641915,0.09848107040751929,0.2043083659755714,210000.0
Random_3867,0.16564877289915156,0.3332586958166991,0.024729722841136868,0.009449683182968686,634.2542488966365,867.9287309512473,0.07726603207123794,0.1608603017328336,210000.0
Random_3868,0.1112422087680487,0.9834019114127238,0.006149476669161453,0.0045630645368535065,565.1695137415925,816.376148650696,0.10489105295280636,0.22549708942320673,210000.0
Random_3869,0.2957500195837057,0.8253690090083095,0.0041273216391072695,0.0014597115223376536,744.3086310751396,1034.9407787235243,0.10278669299643323,0.22333857272828841,210000.0
Random_3870,0.28608492421742016,1.260875417749431,0.007126281981887859,0.020247523797591403,768.2376094874907,1074.308329878212,0.09334920467458081,0.1957488870373699,210000.0
Random_3871,0.24333219330882977,1.0823728070859833,0.006916632366293656,0.026459812893025562,728.6632937377452,1015.5330027630764,0.08885712859148986,0.184363679079252,210000.0
Random_3872,0.09418045512745153,0.9258126671131546,0.014232789942269293,0.024947306875645895,563.1454148779262,805.2176909344479,0.0853424647358063,0.1750128907444465,210000.0
Random_3873,0.11318349407639587,1.2200095300200726,0.015400517127814473,0.03639184818449647,609.4400397265467,868.4929528715642,0.07977597004350717,0.15883499396208997,210000.0
Random_3874,0.24279828365906359,1.0626371414265607,0.04194080640929975,0.011692710765050442,759.1772575421154,1043.4048184471285,0.06600910602318799,0.13056480517663593,210000.0
Random_3875,0.1047563590781356,0.2661232928202073,0.02457549768918699,0.025602496635929256,568.0214435504689,782.1718419509028,0.06870856961682986,0.13734594150361318,210000.0
Random_3876,0.14815445435652833,0.9725650792276749,0.026710434308926643,0.00238207952720324,634.17728885253,892.6539299000169,0.08655884477036957,0.18148068400628717,210000.0
Random_3877,0.03939409559158196,0.22433983224322057,0.016406958182819186,0.032419465932316115,448.8653830795582,644.9030854991878,0.07405586722119324,0.14858116479633235,210000.0
Random_3878,0.05860035198375846,1.0745674810408732,0.025287708736138427,0.024378991587982624,522.8879926089625,761.9202812258117,0.07851784008003729,0.15716900003042614,210000.0
Random_3879,0.02288073119851556,0.8254262424141728,0.014104058471230654,0.017818438558830235,414.425097815566,634.7356617614278,0.0918442710608602,0.19091954330969596,210000.0
Random_3880,0.2925676102900392,0.5255871029003432,0.03702386195326039,0.021959253663419033,785.0013346087663,1057.0760075624573,0.057940939204152136,0.11228863216163247,210000.0
Random_3881,0.13123483381636858,1.1755314220594721,0.0465577595278131,0.015344316642018154,653.7910709101205,914.5465272633026,0.06340147092579092,0.12204211138364933,210000.0
Random_3882,0.22763425542874388,1.1712740226965181,0.032152367129995404,0.032236331961596885,751.5421498166121,1036.006948767814,0.06389160427538626,0.12202772891413555,210000.0
Random_3883,0.17528107921217187,0.22970278708358619,0.00356571567353959,0.018808658776980194,622.2837666525213,854.6507119182841,0.08942937185062964,0.18990899392105132,210000.0
Random_3884,0.2940103009085079,0.2685122167973209,0.03528693155972479,0.011771974698148613,767.9870782770548,1029.8079907594313,0.06301915560024786,0.12721474869734628,210000.0
Random_3885,0.24335379494953135,0.667936637069264,0.048880636685975455,0.02915854692912488,766.4236524035582,1031.0761151198499,0.04532548467956033,0.07943529591308049,210000.0
Random_3886,0.2968314471557574,0.8127769211675091,0.023904176873881303,0.008801895425524103,773.6336909685657,1061.8000284260906,0.08043642477695238,0.1677904206341426,210000.0
Random_3887,0.10026577096165555,0.3648479744955724,0.014298592172109416,0.026474369383719908,553.4429854540607,771.665750122309,0.07856217100045684,0.16081515737858196,210000.0
Random_3888,0.1036822450175927,0.5752579436043865,0.03779476563456794,0.006732523163379767,579.9980603764569,808.2430459892167,0.07125783096969472,0.14470474642021036,210000.0
Random_3889,0.10628235104371397,1.6311432881291963,0.03782546304013321,0.00799687833611075,621.4871522151204,897.7934006317632,0.08095019432912426,0.16357145210775095,210000.0
Random_3890,0.1942870092793036,0.7316470800777765,0.03925487733144179,0.033521318989904396,712.8804247910819,968.5542000086999,0.0530586897885887,0.09700690104863892,210000.0
Random_3891,0.13477113217697817,1.20733206427512,0.02465343619348957,0.027933912757747,641.7951762933442,905.6109143138701,0.07578264282104896,0.15053034606160332,210000.0
Random_3892,0.1537762660809765,1.577202530852061,0.04183834161035596,0.012985848046587124,687.4270454929408,972.4592907289723,0.07248314562351284,0.14303661538424844,210000.0
Random_3893,0.24894827001467765,0.32352898188941975,0.021981033810838997,0.006956603678733015,711.62282290553,966.1036835950575,0.07929945395098194,0.16702385290613508,210000.0
Random_3894,0.08605939329035821,1.8912666150770479,0.04795318360881349,0.020665970504342768,622.2272631039614,903.3595767759655,0.0674880423359516,0.1275284230266407,210000.0
Random_3895,0.12028752429918531,1.1813928964251708,0.038231715401933486,0.026369726630596165,637.8280454167485,895.8944914680751,0.06464705074819543,0.12345352468337897,210000.0
Random_3896,0.2595286164253507,0.7116133043949747,0.007978011289919998,0.024531159458425923,730.1474516566807,1004.4514708009245,0.08502843696720942,0.1770532056350805,210000.0
Random_3897,0.10641996005360473,0.9104371764127388,0.007643190778263051,0.037004660849297315,580.5390433186718,824.5418781404414,0.08349828909598332,0.16913743754094251,210000.0
Random_3898,0.2055433030735174,0.5019291311706693,0.03960835217783137,0.02743931188201671,712.3370145272859,960.9458380735575,0.05384081046677059,0.10086255530960192,210000.0
Random_3899,0.04530796301379336,1.9786856368421968,0.042131730724162,0.01034472490749348,538.6243868141639,814.7941147749787,0.0814043303228368,0.1618180783930114,210000.0
Random_3900,0.23498426025957397,0.1890711394418494,0.023106630766874477,0.0322850925398713,713.2215876290178,956.044516104255,0.062028653156966596,0.12190061699123486,210000.0
Random_3901,0.10131574075332435,0.21435439515970844,0.03547749526746214,0.03473072480150886,580.8581082716086,790.2163336366089,0.0530093366019979,0.09793538517640736,210000.0
Random_3902,0.12505190305569247,1.678855866418844,0.0446355707951723,0.0011023920815085178,651.358421218433,934.5108739410697,0.07888257400001691,0.15946996284936144,210000.0
Random_3903,0.008084807357169271,1.6109388745974187,0.03415006857655143,0.03027043233526202,419.4762466700428,668.8360577932739,0.07541375648964097,0.14505931261455648,210000.0
Random_3904,0.04289745848196751,0.363405025107319,0.03249886363249049,0.02798609517341588,477.7133936181139,679.9521876639627,0.06345107554980492,0.12270816757724728,210000.0
Random_3905,0.22007418340032733,0.29839689385231166,0.03791787125622064,0.024162659959910585,715.067782943031,958.5477465191765,0.05497787585022712,0.10512353921400176,210000.0
Random_3906,0.014305241220245738,1.0079508624182052,0.010988734437268954,0.015028905528674686,386.6290634389359,613.481751355541,0.09878021391211288,0.20715337183784832,210000.0
Random_3907,0.20498116137470945,0.8708081135416217,0.020884873803037395,0.028618308778626023,703.0465560653937,969.5179569119109,0.07368574039255686,0.14757020775244833,210000.0
Random_3908,0.04221182884404469,0.651522946934828,0.027080573837142564,0.03338700614492934,483.58055335110055,698.6146367756132,0.06800140583335437,0.13181577967388,210000.0
Random_3909,0.2591363772784067,1.9125917757631528,0.019880400571701082,0.03709031884088996,794.9093717116511,1121.2024383875876,0.07879827803444932,0.1548082683038622,210000.0
Random_3910,0.2664964891651845,1.1213778314872187,0.008701437266100231,0.014929081870046983,744.7499877167882,1039.9456708941173,0.0941003760625453,0.19874854447063167,210000.0
Random_3911,0.020247006979607268,1.0252788544691704,0.01987864257056298,0.02068154977205674,422.27899595707424,650.2334807656791,0.0871072408096057,0.17799040468216348,210000.0
Random_3912,0.20559138025453927,1.44980993307164,0.03351469248115339,0.031227828012165483,740.9001293937561,1032.360019806149,0.06652974215370464,0.12716247611008175,210000.0
Random_3913,0.2698671443309278,1.0204906541134613,0.02862166696740552,0.031167154116118655,779.4188286381965,1068.0245884693525,0.06535536607853054,0.12679520372365144,210000.0
Random_3914,0.020020182702633293,1.025422058399915,0.04218198434714999,0.03428630183511628,457.8519899315244,682.8835653405976,0.0588887996730196,0.10719028487313267,210000.0
Random_3915,0.01850113204584305,1.838034260396321,0.018199775577154815,0.02952118030330411,449.2527358750499,712.7718841339083,0.09156745907240187,0.18404653579262015,210000.0
Random_3916,0.2672040353063244,1.0468197732933198,0.020165731767079646,0.00655836165090256,750.6544636681607,1042.4244348195025,0.08804566570031405,0.18540169403343518,210000.0
Random_3917,0.08326694495398261,1.933429521864065,0.03604430621513541,0.02813053539711737,610.3186867755943,893.0057641689926,0.0742448959139882,0.1428198551830753,210000.0
Random_3918,0.007463527944873986,1.9771734178262865,0.04664424798911633,0.032276084350519985,445.5199672780316,710.045026479262,0.06669842613281712,0.12182871932977966,210000.0
Random_3919,0.19329967549003632,1.2310037323243321,0.019473678981992534,0.03476756721895385,706.4835731858901,985.8643603169185,0.07513001411423595,0.14856352974809334,210000.0
Random_3920,0.052322827533469285,0.8901887629298746,0.04374072973656582,0.01961554006551028,523.2440128260226,751.3147124570681,0.06319107010722244,0.12103963229361442,210000.0
Random_3921,0.15652328212372832,0.7907748701579721,0.039393884329626136,0.018051145196165852,663.6527939666896,913.7728812926671,0.06370996100547684,0.1244419102006369,210000.0
Random_3922,0.20763761359599278,0.2961268419194778,0.02687686828486239,0.013643037477656373,682.2722416634023,924.2657604877754,0.07147281038689088,0.14673765846877423,210000.0
Random_3923,0.16123960245661734,0.18247364599906957,0.04799232270328507,0.01928523819108563,658.8688936845627,882.0079034971255,0.0490295728435629,0.09114812132937748,210000.0
Random_3924,0.06675142201522104,1.6635029831918493,0.00391669214688329,0.005706654469738166,519.4439621944028,790.2195842125117,0.11451875490504482,0.24518817116344105,210000.0
Random_3925,0.28079726802007304,1.9591357521983854,0.003465076708964856,0.008877754507662462,775.8550382905289,1113.2280376471442,0.11054807429581881,0.23615901610498666,210000.0
Random_3926,0.08072908874933306,1.5562256968567325,0.021608988661944772,0.02755752841767028,575.40473909054,841.6838462700571,0.08389707715746261,0.16812754748307923,210000.0
Random_3927,0.10866993143193956,1.7131442379117507,0.029697634116177374,0.03323865871630062,635.5503746258732,914.7744447632887,0.07386735190570774,0.14256018667842432,210000.0
Random_3928,0.08318618971316988,1.8101533327202248,0.02649326601765847,0.017521957393089083,586.9908016310295,865.7230311588723,0.08797601624013465,0.1783459431159702,210000.0
Random_3929,0.24348049127891339,0.8537610654058688,0.036058231282613776,0.011132250944380074,745.0377719755555,1020.5519041603885,0.06953710345560829,0.14019801402041907,210000.0
Random_3930,0.21180211193003226,0.535124105378063,0.025411613086449958,0.022813210946998983,699.3901980566844,952.5633248585295,0.06958847001884709,0.1398870104243146,210000.0
Random_3931,0.0164700585738794,1.8888514188767163,0.049840391915142786,0.025748849383197662,479.4446179478961,742.513307136951,0.06601613731475782,0.12179657811017938,210000.0
Random_3932,0.28570596850184765,0.6678639064718929,0.03947995482699558,0.0344702725389711,795.9436066517409,1071.5079563791608,0.049774222122472456,0.08996835329855823,210000.0
Random_3933,0.05395323684347756,0.7671457085807751,0.0422993465735814,0.005520789686714848,510.52439308769783,734.7086482838785,0.07164400414381397,0.14415995378350943,210000.0
Random_3934,0.2962221582034316,0.5775620235529368,0.045922088856192,0.03549320489722381,810.0030754339673,1083.5356825444342,0.04226455833653056,0.07196299917169477,210000.0
Random_3935,0.2563867644699685,1.3016214108941093,0.008613227799748593,0.036198617040463836,756.9434925895912,1056.0281996101014,0.08341820913332741,0.16891168033056986,210000.0
Random_3936,0.042859103227105906,0.6335295246409773,0.04122479483056956,0.020917646797707433,492.6076021601744,706.8598112455327,0.0625419037704358,0.12022683088956075,210000.0
Random_3937,0.18455780927102539,1.8552669584209658,0.04932620326834307,0.01924248519673267,744.2372546889633,1048.378225058457,0.06402155713389453,0.1206156388817587,210000.0
Random_3938,0.02947192832203323,1.0282554167124416,0.04574750111126748,0.018916165924578354,478.6337680638937,707.1001505335943,0.06432662559005373,0.12278778436576915,210000.0
Random_3939,0.018762384075819306,0.5293025876299803,0.010534358040997439,0.028692185801916632,394.52961722441694,599.9007061792878,0.08585727511498926,0.17602393269281286,210000.0
Random_3940,0.23845033279341962,0.3871061912070868,0.042620886621831416,0.012650862537861872,733.031772643044,985.6423945129422,0.0581554711357478,0.11420224260761827,210000.0
Random_3941,0.07814071353507045,1.7607357640637222,0.04591995090028538,0.008282433710346315,594.1103409200476,868.5424379178322,0.07571920950416741,0.1497574651640822,210000.0
Random_3942,0.037852762372994314,0.5371936243858056,0.02852868054376941,0.034538329566078704,472.315101637489,680.9066445193109,0.06508196873848042,0.12493713343302158,210000.0
Random_3943,0.01150896961154505,0.9866505126700041,0.031129437681354375,0.01469800204810047,398.72857383772833,622.3388941324085,0.0808856126681101,0.1634402494444382,210000.0
Random_3944,0.16206899894855856,1.7425420785328252,0.0017743810658826776,0.03656410638513681,671.0332518095012,966.8978160845363,0.09583845516579181,0.19634151535117578,210000.0
Random_3945,0.2444019356879879,0.5532403658820677,0.026369790473158544,0.009905562142459783,722.8742722299561,985.9685444073967,0.07596885011735607,0.15742755918846482,210000.0
Random_3946,0.2887842621611092,1.5900884048148438,0.009126583798066162,0.01116380780865801,778.0675200557127,1100.19433248412,0.10024094372550625,0.2123657308083228,210000.0
Random_3947,0.019445171730375244,0.47122024979643506,0.04242777091387812,0.03913569347350385,440.30237026611616,639.843497288559,0.05025687368036874,0.08788836160578468,210000.0
Random_3948,0.22364809803289487,1.525783648946073,0.027415283565142282,0.03238558249363158,754.5937007327069,1054.381920158802,0.07169444234030081,0.13946853825709205,210000.0
Random_3949,0.07577881876706898,0.6319635697416133,0.026413063259629537,0.03710553218255981,547.5398489581916,769.8414266529562,0.06477896888581616,0.1241504995947566,210000.0
Random_3950,0.14073015850834353,0.3275915916546104,0.016972139118528004,0.005209212338329506,593.1048879147392,821.2545410497339,0.08737265960403401,0.185872778625325,210000.0
Random_3951,0.2756474730227757,0.8084639275058024,0.0091486179152684,0.02175022861613002,747.0190011906399,1029.839838461583,0.08630031793278681,0.1802410972530143,210000.0
Random_3952,0.08766828553230362,1.3474863544527145,0.01676730360946796,0.030982021256880533,575.4496779020943,834.1836892462346,0.08387331140220941,0.16864689285787943,210000.0
Random_3953,0.27493335791806306,0.21253515476314094,0.028157247790025833,0.01004590897083631,740.166355597098,995.4075245000861,0.07026946556404477,0.14525766842374468,210000.0
Random_3954,0.27108563699047994,1.7806994208882032,0.03197099398909044,0.004000597028413865,792.0830544933528,1117.1082103995413,0.08621956442264192,0.17805049243828214,210000.0
Random_3955,0.019557671877649715,1.9082501489880626,0.004153259756939516,0.025620288701548085,435.57074079972955,703.9495315969257,0.10717541955913429,0.22244141973487355,210000.0
Random_3956,0.2348270126331058,1.7988737968337885,0.03242171176162436,0.021179622832771056,772.8229500301669,1088.1909172784121,0.07640963308223342,0.15137873232670865,210000.0
Random_3957,0.14541678110749864,1.244455457593156,0.039155510775989354,0.027475891381417816,672.9776486208024,940.0018273167765,0.06309234958853796,0.11953213831411301,210000.0
Random_3958,0.011271143200075422,1.5270391861482628,0.027568580662604293,0.01579725948952825,413.13582630676734,661.2011082712874,0.08885700076355997,0.1803676654662669,210000.0
Random_3959,0.05941659284143361,0.7651483686572175,0.028642719172774497,0.023900118067345977,517.2612099073083,742.3436077280318,0.07265786178289345,0.1442985886697387,210000.0
Random_3960,0.021878005251663907,1.1622386994038516,0.03804565265704998,0.021743078062384735,454.67423076141085,687.6613750899454,0.07137720968859275,0.13883892708941162,210000.0
Random_3961,0.17698435725109568,1.7280379452834682,0.03531613073676114,0.012442760078462175,710.1961964205273,1008.3832820058394,0.07961630397830416,0.1601290516305189,210000.0
Random_3962,0.1384226186925872,0.8509333336999971,0.015267236075236675,0.03982424507554901,630.827034424252,879.3173706218358,0.07343323575947792,0.14482987905864153,210000.0
Random_3963,0.1415237699231307,0.1971974883269368,0.03602258770620049,0.01014856702078433,615.8098203665149,836.370957443851,0.06593857671048316,0.13340869153017235,210000.0
Random_3964,0.21433114932674457,1.7566003722562624,0.025226442897862387,0.03903749537481679,755.7422017333704,1063.230890754774,0.07218052543482764,0.13865547556058355,210000.0
Random_3965,0.23260920369885582,1.9273564854626213,0.027500078311996072,0.02729202971447225,773.6281791105432,1094.1281532389578,0.07850236127081694,0.15508787933104656,210000.0
Random_3966,0.06449967023307449,0.2633382909422463,0.04002394325715887,0.019032655739307274,519.1394985887423,722.3901113196947,0.06011288347929159,0.11660312735999673,210000.0
Random_3967,0.2528614383088974,1.302603606895276,0.049659952452165174,0.005576099543068754,781.6543061686692,1079.0679438965622,0.0649293531960609,0.12776428559402817,210000.0
Random_3968,0.29630307509181064,0.691206336588569,0.006031134429209677,0.020715330414783423,755.8338669597352,1038.874203691654,0.08816809851797726,0.18563761109835725,210000.0
Random_3969,0.20577791593316178,0.2340985400290134,0.016636132732744675,0.034343466704949976,680.4619919932945,918.362537322875,0.06768983575963838,0.13498783174419887,210000.0
Random_3970,0.16622454108178614,0.11344361931377796,0.047044149609333334,0.008730378121543488,653.4705667424995,875.6697026635959,0.05540234587513976,0.10849488065792877,210000.0
Random_3971,0.17903808578910482,1.027703935117835,0.006022354252696945,0.03979374913163947,671.8681182541576,939.2090285109895,0.08251809257744187,0.16670974380114917,210000.0
Random_3972,0.03507077460983205,0.6454415184352363,0.008485676768127275,0.01976113815510063,435.1507961975544,650.7036129857398,0.0932151846617108,0.1951316433541304,210000.0
Random_3973,0.21540060592494434,1.4944738067075012,0.023416327276538928,0.020321433913415947,732.3326170978352,1029.9350689857126,0.08239492900587742,0.16729475353577292,210000.0
Random_3974,0.25273657673346644,1.1175446977204657,0.005867900798328698,0.0034660682946888845,721.0380089160351,1013.7649469693812,0.10376011271008345,0.22378663778295985,210000.0
Random_3975,0.1883988217834578,0.5673124498455908,0.04988987874748184,0.027842145435617912,709.8576899899567,956.2678937442248,0.04538595974338594,0.07967910981353199,210000.0
Random_3976,0.06079717487048567,1.2746761728908225,0.01764546092062662,0.0010970948983595652,508.4699337958687,759.5302508280582,0.1012761733344155,0.2150553243412366,210000.0
Random_3977,0.1808142982194758,0.8299374075281256,0.004227261673087071,0.022831912961924532,652.8032432664464,913.18926718928,0.09229123788297237,0.1937588059119401,210000.0
Random_3978,0.10655644041347787,1.5096260583868801,0.025737168275795246,0.02331573349692306,613.8293833824353,884.4774339713969,0.08141477223838603,0.1632083837676848,210000.0
Random_3979,0.17187177955751726,0.1563809591015495,0.010019382645325377,0.008367415754913564,616.470577070197,845.0047212471269,0.08923443146174535,0.19111414356339512,210000.0
Random_3980,0.08111671298504117,1.327881521521216,0.017982636160967055,0.016041772053089477,555.6132205619118,812.9251146195022,0.09177318025008044,0.1899365972145382,210000.0
Random_3981,0.22176824535772832,0.31484673557976744,0.030909606991867882,0.020452472323348323,706.2583782570596,951.7595763523639,0.06363988248032576,0.12673493323456503,210000.0
Random_3982,0.28060223010615326,1.0083235431402657,0.027963803057425175,0.015768808820173733,776.6331633208267,1068.659671338469,0.0748601471772183,0.15222724960339704,210000.0
Random_3983,0.08195602970605176,1.4118974801042123,0.025074947547138435,0.007584314071498763,562.4670406666114,823.8786937683228,0.09127534085557719,0.1894869770636995,210000.0
Random_3984,0.13025529668211488,0.865851203087824,0.028338026610259432,0.022604597275276174,624.951730164692,872.4034485633299,0.07237334998244319,0.14436965041067215,210000.0
Random_3985,0.008138097459812851,1.87261638446453,0.03324549042826193,0.02231658630122903,422.24803622127706,684.1053317487748,0.0836110425931334,0.16499725449447042,210000.0
Random_3986,0.13427184538365677,0.22226301560616016,0.01843179704652362,0.013175832603326939,588.9085506753298,809.9497373515331,0.08039988867772847,0.1681567254955167,210000.0
Random_3987,0.256687899729315,1.3803060504719702,0.01853939821115183,0.009056501296499486,752.876924689438,1056.9549999323935,0.09155082613318365,0.19206329246330672,210000.0
Random_3988,0.019996070486200182,0.3502206344505113,0.04200864255147731,0.035227599627363125,434.5941293697021,629.174176167218,0.05172971901924639,0.09256494116695657,210000.0
Random_3989,0.18807328412534385,1.6432852587480096,0.026848242246133015,0.01271761016612167,708.9419532077534,1006.7428426897694,0.08596538510317789,0.1761044292414538,210000.0
Random_3990,0.14521849381150104,0.25192109750722386,0.03984629206368942,0.03700568349168895,645.5046666873922,866.9975814836622,0.046832629148204394,0.08292446807425743,210000.0
Random_3991,0.12610890356066717,1.8447316326390246,0.00987697655375843,0.018375524477262893,628.8871850708072,921.1671343472484,0.10143035965431998,0.2115597188962314,210000.0
Random_3992,0.20979459141501702,0.15300177526864925,0.041202164225618246,0.024511694665211577,704.1859014421686,938.2625204717457,0.050580385240028086,0.09487522692372424,210000.0
Random_3993,0.1549296467938946,1.7812432423405424,0.016362142045253235,0.03215319975030675,678.7352551701177,973.742385430271,0.08592236403452279,0.17243859135082157,210000.0
Random_3994,0.2720476707180814,1.5666785880786,0.01899062331600238,0.020660614288304624,781.5086319295494,1096.8489870642622,0.08574721847082815,0.17563394189993348,210000.0
Random_3995,0.16425102872973976,0.705861135228645,0.017897543763314226,0.02181115524033015,646.2010574901688,895.8508698376012,0.07975854978615093,0.16363361997084408,210000.0
Random_3996,0.03140196993328182,1.0914708975687633,0.006133369312765949,0.030122339000615516,446.1325707717148,680.1987969805592,0.09377715299647213,0.1930520226675917,210000.0
Random_3997,0.01672199674191749,0.8285205588499692,0.005301662957386405,0.0042435670728522175,374.7129158579269,595.4132217892358,0.10838129748762243,0.2329445029631494,210000.0
Random_3998,0.2148734869614374,0.1843254283121143,0.046689830000925664,0.03159131067465451,721.7831374281501,957.5336621885082,0.04159673123385407,0.07188100619747603,210000.0
Random_3999,0.22693377212664478,1.0479803954912235,0.013756888697630806,0.0171674961004658,713.9429240871567,995.3615341320752,0.08827059321037656,0.18417143250151446,210000.0
Random_4000,0.09919319605780869,1.6288776799836706,0.015416605083638308,0.0394853780324381,606.6049716781049,880.3106076425361,0.08242361513497484,0.16288643702351907,210000.0
Random_4001,0.11622451411046653,1.8036296377509093,0.001459171656337188,0.009437001661895369,598.3093939210453,887.6571622819941,0.11424249756858325,0.24412652580987343,210000.0
Random_4002,0.06885606633259458,1.1494994135113203,0.02904771590149515,0.019631555390747055,544.9957825148624,790.0429310026411,0.07832502869628269,0.15717834887566845,210000.0
Random_4003,0.2782869402618111,0.6645398509660709,0.012218831211137034,0.004739408129394088,736.0152584718771,1014.1346276835607,0.09225422375213149,0.1977251517680505,210000.0
Random_4004,0.1824150292286679,1.5497097315640702,0.02911934505368294,0.0028220464252526516,695.5491395963963,988.3345235056316,0.08905444441373986,0.18533233223590542,210000.0
Random_4005,0.07285652419749282,0.2986309068904628,0.009359974529647298,0.005801463818619181,488.67260537240827,699.112212163991,0.09568306415610316,0.20530155297289976,210000.0
Random_4006,0.030967292672954526,0.2854588422761466,0.029096854783605904,0.023931383456386242,440.0369890226065,636.3822010340724,0.06878908381294788,0.13636687232989886,210000.0
Random_4007,0.25647632531839465,0.7961080837607477,0.04058601261145449,0.008270764125698082,758.1479583969502,1034.1833613568103,0.06634251266868871,0.13314231464251636,210000.0
Random_4008,0.07147744455880768,1.5049981987314722,0.04043535114217091,0.014786673056611955,572.1654230445915,833.3419411913071,0.07443910893475471,0.14678940818999625,210000.0
Random_4009,0.27663380623168593,0.4930297226303677,0.042811397281203215,0.018824429118482016,775.1707187057996,1041.584641670113,0.054586184395612566,0.10451803823135099,210000.0
Random_4010,0.2768500775850495,0.4123228871664082,0.010293370486012358,0.03385974439728297,744.0340689850598,1008.2688691131468,0.07402003985648489,0.15037883375965166,210000.0
Random_4011,0.026248521309404308,0.3768525815772089,0.0036843492730070132,0.006880158060181999,388.2397287768509,590.9150646885212,0.10308423755280297,0.2219426721723303,210000.0
Random_4012,0.05772365321052719,1.7456399355752392,0.03881555850474212,0.029168155611186783,564.3255023504897,831.871515624733,0.07021635387984275,0.1332392221133139,210000.0
Random_4013,0.18929063106909969,1.8350636507943783,0.004818355705893538,0.006096561268666855,685.8447358362454,994.8720645313025,0.11165467098203276,0.2389433751742413,210000.0
Random_4014,0.09374254479376169,0.45270791769604934,0.039157472135426676,0.03982100632564798,586.2650870843709,803.7543013022475,0.04926926959358672,0.08694714780274357,210000.0
Random_4015,0.22501652931793298,0.2870951534947642,0.04476694671798751,0.012190836264244567,719.2254167414685,963.8422083396375,0.0557790162874878,0.10877491938208275,210000.0
Random_4016,0.12380575752970323,0.5998379398687581,0.01761537941471956,0.012926639708592928,587.8558120164419,823.3565971630968,0.08535134563300963,0.17848588361669424,210000.0
Random_4017,0.03192039165550412,0.4315697941014456,0.04697460287057407,0.003337384358833752,454.6071440853492,657.9829237554377,0.06646286899117695,0.1328009430905908,210000.0
Random_4018,0.04159441405222061,1.0295366626280444,0.03131540779717499,0.01964279675808322,490.91460804183475,723.5657050087312,0.07624687982591558,0.15211047782972786,210000.0
Random_4019,0.04642367818721638,0.8945345264211618,0.025213207479710467,0.010998827571052316,483.17912889900936,712.1421393307047,0.08534493105208793,0.17620504808387075,210000.0
Random_4020,0.2598043167555239,1.0144136881114578,0.003242832484931286,0.023635614745756386,734.6798372179383,1023.1292565933799,0.09285001815655393,0.19494865742083273,210000.0
Random_4021,0.12747732320172844,1.9357545885637482,0.03787594961729034,0.03211685839672502,677.0200505496897,970.3989131943692,0.06885828286911887,0.1297194425326316,210000.0
Random_4022,0.26620757967918574,1.3194711496922218,0.006382021404278138,0.029141493584849527,758.5967324898036,1061.6829479466198,0.0896469345031389,0.18508446301062673,210000.0
Random_4023,0.013040622761955858,1.5932774209959573,0.029099965615261986,0.01563523087045092,424.4053216232382,675.7841455396882,0.08807775571082546,0.17826143282736578,210000.0
Random_4024,0.07880768872129829,1.7847464954429315,0.02350035702962016,0.03697649451413614,589.2044663634176,864.3818327151736,0.0788967054875678,0.1536026703576331,210000.0
Random_4025,0.10219389560260404,0.5761023486483272,0.024236689148856235,0.0391557052299939,584.3666225463724,810.7683105858902,0.06406102412109282,0.12276509049064556,210000.0
Random_4026,0.1580243820285836,1.722295650045795,0.02955450268092482,0.03509579617619927,698.0833345280078,989.9207103786445,0.07161597024332926,0.1373718209438089,210000.0
Random_4027,0.0889891398602547,1.5964716903774454,0.007414101741145197,0.0028610242710809955,555.2555762937404,828.5220772448112,0.11160920126184186,0.23910835211879325,210000.0
Random_4028,0.17211201879497445,1.1469516656371255,0.04638306611205378,0.0063976135512446046,693.6587872787702,964.0771625581206,0.06758891191008422,0.13406555195484904,210000.0
Random_4029,0.008553302049842872,1.690475576069283,0.01961843507519053,0.02768177073686716,405.3216641538187,659.7473741244326,0.09078942047567086,0.18265875862651865,210000.0
Random_4030,0.0427809035625969,1.0970923657689642,0.045250226301813655,0.033863943170321556,522.555169987755,756.2904187802368,0.05579064507487687,0.09993562236089963,210000.0
Random_4031,0.22535118720202593,0.12271165165953124,0.016277541008328393,0.022189135255972808,686.6008713505811,925.3833583746224,0.07376961468544224,0.152152558865164,210000.0
Random_4032,0.16421589412805981,1.7688327277759734,0.038958960858682716,0.012285332925132907,701.971674460367,998.5235772395955,0.07714935068519455,0.1538009838568628,210000.0
Random_4033,0.24227566430932884,0.6047617678132604,0.04008024480228556,0.021014646696840594,746.9667614266972,1009.8623657356961,0.057522308157911185,0.11060665971617195,210000.0
Random_4034,0.17777091721498053,0.8657374959201092,0.03688337273271208,0.037269628921063294,700.1155969667573,957.5842734546053,0.05466798443410992,0.09967476820670967,210000.0
Random_4035,0.13054457598780822,1.0249053389452605,0.02547820366210962,0.019943616559203816,625.5846392499717,880.7077778817553,0.07812630957134468,0.158083891054164,210000.0
Random_4036,0.2886084857312708,1.2418027100995543,0.046653794990386195,0.03332628599830151,826.2766937583532,1127.911530666556,0.04968938123916497,0.08738673008285483,210000.0
Random_4037,0.1234031233013237,0.7519841266841115,0.032766986588105985,0.036295308153991505,627.2055702891214,866.3706532358696,0.059226612306447365,0.11082830671605566,210000.0
Random_4038,0.07146603523976679,0.9775248953209018,0.034364492047410725,0.03162769984749627,558.188340674176,794.7640944219658,0.06452395978009039,0.12265104280221803,210000.0
Random_4039,0.17584888533763673,0.4367273212574261,0.030087240044582603,0.034297914598034246,672.8077425996476,911.2718810192316,0.058323140456217934,0.11089221905538912,210000.0
Random_4040,0.25722220531231704,0.6868004129073575,0.02428966803051216,0.004571568231070482,732.8394204874724,1005.7420914954561,0.0821209462599181,0.17269739801520312,210000.0
Random_4041,0.2279919515268766,1.9351676135767928,0.012637451937084473,0.00878551496249622,738.7821940613233,1061.1488872020316,0.10315695986405224,0.21774473296827224,210000.0
Random_4042,0.17188146564725232,0.28276670946532856,0.002792507172029262,0.0025736631453633562,608.1767145660453,843.4422892784067,0.1004784948209074,0.21881052151485775,210000.0
Random_4043,0.2970280379156741,0.8136812197263468,0.025445643553335822,0.004197892969223833,772.4546483972081,1060.9558298420075,0.08181694147629744,0.17177646834357105,210000.0
Random_4044,0.13035867129974477,0.4323800050672949,0.04007519171752078,0.0059409737265685185,612.3291671378275,840.6946419552648,0.06747049981805538,0.13653453345847502,210000.0
Random_4045,0.059272647176672646,0.34792640628643223,0.0048144234798964515,0.02817026763553056,476.78768976243214,684.6237645502556,0.08737492746026895,0.18155597847436708,210000.0
Random_4046,0.29789733156068554,1.677357816461078,0.03310850552606354,0.025546643351678597,827.5401262521464,1152.8031489728469,0.07073194283128958,0.13800182611148235,210000.0
Random_4047,0.13453774959189424,0.4544693019981849,0.0238873653237368,0.019874188006359518,608.5976865647583,839.1823182862425,0.07378567384698334,0.15006672636192814,210000.0
Random_4048,0.26406541135370737,0.6893792628601473,0.02088281167468772,0.006976049212010309,736.5565399454777,1011.3662507416753,0.08363617354334656,0.17612880273201392,210000.0
Random_4049,0.2958470818576935,1.4433433360272487,0.046662450019576134,0.033523525536487395,839.5048655237376,1152.002208064902,0.05144474766823372,0.09081510511404198,210000.0
Random_4050,0.1593964588663151,1.5155836938869613,0.015280649812799387,0.0303359820850283,671.9377712308955,956.3388216205614,0.08521676564055601,0.17218687852198097,210000.0
Random_4051,0.16118777613466134,1.5235813275047996,0.002894643538372749,0.03702661844493264,664.0513289910025,949.7157318037194,0.09238502352642329,0.18880154225952445,210000.0
Random_4052,0.21277131736756622,1.4821864461009855,0.04579480033179025,0.03348374392029659,765.4131793500437,1058.9621152263126,0.054290869530350616,0.09687032135986645,210000.0
Random_4053,0.28121186612434185,1.0496477157969362,0.003672863200474786,0.013488143101236288,747.8515246018676,1044.0157578396781,0.09849213178263273,0.21011986104458102,210000.0
Random_4054,0.16746541208703386,1.703035958147702,0.0485458916875352,0.017670050278389228,718.5332062508998,1011.7389020320308,0.06455251928464367,0.12261866178291755,210000.0
Random_4055,0.05746171503083957,1.0470642640426775,0.0499435019741629,0.037616743886905696,558.6517322058634,793.1302331766083,0.04815720986765808,0.08129032139088867,210000.0
Random_4056,0.2728966364812007,1.7087311599209876,0.010709749381362443,0.02045622891154821,777.132236627637,1099.7560196809488,0.0947268978860618,0.1969874044549593,210000.0
Random_4057,0.13794711943882504,1.1745420174093217,0.041168420010209164,0.01694647625108715,656.6447056792172,919.3366846214393,0.06709770979909982,0.13094946109368105,210000.0
Random_4058,0.061908520546565,0.4952407209189934,0.026517463627479237,0.022174900563715492,508.6096180683477,722.4771915110481,0.07280546502648251,0.1461339843764871,210000.0
Random_4059,0.18825913853887358,1.6353294054009755,0.011782385447869387,0.02318084820381782,698.1015401635024,995.9590893491296,0.09316287034653989,0.1923404472324049,210000.0
Random_4060,0.038055456488708124,1.9543029611989635,0.027242199191608526,0.03884818442803484,523.8552419081608,796.0255085947197,0.077814578124129,0.14919300280040065,210000.0
Random_4061,0.09281707205236854,1.955774836865961,0.04244569952974606,0.024733312865967326,630.8933271743916,916.7331418547949,0.0704234521958142,0.133975299433343,210000.0
Random_4062,0.29187245512223325,0.44606456937848715,0.031131518156838615,0.018768010665572765,772.3346821074786,1041.3837392042758,0.0643764286660615,0.1287930458031584,210000.0
Random_4063,0.08181574373439195,1.6499035382670906,0.03529767726675331,0.03136052977154659,599.4872708414929,868.854209434046,0.07019411768095479,0.13372495254658964,210000.0
Random_4064,0.2944886984989296,0.10937276299320427,0.015178640985158337,0.011261377285841406,738.3266963080898,994.7554438058365,0.07982276178687249,0.1690695162653451,210000.0
Random_4065,0.07653967489808518,0.18539554889627308,0.02287486083950474,0.01369663500283317,512.518563904022,717.0705626614886,0.07751543879430271,0.16040227925167025,210000.0
Random_4066,0.11142583397437834,1.1902181421064335,0.010807864668837184,0.024435327019961595,592.156376915228,850.7531964685081,0.09083780533102447,0.18757833398652943,210000.0
Random_4067,0.17954513325455126,0.8528236894485572,0.011420014381663693,0.006465312883195064,649.4334630235576,911.2659861811918,0.09589648294070177,0.20463883497546,210000.0
Random_4068,0.2240909752191368,1.1095408520051109,0.006374779112393581,0.03484567357427498,716.9198709645455,999.5743168946261,0.0849830535141652,0.17347792595366296,210000.0
Random_4069,0.2447649712345546,0.7898142636339346,0.023848869453630867,0.023071016944915618,737.6754018967199,1010.6546956570019,0.0726968044619281,0.14662565436443756,210000.0
Random_4070,0.28646197128268447,0.4909324806235493,0.030606698081533764,0.014806000137111777,765.9741550167812,1036.0485936080202,0.06777526799722941,0.13738545670700056,210000.0
Random_4071,0.1763139252776422,0.49660696995141096,0.03553916456105007,0.037236106415864355,684.0012817430191,924.60505503209,0.05224120739326479,0.09537230639576375,210000.0
Random_4072,0.043936306260003735,1.1767116304114469,0.02358986144595641,0.00623271598280139,482.5045435761564,724.0548373153719,0.09260441359999182,0.19327979622848052,210000.0
Random_4073,0.10114611640938562,0.8282149392890045,0.04826371332721792,0.03251187307672253,615.8935851162054,851.9877395742418,0.048976988105811005,0.08564374165004582,210000.0
Random_4074,0.09181520576202519,0.10098242728145813,0.03750223430854626,0.024207641087043118,558.1916312085519,760.7528518450766,0.05667302393573009,0.10866209771322438,210000.0
Random_4075,0.13628074210541133,0.7440520388892724,0.0026924138573965785,0.0345825437008776,605.7264934479468,850.2970241196549,0.08688457736632409,0.1788591717093385,210000.0
Random_4076,0.2818398406280358,1.3098728219665412,0.03176524782156522,0.039893643795866233,809.6867083453852,1113.358234161494,0.05995610086865759,0.11124864509034256,210000.0
Random_4077,0.203051770079865,1.6278814439909457,0.007256394111048351,0.007812351320403779,696.7035641238239,999.5156719888665,0.10604839573157701,0.22606929329057315,210000.0
Random_4078,0.04948205571019301,1.245575464719371,0.04158803235057215,0.03476879433048246,538.0399978657763,780.3528615712119,0.059716336450087656,0.10888994222775343,210000.0
Random_4079,0.15063103962366203,1.9687572453198885,0.03787721653997678,0.006482807918598906,688.1980624073262,990.9010963959507,0.08394614985094624,0.1701482899184622,210000.0
Random_4080,0.1954440275201511,1.2194207980987783,0.03576122358397895,0.008515206476085075,709.4353084074438,989.6281367971214,0.07605817247775676,0.15440577293148786,210000.0
Random_4081,0.03928304725997218,0.8221789541356262,0.029760315865608303,0.01147392050819952,470.89994918518573,694.4200250263773,0.0805891626819231,0.16468463081432308,210000.0
Random_4082,0.09187905061276024,1.5012922572144394,0.009139231760826753,0.011261653035231207,564.1994799663502,833.0953234105053,0.10396831070567956,0.21977626749293594,210000.0
Random_4083,0.05147592807007008,1.8388328236669622,0.005495631644138833,0.013869831594745849,504.85755314227345,778.9247751656935,0.11058269937288291,0.233419213450212,210000.0
Random_4084,0.27847461002795504,0.4657223467186514,0.0176374415179957,0.014208777649887695,742.3475984775448,1010.3760590534422,0.07970412079626053,0.16666975392536768,210000.0
Random_4085,0.18273589123150955,0.20968716578492222,0.04912658849126017,0.005118973240517944,674.602807380867,905.3830577105236,0.05626203431317053,0.11082584393362976,210000.0
Random_4086,0.2733291224004549,1.52982755886594,0.012162175027318194,0.03368067932552758,782.2430398775393,1095.7501322783926,0.08368773291861026,0.1690383240960822,210000.0
Random_4087,0.25205011149237483,0.5880251449545341,0.03638532969056326,0.015254642877392834,746.7628588286959,1012.1053204193072,0.06393975048799301,0.1272235119488036,210000.0
Random_4088,0.0942872909907221,0.6972978057492656,0.025117654237333795,0.012704364347174708,559.7957844888379,791.7202470084746,0.08060322349870318,0.16607763956360294,210000.0
Random_4089,0.23823957240247143,0.17762831815406724,0.045097343980933936,0.03361466689402387,743.1521921871141,984.4083987346684,0.04125791520786838,0.07103102606575361,210000.0
Random_4090,0.2541319098247489,0.912613235563779,0.03011823777063382,0.033841928725616525,765.4761777891088,1044.959937525966,0.06163226159088222,0.11768045658326426,210000.0
Random_4091,0.04582218190423364,0.658481866284366,0.031026757414193435,0.023183235576817333,489.16228666021095,705.912716679785,0.07046957236532464,0.13925514753424498,210000.0
Random_4092,0.02841627238512739,0.8680487678684661,0.005990653178042374,0.006364492099502519,413.73977633200286,638.9176273601621,0.10609877919933827,0.2272555002876585,210000.0
Random_4093,0.18139522639396852,1.8984776016286906,0.011385401301003028,0.02873192617579822,703.536212213136,1011.1071246867751,0.09298065544497483,0.18991437989922913,210000.0
Random_4094,0.06427009665168665,1.7277957798966754,0.007048371605378982,0.030859517067856397,538.6964887126607,809.4821918770739,0.0973484035902491,0.19953365171120405,210000.0
Random_4095,0.05233414161070008,0.5236583088079764,0.025923528686976723,0.02469666908345059,492.6138527771826,705.2123962545824,0.07251207450448334,0.1447760699007957,210000.0
Random_4096,0.29957653341554763,0.26176773276237986,0.036749155315082965,0.01411745137836896,775.7453385818667,1038.3496913745846,0.06012624970386719,0.1199058567303536,210000.0
Random_4097,0.13033771536919073,0.2874619087825283,0.04146634738223986,0.020872449230277017,619.3523337919664,839.8854448004766,0.055810973890872174,0.10668642913673759,210000.0
Random_4098,0.22945749014278471,0.963269004919646,0.023250941550901155,0.027782385123751564,732.1787061249623,1008.8075177480703,0.07245706732346634,0.14450080397707152,210000.0
Random_4099,0.06957505130166879,0.25518417355606143,0.005928344089328144,0.009146824990065763,479.8419844006987,687.5130215097871,0.09645282044054812,0.20687557324933867,210000.0
Random_4100,0.26982388314102335,1.9157200991731538,0.019832205083194755,0.011998222857629581,786.7487770609209,1117.8657180737027,0.09372036778028547,0.19470856438424122,210000.0
Random_4101,0.05895290139474655,1.6250887884186562,0.0023992563993578877,0.018719799897148177,511.3830423579246,777.5607386817303,0.10800363347189694,0.22755964442519142,210000.0
Random_4102,0.02989991366408396,1.6748999203555088,0.007432381115943317,0.03210866593883068,465.640744218637,725.322935286274,0.09733633833568812,0.1988562578494667,210000.0
Random_4103,0.042959240590758584,1.3240055023305688,0.04800189740262322,0.02919441668115182,530.9180606544005,775.0624132802637,0.05837637514085645,0.10587422464820283,210000.0
Random_4104,0.005933658548985471,1.9313679996215065,0.03846452571754014,0.012135307345712117,411.57724593029775,675.9242339054517,0.08587381755543504,0.17150770188556913,210000.0
Random_4105,0.032920805767868606,1.4688819144867462,0.016313881854836475,0.02549835226581128,472.1331956458689,723.1181045100877,0.09107849580876207,0.18543209796926502,210000.0
Random_4106,0.20432712994729663,0.4626270939458156,0.029827845577323882,0.013134682154355492,688.0026674396167,936.4656669354683,0.07085988891723834,0.14453476674180493,210000.0
Random_4107,0.19845850484809313,0.3554057010036704,0.0262026231497536,0.027881494813315612,684.3375297188236,925.6186830389665,0.0643330629309431,0.1270324786766585,210000.0
Random_4108,0.10170318381033193,0.5429260552383645,0.005555977017592937,0.0062399993519102505,537.0560134246965,765.9698037534457,0.10030669430265042,0.21589499805749957,210000.0
Random_4109,0.2490433348487149,0.6547468962894156,0.0043671497089334535,0.01164088060054504,705.4435135379188,975.8873151583629,0.09565165750682285,0.2049001028898543,210000.0
Random_4110,0.06265891281495545,0.9610451879983873,0.045696969012619285,0.038856003538799345,560.9580083463163,793.1055322058692,0.05016322516814534,0.08650526131572323,210000.0
Random_4111,0.23616303342194353,1.1313618440901818,0.022114259622203106,0.03128640253369188,745.4047321888959,1031.0847205559685,0.07291962160902585,0.14447897835569368,210000.0
Random_4112,0.11389419030871573,0.8686908212741532,0.0013280620777791634,0.02346425433205483,572.1567512563653,817.7380004780944,0.0966634570771519,0.2034099875903702,210000.0
Random_4113,0.17162207580523808,1.6061122415976734,0.045007675427242384,0.014971241418668995,713.5486615534057,1003.9309180289378,0.0682860107115521,0.13258045468473972,210000.0
Random_4114,0.10631935549880175,0.47520787742130943,0.008778304585784207,0.02853310011077928,560.5992517352744,785.5785327182085,0.08321041479287214,0.17149626770711884,210000.0
Random_4115,0.06670118895607731,1.5866952285981117,0.04657768512703201,0.025521568532622177,581.7318130249276,844.0404552580897,0.06346877988766299,0.1180978583114643,210000.0
Random_4116,0.27656765678086925,1.9715620936071148,0.009888311828526428,0.017343363692860932,786.3183039139104,1122.001978279737,0.09989218203338242,0.20889169385820988,210000.0
Random_4117,0.2741646542925983,1.357381120628688,0.03459119336512405,0.006665188007054203,784.9300155606144,1091.2528190522808,0.07797047742465331,0.15943840230043527,210000.0
Random_4118,0.14553213569295997,1.9552000601400121,0.02779969877960864,0.0075760191294184055,670.4329234484677,971.9699026452861,0.0923569253461581,0.19056356352870535,210000.0
Random_4119,0.28082527981757616,1.815791860268709,0.03422247120226545,0.023073437198184433,817.7076407070543,1145.0409217015042,0.07291504211026639,0.14291172086035275,210000.0
Random_4120,0.2484385787702598,0.5468269814094386,0.0499698278185433,0.022489259454317758,763.4377391310992,1024.35787100526,0.047033146443003784,0.0850826579768631,210000.0
Random_4121,0.13127027044701994,1.90711037570033,0.01027454239396488,0.018972935475450408,638.4405229595287,934.7382592482453,0.10119400644817704,0.2106890217485879,210000.0
Random_4122,0.08563863266949982,1.3994335065401888,0.016100687151185407,0.011709168860227007,559.8741275853189,822.0335050660892,0.09662539948935812,0.20212685657415128,210000.0
Random_4123,0.13786244387125363,0.7896451815975609,0.04563066138429902,0.003975616971739844,639.3457966381936,885.3769385094141,0.06701751994837586,0.1341925285543362,210000.0
Random_4124,0.23112374930417148,0.16207813454927966,0.015465954523174806,0.031006384151852855,698.6143320010722,939.9709982878304,0.06948252549557397,0.14037611552113688,210000.0
Random_4125,0.05038684030583506,0.20802747404675803,0.049960323929621665,0.02904096146089965,509.5851424219756,705.2229859992968,0.04520200368077578,0.07880349320534302,210000.0
Random_4126,0.08942989338539885,1.0615217199362819,0.02090641742583247,0.006453962885084384,555.9022166436212,803.8393369622302,0.09194609752916755,0.19294804293396833,210000.0
Random_4127,0.058492174298157826,0.5623637049178604,0.01005342335628456,0.0047639239670905185,472.747983310965,691.4920058209382,0.09888017056306075,0.21183340219677144,210000.0
Random_4128,0.291664348584643,1.4319463586434398,0.045601533465159244,0.03931031843107306,838.410806474977,1148.9715316083941,0.048890700834424705,0.08381666091035646,210000.0
Random_4129,0.23355121496261946,1.0868088131028666,0.017464146185699428,0.012758679623282854,722.8705906631922,1007.7469649287574,0.08782972143336382,0.18357031254313466,210000.0
Random_4130,0.16186965031449774,0.9184300880496101,0.02914466414026371,0.030398718251106818,670.4950004744989,927.5282964240461,0.06666826670029086,0.12951918044403352,210000.0
Random_4131,0.11876656741140439,0.6813538618994023,0.01949649223809248,0.006517117141112368,581.9678886927601,820.239365580748,0.08846392019022577,0.18652239662876963,210000.0
Random_4132,0.09813436072276749,1.082709357209654,0.007104348426003811,0.017998831293196862,560.9568663424069,812.2041232199971,0.09736860035002773,0.2046959288123752,210000.0
Random_4133,0.019914459395591725,0.7007552668781054,0.042361043233029,0.005433485232058946,426.1698662961804,638.8589058773858,0.07280015061063358,0.14648248983523196,210000.0
Random_4134,0.07922235519253841,1.149193274233236,0.020835801355959457,0.023822339970300418,555.2185587858777,803.1651936184072,0.08281701432686965,0.16777077212323538,210000.0
Random_4135,0.08849861881502981,0.15020814916009156,0.03760929578247784,0.0032075675509054126,540.3721942275228,745.9908665768137,0.06977943127277622,0.14323211721219914,210000.0
Random_4136,0.06667094569920796,0.6064112435604754,0.0371369118776366,0.027736535697209474,537.590721098404,756.3570876774397,0.060834826808904424,0.11572027458787039,210000.0
Random_4137,0.06233488073788888,1.5433933850026214,0.0021206549808454587,0.013725860470405634,510.8742455463842,774.6429468198742,0.11029643722357761,0.23425426826665474,210000.0
Random_4138,0.23355316174186305,1.2103756982680216,0.004854661328886716,0.03660279137454715,728.7567407889138,1018.295341430166,0.08610741932211642,0.17563185756285926,210000.0
Random_4139,0.12032001757878256,0.677218749915522,0.008442105350929537,0.02246888859642594,581.7459882877525,819.8279569128582,0.08875552433430539,0.1851466510896686,210000.0
Random_4140,0.06114503663870504,0.6746892006259824,0.045958216615485666,0.02349811793248003,537.7603665398973,757.8511329639055,0.05634012180335318,0.10489770978752007,210000.0
Random_4141,0.26872325777247574,1.7789906772566322,0.02884376563314792,0.009516100141935265,790.0851791904049,1114.2517848480654,0.08575315280363224,0.17616235929723117,210000.0
Random_4142,0.2245677371472882,1.439510056774325,0.03864671808214319,0.003063210369837533,745.4003673707017,1042.9834599362098,0.07829741237355314,0.15991085336631403,210000.0
Random_4143,0.2930287563401996,0.4703846630515137,0.004064207024264162,0.012567089013664729,737.326649354342,1010.4206445936758,0.09267938078028175,0.19870624314539193,210000.0
Random_4144,0.25535121794787496,0.9389633960449763,0.04533489564080569,0.0026456558200649545,763.90814906491,1046.1608622570332,0.06689437669478959,0.1345965328052309,210000.0
Random_4145,0.01450642889381128,1.3810783528806652,0.022586739223212436,0.034253973302811366,427.8179843530725,669.0458604540732,0.0805214814990636,0.1583066779877177,210000.0
Random_4146,0.2914359463723854,0.18289793322455394,0.01161725417195339,0.01776398339962554,738.640190458795,997.37908504127,0.07991809899527097,0.16808370296191036,210000.0
Random_4147,0.08258164922014591,0.43670806556588226,0.043440397327206275,0.011841213833555724,554.3353159743451,770.2100623369853,0.062418590156519696,0.12272453584873455,210000.0
Random_4148,0.2391441629484048,0.5418478273287219,0.04980105197845922,0.031511751491102,760.9054774549495,1018.5696461442783,0.04191000692955668,0.07129489247128888,210000.0
Random_4149,0.014286694767494796,0.648455879046558,0.009409941756203879,0.018892100163625827,374.786622249976,585.2746471453585,0.09428981186145408,0.19725880695497627,210000.0
Random_4150,0.16623846474507994,0.945664110183419,0.027986548180879364,0.01302741599666071,662.7524564386001,923.5858404489207,0.07829782783954718,0.1601900700080783,210000.0
Random_4151,0.02052973235303235,1.8156267434155793,0.04481217717692904,0.019849802330782637,480.17021286711645,741.8328910484587,0.07304978651858986,0.14023478123409508,210000.0
Random_4152,0.04004424678842763,1.3484998241892134,0.030716743998021316,0.013829270509805484,493.8376037590335,740.9674763840289,0.08354015460983584,0.16926190341654096,210000.0
Random_4153,0.22864755122034872,1.2537643165896495,0.003177123901413491,0.020895152687427605,712.6748499140491,1004.3303498385633,0.09757771908060077,0.2055265275256651,210000.0
Random_4154,0.07147016224426994,0.1487802199878868,0.036304996704881694,0.022225006135689056,524.9359439329377,724.8161941662144,0.060131520686460334,0.11685104023669235,210000.0
Random_4155,0.21865047685152736,1.4258617099838602,0.019330439500048258,0.004387873974191194,717.0138889008086,1013.942819985025,0.09487648183484974,0.20026563828000374,210000.0
Random_4156,0.19791384076682061,0.931024777334461,0.03038669857504716,0.0026773413142098836,691.3116204241636,960.0410724047789,0.08145831257822168,0.16969100920074054,210000.0
Random_4157,0.1399135169870225,0.562881991132316,0.0013147831024969095,0.03272397689279775,600.8305309709091,838.4154990189953,0.08733012592265676,0.18104474784719565,210000.0
Random_4158,0.23100354583484659,1.513590638177238,0.043180927954799844,0.035746792385383114,782.380994704309,1081.9292422537817,0.0552124301433876,0.09885377215070196,210000.0
Random_4159,0.25737675376213875,1.3231080578157155,0.027685945970701578,0.023904587899315575,772.8559417522231,1072.6127500848636,0.07382451395306282,0.1470128143581188,210000.0
Random_4160,0.26186258257764755,0.24709427476515003,0.03052039778244467,0.0037522933771121938,728.4519763715493,982.2950490876285,0.07251670662714271,0.15132433679046267,210000.0
Random_4161,0.032999665870194046,0.20099799227339937,0.024687211454766496,0.010651686210792679,427.6080552461924,622.0757695527991,0.07976731585533857,0.16539907264445344,210000.0
Random_4162,0.19629491094124316,0.6137977156763943,0.04400798077610708,0.03848080569889923,719.9756946382911,970.071216661039,0.044581274735171164,0.0761670348803398,210000.0
Random_4163,0.23864845492210943,1.9836778215613442,0.011610231498168058,0.03476578684815548,767.361979861315,1092.5795140943972,0.08875776603580986,0.17896512473309023,210000.0
Random_4164,0.06348864944063529,1.7886730639029926,0.040852710017420864,0.009834835463923997,565.283780712375,837.5912273096608,0.08017899953099411,0.1600829808694503,210000.0
Random_4165,0.20119326514994007,1.8122307380692213,0.04126969497494783,0.029332795287403346,757.1758167303606,1063.3763170099724,0.0644089902813123,0.12057698445768414,210000.0
Random_4166,0.16495600133069127,0.8989267754916495,0.0020234894016020635,0.007772281135543862,624.8642034215201,885.7712470083455,0.10438180345209257,0.22484529868932673,210000.0
Random_4167,0.14096007535798258,0.7755333993055823,0.03135673501530096,0.016457025945566375,634.1935203494111,880.5074412807885,0.07215112688542384,0.14517674938650074,210000.0
Random_4168,0.06746857019651213,1.1216787273137638,0.007691704794625346,0.032299798246574835,524.8710746489957,769.0144396839471,0.08971943146187747,0.1834422617072748,210000.0
Random_4169,0.2434405968325251,0.240656725412919,0.025084114301507265,0.007947093329143107,708.1441853493924,957.191390590653,0.07519466844155942,0.1571768538308587,210000.0
Random_4170,0.19232588618764768,1.8988461840434814,0.004510770859384139,0.031066641188476667,708.3139683446528,1018.9973252096925,0.09751778828634894,0.20080461175355357,210000.0
Random_4171,0.03290941565728026,1.0003869405842627,0.0022683261598351314,0.01696534339812706,432.87984693433623,664.5859196103111,0.10415497932881708,0.22061649083444929,210000.0
Random_4172,0.20229292156885395,0.6155486038461565,0.016712387995361528,0.033406183122295714,689.7762635163299,944.0396953922078,0.07207522988922158,0.1441030313313802,210000.0
Random_4173,0.07944070543974907,0.3325285244862526,0.04263102367572659,0.011155568455552888,544.2716730123275,754.7927056036436,0.06262697734503131,0.12373931783755082,210000.0
Random_4174,0.060239773666421255,0.7994813343811515,0.0107155590710405,0.026276940065597176,500.12850563754984,728.2057091703758,0.08767588769600469,0.18055477573735432,210000.0
Random_4175,0.2967914955426488,1.078403863060239,0.04157944894440525,0.02932119191671141,818.4714685291622,1115.5254649836456,0.05487410475845371,0.10138795317246077,210000.0
Random_4176,0.11003633519088095,1.5330497220273205,0.004176548691324699,0.03231667036693467,599.8357946440574,873.4126584083463,0.09554725614043891,0.19649722465757405,210000.0
Random_4177,0.2813966710255777,0.6360086444092031,0.03815955731262131,0.015044106290174521,776.0041613042259,1050.717424970811,0.06238065407592511,0.12347984271073187,210000.0
Random_4178,0.23593179191410452,0.8225446510359016,0.012705326375499346,0.035856412114419596,726.2902373495168,998.402755545465,0.07556224340525636,0.1516997914145451,210000.0
Random_4179,0.14218196890979914,0.7270900876101518,0.02384947542539457,0.005589777186848536,617.343587207121,863.2529931680482,0.08491110180114844,0.17804650255739962,210000.0
Random_4180,0.13889846811056267,0.6435208501828469,0.030824421382595394,0.023030224907266892,631.0554559631869,870.4301395458666,0.067421277355075,0.1333006961942051,210000.0
Random_4181,0.2004075341275686,0.34522706805753345,0.044812738409758274,0.019013798872710267,702.0699932541396,942.6009718660232,0.05275914677551076,0.09998767863803408,210000.0
Random_4182,0.24376949096951028,1.2846576992582228,0.03237738552169424,0.021242336716350136,763.0426800992597,1057.5050715292136,0.0710869243866308,0.14072595987804387,210000.0
Random_4183,0.12890136932582524,1.187615316696834,0.006809107034952638,0.02387361082979256,609.5745236795443,872.7879378331785,0.09424322296936083,0.19621335879282353,210000.0
Random_4184,0.11659848021243252,0.881735228737111,0.048572439367766375,0.026026965861530124,634.6852129256141,877.5449658535484,0.052656673415564986,0.09547358473941131,210000.0
Random_4185,0.2838256173457715,1.8760738301556368,0.02026216212487317,0.03878593611772357,816.6049142291341,1147.260793063173,0.07659817337761565,0.14957710745819255,210000.0
Random_4186,0.1815379959679304,0.812864257160447,0.04855853599606463,0.010112187071786828,697.2645062525424,954.534238971317,0.059837192751932014,0.11620609627672343,210000.0
Random_4187,0.12635524544647975,1.0247409077198069,0.00867271052123424,0.03934380664391006,613.7321961471187,867.5930269829183,0.08172638901950327,0.16424617117294882,210000.0
Random_4188,0.27137801310452986,0.8154388104732442,0.03495144900182299,0.0375017369830569,785.5789066318645,1064.3219015005025,0.05377825084492486,0.09857522729589774,210000.0
Random_4189,0.043957398382430464,1.3292963431859752,0.04978681598994514,0.007021086616591128,519.8784895095661,766.1415423400197,0.07007897312254313,0.1374347852024718,210000.0
Random_4190,0.14977556467703343,0.7741972726158545,0.04007821133238723,0.034495035935799855,667.6449165572228,913.9618252127397,0.05323439133749139,0.0966394837677079,210000.0
Random_4191,0.05514416834738285,0.7510323945551395,0.04737569732015676,0.009120896609078787,520.8667575243209,743.929529851809,0.06470309929631088,0.12680756102092752,210000.0
Random_4192,0.24461834471925525,1.2580052345924866,0.015447306776824168,0.03737854531306638,753.8620929283712,1047.4008464976557,0.0763585677285811,0.15158679462120592,210000.0
Random_4193,0.2508694802646641,1.3699022670441385,0.004003794982218565,0.01091873021608181,731.1760974989412,1034.3452675662293,0.103526994545185,0.22108497901104981,210000.0
Random_4194,0.24160724484746568,0.5792862950753528,0.005828951344249141,0.03324818732235504,712.9255319495737,976.2690553465027,0.08076718237233431,0.16590350927802697,210000.0
Random_4195,0.056746389399996024,1.2421147774412458,0.03091877036862945,0.026039902216813248,533.1979792022938,778.7230477303135,0.07420601297927522,0.1456285569243733,210000.0
Random_4196,0.2849856426858949,0.8902333915772375,0.022885846776093594,0.02126482133162245,773.9629787866252,1061.7378386304574,0.07486936970680413,0.15207847217052187,210000.0
Random_4197,0.043854215575067024,1.7267209178742104,0.03512669754991347,0.005054970877439436,514.5983319936614,780.0497937175794,0.08843191923082386,0.18079117109070658,210000.0
Random_4198,0.02559860633893252,1.0741897247618983,0.0051698002271682395,0.02253507289812159,423.5710319428531,656.0928312918484,0.09936812040929684,0.20765429156847776,210000.0
Random_4199,0.2521132755889504,0.39023872106988533,0.031248406724059694,0.029289496019910946,743.5570361086922,999.3030652345569,0.058162946978466634,0.112110732859345,210000.0
Random_4200,0.0540174276250882,1.7128565536796414,0.009106235534145624,0.030219511614894536,521.205966573752,788.6428086236847,0.096152916666605,0.19657553447359394,210000.0
Random_4201,0.16445600227575377,0.7909148056138625,0.01301051278649155,0.032152148894836495,650.7797150056002,903.8718688926562,0.07879776216164011,0.15953045965074902,210000.0
Random_4202,0.019801521194814153,1.742452377189392,0.036192532893166963,0.005431203519212368,454.8648053560372,714.8956437152731,0.08877816449609047,0.1809068344272292,210000.0
Random_4203,0.26900405331315524,0.5883504806032652,0.03883618748336974,0.015175640141416848,764.6090459537187,1034.0148846991715,0.061452431851626035,0.12130013265333736,210000.0
Random_4204,0.0988119040658572,1.3135916787075645,0.01994512121415747,0.021146718511792166,587.6218046211022,848.149059001331,0.08621040442167875,0.1759840729529777,210000.0
Random_4205,0.0347698713621529,0.579619024294533,0.034546675592447236,0.01780331677136245,462.0251276163199,672.6124521610074,0.07029285593992265,0.13964571493432143,210000.0
Random_4206,0.26008731978973276,1.1864105292575524,0.03602782199857533,0.016269553142050797,775.1352535645505,1069.3617673173235,0.06947758224323146,0.1380362144302125,210000.0
Random_4207,0.2674471510840335,1.5858417597134524,0.012916470122080179,0.009032162517850523,762.7643748251865,1079.2331511721059,0.09847123841374708,0.20816302377152182,210000.0
Random_4208,0.040281423482678394,1.5544501760478924,0.040998245021547454,0.03880691197297125,531.4005815669767,785.03678280024,0.061347887546228726,0.11077371229464988,210000.0
Random_4209,0.11038988204722894,1.9013145725133878,0.04587183862573931,0.02991533220455059,661.5577045263822,948.6513571348687,0.06313429707047502,0.11595372580883404,210000.0
Random_4210,0.0932837706682635,1.3040826331878792,0.031016042638383475,0.03911843088580274,605.1265725942341,861.5204758728196,0.06554685103370678,0.12303991265773899,210000.0
Random_4211,0.07445057631704131,0.22524222249605136,0.03801616789342223,0.03873267986920159,546.1864513366573,748.79508760723,0.04934113661783182,0.08798273413061408,210000.0
Random_4212,0.2507734775415076,1.277258294557455,0.03215748538446557,0.0032319365788390487,756.2509705539936,1053.5898094373915,0.08187622654829796,0.16959668431127403,210000.0
Random_4213,0.06203693462991407,1.9091222535715302,0.04348760803365503,0.02616911712969721,581.4877232013482,857.3349202564774,0.0692694620788259,0.13067623409231083,210000.0
Random_4214,0.08433864311212874,1.2083846794035276,0.0029367262409039476,0.015186776553545448,537.8183248074483,791.8304159350834,0.10452050400172205,0.2217916068856643,210000.0
Random_4215,0.13632650507686161,1.290357221445083,0.04832213694239831,0.015464404996036445,666.2759247422538,933.3207026214232,0.06275052209836889,0.11998642742136381,210000.0
Random_4216,0.1635587672888848,0.7656539045311194,0.047280651173018204,0.015261443587857082,678.1992735849265,928.5400235301779,0.05785860694783131,0.11070037599131252,210000.0
Random_4217,0.1679793538025816,0.5449182534070252,0.014151312101928711,0.03668160456454177,650.5983962610637,893.0479227817076,0.07250698202195771,0.14468079737732722,210000.0
Random_4218,0.1243025691751475,0.4672234308340891,0.030648784749815097,0.01739550587681107,602.6173412450828,830.8744946762737,0.0695997106107019,0.1399817049707533,210000.0
Random_4219,0.22671642358115424,1.9720931500765586,0.04311226343370703,0.02415368989913,786.1982921255028,1106.2403135076097,0.06690473085266271,0.1269030803721906,210000.0
Random_4220,0.22526279715734654,0.9678123412292555,0.03596696399085537,0.0038302087819212243,726.8716575204543,1003.5551383432853,0.07551735893712422,0.15511584876513776,210000.0
Random_4221,0.11599740364769845,1.1236930118809445,0.02878198933824891,0.029236605267145492,620.8587904574343,875.7828393355699,0.07097949823968255,0.13875155863720734,210000.0
Random_4222,0.061315479127193734,0.8399078828190504,0.03309204701077314,0.029731735566032598,532.777110511162,760.8759324136732,0.06582480266102302,0.12652009229132372,210000.0
Random_4223,0.2506977392530097,1.0060421598944609,0.030368758522368783,0.0198427083935712,756.1714094806715,1040.1008241358995,0.07080896883084725,0.14153335089531846,210000.0
Random_4224,0.27126745290608684,0.5302134222853236,0.007212642860339617,0.03811528493842104,742.6434199801408,1010.6936529856013,0.0755249162563649,0.15291866139322555,210000.0
Random_4225,0.05497419499084824,0.6998924940903402,0.036989122405085686,0.025914962096302514,518.0428462115724,738.2492304332388,0.06347042221710264,0.12177921063364999,210000.0
Random_4226,0.26381511161855786,0.8636191049755273,0.023415183801875274,0.03985622989739731,768.4906672997904,1048.2455918323867,0.06337620064217983,0.12144383580465061,210000.0
Random_4227,0.24952701668855864,1.5794427567087255,0.014509546771732953,0.003555106135009064,744.7546403925143,1056.7661463840072,0.10061223593625275,0.21399861070980872,210000.0
Random_4228,0.03941927440840158,0.8041820193839193,0.042599659705213205,0.03962434878391741,505.6915966822263,725.1566854774726,0.051956659628601506,0.09102371586155074,210000.0
Random_4229,0.03339273456171442,1.8469136437840863,0.008432258646788562,0.020209460590633336,473.3704216722338,742.5383817439525,0.1050996914935689,0.21874269529216905,210000.0
Random_4230,0.07570267018486343,1.0352858824976767,0.018038684449407923,0.009025616129957732,531.8264225671063,775.1748107793684,0.09319984949699216,0.19557397876223806,210000.0
Random_4231,0.13431500080657469,1.2969747686273436,0.038359942665484585,0.0013782269213755208,642.2319060422111,910.9954672651364,0.0802890609323629,0.16468285402998173,210000.0
Random_4232,0.2521258829722844,0.5032155683052818,0.04813953794959066,0.007100268445289651,752.2594227788192,1013.5164095840375,0.0574039828070936,0.11271204305623506,210000.0
Random_4233,0.25223095671085566,0.3675312719679954,0.026957107039165287,0.038483674269052734,744.1540964190636,998.5154803306798,0.056279191790447367,0.1063820710576075,210000.0
Random_4234,0.05891422129607014,0.10384894195695811,0.042163217215740116,0.01946267740063639,506.3047150308654,700.7764011736359,0.05655953710228745,0.10846871635802427,210000.0
Random_4235,0.05901089797322714,0.5453238607751061,0.002162135368156813,0.008861319875615406,466.51325078703974,684.9236725957246,0.10333209308870307,0.22225480407989728,210000.0
Random_4236,0.06965422533244921,0.8180908958777433,0.03394302897609858,0.013386039415428475,536.2638262248943,766.7051474011829,0.07432214184198596,0.14971265632736108,210000.0
Random_4237,0.09661821826416699,1.1274959942201024,0.04305972251044489,0.004608112507864258,594.1109464816234,845.189393986105,0.07353964793550694,0.14801216186369018,210000.0
Random_4238,0.26470665902545104,0.6203615037258018,0.02280432662255667,0.029620160354583387,752.8588160209615,1022.7577894868141,0.06761769465986738,0.13426559452887873,210000.0
Random_4239,0.1557367201049649,0.45198105725169635,0.012218945554452788,0.008055737894526328,611.2925162199042,848.9438691465534,0.09079661843624737,0.19348336349290307,210000.0
Random_4240,0.2528134791789116,0.8680801231104928,0.0012970480366556695,0.013778557642261314,714.1092992721251,995.1702261525119,0.09919021125787608,0.21235018024418537,210000.0
Random_4241,0.11056692769111699,0.5816057368751579,0.034451522059773074,0.0010465868939745144,581.6950887497662,812.6692301156278,0.0775314142527572,0.1608635849240153,210000.0
Random_4242,0.057060918889961364,0.9221784349391631,0.023536214910189663,0.0075505244297854315,500.7919170249301,734.0682371724848,0.08873139078770562,0.1850280858394212,210000.0
Random_4243,0.24548865675249973,1.0552511413079368,0.02389637663369273,0.03351486191434252,754.9911521710524,1039.2567186341914,0.06902749291804365,0.13509049041687315,210000.0
Random_4244,0.20566577241030992,0.3177149071673957,0.03014541520081465,0.004098228620311013,678.3167752363133,921.2908976557336,0.07451726054741507,0.15533706356637986,210000.0
Random_4245,0.11402691927672093,0.4922162594464554,0.029556223209561593,0.003040162168915999,578.734000230575,806.7827508945676,0.07974388996494876,0.1664492257785065,210000.0
Random_4246,0.2863482369643014,1.2074567309258997,0.019632579555832298,0.0276487060457398,786.7778213858563,1088.9179306704714,0.07711371883480088,0.15531492342897285,210000.0
Random_4247,0.039184040783156134,0.43644912079870624,0.033374220610335646,0.0024932959103402823,455.2247234660987,661.7915427761753,0.07887272328206962,0.16339843995586886,210000.0
Random_4248,0.14832911574831067,0.35952657968426016,0.037814976467696805,0.034581470184877616,648.7901035489592,876.2593628396227,0.0511102010345587,0.09326182340808761,210000.0
Random_4249,0.09275440374606157,0.8075929651970212,0.046477078148961494,0.03507516256476551,602.6913302251755,835.6974353384587,0.04911034024861913,0.0855997842117474,210000.0
Random_4250,0.159653489328017,1.1596845021795796,0.016966208176313363,0.029099235342555468,660.9278363328899,929.3417757814657,0.08087638391968627,0.16332659043182501,210000.0
Random_4251,0.24959809827564036,0.6237777809348962,0.043658872519439125,0.008469900642912838,749.7899427646987,1016.089165622691,0.061870893423692466,0.12289027758244415,210000.0
Random_4252,0.17339392015537158,1.7600772234508177,0.010577168504867049,0.03329677182850308,692.3684056666916,991.4104455341518,0.08977513836391218,0.18200070059447632,210000.0
Random_4253,0.257536544567444,1.4181139129825546,0.03910577289954865,0.005189555372299589,776.926130062897,1081.5817660272248,0.07572259858866447,0.15372706586858964,210000.0
Random_4254,0.1634794096666587,0.3906284287562668,0.046774091351931765,0.009931914965704457,660.646528678404,894.5581798836898,0.05776393567865421,0.11284546883025393,210000.0
Random_4255,0.07367232205182339,0.7636929804054015,0.044914224970842694,0.018719205674132315,558.0135803671989,785.7071705467997,0.060554074767680516,0.11565477727737097,210000.0
Random_4256,0.1030981722816594,0.3928330578206004,0.042627542773156515,0.032064329000542645,596.3273755958387,813.8040565262847,0.04990316386106289,0.08992957901264612,210000.0
Random_4257,0.03985483472873725,1.1167991807768798,0.00976830965493343,0.03623296233935263,475.8460978129247,712.3856678705257,0.08664400057555566,0.17488749235339682,210000.0
Random_4258,0.2906596049366917,0.7081097876885641,0.012001232122294828,0.0028370255391512982,746.3869436017565,1029.729724668999,0.09379520242980735,0.2016551017950363,210000.0
Random_4259,0.16977137475053514,0.3281579265981179,0.040192780481289644,0.005414071592333195,654.3366125238958,887.8980147425551,0.06561896946851434,0.1329951981075795,210000.0
Random_4260,0.24540320033768354,1.0582539747533368,0.006932376759259087,0.010746271337153692,718.7238170821307,1006.2817541827388,0.09798800039704919,0.20890454155553326,210000.0
Random_4261,0.16410057070697293,1.0574969556253713,0.012220836681762059,0.003799411509583636,638.9209433046175,906.2518291291948,0.09919470390840865,0.21198130854027897,210000.0
Random_4262,0.14624303757332513,1.6387555143538477,0.04904937114806839,0.02207743302667489,695.8455159034803,980.4601291087553,0.061348314085277744,0.1142459065006582,210000.0
Random_4263,0.1120494755284628,1.8338410012700015,0.010743245960008058,0.01657303276121062,609.9415817242245,898.2914933657928,0.10203091057874601,0.21313530966900449,210000.0
Random_4264,0.1233875864290963,0.5443154903381133,0.004919968283687992,0.020662046294178435,575.5575593758991,808.8520918821589,0.09159264183005011,0.19295247782895364,210000.0
Random_4265,0.12688916953210977,0.45011785782282454,0.0357694441054541,0.02082038732084316,613.8452837840218,841.2956932549727,0.06269214527505616,0.12274835797959338,210000.0
Random_4266,0.24863011817614616,1.3813646436812788,0.02243717415897505,0.013570919299319466,753.5374278259341,1054.9757188589645,0.0855050733853259,0.17660690938733395,210000.0
Random_4267,0.179848072696874,1.442571407723194,0.013997314687930227,0.022562682104294705,684.7571389529228,971.710070731307,0.08980882193809371,0.18499364515929748,210000.0
Random_4268,0.17732287448878373,0.2841193771030268,0.04893885812439975,0.014971953405663797,678.1386795267971,910.1419051962242,0.051391104878006744,0.09721788514398805,210000.0
Random_4269,0.22106754992238642,1.1158400245310316,0.03941740014022119,0.01111801351301937,737.2982802167774,1018.7351357090112,0.06960836779505934,0.13900257012882247,210000.0
Random_4270,0.23424128748806997,1.363153026435129,0.0014155101730154878,0.023318277694935673,721.3180833161534,1019.2415883483156,0.09868690847396817,0.20748030180075583,210000.0
Random_4271,0.09684711000177448,1.8208482741864336,0.004137097582995953,0.033060487248945246,591.9189626082959,875.0931056605739,0.09842474890473607,0.2019704638766957,210000.0
Random_4272,0.2543783351989413,0.20928114241175627,0.003221565447690263,0.013838876259868606,694.8013301891424,946.4487300608021,0.09080289013670641,0.1947816035903892,210000.0
Random_4273,0.1008111184379666,0.1552262786461883,0.021526353898116798,0.028513675237757476,556.9810171617776,765.1657769794778,0.06872018580072471,0.1374243599470997,210000.0
Random_4274,0.2558029197422765,0.18247057840146763,0.04894523883756676,0.03207413322524529,762.7653180961327,1008.4456742947428,0.038414118273072326,0.0644204877210198,210000.0
Random_4275,0.11602276916968254,1.8253399805877055,0.013166468984604326,0.004169087280322574,609.1640599717336,898.923206889407,0.10708970231213043,0.2272451821182901,210000.0
Random_4276,0.18464616217306726,0.15675477649230257,0.01426461190762297,0.035407371596914275,654.1233761124396,883.365122917497,0.06889087932261999,0.13791296524342506,210000.0
Random_4277,0.27942342658570224,0.6209417637301954,0.03342481276074581,0.0318020172977353,779.8488028626767,1052.4288924722828,0.05647377235819377,0.10685681269299507,210000.0
Random_4278,0.025724764281364464,0.8861059532691219,0.031004592187542746,0.015268324715309534,443.2575193337669,665.8616449489903,0.0785881434448597,0.1586671201285785,210000.0
Random_4279,0.2703501184713907,0.5898727374151616,0.04156842335962803,0.009611973927572338,765.2128668919768,1035.2502379105306,0.06232092129835205,0.12416968368182396,210000.0
Random_4280,0.12340892197347361,0.2274617134423151,0.005515020567496265,0.03191500431183062,573.08614192845,791.1797475363765,0.08113617483082942,0.16730033970992808,210000.0
Random_4281,0.216860042092263,0.16366555967906926,0.03366063431047673,0.03746931233234336,711.4636806881166,947.3532456653148,0.04954685051141923,0.09064172236571041,210000.0
Random_4282,0.19559730263528577,0.1902983748893466,0.024523653131454107,0.03766430529408897,680.4912950216019,912.9790108764006,0.05838783598886767,0.1119004886075181,210000.0
Random_4283,0.08519704075333395,0.652111336651943,0.013217944932130438,0.010791530373754566,528.9362910758515,757.6598033890516,0.09231233827861933,0.19502088643488463,210000.0
Random_4284,0.09280122542842804,1.038761636242879,0.0028198183940971156,0.013099910521039447,543.0800187109204,791.7510203857461,0.10389717478390048,0.22142645800174637,210000.0
Random_4285,0.16302822171695902,1.4196939705556915,0.04325125319899926,0.007382783881714947,690.1495223533846,970.7420834911733,0.07276579081236337,0.14527796679244104,210000.0
Random_4286,0.026058274206832446,0.4927919873019879,0.011571380720057388,0.03515064279808768,421.0220054030386,625.9744515018843,0.080194776456677,0.16170074350609592,210000.0
Random_4287,0.14533704695968394,1.1700829133094461,0.0030762097595672306,0.013779779220132383,617.3980656068667,885.0375793273367,0.10303975356239423,0.21933711153290858,210000.0
Random_4288,0.24013407875850448,1.1313729534888537,0.024930117586559476,0.02934738854637309,751.0886621670221,1037.691764273012,0.07146749511897048,0.14122398778476794,210000.0
Random_4289,0.1900784432508566,1.40328944572058,0.04495006229258531,0.028927467718349573,735.686311837789,1020.4437453070545,0.05750176044989992,0.10545250889542584,210000.0
Random_4290,0.0673354352354848,1.4542241483837768,0.016413025840965798,0.03648876408173235,549.6772616079292,807.7190639002545,0.08268744532130415,0.16421417467352897,210000.0
Random_4291,0.1640628219709309,0.691940124229706,0.006317222620901837,0.018236764340532594,629.1063285213526,879.2950206475073,0.09219090845716901,0.19456022212976423,210000.0
Random_4292,0.04903494822506301,1.3216550962819236,0.04814011328347655,0.028620953732620205,543.3552578444376,788.9475888721022,0.058289109525416785,0.10587379224439486,210000.0
Random_4293,0.11237098985565062,1.4893757576864315,0.010091490603836812,0.03252287541471449,608.6999950747175,880.4055023530356,0.08959333429478719,0.18214092218215389,210000.0
Random_4294,0.12231975109609275,0.6869113810868201,0.001020000167329117,0.0315440422116537,582.1148941836203,821.0007207162317,0.09002984019779912,0.18703406344400508,210000.0
Random_4295,0.023385487676716193,1.6879140799090064,0.04465370228573483,0.015161391032554011,480.90523799696604,737.9225360465872,0.07453551126163006,0.14514498519594454,210000.0
Random_4296,0.2527635679713693,1.584011966661963,0.011507229678593769,0.011851139716824822,750.0252675770832,1062.6280285180803,0.09831780967406091,0.2072922715899544,210000.0
Random_4297,0.15639590731522018,0.9970253686510646,0.04341817224351059,0.013888469565629714,672.6419251003783,932.0225121737501,0.06465143244331911,0.12638020816298207,210000.0
Random_4298,0.19533337208324333,1.3509736183714727,0.006615303603525768,0.022319218760474668,688.6147106091388,975.9271046675459,0.09532512465071066,0.19907644035582112,210000.0
Random_4299,0.28668587444702487,0.7354258991075328,0.013887535933266859,0.016824843422585247,756.0698354666757,1038.3784791898026,0.08405195958686884,0.17581896743139686,210000.0
Random_4300,0.2681490860394724,0.7664628216546276,0.04800490311009895,0.018494268784371007,783.4260935851948,1059.6342583179637,0.05300703141469896,0.09941439407160993,210000.0
Random_4301,0.1260319669782633,1.2893530209434911,0.024602542049283704,0.002335623634137224,615.794173994904,883.1679984272532,0.09224967193440069,0.19372407759543298,210000.0
Random_4302,0.120661996341317,0.7749071830513725,0.04840173770572386,0.01897152609413064,631.1118259958222,870.7582872144749,0.05585730510385576,0.10476530468776973,210000.0
Random_4303,0.10382322428597442,0.7804145042429973,0.0032603283711187046,0.023223136131141842,557.4775998156819,796.4333814179295,0.09449164554462615,0.19838990528834802,210000.0
Random_4304,0.10604898930852978,1.110320931916902,0.02440953051329978,0.02096848937353708,595.9170859619802,848.7635336344263,0.08004050547380023,0.16192980299286572,210000.0
Random_4305,0.11123851187777462,0.5848676504510626,0.02169535439823892,0.038336204343489874,593.5120778458302,822.8382253862334,0.06665064734529692,0.1292886711939023,210000.0
Random_4306,0.007548887426346913,1.1344953531275106,0.0209907062995489,0.013492442722412432,372.536795070985,602.7176558965527,0.09262016555609198,0.1914470715033994,210000.0
Random_4307,0.12978694407556887,0.5484828978418671,0.011638844586557402,0.015261298494115224,588.080019760284,823.0564747356065,0.08864789873435745,0.18653574023644584,210000.0
Random_4308,0.11815975952183087,1.5669831042009528,0.03030125004825929,0.0046002601017004425,623.7954577352489,901.0575164927526,0.08876367511624224,0.18356674617250057,210000.0
Random_4309,0.21282735613343295,1.2592550177096555,0.028182632799308948,0.008832387404979627,719.2746945860899,1006.1868078000397,0.08270210513865082,0.17059820219558625,210000.0
Random_4310,0.01118384411645841,1.088478128155725,0.049316887573395946,0.02166046921480733,427.61765399325884,653.7169422463247,0.06138822702618608,0.1143855113370909,210000.0
Random_4311,0.13861174157914882,0.3642262470590839,0.012560369865554723,0.004432462845478924,585.9984670699223,815.6821569654855,0.09223233231558528,0.1976675315467571,210000.0
Random_4312,0.2288520318828594,1.8647553793150762,0.03511030746615245,0.01699614773203888,769.8424447689357,1086.8009283929737,0.07728289212058806,0.15372320216189955,210000.0
Random_4313,0.08407145153140623,0.13234786513161378,0.048774409868950847,0.01547571160178134,554.9501621356897,756.7836692318052,0.052342067321700575,0.09898408605510825,210000.0
Random_4314,0.020426099218601335,0.9244199530217128,0.009451327283163866,0.03481670225519796,416.69589709041765,639.8598774179761,0.0869895855241126,0.17627195923288042,210000.0
Random_4315,0.2436323400978995,0.9470446229220062,0.0014229548390435939,0.039483468115948606,726.7246767200784,1006.9772559396441,0.08462788063940518,0.17289319209681345,210000.0
Random_4316,0.023772021361709757,1.7366600114520705,0.042256040124480275,0.025401562713407492,488.0350446764825,746.7151423052222,0.07101159076940178,0.13496014040364845,210000.0
Random_4317,0.15485481567803436,1.1756626830242105,0.015978677239491007,0.03754409071088336,660.7678396979737,928.1045429175418,0.07697904356356754,0.15254897994698535,210000.0
Random_4318,0.09669023843561132,0.5939397772403975,0.008187803948194017,0.03417457113915541,554.3909428968603,781.9018024745932,0.08184662073202045,0.16674829142910114,210000.0
Random_4319,0.1683650098839234,1.1979518323976295,0.029575876237842882,0.005937041562082989,670.8660446727308,944.0240961776109,0.08359254366244694,0.17297992020492348,210000.0
Random_4320,0.05093246145470062,0.8101586924327681,0.00993221976116478,0.03894590793323537,490.6503455809065,715.9303518885043,0.08128140011091377,0.1630115491440675,210000.0
Random_4321,0.17466615621112871,1.4208138024451489,0.0368684570984698,0.03248311433437398,712.8465344615266,994.901568909713,0.06317804197245493,0.1186154553717723,210000.0
Random_4322,0.0918414038163596,1.4964665260801508,0.023642087295144183,0.019042081631861003,586.8244105434106,853.711021656947,0.08620046837751892,0.17532726918423572,210000.0
Random_4323,0.26970588161164905,0.3711633880695915,0.017559190860368293,0.02408740124760938,738.3218631312302,999.1189586286359,0.07306927836573157,0.14947991988827208,210000.0
Random_4324,0.20920860899153748,1.8806957488429659,0.03166517271379909,0.007879906604394988,740.9924415496699,1054.7622961500322,0.08643249256202835,0.1770469533967791,210000.0
Random_4325,0.06847808205617588,1.9823898628747598,0.006192989117334981,0.022987904345168196,548.4216192060945,832.4142120725024,0.10522380239331057,0.21877524740161985,210000.0
Random_4326,0.08844103271951462,1.2921390400255652,0.03045591964014416,0.036225361168464074,594.7810566204089,849.7030691367494,0.0678280386045271,0.12898356488561086,210000.0
Random_4327,0.062437854668351306,1.3286570060467484,0.023735710437124507,0.036606044078475695,545.4981891736137,796.0698777515572,0.07496329065147012,0.14578987949670014,210000.0
Random_4328,0.2842264752873073,1.2157219400702233,0.020779633417583935,0.02684432517542004,786.0929089037714,1088.047098341318,0.07668637525790425,0.1543231670786069,210000.0
Random_4329,0.25494850056258933,0.8742631705404185,0.04002839019265364,0.03794875750451341,779.6292365249298,1056.4700325241226,0.04984934098327072,0.08850782288767459,210000.0
Random_4330,0.22889477512923773,0.31716198762776804,0.014972997087199204,0.01991660769012863,693.5964307876004,942.3012456309731,0.07817736812076789,0.16239889433060462,210000.0
Random_4331,0.056904492030019745,1.6118736037560935,0.02033255203927827,0.029322144537187397,536.032101747424,798.820161197836,0.08545521999116926,0.17104856135175223,210000.0
Random_4332,0.07273040130627187,1.382501334908742,0.04986324708598777,0.009841001394520155,577.8293151184192,833.4481356374399,0.0676497752257138,0.1314178510592244,210000.0
Random_4333,0.03473735760253526,1.9226931063064743,0.01691179661075621,0.009874760955823042,482.2423928912856,755.3049974703844,0.10435386541614419,0.21799310780565673,210000.0
Random_4334,0.0919428423935624,1.857285601932778,0.03750302149066253,0.014123164923282725,612.7935407419202,895.2270085141702,0.08028182209178009,0.15991316961798208,210000.0
Random_4335,0.02472188805620579,0.20740929314579148,0.004980484223963427,0.008478768270570942,380.67980471464944,575.1169547206988,0.09935975704318402,0.2133358130885543,210000.0
Random_4336,0.18671884841998557,0.7360137984873476,0.012058246022599906,0.028736983642431362,669.2450546111496,925.7817692748741,0.08062333109269094,0.16492857031936936,210000.0
Random_4337,0.11804679559518717,0.9142971038919356,0.014706958260877624,0.03382409760075628,602.5470657249881,849.3196498299914,0.0787406622913382,0.15806890223802286,210000.0
Random_4338,0.14827630520205515,0.15440858719449183,0.028783361549427292,0.026352277564462782,624.9508906373139,844.5575022324687,0.06212636145142558,0.1221984672572951,210000.0
Random_4339,0.29009086611673834,1.7815063205488433,0.04696253752829686,0.006804396680866271,828.2116009892111,1156.6007472063607,0.0706941245979584,0.13988147551225152,210000.0
Random_4340,0.10873529511231127,0.5516483659669256,0.033842474394179,0.00952199390508168,583.359375254335,811.8982180369835,0.0727500533076609,0.1481543192956175,210000.0
Random_4341,0.2443915016169932,1.8265655672290038,0.003128372075970285,0.02942353873118727,753.2040381089016,1073.8932111738825,0.09790880379514016,0.20279684326741734,210000.0
Random_4342,0.21212710431787526,0.5956667345979715,0.04525260849752477,0.006322879298141197,714.0928062207943,969.8035463335186,0.06222414045700855,0.1238180857957507,210000.0
Random_4343,0.25029016991133585,0.1747732508088053,0.01728952828416775,0.032554793811479,719.9139305727729,966.3637235693512,0.06664847905021795,0.1333592292621772,210000.0
Random_4344,0.2687692926777572,0.2497471864205805,0.019017129147608055,0.01685398297503558,729.9461714933745,985.5074290819285,0.0749010730261372,0.15545370120321697,210000.0
Random_4345,0.061175081606676604,0.30612970944121254,0.003532353870339996,0.017503836243987166,469.8084220284375,677.195134145815,0.09443315748287391,0.20045183892001697,210000.0
Random_4346,0.16276567917582235,0.7099848331435361,0.019221664883183016,0.035102170075908865,655.5850446362499,903.8798751249373,0.07067020214517486,0.139610870306713,210000.0
Random_4347,0.29372350598509894,1.826538387160233,0.04150847269055322,0.015334347122429818,832.2394321142091,1163.3171104476558,0.07086789732444129,0.13899866672368938,210000.0
Random_4348,0.05127205584274358,0.910242177192341,0.02987269739436102,0.01245182612500884,500.21199414136703,730.6049441941587,0.08021723171357328,0.16350465401939862,210000.0
Random_4349,0.01217171005002292,0.6695769193435505,0.0189858441938626,0.037561110294337945,391.80390834961406,600.4540408735235,0.07486533377715822,0.1471118857590362,210000.0
Random_4350,0.07733101114017714,1.430372595159776,0.04074494706998138,0.03205039320302551,591.668338157257,849.5442305026506,0.06284134687567547,0.11656455764214813,210000.0
Random_4351,0.28950133946105355,0.37617136430892817,0.025476593276391464,0.009048740486362686,754.319986163653,1020.8610057217978,0.07464246966605896,0.15547480582701625,210000.0
Random_4352,0.2331818830575294,1.432228952114182,0.006298346489173954,0.007110602334666191,717.2636408931806,1018.936698596794,0.10472963427679868,0.22409568902406127,210000.0
Random_4353,0.08986410052149098,0.9450981735568507,0.044489437949376584,0.014794489883856156,586.617978303739,826.8707070175114,0.06453832534478704,0.12536307955628098,210000.0
Random_4354,0.11888231809671052,0.8654372495080574,0.0330489942390945,0.02944320216932843,620.8731757002347,864.5390557396012,0.06434849332580936,0.12370010808824955,210000.0
Random_4355,0.09269071665613109,1.2994975521026368,0.0499315604450007,0.020559167782872128,613.7980554937944,869.808866244216,0.05963204042439822,0.1110677895576473,210000.0
Random_4356,0.10973427933011125,1.295825671313192,0.00446108443406105,0.0346508824675166,593.0983006006932,855.7150682901884,0.09152751828515376,0.18741024980967644,210000.0
Random_4357,0.054026202376073584,0.1440085845770976,0.029491688962151815,0.03666108347890967,495.2849208745777,689.9796359792806,0.05825220824305387,0.11004330750968311,210000.0
Random_4358,0.005656005503194977,1.234731976908594,0.03272894029224282,0.00594136831534725,374.3350827288527,608.2183983769311,0.08782232413095645,0.1801765248188768,210000.0
Random_4359,0.07033177402662834,1.8632689384064323,0.008156940028285414,0.029056736249262565,554.0237017696986,832.4766534024413,0.09855337393089332,0.2022212773507674,210000.0
Random_4360,0.12311600548128282,1.84176083666142,0.03828486210699372,0.016564113409034947,657.7893570659612,947.0596780447635,0.07700518633894123,0.15207078247147102,210000.0
Random_4361,0.27228905332837877,0.49694975824981225,0.031023819046724875,0.03888945754952225,771.4763571343149,1036.3182974599513,0.0532781211895138,0.09859093174052871,210000.0
Random_4362,0.09260793241301297,1.2822200124371659,0.028798355166875886,0.018943317977507274,586.580012340214,843.6125621515889,0.0794513793961144,0.15980608953447553,210000.0
Random_4363,0.19734288029964328,1.6445776414547428,0.03928694495453712,0.032241498735778557,747.083221509589,1044.702659954738,0.06285796846959281,0.11710455946305932,210000.0
Random_4364,0.09577981056733492,0.19740469476166378,0.04272038534527641,0.025248373129282763,574.3823090113137,781.7729722394577,0.052187013568413196,0.09718652374700269,210000.0
Random_4365,0.16548208830222177,1.1225006633002106,0.04083765012496803,0.007970711551331323,679.9876088365581,947.965991826519,0.0715527966478397,0.14358224862515964,210000.0
Random_4366,0.1357740804624914,1.1074892252539967,0.032460407066345814,0.011202411614948029,637.184110714044,897.4716204715932,0.07776957200785824,0.15807401654319894,210000.0
Random_4367,0.05845265240802833,0.5481761724541131,0.022305681965887524,0.02501379720945716,501.0554926239849,716.5510251523996,0.07556297295884794,0.15219815424755795,210000.0
Random_4368,0.041523153471709005,0.6112461869540113,0.00891940850915084,0.021756324462313407,450.7214109986275,666.1542191417682,0.09095575337567993,0.1896412135627742,210000.0
Random_4369,0.10113157226675168,1.3367225732016728,0.0033970776166569972,0.004181554670302431,559.9995867424883,824.8287050202948,0.11144068495770551,0.23984991700062733,210000.0
Random_4370,0.12883626967349096,0.8343156428315553,0.032135196629596526,0.023610421578150836,627.3345050391896,872.6281269283625,0.06807647259301343,0.13385469790292792,210000.0
Random_4371,0.19397539863388272,0.7967966600063883,0.021926321765450132,0.03722972339424245,696.6440200816196,956.2612358276024,0.06708791531934916,0.13051341257482127,210000.0
Random_4372,0.10865236921873035,0.38014671150269874,0.02104807764219767,0.03917919099238704,582.6503912471666,802.1019040787038,0.064758190875411,0.12542547429698808,210000.0
Random_4373,0.09205430634401343,0.14025893107985682,0.012479760940023479,0.023762033184600278,529.5822722660331,736.0081572206602,0.07984549403577305,0.16519427042169657,210000.0
Random_4374,0.1304685884197672,0.7979082818436649,0.04376566547468917,0.017518286898727076,637.7923116894763,881.4126152875097,0.060854924586953206,0.11719626822453993,210000.0
Random_4375,0.13723744102899998,0.22017799674190014,0.04778429434566459,0.02336504572916642,634.8130637771891,853.338486681838,0.047767773204020834,0.08707581037810924,210000.0
Random_4376,0.15153242626206667,0.44098382272818437,0.031835843151626395,0.0010006274054688558,624.6823798975164,859.7828408412338,0.07737176972228677,0.1616089512217354,210000.0
Random_4377,0.20484030520829907,0.225781344057827,0.048602869873583636,0.020372862943867528,707.8203771888851,943.672555348166,0.047239655404969064,0.08688901768295765,210000.0
Random_4378,0.22395163292141185,1.0147795665828874,0.0015507565508793963,0.015996245768079398,694.4873192820281,974.7365478230944,0.09968966165245831,0.2123605223773331,210000.0
Random_4379,0.11008896919613788,0.36769511814221767,0.038106198881505016,0.020559703067719395,591.6054801722324,810.9807306317288,0.06040961878672391,0.11735287679375803,210000.0
Random_4380,0.22179122871382034,0.4031189756802045,0.03404195843654893,0.035277518676921325,723.506222494813,971.5488254097996,0.052807972732237383,0.09788815461908665,210000.0
Random_4381,0.020279689165045335,0.36031959610355124,0.043640593349450224,0.026446075899905747,431.6582472462111,627.3356178221837,0.05561088093473547,0.10318709416972853,210000.0
Random_4382,0.06507658909484036,1.6518609285549442,0.006409453474904853,0.026813121214529567,533.8666830486777,801.8117661322057,0.0995602057287685,0.20583138158176317,210000.0
Random_4383,0.28806537924212633,0.1984985831207191,0.038131773454499064,0.021212081369615977,770.5995377034931,1026.8008103685277,0.054204796407274276,0.10467205088490253,210000.0
Random_4384,0.06850090036432359,1.5121413938067614,0.015133513218450492,0.022763447172032023,542.5736676220178,804.7134986031643,0.09260864840588255,0.1900585126555721,210000.0
Random_4385,0.008679898865316192,1.95321191701822,0.01695577471854454,0.03209164981478102,415.0228789718181,681.1635959913009,0.09315361253809948,0.18668825526286875,210000.0
Random_4386,0.22103443837641676,0.8101242357772895,0.04708541350143819,0.03831124998326282,754.8034174584303,1019.6858845837364,0.04333476026060494,0.07251085512732945,210000.0
Random_4387,0.05918142174214805,1.260645799145814,0.043962225053165896,0.025312835553756626,553.5413460398545,799.5237575883992,0.06298730770872547,0.11826459117468194,210000.0
Random_4388,0.10918648459003391,1.582951609777848,0.034015391847558384,0.027915812344192284,633.1532494131552,906.7281966653268,0.07185750037928443,0.1389425190818686,210000.0
Random_4389,0.12655944537449343,1.4536649721521326,0.04323839838818441,0.03226929463346818,665.5296075737082,936.5437772224452,0.05914547552009368,0.10808787383152632,210000.0
Random_4390,0.2544822084421304,1.7368601936971797,0.0273072011465499,0.005928518966501936,771.7247781498589,1090.8451813677204,0.08914576359810802,0.1849972391509953,210000.0
Random_4391,0.2037459227168576,1.2959627808692837,0.03940651806673515,0.037142041896862606,744.8899604796035,1028.0208815008477,0.0561808916962627,0.10174235940708629,210000.0
Random_4392,0.05184159655072799,1.8260639924479578,0.027865739608808844,0.03846446048865688,549.1949974233629,819.0218602134057,0.07554904803191186,0.1445660160248374,210000.0
Random_4393,0.04212398964007712,0.2940971502697203,0.04636303867915783,0.021406524885236047,485.6307806175733,683.9745847045783,0.05426549583756956,0.10142316624938155,210000.0
Random_4394,0.19163453634321184,1.6792823747293493,0.04693019273564781,0.01630076985329672,740.4863921345699,1038.9042560760781,0.06601997195458895,0.1267475588736,210000.0
Random_4395,0.27137705150282104,1.988330519371232,0.02221697626768858,0.01736086428522946,797.2493076186391,1131.4022166218165,0.08905273547232695,0.18227433472348661,210000.0
Random_4396,0.19150971232172084,1.428720681943768,0.034391566419611455,0.02462380416524481,722.3681704983866,1009.8167996194979,0.06980815000905939,0.13601015178417622,210000.0
Random_4397,0.2535067651888305,1.2046780406145474,0.005659956456301697,0.03197521640320045,744.4834286088561,1039.0598179049582,0.08769779868783045,0.18034152823186006,210000.0
Random_4398,0.009993050028871943,0.8593508509965776,0.045771757774740185,0.03292425345926659,418.01908623010354,632.892456133447,0.05564506955504969,0.09981173461649664,210000.0
Random_4399,0.15849029536392334,1.958613804732173,0.04997815212804403,0.01679778356874257,718.5812710675368,1020.9993912657225,0.06656496306083348,0.1264195518429523,210000.0
Random_4400,0.2900972532660428,0.8596433136787393,0.04082726390477894,0.023927489895840974,800.5755690729962,1086.6034512010008,0.056723266274283604,0.10754463102831927,210000.0
Random_4401,0.018045536426221084,1.2340138908690714,0.03855691970332377,0.02306859843353717,446.50711685502904,681.6190845997436,0.07111107860164043,0.13757194994853644,210000.0
Random_4402,0.24214434685484215,0.6660667346233068,0.006470652826718389,0.03852273648068524,720.916516520253,987.8261351474201,0.07788180498311104,0.15776625424326063,210000.0
Random_4403,0.22250369128642639,1.564300407469214,0.012399760041068103,0.038588166952534114,741.1746155856277,1043.1150225838608,0.08189626047936262,0.1633973501612843,210000.0
Random_4404,0.04639690649406903,1.7749064681696134,0.03691312321053634,0.0369791823015645,546.1623722404609,811.7210054906426,0.06803175618036837,0.12650659015589635,210000.0
Random_4405,0.270747518754951,0.7040382693012399,0.04624288031985423,0.019714544976128925,782.2336181116846,1056.3256258952995,0.05318638251237677,0.09998979490636029,210000.0
Random_4406,0.21138106384380437,0.28151637753936937,0.04892787104408476,0.016016169572177764,713.5636050635447,953.8815847644664,0.04997513880582762,0.09397266136515021,210000.0
Random_4407,0.16446569595397625,0.39851258558270164,0.01859962574986563,0.027986086230434633,640.8470854674293,876.1697188487209,0.0723429368602229,0.14605158892832568,210000.0
Random_4408,0.23147245521747592,0.9302048084113668,0.02057888622097962,0.035929132316884646,735.4064838594669,1010.6131725593182,0.06960125421781069,0.13659930102047566,210000.0
Random_4409,0.14051083905417966,0.29461661386873716,0.03169328486079088,0.015070595721065987,616.2559193736862,840.9002663147758,0.06788289724132299,0.1370602422499032,210000.0
Random_4410,0.08169385159820201,1.1902641425062168,0.019749092219936794,0.001772923880498811,543.8384291483239,796.1020171726194,0.09734827683703458,0.20608774723389495,210000.0
Random_4411,0.15372603706165583,0.9213398092147357,0.026840949443605825,0.034912772880594294,661.7661824995524,916.7176853936935,0.066267297446139,0.12783310596259795,210000.0
Random_4412,0.19485337783715304,0.44730474532935127,0.031920506344170645,0.026270476514542812,689.6294029303375,933.8161823007495,0.06115386593102257,0.11903133871855973,210000.0
Random_4413,0.23441153282471933,0.6167426357016152,0.0060708657792486395,0.00975186169776467,691.4419173434612,956.5324009580528,0.09516931718213645,0.20400954337346755,210000.0
Random_4414,0.25744127558561936,1.8020185781289662,0.022729374204106707,0.037938484525431845,793.5508793106115,1114.1486055244568,0.07465292404092636,0.1450387045900373,210000.0
Random_4415,0.01550125371328346,0.9405130222646316,0.020520558060257488,0.025648682085250347,407.5503307318556,630.0551909504443,0.0830573380990286,0.16764698013985413,210000.0
Random_4416,0.2992316681493434,1.2278201238506823,0.045367768469976366,0.023241163062000532,826.0024886750721,1130.5735967631304,0.0565620973775961,0.10568062214240136,210000.0
Random_4417,0.09863522605555135,0.1233292055407994,0.047296212664336215,0.01876447335913606,576.8633188370452,781.7870847183913,0.05112676752881224,0.09582926064823555,210000.0
Random_4418,0.12746761372735052,1.004815587206615,0.02418450271897346,0.008403256381401901,611.3956901069058,865.872274235011,0.08609962822226166,0.1791641528043732,210000.0
Random_4419,0.14995191352876414,0.8930364379340278,0.006662292795565372,0.031046995517232764,629.4965487939332,884.1544238181317,0.08656137854744733,0.17803904176977536,210000.0
Random_4420,0.28710196790812753,1.4366578960525695,0.008971460125248583,0.03665332780024283,788.9431803812877,1101.718294646646,0.08358388878079007,0.16891786239138357,210000.0
Random_4421,0.060746250243402355,0.7281600205673066,0.02977621817409746,0.02462557617543625,520.2757554479454,743.877375386362,0.07077830726380432,0.13979589678779514,210000.0
Random_4422,0.17588766619116636,1.658233793761416,0.01368636492348746,0.016689703294095776,683.5952847593701,979.7576365690187,0.09586299482415869,0.19957556236128404,210000.0
Random_4423,0.19335661512305707,1.6688129722600586,0.026424680926441187,0.031486291785586144,727.9094807586073,1026.712340474112,0.07521967503149925,0.14727496097818762,210000.0
Random_4424,0.07878060409795994,1.2052765442003899,0.021350523471465092,0.009145644396234567,546.818202865678,798.3111049497695,0.09173633113382142,0.19127419512056296,210000.0
Random_4425,0.09526858734153114,0.12602548129003735,0.007171105542989159,0.03313849450449292,534.003653591892,740.267179081528,0.0787500411450253,0.16137624227105776,210000.0
Random_4426,0.29709020053796004,1.9052258573033447,0.01405312115089856,0.013458824381529642,803.5216598062894,1141.3284178768358,0.09742795863380645,0.20385113905464158,210000.0
Random_4427,0.15695648122144565,1.029750574915737,0.0026863172266816714,0.032722954163141714,638.7305207236548,901.4756751890385,0.0903225010358058,0.1864812935156822,210000.0
Random_4428,0.19155305436768383,1.2716899633372298,0.013758770591370689,0.021973397329661276,690.3020213933155,972.5577599017292,0.08839661281809515,0.18250035846777748,210000.0
Random_4429,0.12183935830035678,0.31479647583445103,0.003409982366665365,0.005173583717907969,552.8808193298962,776.8198150307699,0.09999373139241965,0.21655403635100998,210000.0
Random_4430,0.019604751819424348,1.0753132019818388,0.0031116048655146582,0.0062524821967098725,391.76189822534525,624.3030533044061,0.11140085892772557,0.23905608303056136,210000.0
Random_4431,0.23553646541509424,0.3913769332662449,0.006278090537391945,0.013858548878398508,687.721778453165,942.6069256506564,0.09024193867910177,0.19242922159188736,210000.0
Random_4432,0.03902623988758872,1.1649008090559432,0.03602474984076235,0.022054061130575387,497.23461166266907,734.7654031643767,0.0720432845389638,0.14085504468939244,210000.0
Random_4433,0.15291791414113085,1.4927908820513331,0.022577944565609447,0.024706074524451952,668.5779482590732,950.2002949594611,0.08196316995809524,0.16501273228016589,210000.0
Random_4434,0.1448363544387799,1.0127516944434591,0.03322691803574949,0.005295809232585176,641.5420231458705,900.2431198240544,0.07943433082305028,0.16345957073876666,210000.0
Random_4435,0.22249644305311772,1.2004715998967714,0.015338064922047215,0.021941583609496055,720.3070500379372,1006.9700109140479,0.08560160167879545,0.1762913439449736,210000.0
Random_4436,0.10620213923962976,1.5213896212310862,0.044410494354331594,0.038900098153067414,647.0693259175204,915.4175462822346,0.05538665846285892,0.09744907992275825,210000.0
Random_4437,0.1750023709291173,0.5143110332531469,0.04598070724067848,0.032754186070758,692.6052274559811,933.2010252197372,0.04574130523227102,0.07998865313996745,210000.0
Random_4438,0.2741838979899782,1.8184368800200217,0.0030761630850241178,0.02329460167518633,774.9060585495637,1103.1720314671422,0.10096654655469553,0.21138478720530687,210000.0
Random_4439,0.17228061060389951,1.662571879214257,0.03724144860966501,0.03870577329684316,723.5340911998078,1015.3442006629036,0.061583611158939934,0.11278833355527662,210000.0
Random_4440,0.27270918212061473,1.2089210288047052,0.02578693905156321,0.03931784935610963,790.7731398477006,1088.1434986014524,0.06484594258512143,0.12364996980717367,210000.0
Random_4441,0.1070647432333123,1.8269074326702326,0.029857153114966877,0.007864181952422566,619.7620146152528,905.7213280883501,0.0901349774991755,0.18518142097139526,210000.0
Random_4442,0.11427321959981782,0.38166277894924994,0.01988566534976466,0.0029199184373425568,563.5038379360457,787.4225211857479,0.08740671348236623,0.18569119344988955,210000.0
Random_4443,0.2884832380991316,0.15277638099794613,0.02984078641960508,0.03401611289129867,768.3631168339651,1022.2503115587833,0.053519261169297866,0.10149576261423421,210000.0
Random_4444,0.11896236869314612,1.9831669288496545,0.029577078785163906,0.010865553280773124,642.9275205899319,938.675213996178,0.08979478205246393,0.18341251127855301,210000.0
Random_4445,0.16471830280660416,0.5851237079478243,0.015756679517460934,0.022297392512585137,640.2650441087332,884.7308609056327,0.08017468946952795,0.16512775012703745,210000.0
Random_4446,0.12016872643255853,0.7226394470344369,0.0010908649456277306,0.008455095701007663,564.5082360080745,806.3055158810331,0.10423848636675459,0.224658588474855,210000.0
Random_4447,0.1640019431610524,1.017951678610104,0.012950438531583775,0.0029781592682629043,637.7279268667337,903.2619503704638,0.09863779587139133,0.21090415262284398,210000.0
Random_4448,0.28480572065270593,0.3020766779256966,0.03978211297202379,0.032071849827611236,781.0662442442762,1040.1128078901381,0.04730031676184393,0.08585904840383382,210000.0
Random_4449,0.09864546489706748,1.139926799136101,0.021747081429926027,0.010588950899966185,576.077081610429,829.448271209429,0.08919194904678615,0.1854494851616154,210000.0
Random_4450,0.1344680743262133,1.9488234198924546,0.014486788245436852,0.03774633554047842,662.044399504381,959.1798220782216,0.08646834569740465,0.17204344188044318,210000.0
Random_4451,0.02576385255086494,1.9290666813808033,0.0273868589823909,0.009613801487580263,471.57132592528916,741.8602368875438,0.09566398838695725,0.19652771258592608,210000.0
Random_4452,0.05905464824534386,0.9741694004446508,0.005759027748419114,0.03417368091319912,503.63879841638965,739.0454668048053,0.08919412805042795,0.18241517263620863,210000.0
Random_4453,0.09733646626028153,0.36766901728744084,0.027686036562375817,0.0019020446318100933,548.2122245411852,766.7244003886556,0.08137827195833885,0.17092131143900335,210000.0
Random_4454,0.018014364648656946,0.7155392865204242,0.04123413563534324,0.006131819931898666,419.61295341563977,632.5265360258438,0.07368122679708537,0.148416071367274,210000.0
Random_4455,0.06931310643150919,0.7053355495968658,0.043385059964153594,0.002375961667127317,535.3584310075966,760.7659256168304,0.0713157480468933,0.14432708744127423,210000.0
Random_4456,0.08367508089745483,1.25065179910628,0.02106214544510079,0.03455481181628385,573.5755635773074,826.324308180543,0.07703237093841138,0.1518179589722689,210000.0
Random_4457,0.16580637225742506,0.2105092582768425,0.0030426960432241206,0.02637489036381714,615.955440050054,844.5265428243049,0.08539786620326924,0.17902869784372194,210000.0
Random_4458,0.05338196706975495,0.9147079813038763,0.030450282686794408,0.03879263198940896,523.6508018919567,752.6187196439736,0.0638453386250655,0.11999351137964961,210000.0
Random_4459,0.2622426517052064,0.5726680024329762,0.032688684367472166,0.035387165727480956,764.9275147797696,1030.8121698079588,0.054832638047240395,0.10243493605649956,210000.0
Random_4460,0.22618120989162918,1.9549051910407136,0.029480705746283975,0.038372355139771656,778.6857885163204,1097.7735797151752,0.0704813011807438,0.1338213780070653,210000.0
Random_4461,0.21287314164361848,1.066954618753316,0.03876418824372458,0.03632026706966762,744.528221355316,1019.7527081850484,0.05476198104065351,0.09949017995595011,210000.0
Random_4462,0.15402750060847292,0.26809074823432044,0.0341086695027331,0.031075695618817734,645.2836039009145,870.639813513853,0.055488420061342525,0.1049030940740647,210000.0
Random_4463,0.11597307329170403,1.4783043169420231,0.0033783800185124705,0.038198003968199876,609.0266856227777,881.2175374891577,0.09201273486673127,0.18739491613877754,210000.0
Random_4464,0.2907258166698157,0.5706388187718566,0.027231090064225923,0.024796308514521102,775.278049786401,1049.4760589122886,0.06553682275248812,0.13026268607347744,210000.0
Random_4465,0.2555138235042402,0.6729714592016682,0.03638056561214395,0.010658740099363788,749.6071746479143,1020.0062017311288,0.06748228644209711,0.13614885059959111,210000.0
Random_4466,0.1979830066148409,1.646397183376904,0.0015680769300630512,0.0024427624759840415,681.6730599949655,984.9358177481527,0.11468798883273278,0.2477716419030467,210000.0
Random_4467,0.18547613121954754,0.7373329420640746,0.022262683122982654,0.01841414166812548,673.0142309713415,929.3091001858231,0.07767504162944038,0.1590793533424375,210000.0
Random_4468,0.12335024069764593,0.33304532344256577,0.0015721651283156601,0.020263749540419634,563.8190854719503,787.8968120277784,0.09273300430981894,0.19673164275214378,210000.0
Random_4469,0.25964882875777917,1.1027292974801426,0.010526333980933542,0.0345422441677128,754.0084320504925,1044.9379713746519,0.08063709622590759,0.16324676119235665,210000.0
Random_4470,0.23120049001877715,1.0913103260083636,0.04762583645850574,0.018965322240305692,761.3723994117556,1042.9541938909215,0.05705399468806635,0.1074715258966081,210000.0
Random_4471,0.25308555173869685,1.0895022653343356,0.026171513608141544,0.028880339622330567,762.5231138234632,1050.4179554397447,0.06995093484436518,0.13788112839654149,210000.0
Random_4472,0.2088348341604002,0.4255325389247566,0.04740777735449506,0.005232000539411209,706.7314229714351,953.8779135316368,0.05930943542642003,0.11756295969527751,210000.0
Random_4473,0.1791574176717905,1.4128622531825819,0.02552824516895004,0.007353048253391951,686.1741268625367,971.9117791999131,0.08827597470504601,0.1833994320411552,210000.0
Random_4474,0.08187235728110907,0.7257287269260089,0.023370510316367728,0.015257428952295562,541.6454326383734,771.681079528828,0.08134670140093592,0.1672422270944065,210000.0
Random_4475,0.018604637422206388,0.8568279617904994,0.007135004394285118,0.015458539433152663,392.1308973114773,613.5318314414064,0.10014367565265765,0.2112499337743402,210000.0
Random_4476,0.2048602555286734,1.3326171685094106,0.014254479386624296,0.00475859293895657,694.4314090004945,984.0931996795398,0.09858968630083727,0.20957414367144223,210000.0
Random_4477,0.017179105690016534,1.7512651663136969,0.006774202625313213,0.01670668453660769,419.0801818692872,680.303419802954,0.10877047682900587,0.2281485987932434,210000.0
Random_4478,0.19740642430306204,0.19326679664049584,0.024339786224159853,0.0017629442989415436,657.0801271177168,893.0405206004565,0.08008300523513953,0.1697249182610385,210000.0
Random_4479,0.19889548529705775,1.8332138678862757,0.04792798651087748,0.0029252561572540815,745.1030492741367,1053.253285239833,0.07452225710749866,0.14870321714774468,210000.0
Random_4480,0.2703140894798339,1.23862633325982,0.038412198337293764,0.033666984743610545,800.9390974407759,1098.4894701609537,0.057216746239502986,0.10560181924664425,210000.0
Random_4481,0.08895767426278467,1.657919968078088,0.015539431822968058,0.013091638672866626,574.2706222849911,848.8259537745344,0.09877357321097431,0.20609471822361478,210000.0
Random_4482,0.043284477503603896,0.6190921449382784,0.030493480209880384,0.033358370007591176,488.85555738046537,702.4276752611911,0.06457078287703674,0.12360082566708483,210000.0
Random_4483,0.04920631930208983,1.8178498054384247,0.011306590314545582,0.018284303035758277,509.6341407228772,781.3716903251044,0.10259548546028166,0.21335461358044178,210000.0
Random_4484,0.035156826372403464,1.1591323519695336,0.02541369316960066,0.02698016894369565,478.70356567114015,715.4622191338062,0.07878086756110184,0.15660419027688507,210000.0
Random_4485,0.10581677586200249,1.31503391365953,0.04966006552030269,0.008177604441380293,624.1080041009737,885.1117105842186,0.06704381938372668,0.13095257078278016,210000.0
Random_4486,0.2108078698745412,1.0523399880877844,0.040261008951166626,0.002521505827905072,720.1345279141678,996.7691936644277,0.07359282469452567,0.15007264347742266,210000.0
Random_4487,0.29574101716167245,0.31756159809049045,0.04821151709112797,0.015830499758092444,789.4885087462351,1052.5906736027875,0.0494105355779665,0.09320426441624481,210000.0
Random_4488,0.15024157333969942,1.2651858943144068,0.026486978227892474,0.017049389890264464,656.8495241945409,927.8603733241614,0.08083174302395146,0.16424893880064018,210000.0
Random_4489,0.2826671086770992,0.9035594263286219,0.014959006957794983,0.03748208728633989,774.310872385444,1061.442536199976,0.07244994622915235,0.14392345476065072,210000.0
Random_4490,0.2817930576078953,1.452014317288057,0.016598493024981432,0.019636464419845647,782.2418725686694,1095.1319846530196,0.08718278402649618,0.1798715850750615,210000.0
Random_4491,0.18137580943398318,0.15849333183180986,0.019898408995990415,0.01060724061779576,640.1445761252277,870.180276447052,0.07879437306717219,0.1653864862888299,210000.0
Random_4492,0.1371002860758829,0.18523580200519862,0.036811244810653544,0.03483826709011708,628.2870359504487,845.1657576075918,0.05041386627762909,0.09216792779494992,210000.0
Random_4493,0.13029133562610282,1.763155683044647,0.01878482791639369,0.03781797027390122,655.5878417420618,942.974457530373,0.08081525131592707,0.15898938335573615,210000.0
Random_4494,0.05377528881913983,1.0270641370620663,0.03493519660255184,0.030767970723915784,528.1125559464301,762.5180109328907,0.06573028208909776,0.1251792972476085,210000.0
Random_4495,0.18790482152849972,1.8327050463651176,0.026364835881011333,0.009852601010341529,712.8112081288118,1019.3617456460588,0.09001753961472315,0.18554810447290518,210000.0
Random_4496,0.0830886561519398,0.8301885772822525,0.013790507652588702,0.025800117087534682,543.0912181242664,778.0546181607428,0.08464533803797172,0.1734544261798941,210000.0
Random_4497,0.16504809265830034,1.274062983497223,0.02131564171276248,0.006311202210482122,660.2238185251214,936.6085284332119,0.09164460868941748,0.19223847980953712,210000.0
Random_4498,0.27352179637202517,1.651332763403031,0.020967325600730106,0.009229176162878862,780.1116625629232,1100.386365867977,0.09164536663322533,0.19121213256100708,210000.0
Random_4499,0.23258746280831372,1.0123389143809973,0.027706786884868655,0.024468963242601966,739.8541823411718,1019.3822391801975,0.07086043851728538,0.14085057698358247,210000.0
Random_4500,0.07853776937402292,1.8041141073212774,0.009144429604088788,0.02206413571094726,561.7835221584863,840.1064141062467,0.10096775482786068,0.20945208352970693,210000.0
Random_4501,0.27075679773322975,1.9249015612633436,0.018226295944794437,0.018388547250408834,790.4237583335315,1121.804340568073,0.09140536167917815,0.18816478608027493,210000.0
Random_4502,0.1109976329915795,0.8441559037777704,0.040094029279557575,0.01837778842919024,610.369509072021,851.4281875732156,0.0646669981752418,0.1259452692669845,210000.0
Random_4503,0.0643733366255933,1.7994035001627242,0.015104102941649773,0.019651730609838155,543.2073675093732,817.493392488975,0.09753492376497706,0.20116751410935896,210000.0
Random_4504,0.03323648501513124,1.9704376090181268,0.04585853011775458,0.0201537929357188,522.181094084925,793.8789219002456,0.0726932479655935,0.13898156670979767,210000.0
Random_4505,0.04274145455215816,1.7380546502478698,0.03372706443391136,0.00721824626926866,512.423221133182,778.0454191761213,0.08856043944672341,0.18074275461217476,210000.0
Random_4506,0.12615997310095628,0.46832323432334266,0.04202808197379117,0.03192878980490984,628.846211310831,855.5442003883245,0.05059688364215263,0.09161101857282482,210000.0
Random_4507,0.016088595128567914,1.5566551153474129,0.04142291785826464,0.014368242938078413,448.4049438818884,698.0132799909563,0.07712816279911874,0.15193986127970027,210000.0
Random_4508,0.035196755607130974,1.2086516356458505,0.03302301042029167,0.013244202816963403,480.0485471957111,719.5356826425767,0.08066712561086503,0.162827365926828,210000.0
Random_4509,0.18080171439618684,1.857561045796648,0.0021299669971039936,0.0012215657376953972,671.112756634244,979.6353096753559,0.11742154374865676,0.2535024744033938,210000.0
Random_4510,0.048763172483711884,0.2230860584334047,0.0097467013168601,0.024047620801011006,455.07885268661687,654.6049726676184,0.08461377992965316,0.1757098310121579,210000.0
Random_4511,0.02010573855563363,0.3210014965785331,0.024348502025537285,0.026897108295281472,406.89646571929467,602.2683188785714,0.0723222040522617,0.14414616397619587,210000.0
Random_4512,0.006033355180526089,0.10547833581173098,0.02785251704198434,0.007929365595233655,332.5725258763523,515.9648391720343,0.07967640515750461,0.165040057260122,210000.0
Random_4513,0.18549639343687033,0.3687806849752715,0.04898633315411291,0.01654455891898018,690.8957451951825,928.6225030124398,0.05105951321093351,0.09590666959262978,210000.0
Random_4514,0.06590951535255925,0.15522296326931695,0.018754278269096005,0.015857167205311627,490.093591780813,690.7870883281194,0.08002450915399192,0.16620444011822078,210000.0
Random_4515,0.18808646235584114,1.2384698711768307,0.00578746560764821,0.011701230992809404,668.8026913458141,950.156355409695,0.10148145383741083,0.2159674290346386,210000.0
Random_4516,0.06430174070761784,0.4790117123232436,0.00884620478729228,0.010899635765919805,483.23069179353786,699.2819867807312,0.0952171937755324,0.20253605132977995,210000.0
Random_4517,0.1909803171824883,1.391378403536472,0.046400279572022717,0.02954086352556137,738.3688377546888,1022.6506537616455,0.05568875533461652,0.10100105343019938,210000.0
Random_4518,0.1588110907697622,0.6592809549344918,0.011224062643787464,0.0382384868549284,641.9706325581295,887.384044262725,0.07557783920888078,0.15137065861827517,210000.0
Random_4519,0.12482561696636497,1.1082388408650214,0.024147653411911572,0.0016855781419956562,606.9214689279744,865.9319624841789,0.09127201965930999,0.19221074669705712,210000.0
Random_4520,0.03957772417413481,0.48830993101317177,0.024832487388637595,0.03842718266722968,472.8362188055431,679.6438231402001,0.0654987208714277,0.1256935737205085,210000.0
Random_4521,0.15398068091173642,1.8422479396086666,0.00548169079413771,0.004179373766854975,647.1456181296043,947.769060475049,0.11313325898450448,0.24240209214461186,210000.0
Random_4522,0.026181098026201704,0.6647813256629278,0.046715914058270566,0.010190474983796573,452.0849432287001,663.992866266717,0.06525309078119859,0.1277436259455703,210000.0
Random_4523,0.0834679290690219,0.8073991473353566,0.013440233811684858,0.031885944218481725,546.7247621545982,780.2986118095315,0.08106805116795035,0.16400563112383404,210000.0
Random_4524,0.06144203069764582,1.8762601998911466,0.024341125370414905,0.006928969469136711,542.8162634324331,820.106872514782,0.09774070687598159,0.20297337581614255,210000.0
Random_4525,0.21861317474767336,0.5467903193580365,0.03243790630135922,0.025409469669706607,716.65456781531,971.2856357956547,0.061676888158147494,0.12021482592786864,210000.0
Random_4526,0.02656303535111864,1.912067741356738,0.027591886988921236,0.008148067877331806,472.41981510196854,742.2444259115013,0.09613950434705819,0.19798302674761512,210000.0
Random_4527,0.29050505983695024,1.6009604695570099,0.03846430217677179,0.02127878707652477,822.1726217037747,1142.0626606528137,0.06784475623048095,0.13179227675964328,210000.0
Random_4528,0.11083218386776106,1.1824476937802129,0.020358767152742478,0.03346574826034437,608.8654252534934,865.4776562074964,0.07676384395289054,0.1519978817405463,210000.0
Random_4529,0.02752887106761262,1.5203412149161948,0.010534014114965885,0.034841175693981284,459.568022049676,711.2355793030922,0.09149972870477359,0.18484938148596836,210000.0
Random_4530,0.01756152700620198,0.9702411378654453,0.03299543827809742,0.008113498093708503,418.5003349859329,643.262853031684,0.08248801983744546,0.16853246512616854,210000.0
Random_4531,0.03244991633076095,0.9906619821446003,0.030077836553864232,0.02944200721427793,473.5007210895391,701.4314018672851,0.07156859053218263,0.13932924355710835,210000.0
Random_4532,0.2404242258729546,0.6054454650619325,0.048642887731593816,0.03519916815733088,765.4991322661276,1026.1428701910393,0.04134974017554379,0.06916265799551768,210000.0
Random_4533,0.1881128765540986,1.0210323169081044,0.008169139431945482,0.037617375490596565,682.2190933325932,951.530845538179,0.08161327611754868,0.16491194626608052,210000.0
Random_4534,0.27840349267818615,0.7270443137731065,0.028593650180521502,0.030701622204832486,776.125659997112,1053.6999054956202,0.062562393691139,0.12140667842813638,210000.0
Random_4535,0.1572158363998698,1.9277162574058144,0.02621120865223186,0.038589666115328075,702.790355964509,1003.6574766663332,0.07460318466692156,0.14328601942681915,210000.0
Random_4536,0.2650907738504233,0.2557375121951503,0.018347567109548265,0.03867245672991928,741.4213133413928,994.640592945623,0.06254369734824736,0.12227938516070769,210000.0
Random_4537,0.2811525186606119,1.4498076344288628,0.042796124801941414,0.021010556322743283,814.0203608662742,1124.4452995907511,0.06277046679616174,0.12001826114244958,210000.0
Random_4538,0.2442799260262536,1.753669001566306,0.039123105484562916,0.036715442519235135,798.8490957240575,1112.7670984608008,0.06041169302747543,0.11048796685343157,210000.0
Random_4539,0.05598659532768887,0.9537193736107414,0.03330166134464507,0.007082896739414392,511.25357978791345,744.9368357855942,0.08058366314049215,0.16501350304736048,210000.0
Random_4540,0.18253759427347432,1.0186427968695653,0.021321349479573752,0.0012888359469808489,666.6600696209715,936.3245792143462,0.09167902815350938,0.19431398213639692,210000.0
Random_4541,0.16339788896105029,0.5637723288229101,0.03574884342076738,0.03834202581276064,673.2726043599305,913.5645618585418,0.05237404777349819,0.09511174785358512,210000.0
Random_4542,0.06768507734936688,0.23043974028770092,0.04834176630736186,0.008504698895179992,526.1760026633852,728.9193430974702,0.05849071721230211,0.11424284834358746,210000.0
Random_4543,0.10536619934714765,1.9131229803482368,0.03298614132729292,0.03745665550788119,644.9037736263317,931.7004338319754,0.07047767728494836,0.13277823583582704,210000.0
Random_4544,0.25419205040421006,0.7626492631340726,0.043489019474976284,0.024784316253848436,769.985729592218,1042.3910921759978,0.053532292893000565,0.09975525149447118,210000.0
Random_4545,0.20826982430270302,0.21475581401307708,0.017576990318980072,0.02800096414023437,678.938816536084,917.024047885611,0.07040037059635951,0.14256955940903324,210000.0
Random_4546,0.21968617108634464,1.149187750931291,0.021657091097104654,0.011965204122579662,716.4219459456573,1000.3671538915768,0.08544723477146579,0.17744555145505783,210000.0
Random_4547,0.2332769470590242,0.35664181656372795,0.011509716102877394,0.014601757983876442,691.2041238987359,943.4833244819195,0.08478686842923645,0.17912914722377132,210000.0
Random_4548,0.04523943133766051,0.8427809702341873,0.01665032308638824,0.00388487977891902,463.62320517685913,691.215390442588,0.09685767844235764,0.20550127573859234,210000.0
Random_4549,0.2337504218456898,0.4908754230736495,0.04034114592552806,0.006970910958272948,725.5993363558179,982.3413713048504,0.06474962779464603,0.13057443283577164,210000.0
Random_4550,0.2705803570216534,1.3111022523723879,0.012062543893213224,0.039628996851455635,776.2599814753294,1078.7693488279267,0.07807386708286035,0.15547111786785311,210000.0
Random_4551,0.027661006741512152,1.691803317577703,0.023304111451395874,0.011624722380721427,464.9997416851661,725.2518359549714,0.0956431797486042,0.19731482596436142,210000.0
Random_4552,0.13470084328879833,0.9162252464500028,0.02226184824724387,0.014491346160027663,619.2405652590078,871.2056566188758,0.0830914586476407,0.17148163953237278,210000.0
Random_4553,0.2895555793962217,1.6068378242185641,0.039632491559525536,0.028833733017521433,828.2752463299108,1147.4945453026378,0.062336822261465,0.11728715469211123,210000.0
Random_4554,0.1583967250915569,0.8528181326982541,0.01029640319812214,0.021901273314047193,635.7269843085825,891.1271674319197,0.08816083724898732,0.1834426038931069,210000.0
Random_4555,0.22041952977037338,0.35338492303162783,0.03845398689534698,0.033927693073488925,724.8023666265633,970.019036208073,0.049178873516086255,0.0894050750446381,210000.0
Random_4556,0.11309610383375794,0.8863367087387475,0.007004041190992898,0.014891228971756987,572.5183720730785,818.9259283117416,0.09689903979782187,0.20503997153054376,210000.0
Random_4557,0.03430032918857337,1.9340773045047968,0.031892523465532445,0.014819941514809875,503.02082532487447,774.8923891263064,0.08804146740722282,0.17739794882230875,210000.0
Random_4558,0.06854279758216826,1.5182379927455039,0.0422736864490731,0.009938100399943188,566.4495387045972,827.7290048257656,0.07593706599577542,0.15098941725194426,210000.0
Random_4559,0.009730706065440345,1.9484378608237085,0.02157107624632008,0.036302779213853664,428.27246922098044,693.7549410375934,0.08631585563275085,0.1694821690814322,210000.0
Random_4560,0.17335717821172905,1.0115279721292103,0.02602071687442554,0.025845551868369454,679.4458776946748,944.154629493998,0.0728620666996656,0.14497762590221322,210000.0
Random_4561,0.12870791576823964,0.7657684411982886,0.049798575109812164,0.03407641950295629,653.2966483837658,893.2232076107273,0.04521793801897857,0.07688587819284975,210000.0
Random_4562,0.182401712240312,1.7715422198629138,0.014891408957931115,0.019308382396898523,697.7661573089216,1000.3500019544443,0.0941864220053215,0.1946929274687112,210000.0
Random_4563,0.15937266690206411,0.22923086763178455,0.0010745080918700245,0.031124741523098003,610.3933662673232,837.9759820670722,0.08466610521035828,0.17645251057472933,210000.0
Random_4564,0.005990590289160593,0.9958693871435906,0.027753596753283722,0.03126236339223105,379.70241233061313,601.2929055127237,0.07467506068476225,0.1457437373113186,210000.0
Random_4565,0.11421388934646191,0.6820232103115225,0.022582536527679255,0.006562919877962142,579.7238093186897,816.6366896068726,0.0857990882078711,0.1799399938534856,210000.0
Random_4566,0.10057696018691971,1.7632520622602217,0.045224740987459544,0.036837011875865834,647.1942569836004,925.1198996029743,0.058485272446003905,0.10414584374667767,210000.0
Random_4567,0.015944332277485908,1.5215493824370299,0.023802276211163983,0.005764669205975367,419.49601009588804,669.5864597415548,0.097809226337115,0.20379167450737423,210000.0
Random_4568,0.19865676999746704,1.5188580421654951,0.02993337995365576,0.017372619306067635,722.3792807280872,1016.6076051841235,0.07891078110653173,0.15889916250917407,210000.0
Random_4569,0.2600302477199653,1.9004599725869469,0.034383806985577935,0.0021104112709993644,788.1924050566594,1115.801128292537,0.08659429445972253,0.17859090161681412,210000.0
Random_4570,0.25432220329749194,0.2761467460186936,0.023070579733186408,0.03552353415510808,736.0896191588433,987.4092444429939,0.06059775157481455,0.11775785759431127,210000.0
Random_4571,0.10470806163745107,0.32660507534074523,0.03610817644445398,0.026241509704117212,584.3576717867111,800.2439406945217,0.05855206111707169,0.1121642477747149,210000.0
Random_4572,0.28412131043324446,1.0718298172535559,0.04736311165957212,0.005761400377662619,798.1100360615466,1093.122744483289,0.06397405127006037,0.12669829772522684,210000.0
Random_4573,0.28296220404489436,1.2154777522260665,0.008048926931735055,0.01302408559771542,760.0650196961905,1063.816228555231,0.09645745356658553,0.20448570212139083,210000.0
Random_4574,0.12780451445433208,1.7475557675509843,0.024805973549753783,0.03918479729152623,660.1087936177023,945.5806701037772,0.07448935165271246,0.14338239496891297,210000.0
Random_4575,0.20950697671004354,1.3006751448851235,0.029958072122086635,0.00709231649841084,718.3853269615122,1006.3284215692139,0.08263471022225696,0.1704492649963149,210000.0
Random_4576,0.10779527687325213,1.4495107362195654,0.04676341687746187,0.02136647417365685,637.2952273358424,904.0216383999463,0.06302170945953822,0.1187914624986289,210000.0
Random_4577,0.1970473384740917,0.3854468476369338,0.028681676367427567,0.033589482628211265,690.9314193874937,932.5566694300277,0.05900926727454575,0.11311007095083597,210000.0
Random_4578,0.17131881398691612,0.14262514319459818,0.0073181779760938225,0.016164944750454963,617.605247620424,844.9744327427861,0.08686278900958896,0.1843323289285584,210000.0
Random_4579,0.23046017988025375,0.8921533307543669,0.026427487491674048,0.03664092558849395,740.6434144324761,1013.3598862400726,0.06355098554629357,0.12187460586051992,210000.0
Random_4580,0.25055085629464585,0.7149049928294915,0.017300563239344823,0.006527520039559474,720.8471125311894,993.7493046198656,0.08765101992543217,0.18577080653930259,210000.0
Random_4581,0.2200335575328225,1.464575029007926,0.019023602947185813,0.0058407931571340796,720.3466171235447,1019.2717311237614,0.09463848480196158,0.19933121116219518,210000.0
Random_4582,0.17666077099071897,0.7378470869021175,0.0052553690564696425,0.03695524910900035,656.2790595940662,910.2705217991037,0.08206928271261099,0.16725431815903397,210000.0
Random_4583,0.25955716800396733,1.906965417760236,0.04532524292798715,0.014293140666855279,809.6600600288043,1135.5933251414192,0.06951170046614935,0.13517604749436177,210000.0
Random_4584,0.16797742546409858,0.7764076090283719,0.03172309838685607,0.018028817832916762,666.727599302534,919.6801447772535,0.07019898701037937,0.1404972075328496,210000.0
Random_4585,0.060368739177216545,1.4001253481700684,0.02537128224480808,0.030575981169276945,541.9835690662735,795.6056134551039,0.07790750061829485,0.1534360958709557,210000.0
Random_4586,0.23514366419817903,1.25369343611369,0.006334675512953622,0.017571164271678104,720.2052231370426,1013.4948766289328,0.09659470500830857,0.2036270741027644,210000.0
Random_4587,0.061170197601095114,0.8202163217997095,0.018966446793511626,0.013870383523825944,503.7700619880281,733.3453994439018,0.08786360907607116,0.18259248602520728,210000.0
Random_4588,0.06433806958434432,1.1039496823130608,0.04974230626272578,0.03008210391372217,567.6710304381916,807.0473307242495,0.05314916880950282,0.09436857354842643,210000.0
Random_4589,0.1568043064003851,0.9720659121239346,0.03927890960804261,0.03186694614789541,679.8505723284045,937.1029465136028,0.057329768083688434,0.10620119386500165,210000.0
Random_4590,0.03677796036708892,0.39958892018774805,0.02521629686907317,0.006264639511427703,441.2286429156792,645.88615950546,0.08370692216156121,0.17482146977092206,210000.0
Random_4591,0.00692970426183426,1.0410774121726845,0.014000561310231672,0.005092394753558529,351.7234200569637,578.7768931850899,0.10308993518524653,0.21854268794497694,210000.0
Random_4592,0.07135316615266601,0.35329105405916905,0.0328317172241093,0.030586546993523606,533.581951333571,742.2448791669894,0.060290034156621326,0.11521276262618947,210000.0
Random_4593,0.08354464599754899,0.8035132120560573,0.03231715629363994,0.005912750899263517,551.1792920255094,785.165155491987,0.07962122277402219,0.16395048267088294,210000.0
Random_4594,0.09847729779347437,1.3476541032890885,0.010362772543928596,0.012291174850950003,570.636877204146,834.0883205089333,0.1004991222963263,0.21193666563470115,210000.0
Random_4595,0.10239563955094445,1.9911449766077873,0.046229952789302205,0.025542011892867554,651.039293906679,940.4979705671919,0.06657942138546899,0.12445005689807004,210000.0
Random_4596,0.08111789815469873,1.513113738450685,0.03841822240938274,0.015109757486803113,585.9685140184599,850.0558683957206,0.07579264192307685,0.1501740918876794,210000.0
Random_4597,0.1733138160887036,0.8468989470018295,0.01258456582375233,0.01178353277265426,647.6701988770974,907.1596576266431,0.0917465653694337,0.19374589130030473,210000.0
Random_4598,0.18127791400266985,0.8116960075174433,0.010641697771327258,0.03261638165820757,667.2015618470721,925.5867143316617,0.08045425426166372,0.1636052767515135,210000.0
Random_4599,0.16498272681706871,1.1492415050302045,0.04198314890145659,0.03737160574906291,702.3259474533642,968.939116511949,0.05316100443241527,0.09458010700462272,210000.0
Random_4600,0.18835573643184983,0.5546994685921918,0.025530480943725137,0.0026288312425054106,662.4909671179066,912.2886323376193,0.08231226916406702,0.17336081345364182,210000.0
Random_4601,0.16250872772472857,1.8949688711605839,0.013121616208808837,0.0030807230986603256,667.0376975220539,971.6422915108648,0.10722932601088611,0.22797771629878458,210000.0
Random_4602,0.0625373877071629,0.7285933002564838,0.020156833909039704,0.025904084039349556,512.889112838819,737.6252848412803,0.0786008367761205,0.15877730637288526,210000.0
Random_4603,0.12470843608329396,0.5591073587814458,0.04325140336749929,0.0042208966254303395,612.2518038376758,844.79096000423,0.06706945625732855,0.13514999251748527,210000.0
Random_4604,0.24821797592709466,1.96115510390129,0.0060351940959375685,0.036587623538101965,769.8873080820786,1096.783956328687,0.09226300645083597,0.18747688584805616,210000.0
Random_4605,0.09409040688701267,0.9256509771677561,0.0043515019877423435,0.020035513375385828,547.7118825988935,790.9378170641454,0.09718401803192327,0.2046132299185952,210000.0
Random_4606,0.25366181677238103,0.34918769244154124,0.01711800830505355,0.004625902176329318,709.2849653890327,966.6743529034866,0.08523715804042331,0.18177675188829348,210000.0
Random_4607,0.04394530812942413,1.030565579873668,0.02058544779066922,0.013408774092862029,478.8267007289408,713.4689411049293,0.08954086108209369,0.1854840334107749,210000.0
Random_4608,0.060875608213642685,0.10841685705502646,0.02550174013797983,0.025253483746321297,494.13096232914893,690.1682050392918,0.06804591563092625,0.13578974170813204,210000.0
Random_4609,0.05545730666535786,0.5970176250187783,0.025632532173766435,0.004483329921570286,486.737362148331,705.0582129728884,0.08550102432487683,0.17895570381161893,210000.0
Random_4610,0.20016480111214235,0.8131132119266141,0.048373724183909096,0.03169968024489138,731.3552373330767,991.5806597935059,0.04662701599073468,0.08122467020994911,210000.0
Random_4611,0.009846012882973855,1.85436356107208,0.017550027617206906,0.010210112709410642,402.41420630586236,666.1012585487199,0.10463800158223034,0.21817194703381368,210000.0
Random_4612,0.039192563875449525,0.8185864373221144,0.010686709814279528,0.011865669727002322,447.95455280441405,672.7848930894692,0.09748900132834366,0.20595705084017454,210000.0
Random_4613,0.17034454853495395,1.539615264473788,0.049645912294595064,0.034692427923828886,729.2016883421927,1014.3234451597776,0.05164481127451798,0.0895542864616663,210000.0
Random_4614,0.09209974802762917,0.21755347687393128,0.046917772539653506,0.03847438641193059,583.9792319004152,789.9627026505227,0.04079531957647299,0.06743377557231232,210000.0
Random_4615,0.11522338172654448,1.381360483803105,0.03090826683879662,0.025837322864087377,629.0247911268967,895.4522111534419,0.07370485700949787,0.14471147813784213,210000.0
Random_4616,0.039798189059063696,1.3257469526946437,0.04952822265231544,0.036030747978851606,530.6018853131511,773.3653277986825,0.05307372365919903,0.09192385906593123,210000.0
Random_4617,0.1047280078805779,1.50101482054445,0.036404139789862365,0.026959620616517948,626.3475837388104,895.0061518009446,0.06959830862820524,0.13385111309385828,210000.0
Random_4618,0.18496836905107403,1.2884959933118125,0.02754611514497247,0.020522389486962188,699.589912974883,979.9688445661283,0.07717843277948495,0.15512946370619599,210000.0
Random_4619,0.12301550695735669,1.0230572158805225,0.031099690507682378,0.036524229424386524,634.3556905884617,885.7372284478588,0.06331159974000686,0.11957363150718611,210000.0
Random_4620,0.15732122457180167,0.9475927563577615,0.01053483035979911,0.030943190636053382,644.4414335052797,903.0951720046613,0.08349591792133168,0.17040062744432238,210000.0
Random_4621,0.15785948874283415,1.358848347615385,0.017002320647345383,0.0035773824294989343,648.0504612264864,927.0171328087397,0.09819365840067734,0.20815543557061691,210000.0
Random_4622,0.07517910862875486,1.2180994388762927,0.04465241253324249,0.0016772284015237123,564.1597161682314,814.062596800072,0.07550372427045036,0.15247559216699427,210000.0
Random_4623,0.21409810141260097,1.952139584384826,0.00793366600125834,0.008234805917849659,720.0462732005235,1040.1236020974623,0.1081860656830493,0.22990474259845536,210000.0
Random_4624,0.12442184728770826,0.2531183375892828,0.03558072214149047,0.03429760751626705,613.0256640526369,829.9311846934611,0.05287527270755035,0.09779921355199767,210000.0
Random_4625,0.028092228593530333,0.2946155295744091,0.03560654694505702,0.03985832547117299,451.7868556386318,646.0304218245644,0.05363312047494146,0.09708029198339088,210000.0
Random_4626,0.2356005674431336,1.627223256900409,0.03166492891038589,0.007520469896050707,757.0633832677709,1066.0537397845578,0.08355377404188065,0.17143338856118662,210000.0
Random_4627,0.1940593166679842,0.44438058149532966,0.0301740972325357,0.020347344484639242,682.4748555595769,926.9450955564888,0.06626827878402206,0.13232798088117412,210000.0
Random_4628,0.20471835824912057,0.6678770128538186,0.03427743211315072,0.013153705184690185,700.9285234672407,958.3680876241154,0.06888769554139303,0.13880293616364967,210000.0
Random_4629,0.07058494116436052,0.3967533427434933,0.020736355921835384,0.026442816541423383,516.390405317662,728.1162072351486,0.07412555784767481,0.1493794467100461,210000.0
Random_4630,0.10899448949079359,1.4535553452910877,0.01633198987077443,0.004080649413159407,590.458100887339,861.4837026554216,0.10078551022425136,0.21340596473492918,210000.0
Random_4631,0.11949308907578805,0.3308117986162825,0.03292833487621117,0.014714095959421018,592.502233842745,813.4506425825741,0.0679306045359618,0.13680423673767073,210000.0
Random_4632,0.14378786218692774,1.7354877876010544,0.03855981954507518,0.013380210038676676,677.6543331269937,967.5430467490729,0.0770390402604637,0.15330206868742657,210000.0
Random_4633,0.0535693709109969,1.2707200364028284,0.0435720717937445,0.02433322410096338,542.1004661585642,787.2427868528641,0.06426338969216247,0.12136466102644178,210000.0
Random_4634,0.01417361133838698,1.5757578155593004,0.02682509569818091,0.034865557348679264,438.89520784848355,688.4124601395,0.07831459807753342,0.15195293493632273,210000.0
Random_4635,0.19809038361875111,0.3891296405666044,0.04116194905970057,0.035672941787007084,708.5510483517212,949.4376868141696,0.0465403080061903,0.08234665967369753,210000.0
Random_4636,0.2549558304462767,0.2375157512322458,0.041124374903643963,0.0022079012698982266,733.6461916505261,984.6067759736629,0.06393984912412405,0.13054678777883116,210000.0
Random_4637,0.05255715192126451,0.126961223021465,0.04519245371332263,0.004536951690343675,488.1785733322698,683.0527639162586,0.0632891635431894,0.12668656492491226,210000.0
Random_4638,0.17325027365263004,1.1448733843904157,0.0367735486137913,0.01113026392754582,686.6001043808802,957.5996700882995,0.07334971300515596,0.14753790099377706,210000.0
Random_4639,0.03189065786258306,1.93217579148892,0.04591882374310674,0.004933926994083321,506.90409059408717,777.7564456177591,0.08146286922732339,0.16258463815977076,210000.0
Random_4640,0.1252737696377528,1.9793738875080233,0.011097032084095852,0.022708133440079856,637.0365307844726,934.7223848898377,0.09910272298395226,0.20468337975823425,210000.0
Random_4641,0.2598146641001944,1.997492017828583,0.005430831554415217,0.029699718235359614,775.9671851971417,1107.9975480412945,0.09707293719491655,0.2000936544739232,210000.0
Random_4642,0.028018486120013064,1.7687812877972968,0.0015046755978987308,0.006139607742682912,438.65919184747526,704.6474286611104,0.11930209551342741,0.2555464776906221,210000.0
Random_4643,0.1984001824497005,0.5921230321388171,0.040103783218606553,0.012167862906620818,698.2455684707916,950.3094188394452,0.06361868060402599,0.12632870275796101,210000.0
Random_4644,0.0241361550125741,1.5159609749915923,0.025882047063302147,0.005489344048736681,447.7819671332876,699.5245384720896,0.09546499794817967,0.19838143945154382,210000.0
Random_4645,0.26327162227549883,0.9098663555017134,0.04284512715352851,0.009816434130521162,771.9209896840417,1054.4699563477698,0.06438618839928695,0.12770775228495396,210000.0
Random_4646,0.2733814102650163,0.4429950357761291,0.0018333328926421538,0.02122989908923413,723.1387486953593,989.573819312989,0.08958483366507487,0.18994437453739924,210000.0
Random_4647,0.07936665425765238,1.651175601574692,0.047602255157227956,0.021834711453515194,603.7469423086538,872.3365506150686,0.0649344819010792,0.12209417715786108,210000.0
Random_4648,0.18414283099087028,1.9223316274488702,0.0031472535936844675,0.013374300796597738,686.6271227840799,997.8460294157741,0.1097838342076956,0.23295904665927827,210000.0
Random_4649,0.04089923532691075,1.5480630370429203,0.014890854504910365,0.02611463246934864,492.34350868910997,748.9507152298283,0.09236536996199687,0.18832854513429018,210000.0
Random_4650,0.29044809180197356,0.4693367145805287,0.01035779291841386,0.012473968657868678,742.6270412004549,1014.5326753809695,0.08710832506612201,0.18508394550173102,210000.0
Random_4651,0.2541099897254198,1.2952242392830742,0.032548713704307834,0.002243437127301181,759.6456224454613,1058.6748385780259,0.08223047307954469,0.17054408582644573,210000.0
Random_4652,0.1659834003074741,1.1611546330798572,0.030822111965828736,0.01749768306000845,676.544868320461,946.4270932838562,0.07522482364417729,0.15112172927801973,210000.0
Random_4653,0.018024721841813134,0.32347579598323895,0.036641411932450636,0.0034566919788565323,398.54159347513564,594.3963364419301,0.07549834843527774,0.15495745530603258,210000.0
Random_4654,0.13118219240410878,1.6881902220254783,0.037545104901307275,0.03966084141677888,677.8751135165214,960.4627459032482,0.06205098649518167,0.11321959446312888,210000.0
Random_4655,0.10414967732652901,0.515689559690193,0.008687337577825052,0.024997896953035784,556.4225297539836,782.9711605092056,0.08588510777827543,0.17829612174420653,210000.0
Random_4656,0.04790640240367402,1.9063460576434734,0.03191226823259914,0.017933353865257455,534.5579628146994,808.3324862417456,0.08520490059877706,0.1704715523584115,210000.0
Random_4657,0.20481628307804478,1.6739513736417777,0.02926049407324901,0.01334622562846401,730.3529459335008,1033.476290940755,0.08334600709278828,0.16964932630489132,210000.0
Random_4658,0.09775160030834933,0.15565069262782144,0.03392044721270938,0.0063559918970318,551.9887761699484,760.2088422865085,0.07096145883118067,0.14581234201846482,210000.0
Random_4659,0.14846972866980954,0.8561353160096796,0.012202521372288416,0.013554621884297492,620.8819255505153,874.4648754778765,0.09173995682724934,0.1931770563518643,210000.0
Random_4660,0.04772974255531414,0.9249195487044906,0.006150552202045509,0.03846753397527416,483.304359903105,713.28872833945,0.08626375058063276,0.1746802666903376,210000.0
Random_4661,0.10625368437683458,1.5359421757106366,0.015093977651720325,0.028615535009991068,605.2708184474237,877.4548764356741,0.08808620542881915,0.1786886057929537,210000.0
Random_4662,0.17729910191580056,0.4447267462731267,0.02445336710756946,0.028910483597756245,664.1089142638004,904.1772852686153,0.06667156692733771,0.13199759357254512,210000.0
Random_4663,0.06626792328794873,0.37525528527780283,0.023060110080730046,0.0065788409836439726,497.09426736840777,708.1766199427462,0.08390263782108442,0.17594969521641926,210000.0
Random_4664,0.1860372943114204,1.5065169656714978,0.022802834450410734,0.020557254835554893,702.6699406760312,993.5037205662263,0.08358185759107578,0.16981967946776527,210000.0
Random_4665,0.14510212875766385,1.9830230906991133,0.016630928926370712,0.0041976118344868646,655.1317111555187,958.9769991655262,0.10472537310622618,0.22111932990810929,210000.0
Random_4666,0.2732776931891269,0.5383807785255205,0.03553711733671989,0.029191556252913656,772.4056781714503,1039.7739426152098,0.055430274636193475,0.10496907983653353,210000.0
Random_4667,0.29049862752796174,0.7983406011464437,0.03415511906234968,0.025564609130667982,791.9046116306304,1075.6770173087693,0.061125448458633,0.1183630056400589,210000.0
Random_4668,0.2830575051234193,1.305821918294702,0.015564487067146724,0.02374604405827954,779.831722422856,1086.2132425369384,0.08416192461063236,0.17259963677109424,210000.0
Random_4669,0.19241501731772487,0.3872164753969314,0.04773186263050774,0.037213228149666336,711.6662972318118,950.3991856916911,0.03981252425823381,0.06564701220439798,210000.0
Random_4670,0.07865033967530503,0.9329595578480336,0.010117652106896365,0.016931937555520384,529.0491343025047,768.5309321514992,0.0944556125720573,0.1980913892791479,210000.0
Random_4671,0.07182923871440781,1.940067780885496,0.045812874475212234,0.03092418844353061,605.7335498001459,884.8549445850957,0.06425438224419162,0.1178139393208861,210000.0
Random_4672,0.009253404161781022,0.4696309316637183,0.04369458753052172,0.019918471779989236,389.38867235818196,587.7463705786537,0.061496205149677796,0.1175471865751512,210000.0
Random_4673,0.15430450825141415,1.2454335122798923,0.026796064611791542,0.03498713784224614,673.7709596727797,943.4489385919053,0.06948927176196637,0.13426526254231766,210000.0
Random_4674,0.010375621965976682,0.4860033106762357,0.020446526572433333,0.03349876254212258,376.6697988422895,576.8182301850499,0.0743216857262496,0.1470652558066768,210000.0
Random_4675,0.14745497238651223,1.8178462701487468,0.01910292630569085,0.025592396350910852,670.0616042310187,965.1528036718121,0.08795041797663372,0.17802270689062677,210000.0
Random_4676,0.21012760861283158,1.4752310572071905,0.02445863405409748,0.039796376045513435,741.3980137846969,1035.1749127042594,0.06969377868083904,0.13368555332183363,210000.0
Random_4677,0.18559110284082514,1.2046984707854205,0.03532342210635649,0.03270844402037119,715.1710364161613,990.3376940215733,0.06201478123109323,0.11681681601149538,210000.0
Random_4678,0.07043882489939304,1.3124162655881468,0.015814946577961356,0.038218058011948566,550.5279687074491,802.8737665165712,0.08065181319721498,0.15969042455846594,210000.0
Random_4679,0.12922643017863888,0.9234304488948185,0.03762852954306513,0.005147207064573883,624.6100468429117,875.0489656592272,0.07509068808956273,0.15307108153606985,210000.0
Random_4680,0.24916039097638676,1.7449465632153642,0.00415685870149979,0.02310580647925454,751.4791410519626,1070.1108209262904,0.09986161521631451,0.20881816436032727,210000.0
Random_4681,0.17336667260433786,0.10602178800615453,0.0018115253124839372,0.019444224567676083,614.2314635762946,840.6436521972432,0.0894358456154709,0.19036939127887775,210000.0
Random_4682,0.05766111307633565,1.5929870258558776,0.016560033794900078,0.017043779453419512,523.6717887165258,787.0831780892587,0.09599702646797932,0.19855252763663073,210000.0
Random_4683,0.27485149862502906,0.5052025293408154,0.005657761913200442,0.03174891853463617,738.5321788105925,1006.9866328513597,0.08042543216155544,0.16588819214397618,210000.0
Random_4684,0.01754796366781693,1.0433981612178995,0.026772338552308192,0.0353850972128561,432.6371643726679,659.0044776832145,0.07245844404475969,0.1400539137834536,210000.0
Random_4685,0.23578024482615903,1.4431111456578636,0.02863599722921609,0.03860667953916336,768.911634404748,1067.4172830244213,0.06578326462780283,0.12466945854825384,210000.0
Random_4686,0.1129338871063965,0.8346218234401573,0.0023839819091152395,0.005316489994989913,558.2448225117669,803.4202385908446,0.1062896130213388,0.22949903728103552,210000.0
Random_4687,0.04950605462782301,1.113365037491945,0.014226255665802361,0.01156645725054413,484.385408051432,724.7999313622176,0.09694015470615151,0.20356322424576442,210000.0
Random_4688,0.20362407267567717,0.7720400518600705,0.01567813464776931,0.027855209583565167,691.4563271660286,953.6214801301443,0.07787200876180017,0.15833067983106652,210000.0
Random_4689,0.21987119929294563,0.3883637391657464,0.009533863192512503,0.009899011132284117,673.9765029731582,924.8660411128694,0.08998566876172033,0.19219818779352202,210000.0
Random_4690,0.16476240850592933,1.8241067365885917,0.042290860537033056,0.01988881017758503,713.8333595164459,1012.1343911322454,0.07012781957673635,0.13538377086762549,210000.0
Random_4691,0.0528394592049215,0.5950384389264569,0.009023859854088594,0.01746774428042354,470.76391489304007,688.6311811152001,0.0927508969143438,0.19490515217488272,210000.0
Random_4692,0.011051049928679882,1.7403588095419125,0.04984099628468756,0.028664196454574378,455.3982680756711,710.1967615680862,0.0632456940846362,0.1150893110735676,210000.0
Random_4693,0.2370863004581702,0.31752687479551583,0.04341927555745434,0.014905460487700105,731.8739705510977,980.7682761478261,0.055416342744227985,0.10750279107039419,210000.0
Random_4694,0.053688410258884524,0.9477474282371036,0.0067796920988735165,0.007014193667222836,474.753562891138,709.720788865241,0.10453308326378151,0.22354861222112443,210000.0
Random_4695,0.2804048792205418,0.9021331281169248,0.0413349702586737,0.022699541580827647,793.6457319248673,1079.2201815481044,0.05760947912155996,0.10960515350731934,210000.0
Random_4696,0.014817286082243024,0.1037540272854699,0.025214125643034987,0.0265053499989005,381.9957344360922,566.2314291331443,0.07000709169011116,0.13932639312344813,210000.0
Random_4697,0.10926960896326288,1.3578233680290719,0.0036795172995003917,0.004434041798165417,572.5466531888626,840.3170222631733,0.11099505224762492,0.23874468085618347,210000.0
Random_4698,0.12902912900631375,1.2767795083757183,0.03450030196256164,0.004176228818721539,632.2966290275407,898.9148666935238,0.08202766105496966,0.168584709797426,210000.0
Random_4699,0.22004244198574532,1.7199099349446638,0.038418065853475056,0.02490252887652957,765.9084323591851,1073.249342349731,0.06829958641321511,0.13127093493442832,210000.0
Random_4700,0.26427840435365907,0.5622572565535733,0.044191715283359564,0.011693354520154867,763.5665487482519,1030.4669207972963,0.05855241302586949,0.11475079813033318,210000.0
Random_4701,0.06124819088925158,0.5542674850508984,0.019530864103701986,0.03534145415352786,510.310763398079,726.1750624871038,0.07181035029640748,0.141671773289923,210000.0
Random_4702,0.04345422299216289,0.5628250558200667,0.02444033079203787,0.029699063161167053,477.4277068714729,689.2872386151603,0.07164337964301061,0.14163100170473922,210000.0
Random_4703,0.22420984081938883,0.8888197402833468,0.03979260990722562,0.013690147073341083,734.6001397727624,1006.3708677319148,0.06539059993070719,0.12938809706918772,210000.0
Random_4704,0.07067398008536592,1.8182759200190564,0.04496011381814187,0.013173458353988289,586.0744189010978,860.9146445495264,0.07449766610100617,0.14574190333316026,210000.0
Random_4705,0.1497038361270836,0.9923219652995761,0.015988380511460846,0.0169875914597279,634.0328592319876,893.4752289445444,0.0876028063210456,0.18201522385361565,210000.0
Random_4706,0.29473194112942463,1.9250176237895664,0.009463982402857708,0.0028683547251906463,789.3432242794814,1128.6654156621241,0.10815373523452526,0.2313745356178311,210000.0
Random_4707,0.05602237405645446,0.18499702260059014,0.019078459701221087,0.020308988007303002,476.6067534205847,675.786217135043,0.07776015448201432,0.15976532988061898,210000.0
Random_4708,0.1473803233472107,0.41626406454956644,0.003048636506444384,0.021296981825302156,598.6467983858327,832.2761126608261,0.09096264969359992,0.1921870520545012,210000.0
Random_4709,0.08498113349377735,0.5251667207700628,0.03451807589121366,0.01329919699907798,551.475677635636,772.5280816125097,0.07037557596305327,0.14162424276998986,210000.0
Random_4710,0.2376346565611385,1.8146258005924396,0.011619317702529785,0.02507176130096227,753.7353843165569,1071.8669231632218,0.09289625824546771,0.19111608488953863,210000.0
Random_4711,0.050577502939966525,1.8522682585510808,0.03706653613840753,0.007027949157238842,536.6337804137265,809.1026689598651,0.08644814204241667,0.1752584899665748,210000.0
Random_4712,0.13087599302068584,1.1573443226586397,0.027759267388558394,0.0036473706596370763,621.9624161838303,884.2493779147849,0.08716632274637355,0.18176999027346893,210000.0
Random_4713,0.1275839491883166,1.4110332103722696,0.005484858158559218,0.014291463527718363,607.4420756368152,881.2524516657442,0.10345530255518591,0.21900007643586072,210000.0
Random_4714,0.12827382958214725,1.311719546584472,0.03778147043237467,0.01051243739290901,640.9446792048665,908.1770035706818,0.07564334243250602,0.15196912173489857,210000.0
Random_4715,0.17565547635240206,1.9175036094424822,0.019895645835699374,0.022229866313264287,703.7497603551237,1010.5812508962188,0.08954878055205875,0.18224735624453206,210000.0
Random_4716,0.1245900497955221,1.4336891424199245,0.007261581259567342,0.01134376107254528,604.5094918439767,878.6845883151848,0.1039357485004611,0.22042936006807712,210000.0
Random_4717,0.20816229364138422,0.34473772100770883,0.02754875682083759,0.020355628634607235,689.9965238331179,933.7179438523752,0.06731515766014518,0.1354685611381124,210000.0
Random_4718,0.10011664482508033,1.7198372117001375,0.037035106113872424,0.017207305630755957,621.4524732228338,899.5349160160397,0.07721415035750367,0.15273133601715594,210000.0
Random_4719,0.01853402536593262,1.7276600358364629,0.04204875781898281,0.0035743824069641005,455.95443294684765,714.6827896828959,0.08456529432988126,0.1708813325693837,210000.0
Random_4720,0.2849744438268126,1.857032519223723,0.025205555101778347,0.014203693045860305,805.632368291247,1137.2897027612066,0.08668651024280542,0.17760932122655532,210000.0
Random_4721,0.0979849288801018,0.14363859279569835,0.03189419069014362,0.01947999156339827,558.6592736854374,765.5093080009859,0.06478311047956573,0.1290165480577147,210000.0
Random_4722,0.01663594384557002,0.6205250385048293,0.010161776495234972,0.03934522538754658,397.53652682526763,605.658579368755,0.08087290828654145,0.16194301581997025,210000.0
Random_4723,0.06904578428354691,0.9262878619681206,0.02386435741634262,0.009113691422210187,523.9259687203657,760.2321246727337,0.08706142918817289,0.1809316388409246,210000.0
Random_4724,0.10585026955304883,0.25279920636256653,0.02179954075668803,0.03869315771201861,574.9043770892571,787.9034928863382,0.0631855830762813,0.12217408676507993,210000.0
Random_4725,0.2889394909853998,0.8972511387383468,0.040509885085002924,0.035028821330479645,808.313655750916,1094.8817332272529,0.05074570359344338,0.09127592462069374,210000.0
Random_4726,0.08210882878799827,1.686497260133148,0.03733229935108797,0.0019739794459077776,583.099692346607,856.3747739458386,0.0863505878865075,0.17697866425421674,210000.0
Random_4727,0.1105915377615285,0.9585915595994038,0.048287028698382084,0.024473798219992647,627.9245518405013,872.8881903093866,0.05479224963406637,0.10048016850078281,210000.0
Random_4728,0.2701422695189649,0.8991968127973091,0.04545399254269648,0.005280951280235663,777.4902562303344,1061.43088468012,0.06451976160840425,0.12874554568763563,210000.0
Random_4729,0.2775119217965448,0.16395597894177122,0.04731770051983936,0.015102029173921182,767.2057231791716,1018.9681443051867,0.04945653175341719,0.09394517162933014,210000.0
Random_4730,0.04896003290122545,0.1662689041343735,0.044990987176183064,0.027748959053496117,498.37509478306544,692.2780079960443,0.050096042324248066,0.09109610615662442,210000.0
Random_4731,0.23052758571162638,0.25026934518905875,0.004295269914727574,0.019794980490763624,679.889832373104,926.8566293020789,0.08715730456639362,0.18467850897059074,210000.0
Random_4732,0.010134438644397958,0.546257506615835,0.0378392492476618,0.023632038512470054,391.67149294440514,593.8689873824067,0.06521462865451565,0.12584074220497854,210000.0
Random_4733,0.12124789740468965,0.2523171806374989,0.004268520646992372,0.024240130526353484,564.3074364561901,783.6929918421823,0.08717329115295777,0.18294312183657718,210000.0
Random_4734,0.18808685053385468,0.8811916127453727,0.0024475567402476154,0.03083835570849094,665.6864517376157,929.6989139487221,0.08943230545375216,0.18555024592800887,210000.0
Random_4735,0.20152412088054028,1.1363590459087591,0.049080394604362275,0.03828243103557423,749.4896841674481,1024.0178454022823,0.045243489086916895,0.07554184791785915,210000.0
Random_4736,0.07485741295244201,1.5108019032415347,0.011202936828729929,0.01970787963105694,546.3578515361116,810.5854251033082,0.09772863155266999,0.20309293652142518,210000.0
Random_4737,0.2874857801191869,1.835537805841823,0.04370466037417583,0.038571248314795956,846.2485934941164,1174.1371670916774,0.05515489464344277,0.09739942581129676,210000.0
Random_4738,0.2709929538196798,0.6833326089829093,0.03068278353321143,0.023604153466451536,765.7717410925794,1039.9269919917572,0.06464493211647215,0.1275750894330791,210000.0
Random_4739,0.06523922841519705,1.3250076868765206,0.03364254617202903,0.016821810981037043,548.3993314134605,800.2973358544579,0.07777030451910305,0.15535486617697963,210000.0
Random_4740,0.2613896136723589,1.0806199298353782,0.001062415194886606,0.003678926676168252,721.8083318924951,1015.4043248034924,0.10741741434078655,0.23293829193315113,210000.0
Random_4741,0.22520444118564084,0.4278301167804127,0.037343583736862786,0.03261127096463094,729.7156342707167,979.672711446126,0.05161117122531739,0.09524040057003728,210000.0
Random_4742,0.08477889510776998,1.4430437824634668,0.035187690430245784,0.024586928022893674,591.9939509793257,853.3436754908731,0.07218599650232649,0.14046214562339718,210000.0
Random_4743,0.10562903097772217,0.9498265221554542,0.03126660182885226,0.022884713189736106,599.2887310033985,844.1060770433376,0.07112737163284541,0.14059421725825544,210000.0
Random_4744,0.22707065664519316,0.6757112378359328,0.03453815978691182,0.014435826315607716,724.0681461179612,987.3248970936748,0.06748088650014107,0.13537217855927436,210000.0
Random_4745,0.03302529229012241,0.8752793526103642,0.010058870889601706,0.014261919705912195,436.2445265876675,661.9427572800232,0.0975080854489227,0.20528785465963983,210000.0
Random_4746,0.1849523564373809,0.38833091036682776,0.03612357977304623,0.01047716328126497,671.3286796297336,911.3136002612412,0.06648457183378205,0.13432884644583962,210000.0
Random_4747,0.07955110798701984,0.25576004726774687,0.049823550320799485,0.0013604205585692223,543.5354101706757,750.8376716241298,0.06125919165458648,0.12204479495742546,210000.0
Random_4748,0.14235777156058868,0.3534545262459402,0.012132378756316554,0.010790168943504378,594.0558408935009,823.7169336487298,0.08859523724440832,0.18802145540888826,210000.0
Random_4749,0.030666673159037795,0.2219466832935562,0.03624742015357377,0.038652861872986916,455.9291645327406,647.5914110085852,0.05290269105710288,0.09584526930358145,210000.0
Random_4750,0.1394549618469953,0.31651161232842306,0.026521257688416473,0.0014453751019085173,600.0081997215915,826.8776321148935,0.08096002533161627,0.17073339754710254,210000.0
Random_4751,0.2266659480414329,1.9735646216498224,0.043454727473466064,0.014337203761357074,779.7415038341787,1100.5950443199931,0.07250217975633506,0.14188758701874088,210000.0
Random_4752,0.023125663463782028,0.777535210078317,0.00667768644580978,0.0041735337574243915,395.01254994546787,614.9149526486789,0.106219889151154,0.2280992902210143,210000.0
Random_4753,0.23214176523445043,0.7809346228595415,0.007604160187218501,0.03883184797920988,717.269828041524,986.7324467255016,0.07803027481854326,0.15748614637051517,210000.0
Random_4754,0.23906227296733917,1.1375248407636602,0.04686390797895538,0.03757627017919714,782.3994015267192,1066.5983733502665,0.04687317015461835,0.07997026904597565,210000.0
Random_4755,0.09713788120814,1.3214364697710645,0.0024555863755094448,0.032707811531175565,572.5950039078467,833.5310435170448,0.09514625991341513,0.19622716066415627,210000.0
Random_4756,0.07860255027972197,1.4204299865282841,0.004148663536858221,0.028045215075918714,546.6504135783631,807.6448902530442,0.09803614436428143,0.2031947372834521,210000.0
Random_4757,0.10930859506257415,1.1672267201360302,0.015279410295813214,0.021394446447867865,591.7209935036207,848.6394361358911,0.0884717599901771,0.18227397728288175,210000.0
Random_4758,0.24464541968250786,0.29124121736443676,0.011112990034201336,0.009486539035794658,695.324401211926,947.943648588353,0.08732646898276253,0.18641312633752666,210000.0
Random_4759,0.2876376398761963,0.8114292551496949,0.028464553112482006,0.011148370972684053,773.0480866498802,1058.3027791738525,0.0750808001821242,0.15431643073018192,210000.0
Random_4760,0.26893257244421476,1.5452130542730151,0.020849073529472503,0.033784994282130755,789.4792243274089,1101.8762294558203,0.07604522594814879,0.15023682477165626,210000.0
Random_4761,0.13186643764088726,0.5594011048105073,0.022355164003964905,0.028517678474165902,613.188378547335,847.2582102757792,0.0711010726235417,0.1418530082558311,210000.0
Random_4762,0.2608126545166025,1.604168390025012,0.03996675178797507,0.01011157139064538,790.8124784427345,1104.196953768721,0.07379070039728892,0.14755007152312974,210000.0
Random_4763,0.2777117143558762,0.9261736671652171,0.006532970468801702,0.009641692567398014,741.2900674431759,1031.1018380116839,0.09705737571523289,0.20764488621598587,210000.0
Random_4764,0.007426631556806584,0.3302833627110104,0.04929139574980751,0.014147319600394719,378.17283210270745,569.8171440858883,0.05872862756342925,0.1120817689867776,210000.0
Random_4765,0.11992036443532705,1.532755333981824,0.021530653618032122,0.03690396344811309,636.9816740052427,911.260985777965,0.076881683046709,0.15038951926695993,210000.0
Random_4766,0.2406330657971968,1.6059106657946023,0.03984497836060067,0.018860808444823886,778.712692047345,1086.4404755129672,0.06907126820427917,0.13466022168638847,210000.0
Random_4767,0.017881369715243844,1.4779235455239903,0.04383589934466233,0.006625820812103888,449.3175928258193,696.2575571906684,0.07867700878110565,0.15716932949950482,210000.0
Random_4768,0.2038079998689998,1.2804946412030902,0.01170791720198108,0.01491267714603586,695.6115815724906,982.0561928460384,0.09429119476516463,0.19793415179112248,210000.0
Random_4769,0.13063117782156222,1.8465926739662406,0.01659411567906628,0.010538072235405878,637.2067514299134,930.7906411806271,0.09997979221033851,0.2091067092548882,210000.0
Random_4770,0.12026014040809645,1.2190514271809874,0.02376540327685836,0.011113579990460441,611.0716845949597,873.2037152587427,0.08719779455684837,0.18044399580676918,210000.0
Random_4771,0.188255411283881,1.6212594051142089,0.02389432245478259,0.009103256681688262,702.2852348177428,999.6659545379348,0.09056806785469539,0.1879371040548024,210000.0
Random_4772,0.018493308432460283,0.21213599907598804,0.010028198445362898,0.013591146778987359,371.3634946013552,563.6433940499418,0.09222149123911932,0.19499524438849852,210000.0
Random_4773,0.21892859704440512,0.9713884163959051,0.02823632718052777,0.01765839595090074,721.3513207534133,996.1243709018161,0.07434819087767043,0.15033849250276946,210000.0
Random_4774,0.2954871938645511,0.13125196843216372,0.018179643426665983,0.03160028658712191,757.7581956778957,1013.5539383223778,0.06511892189116499,0.1303258717768148,210000.0
Random_4775,0.09536702688359021,1.2871687803613412,0.0443621192405977,0.02687674048045734,615.0331389099324,871.098381969406,0.0606434257505289,0.11279130761263574,210000.0
Random_4776,0.28892206767069584,0.22384707942868298,0.0030139147728998703,0.0372891738442273,741.3170097182355,1000.3963981208301,0.07640214891392295,0.15668306238099503,210000.0
Random_4777,0.1799446124537232,1.207402926552675,0.046054635991731235,0.025286331527536083,717.0040076451211,990.6160150518808,0.05696908217963756,0.10540177735156817,210000.0
Random_4778,0.16520438794170295,0.790105996062989,0.04531447723732083,0.01271726562711473,676.7412523670938,928.9545797461992,0.061358602540080645,0.11950450793438709,210000.0
Random_4779,0.18343184073041402,1.8086920875112822,0.023872622628830213,0.02653464146465501,715.9861113708474,1019.2026343639798,0.08211498691641489,0.1640670681954357,210000.0
Random_4780,0.03200002254329871,0.2342398760213673,0.025982592131208234,0.020757156588717195,434.9044669196665,629.7060870788587,0.0729260618646878,0.14715622424140543,210000.0
Random_4781,0.2528948121872939,1.4136978096842565,0.03248448183211899,0.018459714939125182,773.9804343711602,1076.745003112076,0.07376738587609857,0.14715709304369942,210000.0
Random_4782,0.006571227707357446,0.8409507961191034,0.03169178784294202,0.0019349444480402627,361.7746828591034,578.570137028024,0.0871046700455018,0.18075864717461065,210000.0
Random_4783,0.05058941067071188,0.8469169387986678,0.04361943795467953,0.025897917303829964,522.5427693436413,747.7399958365786,0.0591745068725351,0.11054207164166638,210000.0
Random_4784,0.007097093577451665,1.7537207768678154,0.03201449906755155,0.015394358659257958,406.3935017023243,663.2925014375942,0.0878026584218957,0.17664177375306755,210000.0
Random_4785,0.2800518891023427,0.29953768856039187,0.026935157825589945,0.03279813094727204,762.044061634568,1020.7575667935422,0.05849087046351739,0.11308842541788997,210000.0
Random_4786,0.052698723857555245,1.8399765493946132,0.011995022214723781,0.026352659564028245,523.845891130927,796.7517022757733,0.09720140923895274,0.19906374576640462,210000.0
Random_4787,0.25227790978952447,1.7902299712872525,0.005173489754373135,0.03751668344809488,767.1733850940517,1087.3879973931619,0.09069069397663347,0.18430531867227973,210000.0
Random_4788,0.052335053344743324,1.2319998249981783,0.04592506283873583,0.0044884167268759885,527.2636636138255,771.7543407096805,0.07371902048958075,0.1472726491529168,210000.0
Random_4789,0.18549638889799944,1.4923801905838026,0.010237224673740369,0.005800031715395137,676.2016239301853,968.4498492198254,0.10361642232689044,0.2208179420981267,210000.0
Random_4790,0.20186746422507815,1.695488132259742,0.009384092995079713,0.008269335172599673,700.7585003436348,1006.1100580981783,0.10456166386791857,0.22206195646876542,210000.0
Random_4791,0.2009423104625033,1.2129175901124458,0.04700175280347638,0.024401582050175008,739.3746297872352,1018.479232169629,0.05622133129602391,0.10388132865058725,210000.0
Random_4792,0.06596003623251796,1.2283086679474742,0.03183831322383801,0.0012838360247463764,533.239638840905,782.3537660167841,0.08772176595479902,0.1821946722101643,210000.0
Random_4793,0.09730594947742276,0.6691305424216204,0.02719041308496811,0.020534146927653634,571.1670816105909,801.7864785879098,0.07366066517838574,0.1482315063517227,210000.0
Random_4794,0.15435904489752458,0.5509254836051539,0.005941918517097259,0.01475332959119062,610.3370078326635,852.0627959706136,0.09345181968323556,0.19862554012315597,210000.0
Random_4795,0.060124227606960186,0.5949502052161358,0.008307915725474256,0.03181133448803665,493.7428697236869,712.3371458430722,0.08448152877243637,0.17291535745946834,210000.0
Random_4796,0.15494598411483873,1.6673125196825163,0.0028361956148856547,0.032976223015387655,659.111337769681,950.011903693682,0.09646217958459194,0.19859939171707458,210000.0
Random_4797,0.09789485154674239,1.104502785252638,0.04483274632620887,0.011489484543844963,602.092908869962,851.763468623412,0.06754423484120971,0.13255957733439783,210000.0
Random_4798,0.16914857340260928,1.6743690230293462,0.03923933961504036,0.025388503315156467,713.6111597593422,1006.0746817118993,0.06796964738555979,0.1300881575990408,210000.0
Random_4799,0.2713861022467875,1.6793653948012448,0.015276950174895922,0.010964710735463207,773.638007659556,1094.9566431144804,0.09604662610228791,0.20159658784043213,210000.0
Random_4800,0.029543429989574824,1.6647421493279346,0.022676512377745657,0.023438409686042917,476.57849797628245,735.1885584283301,0.08873787407243185,0.17902977931934827,210000.0
Random_4801,0.24748163016796296,1.9378993141080296,0.00835657437998628,0.007060560829514527,750.524488081802,1078.366993941894,0.10767223458468667,0.229177615085573,210000.0
Random_4802,0.20435209804854873,0.5852279673119104,0.03341311750794952,0.01214661498414428,695.9292327616822,949.7077372034878,0.06945144087198185,0.14067898874712617,210000.0
Random_4803,0.20966898566319483,1.3665231153997737,0.0010222582971364073,0.025977906303523802,699.3461881364478,991.0969615771835,0.09800052968827346,0.2052009935362828,210000.0
Random_4804,0.17685187625074764,0.842035663584992,0.03994608162196145,0.03665766096891628,701.5507523138373,957.5270268305786,0.052063534517762244,0.09348557199917333,210000.0
Random_4805,0.024143419151824403,1.8902139003394482,0.018682164154107592,0.01299577012281667,457.51649751694765,726.077743078025,0.10118309863691506,0.20969502356306044,210000.0
Random_4806,0.22604349202873067,0.36241801342890023,0.048962306298310526,0.03044814628273986,740.6493828861168,987.1162302911159,0.041780410419271954,0.07179663980612373,210000.0
Random_4807,0.09593433705254799,0.8264346760934985,0.047953405684029136,0.025374539881435024,602.9908962017736,838.2978052438809,0.05368690398754415,0.0980426297489026,210000.0
Random_4808,0.10194366248636992,1.6389187075945786,0.006629683410884144,0.031410482572785,594.6626714849882,870.8567156696431,0.0951904589330309,0.19516485147259408,210000.0
Random_4809,0.09544691880389143,1.8635907755119265,0.0348459990434347,0.023373639721323582,621.4527865602972,904.5185300581261,0.07707142783300429,0.15085500016010517,210000.0
Random_4810,0.251507302176841,1.4459330253956786,0.04433968876811293,0.016305057460241704,786.5833559690668,1089.6755879578143,0.06474047514570316,0.1252230518000645,210000.0
Random_4811,0.19201999441458995,0.2854771196613608,0.04746570471628802,0.03262762661226474,704.1706582052427,938.6146606873672,0.04179504376839635,0.07155275500537159,210000.0
Random_4812,0.16259587934146258,1.7852702963931841,0.006762837370166489,0.023899465369851075,670.2381051851514,968.7712541390089,0.09936183423757591,0.2064587473791448,210000.0
Random_4813,0.1266205404282557,0.5574431422605347,0.021240086023521197,0.019922240098873445,599.1982019334197,832.6452923524162,0.07738825392751522,0.1583115774060726,210000.0
Random_4814,0.2150444848769559,1.0805683583446177,0.009686487038918796,0.017329928115301322,698.9306290826838,979.1560132150929,0.09241531054783382,0.19402405503397963,210000.0
Random_4815,0.05482684555615815,0.6898289640631253,0.04776609148412984,0.019084828475353723,525.5589008698552,744.9598420449767,0.057774883610503446,0.10880939923721343,210000.0
Random_4816,0.04424583860982587,0.6505370238539812,0.0061854594154015065,0.03979512290066617,467.36018652837527,684.0173656689755,0.08285444406062235,0.16731665519481764,210000.0
Random_4817,0.06208119484417842,0.521891573421436,0.03610697116923519,0.013738836980436781,515.4566399658429,730.4743948288783,0.06949611985793606,0.1390539164560033,210000.0
Random_4818,0.21540681415550825,0.5126328777294523,0.018427941977208193,0.036406260923133066,703.2475205389402,955.7809673436153,0.06741503651504806,0.13289639186995958,210000.0
Random_4819,0.24071202792127908,0.44171423145084565,0.0385313238776071,0.023059060518176466,739.4006378462678,994.528554490213,0.05609103209754206,0.10754591043677067,210000.0
Random_4820,0.25000331613396776,1.7236133019396593,0.008651749467052758,0.004335005268396461,743.7460531269029,1062.7705403688437,0.10684848901555181,0.2285022761369239,210000.0
Random_4821,0.18034988675592595,0.4240245070857105,0.040246114732263444,0.035693566745001765,690.3302847678757,928.4236847575329,0.04810907748438209,0.08584228237785807,210000.0
Random_4822,0.28396858179647655,1.79662649807928,0.007568349934860881,0.009536362174582553,778.2377237003489,1108.7096845942801,0.10477519222747886,0.2227084996111803,210000.0
Random_4823,0.09843870692593776,1.0653236339079706,0.04617887157416678,0.02001551283155381,609.0863220707034,856.340011575589,0.0608079555564454,0.11513815735060257,210000.0
Random_4824,0.11273164995015335,0.8155287043529718,0.01696993611767958,0.03978785789890962,598.9387366828225,839.2798173449175,0.07229452295027197,0.14188592829390823,210000.0
Random_4825,0.27375020645083087,1.7882989155173838,0.003580483338259243,0.021463030853900656,772.8014557798252,1099.7089774554424,0.1013185069243318,0.2126196081717996,210000.0
Random_4826,0.11971343254246222,0.7370125148888451,0.005945735122655174,0.006181599534192201,568.6541006454484,810.7778351785141,0.10139007802235639,0.21792922218197386,210000.0
Random_4827,0.17490376955209894,1.7001317275085237,0.01631403834194761,0.009540811859030815,682.1535068343888,980.3169889442188,0.09822989605058208,0.20611785202077282,210000.0
Random_4828,0.05726226189782965,1.0349670818844363,0.010987338785391175,0.020020848693603575,498.78905854104363,737.1974877019812,0.09366264980589467,0.19492202462019148,210000.0
Random_4829,0.12380884978803809,1.285831540019807,0.017541062647334845,0.010925813968716246,610.3797845975774,876.9170662161943,0.09347857428654516,0.19557039792666986,210000.0
Random_4830,0.08383275297790543,0.8747714725475895,0.028468662011815797,0.01991956001065582,559.3080643353127,795.7599110826328,0.07538340565568132,0.151411522502374,210000.0
Random_4831,0.2990341999018971,1.6404204751349714,0.015553308809999986,0.0320027289457193,810.6367738148291,1135.4097621509195,0.08226778553600479,0.16551315596972183,210000.0
Random_4832,0.10679602449429314,1.8492800400304563,0.02054213876910672,0.01298264838916599,612.5801710536359,899.814796005918,0.0956793542688928,0.1979487936744765,210000.0
Random_4833,0.21272446043012833,0.5217722483928028,0.0432762239996254,0.020782638684414812,719.8399026864879,971.3760599569729,0.05457512527108075,0.10352670546854538,210000.0
Random_4834,0.11003592895779234,1.7058514100114923,0.03814493608085065,0.02892929480070173,644.2742046075913,923.1805618270324,0.06873616195582437,0.13064263155902775,210000.0
Random_4835,0.0439903705674901,0.8844437331150873,0.026925792574369462,0.004885484531975418,475.45125452768565,703.7039129912296,0.08748515699265462,0.18224580314277128,210000.0
Random_4836,0.1769746839757884,1.3032760882064407,0.012045247388653927,0.03705047601484704,684.6195253198008,963.5829624107577,0.08154808079768326,0.1634578722339661,210000.0
Random_4837,0.12463207098353177,0.9849170376536979,0.015327337624724525,0.028359639629811976,610.446058449458,862.4303847093944,0.08197812919770792,0.16648146749360127,210000.0
Random_4838,0.060672592798634996,1.8861428688479929,0.03864869741365249,0.0028134933131709833,556.049147799502,832.7767498391744,0.08746314357997412,0.17834141086921879,210000.0
Random_4839,0.22468017292097028,1.3749212844638221,0.025952401354434912,0.0071309021415904466,730.8607196961068,1026.2555564475392,0.08663342230479391,0.18003352321117772,210000.0
Random_4840,0.05199815174440865,1.0772037735668194,0.035535136010355274,0.017785963023831626,518.0223985777587,755.2304184016327,0.07355821686374255,0.14578799411381035,210000.0
Random_4841,0.20071414604485938,1.7459046850232776,0.0400383324969076,0.03317710784640137,755.5868296754917,1058.473841785289,0.06255805642382162,0.11582993671031963,210000.0
Random_4842,0.20077383504791654,1.7675953266530466,0.04685878644738969,0.038023420501964826,767.9829152317806,1070.9275871371985,0.05372743448024129,0.09350198618074074,210000.0
Random_4843,0.07571719169850816,1.8052287149500807,0.024045185012676835,0.037670799398084154,586.0575998114109,861.2849111559307,0.07830578959492368,0.15192518542554295,210000.0
Random_4844,0.26769224507132483,0.7055387707899132,0.030105248777407622,0.007904261390733197,752.003993210821,1027.635538350747,0.07487031020208633,0.1545368163369163,210000.0
Random_4845,0.23204086377063746,1.5718247838548862,0.035448913818360885,0.03715320483784036,777.0953880127116,1080.0295497363447,0.061888178485780536,0.11473550950908051,210000.0
Random_4846,0.029372906108326283,0.4539576330238194,0.0074838214642276146,0.024631330221328154,416.35776482004496,621.5598726983541,0.08959763375180961,0.18634920682939687,210000.0
Random_4847,0.2556377735416517,0.10617411329369073,0.011325674526232867,0.01346149673229995,701.7756593285956,948.479964111542,0.08267960917063119,0.17544434983784923,210000.0
Random_4848,0.12572787554378642,0.47928844614089783,0.00823225212841017,0.026398094832337345,584.2556056593942,814.4851268648214,0.08445337528848776,0.1750546117926765,210000.0
Random_4849,0.17912785142022483,1.3224482829799995,0.019773308114078278,0.005111180611607248,674.5029713915419,956.8043478826434,0.09389709748633802,0.19784039948240179,210000.0
Random_4850,0.21305873052257399,1.9939400352355965,0.040960694901808495,0.0014230779440790279,755.36145770672,1074.9627400952945,0.0829892711069376,0.16902503307552016,210000.0
Random_4851,0.26013492040034475,0.3360344878465281,0.036987142646305676,0.01567966463803473,746.1523545806501,1002.0942920510828,0.06046343302321754,0.11986014313269892,210000.0
Random_4852,0.22024313402636,0.9008511426129938,0.034743956454066485,0.02038895177106302,729.8654215163517,1001.0538737825161,0.0661195658317151,0.1301859683733784,210000.0
Random_4853,0.055669969732804796,1.7792096941009685,0.04038860131893746,0.023439353385165434,559.4965684611847,828.3722607526013,0.07265984682919314,0.13978851177674517,210000.0
Random_4854,0.1713836999356364,1.7886629100215177,0.03795303782202105,0.006665620715799934,705.3994118631872,1005.1656751150389,0.08144981973925072,0.1650521760633731,210000.0
Random_4855,0.25309255443198797,1.6105590526302613,0.005400430359596117,0.02433898030585209,752.6621138031089,1066.031256926232,0.09658015403436733,0.20126454380255543,210000.0
Random_4856,0.056361720175924106,1.4742367538247578,0.03737011899689976,0.00602064708034309,534.3224931796672,791.2823158595828,0.08274874750298127,0.16814118857506535,210000.0
Random_4857,0.15810143624109108,1.7600374595355608,0.005898788842099179,0.00587205117917738,650.6480353044418,948.4334128421127,0.11081583966807648,0.2369233433276423,210000.0
Random_4858,0.23262698750670896,1.012307685198657,0.01878173137072509,0.029482809862931638,732.6895935169446,1012.5390229288689,0.07588354870088457,0.15246128090830643,210000.0
Random_4859,0.22812704078917637,1.336320125431611,0.005117576249970227,0.001989169772125247,704.1685339096479,1000.7661600695968,0.10801135145097689,0.23318000449311557,210000.0
Random_4860,0.059866569110551215,1.5627478983237852,0.022618566834169303,0.01034434605832412,529.288311103624,791.9415757744326,0.0941706320370363,0.1951560989170752,210000.0
Random_4861,0.24081486637350324,1.1051335893610137,0.030255612312311445,0.038315401309497295,763.4632133118947,1047.9122603367714,0.06101746576032396,0.11460652607192437,210000.0
Random_4862,0.16745362810295739,0.863358185444231,0.014003810953587131,0.035503604041976444,660.1645166090433,916.9184487801278,0.07654376992336565,0.1532845738485058,210000.0
Random_4863,0.10282582638829872,0.7314423240771935,0.011861688943969405,0.039443837380092564,576.0433913504548,810.5603104250782,0.0765593074940567,0.15259640445848865,210000.0
Random_4864,0.2013144686055102,0.11362664437461441,0.011564106171895811,0.03843951620194244,668.5742496420694,900.0157760003976,0.06869124498251171,0.1373810410154881,210000.0
Random_4865,0.26577719448501935,0.4163479636456624,0.018148519846696017,0.005202036942744203,723.9740775606376,987.285990002792,0.0843978729608485,0.1794555232059209,210000.0
Random_4866,0.014619204126355007,0.7925554111168089,0.04933313473962233,0.00212861531987404,417.2481425759612,632.4509971030466,0.06983036563635214,0.13907603124890572,210000.0
Random_4867,0.29906474427063706,1.2868165748380382,0.0014995320104718279,0.01832469778057717,771.8466179392279,1082.9336114913149,0.09958640580481108,0.2112431196932025,210000.0
Random_4868,0.19709620969982544,1.3194861197928343,0.044442329168566906,0.022087296443466395,734.5335866633467,1017.862144430018,0.06106528330329627,0.11551871636177921,210000.0
Random_4869,0.03367505494109692,1.4866549187426554,0.014495988970529939,0.014629438435760974,464.82559428456346,717.8137951707539,0.09937234319785077,0.20709451543318516,210000.0
Random_4870,0.1182381546992902,1.4203164811949387,0.04390339075350356,0.02067940674769133,646.3427086942983,914.6498652227974,0.06540531401351724,0.12497750902655647,210000.0
Random_4871,0.10726556236957444,0.8616722837767985,0.017679851682862534,0.023874514059248095,582.8493071376843,825.116601240665,0.08182986354665202,0.16703798079645976,210000.0
Random_4872,0.0972820869011851,0.8452824102814619,0.03257658997385279,0.03778250360206346,595.835232907855,832.5647356097438,0.06022637567493268,0.11230911391949883,210000.0
Random_4873,0.05898751554363818,0.4583496467297741,0.03360695995197757,0.01382920564233216,504.63714376867654,716.2148635098811,0.07118224000864909,0.14339001377957425,210000.0
Random_4874,0.289472312791314,1.1108973121482202,0.007506279085735585,0.021116227874703585,766.8939814640398,1066.962638151703,0.09092305897230521,0.19039711516043475,210000.0
Random_4875,0.026956140059011337,0.2501442230357313,0.022089170300648202,0.01690126016698943,414.8578605952727,609.7341512092225,0.07919676783043911,0.16279736347382318,210000.0
Random_4876,0.14466992911926513,1.9813360044522232,0.004241191416431386,0.039611009371429313,664.4834000763874,966.302826493525,0.09462258206552437,0.19170428381590437,210000.0
Random_4877,0.1379870290129375,0.2010975352051181,0.023308412953521405,0.022557256624089684,605.1180371966113,824.9949299678672,0.07006972864646491,0.14179318946188538,210000.0
Random_4878,0.0686284413165071,1.178737015612973,0.011265727266577798,0.023403057805383026,526.9300842860418,774.3568575119956,0.09236697480951486,0.19086643559024544,210000.0
Random_4879,0.20391983476616068,1.2965982403593703,0.01572935947331717,0.03536799376037497,715.4311200626811,1000.6702113116976,0.07855726585138638,0.1566755904092959,210000.0
Random_4880,0.05759584119387346,0.4948044205803267,0.005410638047619946,0.013833970842869948,469.48690206521945,684.6124925785634,0.09697826074393988,0.2062586779316838,210000.0
Random_4881,0.2074488989272387,1.3274144853248073,0.042751666847929984,0.006121290454343272,731.9654368320769,1019.6514768193209,0.07201555872172395,0.14448193452253857,210000.0
Random_4882,0.04758360999048947,0.7747100680538541,0.019821128768717153,0.03322992792246451,490.48416603452165,712.997937059273,0.07560739448889325,0.14999436630131385,210000.0
Random_4883,0.14757540879233313,1.9297366111796332,0.04804241849951858,0.021767197468378956,706.1686256795405,1004.3158561032756,0.0653157620065141,0.12270767762586918,210000.0
Random_4884,0.171661289587714,1.1244572866039275,0.01646194135838111,0.02646858772415742,670.5265928204642,940.6080507879665,0.08226126752561606,0.1673503234182167,210000.0
Random_4885,0.14804947184295894,0.40330614218417793,0.0031010091945077507,0.024765723967172092,601.467709231449,834.3995149375423,0.08868727928993549,0.186227865315199,210000.0
Random_4886,0.2648022543937005,1.822302113873364,0.03447912816735026,0.017282164199570033,800.3835060502971,1124.4467613836703,0.07653071919450502,0.152356921442242,210000.0
Random_4887,0.24658156646321053,1.5497056688736257,0.021324789285142965,0.011583247475611395,754.8505389589184,1063.600042733174,0.08942340184289094,0.18568358898148007,210000.0
Random_4888,0.28414310780690805,0.19062290729719966,0.004905815032048303,0.010207422858945835,719.4496556335085,977.8544043823301,0.09070552672124133,0.195365758286085,210000.0
Random_4889,0.18850882783573994,0.9435018605203195,0.009811832032006706,0.027880789374477754,675.0717460303159,941.6411270001465,0.08519237548700914,0.17530770241142446,210000.0
Random_4890,0.11568764431142002,1.4510484717839216,0.04674033600744195,0.016861414153763108,644.7940674744095,913.9250197696447,0.06552475653343007,0.12560881300237814,210000.0
Random_4891,0.18857527930966161,0.26831472397004263,0.010452879995439649,0.027495850022138175,652.0088635543091,888.1909475589702,0.07809299418151443,0.1610064963559977,210000.0
Random_4892,0.27756200901454775,1.937203698462482,0.02737505777266199,0.030208867878112163,815.9557929243788,1147.9137475567654,0.07607233344822131,0.14911109663613292,210000.0
Random_4893,0.27362933746726265,1.7532938641799933,0.010719572429249865,0.02177973415825372,780.2609105852018,1104.9665243131167,0.09435556463801116,0.19571140664102094,210000.0
Random_4894,0.2500829234048689,1.8465283338829899,0.004911072901805743,0.009183865378569404,747.0251098098163,1071.512020623338,0.10853334016946874,0.23142870502678742,210000.0
Random_4895,0.10419168840111095,0.8484746321712209,0.014569201062692015,0.014018025384687983,567.5009071951501,809.4432096273425,0.09050590266726227,0.18957691475557253,210000.0
Random_4896,0.1596638876634314,1.4897240764752768,0.04022572430022587,0.02465058234406373,697.288294307535,979.0517451332372,0.06591214671411603,0.12587377077051617,210000.0
Random_4897,0.07580458057908622,0.5577440322245754,0.009125529351259518,0.010593407285342304,505.68074633446065,728.1528579984099,0.09550189320412127,0.20311621175360176,210000.0
Random_4898,0.027871648266599415,1.3584670578884153,0.008049740506658245,0.03994193155074306,455.41862427690984,699.6782201839463,0.08903578438006134,0.17887489993716216,210000.0
Random_4899,0.16714771883597107,1.4838850904695375,0.014987384761360984,0.012144812698439682,666.3755376805863,952.766720663924,0.09588657635792643,0.2009202737319326,210000.0
Random_4900,0.05194194985832519,1.2131350143697501,0.005900262279601855,0.039247360546274465,502.13018212987555,746.0949354150254,0.08871454244186848,0.17937003575338648,210000.0
Random_4901,0.2448353135852462,0.9781153828019974,0.008743960203237993,0.02605919858727409,728.295754070806,1010.7355219899664,0.08637990328345779,0.17883854305071076,210000.0
Random_4902,0.038849690581944936,0.9093709281246115,0.036758842644424056,0.03560174524689552,498.2527390094743,723.0980063892624,0.06070763878248321,0.11247104240843857,210000.0
Random_4903,0.06224622353500469,1.2431161105689401,0.01672745181788445,0.03428193225179585,532.1220963488807,779.5431264826599,0.08181745650248812,0.16323115937710414,210000.0
Random_4904,0.25637632969989976,0.8049263591950239,0.04764249415168642,0.012656900120256456,769.9058098802317,1045.3976269272273,0.057450155133451856,0.11078055255812655,210000.0
Random_4905,0.1300070557341672,0.24262517326339553,0.0052740261093996085,0.008129906857246584,565.0200679563818,787.3676500494447,0.09559038588069724,0.205819198574736,210000.0
Random_4906,0.2642330517164494,1.0061381063336627,0.031904736361517805,0.008912820928217956,762.3719291411754,1050.4410022721238,0.07571870495579708,0.15511038699569984,210000.0
Random_4907,0.10931089059031616,0.49335743521925357,0.04947837164440169,0.039416892089832144,621.7931584919779,844.2103446256847,0.040140465111150846,0.06472282472860813,210000.0
Random_4908,0.2688792442379891,1.573305621440571,0.01905068802659851,0.038596475169491405,791.6261607568931,1105.032951725529,0.07505883842752975,0.1470588115766235,210000.0
Random_4909,0.19306766877630724,0.44405278177258667,0.014015910856375893,0.015236313924990624,658.4815557141415,904.3906701054754,0.08389652645694971,0.17609216300135283,210000.0
Random_4910,0.21884627793907216,0.14537925569949262,0.045704078170108284,0.013738760800268101,710.5793790371682,947.0775879107832,0.05272066397432842,0.10166419236050629,210000.0
Random_4911,0.19880263952104307,1.767243350997217,0.04306973281053644,0.009034973065069004,741.1472843379477,1046.2055185430347,0.07457123221845124,0.14830058208666028,210000.0
Random_4912,0.16498700017257312,0.8589152712242124,0.04318699710870692,0.039611515291207995,695.181818138822,948.4558743950615,0.047830227774977085,0.08254105058998816,210000.0
Random_4913,0.2325156022157336,0.6926270014107468,0.014169561324940232,0.024645952422989677,712.4764302054487,978.6683047230312,0.07974211903742186,0.1639580325756718,210000.0
Random_4914,0.19359315735795465,0.6326208793280581,0.041884635575044946,0.036241782698322636,713.7655431368873,964.3816585842692,0.048085122672712644,0.08491967803607824,210000.0
Random_4915,0.1666068373669082,0.7922588727015377,0.028442443172920932,0.03391415219994034,672.9574063247572,925.2722373082246,0.06381239838625032,0.12268215862335613,210000.0
Random_4916,0.06734366996206571,1.6997829846051615,0.001122199800392401,0.03063607979346719,535.8402305718387,806.6257200020787,0.10241607036084571,0.2121288288841475,210000.0
Random_4917,0.051288298421082665,0.5573952182644168,0.027943002043928206,0.03193158003962165,499.21482086624394,712.3297137267293,0.06673691832496824,0.12952400381651652,210000.0
Random_4918,0.05436370659211831,0.20296435412880298,0.02994313889345456,0.0018475015239231556,474.1730036486809,674.3540749991163,0.07930911243359655,0.16590196870024204,210000.0
Random_4919,0.09201177559491551,1.8602320169184088,0.01872695206013508,0.019998115492911316,594.5801296802414,878.1955089360549,0.09368250544662915,0.19187498387203966,210000.0
Random_4920,0.2008434458748229,0.6569008893964388,0.03408244442718498,0.0358809786009213,712.3471935423285,966.5215211916254,0.05540310965827433,0.10282085010530614,210000.0
Random_4921,0.12765834512646124,0.6765567848870024,0.030576214217246565,0.02359845964905122,618.4536384253424,856.4793061175691,0.06794203766082259,0.13421420577512605,210000.0
Random_4922,0.17396339105902037,1.1529989435443828,0.04935879090493107,0.018481054819123863,707.9025200205381,977.851132586866,0.05767666096203864,0.10821738363445532,210000.0
Random_4923,0.26752590695829614,1.0001337888599076,0.03584707301381385,0.017060847176737507,775.4699228618601,1063.1247864848858,0.06715788254542476,0.13315259701462898,210000.0
Random_4924,0.2232254129852831,1.12864150764229,0.006944297492446974,0.03472166283695729,717.3614041446463,1000.6233484085178,0.08475420228881606,0.17284202044587033,210000.0
Random_4925,0.12317603279924945,0.4487638883562971,0.03574747562767798,0.013849894306988034,604.1666220069784,831.1872155880508,0.06698568558676213,0.13413242319965785,210000.0
Random_4926,0.21550027252448048,0.5519026554055799,0.02436411717483602,0.03241998854410483,709.045587690085,963.2135468569409,0.0648549265889024,0.1269962108902285,210000.0
Random_4927,0.21775814185829948,1.4252556402988155,0.004138135055952933,0.012189994510741035,703.3637705716516,1000.6335594843376,0.10388132559204077,0.2212313993574039,210000.0
Random_4928,0.2616794789772302,1.1845153408593885,0.012227819264850327,0.004879989088321992,739.9389609546087,1037.293396369335,0.09768119931623799,0.208519275291207,210000.0
Random_4929,0.187108986239382,0.3114979878252264,0.015751043087904284,0.01789826574411973,651.6373335091132,889.740044814532,0.07954886240358076,0.1656380012743519,210000.0
Random_4930,0.17392283399049047,1.5274223064367705,0.022516865697097058,0.031005074940259565,697.520081744655,985.4530387809438,0.07806518764560971,0.15472159903627677,210000.0
Random_4931,0.29889798416024327,1.2876869746498842,0.008524525955273969,0.038050362949867585,793.9777996772351,1102.9222184641294,0.08144026594231499,0.16425057632257334,210000.0
Random_4932,0.23443653335289946,0.9402273736364488,0.011646490437459862,0.031149690959619048,724.4563492049238,1001.9520198450225,0.08054688845730222,0.16397530435577287,210000.0
Random_4933,0.18123218942312808,0.710409020018817,0.0346918086153574,0.0204031608363922,683.9190656798562,936.787921380345,0.0651252911210802,0.1282125944614606,210000.0
Random_4934,0.08486561238911577,1.271752336239097,0.030687907897357418,0.03245045569736136,586.2374678838192,839.63165702428,0.06980179222189763,0.1343482390059077,210000.0
Random_4935,0.10236067552161915,1.6149783445832597,0.02228629644858948,0.03142434753501214,613.209535715294,887.1768785832573,0.08083873712904893,0.16019321666465716,210000.0
Random_4936,0.20464171738714554,1.0747422401679352,0.04657021680799134,0.028240631494526585,740.4047648534171,1013.9437271435592,0.052842379839287176,0.09576042035756718,210000.0
Random_4937,0.22788112090130794,1.6797336394747922,0.03473525341149145,0.027790913376217658,769.5586819446082,1077.1148826032843,0.0693136811629895,0.13361689561089535,210000.0
Random_4938,0.1114845863824556,0.560756388878398,0.010858234354665472,0.03761842108166718,579.4930182384121,808.7200698986472,0.07658623879514248,0.15378181541575184,210000.0
Random_4939,0.10012412932129394,0.7114185732335944,0.006930050522245394,0.03375560027165857,561.6262046348094,795.4162206971323,0.0842953006825471,0.17231634104753257,210000.0
Random_4940,0.2446823754710412,1.0171951462078772,0.020562261204649556,0.031352857478655745,747.4119579907627,1030.203123943213,0.07296112601974854,0.14515620456617492,210000.0
Random_4941,0.16084094870231053,1.8252801403346177,0.03847552769362723,0.005282256949813213,694.6978454394863,993.5450661586465,0.08243447614407037,0.16736583843076452,210000.0
Random_4942,0.203941444503846,1.452405140910641,0.022888778774211485,0.010772582145546997,712.2804104172916,1005.9310940106512,0.08842862592599937,0.18339270748409534,210000.0
Random_4943,0.09339485086186566,1.2550187863026023,0.0444741615700673,0.004825057605719386,595.7173320204304,851.5979525854509,0.07351629365782816,0.14731289964534164,210000.0
Random_4944,0.14207558318184804,1.7840175516295833,0.0347920032598681,0.011881195942797816,671.7440892591464,963.8099189417264,0.08186007204161784,0.16505086440216923,210000.0
Random_4945,0.250254573393004,1.7721558680125693,0.019971783733123742,0.020690473614945883,770.7039851471809,1089.761661968152,0.08732757897897946,0.17839025501873107,210000.0
Random_4946,0.215219329369087,0.939942981762694,0.027051422971426622,0.02264874012384401,718.7394661000272,990.8657195739986,0.07218555760046035,0.1444910499628124,210000.0
Random_4947,0.12944137849787227,1.1794170284884744,0.04448489824179913,0.03704324471686748,664.393407604926,923.3052670746821,0.05233622253901475,0.09206118789456284,210000.0
Random_4948,0.2856646900955733,0.6454005909912398,0.04939359294229193,0.0294484286824379,803.5037127154787,1077.6555501039995,0.04364119326522406,0.07574557788055619,210000.0
Random_4949,0.2807817571959005,1.6746917040431697,0.009556935604478633,0.006496633462114221,771.5297703893535,1095.8020508449438,0.10364992615026598,0.22087842467389482,210000.0
Random_4950,0.1425428225517755,0.656114440481146,0.04778437024807382,0.008142211136366925,645.7983911325525,886.4851200813927,0.061118915752556735,0.1198671989513371,210000.0
Random_4951,0.2522534132305727,1.3852022451611876,0.04672972053837008,0.03789774326002877,803.1096858134238,1101.7369430494487,0.04901166084873448,0.0841723361781094,210000.0
Random_4952,0.13151159731138481,1.3777805978591633,0.023793467225479266,0.03239541749202369,645.8320236128112,916.2149390669196,0.07567352942994054,0.14887150497287988,210000.0
Random_4953,0.16499954179957996,0.7726643087502427,0.02639090261205339,0.008215311415964661,650.0442725350078,903.2955547564223,0.08092161676256202,0.1680007479139168,210000.0
Random_4954,0.1123083529262389,0.3621293469617193,0.004868020613263737,0.019830377275333197,554.0093618071086,776.4063988208579,0.09063936086726215,0.19139936257908552,210000.0
Random_4955,0.01315724174304075,0.34252162842371336,0.018660688891197773,0.026382341986245225,376.0832415640165,571.1825828086484,0.07850709067909249,0.15899696900720778,210000.0
Random_4956,0.15007515269205754,1.7716324202884601,0.04759791931905008,0.014957585496416875,698.2507575021191,990.4885642028769,0.06815573863429669,0.13128927534240661,210000.0
Random_4957,0.14794353855776868,1.2242068062923885,0.03823976265221432,0.015457610189968385,665.7261433071202,933.5055444023452,0.07085902972258881,0.14023911030830455,210000.0
Random_4958,0.035493670622578105,0.4080264872306383,0.04323372320978576,0.008368027776347963,461.57689002582293,664.6833595279554,0.06638114452485566,0.1321215886552578,210000.0
Random_4959,0.017913619717624438,1.6520579882115083,0.022611204418143967,0.022359007001953497,441.0643738694378,696.287771354754,0.09007825628063795,0.1821684279932369,210000.0
Random_4960,0.09817934644475967,1.967707878186399,0.011542462882160844,0.03428305717085418,608.7211240785092,898.1467736038459,0.09245231115510018,0.1865744142889943,210000.0
Random_4961,0.2036965576143176,1.3577034379742055,0.034247142952622565,0.029456708633895972,735.4306831406238,1022.3551691261209,0.06605402953705189,0.12662651843949635,210000.0
Random_4962,0.2166104003273588,0.4768290650159842,0.04266503176913374,0.03763809115742132,733.1065212204481,982.2921793938827,0.044478622874337057,0.07683599657805205,210000.0
Random_4963,0.10032687274441993,0.950083170713296,0.03394422006374387,0.004836080385604129,582.440989315771,827.1740261480265,0.07971450190741455,0.16391688363508986,210000.0
Random_4964,0.15588479893245724,0.533476381916357,0.015234496426011126,0.02230522048705007,627.9069647869701,867.8814243532756,0.08034413493535132,0.1656723831054781,210000.0
Random_4965,0.212059177894802,0.7986833000585541,0.02444567448781561,0.020261638168080895,705.920823943958,971.2997819078217,0.07461876634206134,0.15135460762176403,210000.0
Random_4966,0.28000887737564895,1.5914986976767787,0.02573776681359354,0.03561891176471574,807.7637982604587,1124.4749247135612,0.07079647677614508,0.13705028212096645,210000.0
Random_4967,0.28611710963959636,0.2588228441395988,0.041615707313422276,0.005738630431449519,764.4239321683422,1023.8118905449335,0.060992930432772124,0.12304412576759552,210000.0
Random_4968,0.021867382872846806,1.3269211381003554,0.01659704883582189,0.03974575280986868,447.2693429745797,687.9402157756521,0.0815268909079277,0.16051666115757915,210000.0
Random_4969,0.16407913626266088,1.6795990848175466,0.004977389971693121,0.027299917640338622,668.428924723433,962.4484829969253,0.0978350527018807,0.2027591823589487,210000.0
Random_4970,0.14239992347394956,1.5273915385901082,0.005185172996658824,0.014123523879184106,629.1906076589662,911.978512013941,0.10458596248368894,0.2214484462170407,210000.0
Random_4971,0.19161771778057693,0.3907754535100765,0.03532668288501888,0.03534549053405744,694.7784533822479,934.6140043618195,0.05215161340318192,0.09603435743873333,210000.0
Random_4972,0.26046456136887086,0.32403956973490555,0.03470380480646112,0.03868270043661647,759.3854001736842,1013.2124007345265,0.04859020535046244,0.08782580860369382,210000.0
Random_4973,0.2547603935262253,0.4572390850135075,0.030439505950620487,0.01941588483939368,740.3860453634469,1000.66347130741,0.0654325456829481,0.13092293504989053,210000.0
Random_4974,0.2828022862487933,0.7343776085888813,0.014557087096999682,0.00837330541987915,747.6454580409103,1029.558590588258,0.08858258281488417,0.18799300862301682,210000.0
Random_4975,0.12936593873644778,1.3304203282268698,0.024481275687683178,0.0044541278428430284,622.7674230038936,892.6629901757725,0.0914050830976315,0.19123600478305253,210000.0
Random_4976,0.25172905391200123,0.4431327935377609,0.006832669549660793,0.011836499392734214,703.547867929024,964.927573600832,0.09114550421347137,0.1948233408499847,210000.0
Random_4977,0.2988078228710994,1.3505297979497852,0.02931337109142782,0.010039724008947214,801.442248313289,1113.7697973307743,0.08016676618586514,0.16459229433158026,210000.0
Random_4978,0.19894471134290265,1.4287862130650728,0.03299925476731647,0.013967915344567605,720.8131317177322,1011.0873155324355,0.07728713990447028,0.15578741176418687,210000.0
Random_4979,0.052759667202663015,0.1440124678295361,0.01831793012274539,0.03814867317339777,480.4512772415404,675.6044268308439,0.06747088914158955,0.13235513696472181,210000.0
Random_4980,0.16324070451692252,0.6082896619157815,0.021052089312315492,0.0010683767264800406,630.9280254166442,877.3415990489814,0.08841437872737969,0.18798057103924112,210000.0
Random_4981,0.20062868445736257,0.6279780201759799,0.02012577095876923,0.03510980486662655,693.8313603920399,947.828696348268,0.06814238472714226,0.13419053912412618,210000.0
Random_4982,0.24443464448633087,1.4454499940121819,0.041865446409306485,0.012720406160070995,774.6965593039265,1076.4836019505071,0.06925528804214155,0.1366762350565321,210000.0
Random_4983,0.1726569261856452,1.5887097690623047,0.033599459946913615,0.021217253395384682,704.7443316449998,995.015165731831,0.07460683035861992,0.14728697538032048,210000.0
Random_4984,0.02383135005066784,0.3674038479934628,0.032485189981899025,0.014881614562657776,421.19514583103245,619.8968121398408,0.07242091758131702,0.1458951133448113,210000.0
Random_4985,0.2775201579374509,1.132705952827599,0.04472898507503685,0.03704044978536573,813.3694436151933,1107.1796961879659,0.04831066668226945,0.08391355942037784,210000.0
Random_4986,0.19166489784467555,1.9948313041893049,0.01806981017878651,0.033481188480512215,728.9556477668801,1042.515201023824,0.08484086083780337,0.16906132221188722,210000.0
Random_4987,0.1108359195220145,1.108402378185691,0.0015170784064358488,0.019386684839018637,573.8135177498286,829.7283035890521,0.10142823651180251,0.2144949677254232,210000.0
Random_4988,0.28280257246589363,0.5057384966326175,0.04454976693409322,0.009002225111674231,776.0747909069628,1045.2495070082425,0.05892542264473246,0.11643004847115795,210000.0
Random_4989,0.2627763369350097,1.6022369664637723,0.0313080522668192,0.034899113219824696,799.4327659377926,1111.9309404234832,0.06665331180066118,0.12682375740666474,210000.0
Random_4990,0.2503511549055646,0.9904710793838772,0.04095940497072202,0.027114301091295385,773.1137130212993,1054.8268038350036,0.05676564503176527,0.10630180763872359,210000.0
Random_4991,0.07602689561902129,1.6560795280495235,0.027689708564640883,0.012605709433385247,568.171206315712,838.4778755428538,0.08856203689110863,0.1810059065830068,210000.0
Random_4992,0.07483811796273906,1.431486619481196,0.0281010059631912,0.02277540522814354,565.9750303541491,825.0313448261809,0.0798874064053476,0.15942424833416127,210000.0
Random_4993,0.15109184509490278,0.4575565240565248,0.020838272557961474,0.014265512409293246,620.8410744398203,856.3957764987093,0.0794877055963399,0.16493389720577792,210000.0
Random_4994,0.19690137282625023,0.5343944297037249,0.025894179316986014,0.016482750019770547,680.6768766249786,930.5598148212682,0.07327481886897359,0.14959886600324457,210000.0
Random_4995,0.03748942957416028,0.629998566529163,0.029187400966319166,0.014413991276198461,461.4243102796145,675.6584917875655,0.07751049257659261,0.15758042825617816,210000.0
Random_4996,0.2467411435017007,0.24550379537347003,0.008011276529237664,0.026414192074630645,703.7535073364437,953.7324265153655,0.07946176476128584,0.16515334208102433,210000.0
Random_4997,0.2895655557011637,0.8208327268741289,0.0011287680929936185,0.008765292469810958,740.5210341928234,1029.0583709824257,0.1011710013406767,0.2183843784562316,210000.0
Random_4998,0.26642370769833584,0.5918414650737333,0.0038039655660104753,0.009328984347603132,716.3557326902101,988.5438895500229,0.09657420539520836,0.2078952308249713,210000.0
Random_4999,0.1967798522490752,0.4640129881690326,0.02943183881324155,0.026081967156320236,689.0549144367448,934.689357489055,0.06363031962785824,0.12505511686789175,210000.0
