label,yield_strength_MPa,ultimate_tensile_strength_MPa,uniform_strain,fracture_strain,youngs_modulus_MPa
Random_0000,655.7458038536931,894.8219001251852,0.0874065131497936,0.18681777254634474,210000.0
Random_0001,555.9163014127338,819.4310174234304,0.07296802142109705,0.1427239202752289,210000.0
Random_0002,768.5637809077298,1087.9213713463857,0.08811744308538787,0.18155921747160364,210000.0
Random_0003,748.7439236391849,1008.5265104368597,0.05615924170610999,0.10715866199682061,210000.0
Random_0004,776.9868455008218,1046.0520355237306,0.05598354248481046,0.10742085787376493,210000.0
Random_0005,525.291552106926,738.3741372240373,0.07164880215886855,0.14365043614158132,210000.0
Random_0006,493.2857526642715,689.6252331789394,0.06709154383418557,0.1327882804624592,210000.0
Random_0007,817.3411706694002,1117.8681603602818,0.050199393046978374,0.08813401575496083,210000.0
Random_0008,570.5645736975313,842.5650186315296,0.08196125381328946,0.16446507114503905,210000.0
Random_0009,755.9580151876416,1071.4882658299884,0.09060064826619853,0.1863104572670303,210000.0
Random_0010,444.42547269343856,681.8352290874382,0.08895931459301099,0.18052223087406455,210000.0
Random_0011,461.3364694341995,686.3129635671463,0.10929985586120824,0.23700820200026837,210000.0
Random_0012,621.4207032934619,882.3790447382843,0.09895453735779745,0.21058836931031374,210000.0
Random_0013,365.62267141293034,580.4379760057368,0.07980426912365418,0.16085556496816983,210000.0
Random_0014,755.4013306673685,1051.71669285455,0.0804740486348456,0.16228090765770808,210000.0
Random_0015,672.3757655489638,956.0973126831826,0.08091039139705458,0.16310136706181225,210000.0
Random_0016,585.6828513170999,798.6050014056829,0.06765098445849896,0.13557518239523939,210000.0
Random_0017,776.7889496856128,1065.8518407900144,0.07354684400213253,0.14867692025781698,210000.0
Random_0018,600.2368423954233,863.6479289390286,0.09888030722963978,0.2079629534963051,210000.0
Random_0019,695.5055066484578,987.0656739013451,0.0889904598922895,0.18403253223359853,210000.0
Random_0020,367.5183682058365,616.388849629805,0.10734462726101149,0.2247249521186518,210000.0
Random_0021,622.9947112521103,898.2008829402238,0.06994048639667917,0.1354772024650003,210000.0
Random_0022,784.9228628696656,1059.9061365060036,0.051016710833834175,0.09285406417188005,210000.0
Random_0023,661.0765870330187,912.6842923656579,0.088937254502024,0.18775589972783815,210000.0
Random_0024,495.4817569539019,766.1158808768715,0.11302492520098364,0.24126636923405412,210000.0
Random_0025,679.8480499406683,939.4781525067107,0.06777402479880622,0.13541057067679677,210000.0
Random_0026,630.1492919269912,892.6123266169222,0.06781048451019352,0.13248771782338573,210000.0
Random_0027,697.2892937259447,942.5544204051531,0.0637095611357301,0.12753845677727854,210000.0
Random_0028,521.0324097738993,741.7702997313093,0.08428635873794663,0.17538249527390307,210000.0
Random_0029,701.621734697907,975.1083663691788,0.07126913708730609,0.1424439824661041,210000.0
Random_0030,803.5764860887656,1101.6643878996706,0.0630184062708906,0.1211832549564687,210000.0
Random_0031,477.56195241563233,683.3438608318471,0.07519717925210083,0.15239613647076167,210000.0
Random_0032,547.8000888112737,764.8202880117994,0.06942421049397327,0.13788120944380317,210000.0
Random_0033,558.1657282338497,773.2962576468636,0.04919188602421651,0.08755942071979576,210000.0
Random_0034,409.1119212355531,680.3025341753969,0.11911590458520038,0.2531318789573196,210000.0
Random_0035,757.4404376522576,1013.7543645389204,0.05944922677555674,0.11908905834940174,210000.0
Random_0036,559.3268697548501,820.277927805195,0.06932792070711374,0.13311807441790263,210000.0
Random_0037,371.88934443539097,586.1267443095735,0.10408815095730693,0.22162944473259744,210000.0
Random_0038,708.6810246786974,960.1214658139892,0.05514903391722224,0.10224980753367499,210000.0
Random_0039,659.0058521187116,890.1133405360879,0.04306021469528741,0.07247986706493063,210000.0
Random_0040,496.39159623338736,767.3048507302299,0.10647698022093705,0.22442829985760535,210000.0
Random_0041,481.5609009314897,738.0643103304011,0.09817986337042495,0.20192108625798177,210000.0
Random_0042,527.078656725445,763.5495799469305,0.09037506664209245,0.18696533741715748,210000.0
Random_0043,648.2411016147327,896.678845816053,0.0632711671816164,0.12281010514542073,210000.0
Random_0044,751.2643841684899,1049.3077410129827,0.06560140156913605,0.1233534325183187,210000.0
Random_0045,646.8540701073227,888.9097104218419,0.07585613033321995,0.1564763268439417,210000.0
Random_0046,454.6062997582309,708.9952375678781,0.10142749871912883,0.21197805466978076,210000.0
Random_0047,793.2354416418319,1081.3612105762904,0.06521523955427776,0.12661942184332298,210000.0
Random_0048,755.0276522779828,1069.8717967021691,0.09044457004232036,0.1875942927414005,210000.0
Random_0049,386.5950064940858,582.4726001507819,0.09555070307351936,0.20341456769075342,210000.0
Random_0050,713.6365109025568,973.0994966633974,0.07485807027650343,0.15350205641059206,210000.0
Random_0051,555.5740583783817,775.4278061212949,0.07488966027481334,0.15042918877001368,210000.0
Random_0052,777.8574939437365,1065.5977443327279,0.0774183853035897,0.15976063135827553,210000.0
Random_0053,625.2666714539389,892.6894732955989,0.0759924525644575,0.15182672298047387,210000.0
Random_0054,520.0311664523128,772.2286170424269,0.07775277193726679,0.15179927402718205,210000.0
Random_0055,616.0075840247097,828.2335047041838,0.04784422514092582,0.08527793545290316,210000.0
Random_0056,643.9565448388946,944.090778431062,0.10789734852260975,0.22848732762759097,210000.0
Random_0057,624.5006325087986,863.4254250911907,0.04828641634042741,0.08297229977748365,210000.0
Random_0058,687.0458162662815,964.6904753371906,0.06703666066165029,0.12754767845293358,210000.0
Random_0059,504.0570432770808,740.0348889707794,0.06257114708550983,0.11642109477228155,210000.0
Random_0060,728.148213611157,1053.7891597075388,0.11479107801961126,0.24657227654340477,210000.0
Random_0061,492.8253210580447,737.4997809489472,0.0955536973138229,0.2008625650898867,210000.0
Random_0062,567.7714924202255,803.0203289731587,0.07101992207708518,0.13953524154053087,210000.0
Random_0063,669.5514692328724,958.5736295891858,0.0852692043825703,0.17357317526567204,210000.0
Random_0064,751.9077569553416,1007.2868981398,0.048211461011735346,0.087687603163599,210000.0
Random_0065,747.0219678472729,1018.5282897788924,0.08183905804732007,0.17119398336210107,210000.0
Random_0066,468.2237514540589,664.4582892367633,0.07273864111520767,0.14606313763531872,210000.0
Random_0067,763.8713327478071,1031.0248830869311,0.06009606375950014,0.1196476585446783,210000.0
Random_0068,453.650018904742,702.0298498384417,0.09384660491490046,0.19042217471319167,210000.0
Random_0069,554.4440347063046,766.9325061759395,0.06231009664063133,0.12216825233009064,210000.0
Random_0070,731.1829691360865,1024.717807682288,0.10428005471168154,0.22505547759165886,210000.0
Random_0071,422.15481060747265,629.2840662150688,0.09554466586678882,0.20381029204266532,210000.0
Random_0072,783.4908673939038,1086.9237739438431,0.07140157907920669,0.13928127474382374,210000.0
Random_0073,712.2022031210188,997.0252134793932,0.07212899216437021,0.1426344931003485,210000.0
Random_0074,590.2122864502257,870.4313912009071,0.09380147418701898,0.19275486620934165,210000.0
Random_0075,570.3454676775146,820.1907177528477,0.08030237277374427,0.16252209637824966,210000.0
Random_0076,602.59251588839,856.6273858865726,0.07810384263333281,0.15576540537460087,210000.0
Random_0077,512.7865235275871,767.5642608139567,0.08769353749825773,0.17595759510554995,210000.0
Random_0078,611.1114480890295,849.0981489829401,0.06792329297353941,0.13664838285041028,210000.0
Random_0079,829.2875564653083,1161.9983703245082,0.07367294549462676,0.14463339666388966,210000.0
Random_0080,614.7842198131842,843.6666687800648,0.08292822612782819,0.1725030586253585,210000.0
Random_0081,764.6743925772887,1061.9508425524539,0.08902924267774567,0.18430858967990715,210000.0
Random_0082,741.6215527866686,1014.128062422003,0.07260055703535982,0.1488679639686912,210000.0
Random_0083,526.2703647194036,780.8902849032037,0.0821374855060514,0.1642931577654338,210000.0
Random_0084,718.2916917543891,1017.0180416304921,0.06356075216755375,0.11683681297525664,210000.0
Random_0085,612.9410443774715,900.2739984523606,0.08364054968311632,0.16887982222999612,210000.0
Random_0086,421.58949879012823,627.9754499593691,0.08966584906419546,0.18851552651073594,210000.0
Random_0087,411.2676144182929,636.2568710203961,0.09270294095460088,0.1922429984619814,210000.0
Random_0088,709.2883632063264,977.4103817654101,0.08458951311200598,0.17457029526697895,210000.0
Random_0089,664.4428277393512,901.1359677661404,0.04826234822897403,0.08606181028318918,210000.0
Random_0090,584.213124291665,829.4131127671104,0.09908318664798914,0.21151758229089768,210000.0
Random_0091,687.1629889099602,928.6906944640646,0.07119280064894627,0.14497811741762878,210000.0
Random_0092,726.2708084393043,1027.7696675809277,0.09355469380922896,0.19543809186281602,210000.0
Random_0093,506.70220588180246,763.7111993081124,0.09587225734724057,0.19824670713098239,210000.0
Random_0094,764.4155231807227,1011.2434134571314,0.04412913810146389,0.0791254424888937,210000.0
Random_0095,712.8147678885003,975.3840856896824,0.05867908437645321,0.10952929612739826,210000.0
Random_0096,416.5029873837565,613.2583098429725,0.08972108019721718,0.19036073621936872,210000.0
Random_0097,769.8726871340882,1088.6813604773017,0.0982289128297895,0.20672424697530095,210000.0
Random_0098,642.7521660742835,937.7916404749725,0.09473600411848256,0.19472804814893713,210000.0
Random_0099,707.9154998933356,993.8650887600143,0.06235131618958581,0.11642487499930546,210000.0
Random_0100,581.2011650127948,809.8130582665989,0.07612341974923267,0.15466149020828202,210000.0
Random_0101,794.85756730139,1113.1634698739992,0.061161918402267215,0.11211584745178042,210000.0
Random_0102,809.5569434149373,1115.7743112034607,0.05860613869054287,0.10986931276590142,210000.0
Random_0103,491.193909438923,742.0599848083116,0.07723641480284521,0.15459843503263349,210000.0
Random_0104,685.2644209902593,938.3426083644988,0.06729892463006852,0.13155353114703638,210000.0
Random_0105,606.9602895975039,866.1670860419175,0.07459190386595005,0.14562661103786306,210000.0
Random_0106,571.2598437348653,789.630217699224,0.076684932487088,0.15803763253148512,210000.0
Random_0107,740.1780810623314,1016.9782607918816,0.08298808218515996,0.17306398616739352,210000.0
Random_0108,714.8683835461968,983.2658074858036,0.06874234307816662,0.1353730508808908,210000.0
Random_0109,403.8995948855957,597.178224432388,0.05655248638052936,0.10394077210124864,210000.0
Random_0110,813.0398081854407,1116.528960997197,0.04946588512344759,0.08558209303285398,210000.0
Random_0111,754.2553865616732,1039.6496873390497,0.05428588899920383,0.09731996194584752,210000.0
Random_0112,580.4719482691379,856.9845333670174,0.09392234833867157,0.19551293582063828,210000.0
Random_0113,546.5364601745684,809.3464482416192,0.08446843067330886,0.16827817662556885,210000.0
Random_0114,723.2511296246215,1034.3626180911676,0.08383248066050096,0.17044192529130042,210000.0
Random_0115,748.530689186165,1050.196724473861,0.09027083749396303,0.18736512015292783,210000.0
Random_0116,512.2082025670232,737.1855126307194,0.0685599259922937,0.1346494820049639,210000.0
Random_0117,731.59244545018,1039.8217961790956,0.08454899297417083,0.17311200968732665,210000.0
Random_0118,619.3685459812384,857.7341238202368,0.06630213382775721,0.12843578223427982,210000.0
Random_0119,618.3432132721167,888.165031426799,0.07681724401328384,0.15058785505579486,210000.0
Random_0120,553.3485397090941,797.4248931231839,0.07730788955396636,0.1555557532403832,210000.0
Random_0121,694.3790621535418,940.8835736870851,0.04723458868879183,0.08359436543896422,210000.0
Random_0122,733.2609687502131,1040.3884624613177,0.07612739122665282,0.1475097897717949,210000.0
Random_0123,509.13763230993874,781.2276422788084,0.079414308958399,0.15487559087616812,210000.0
Random_0124,601.8192440897284,826.4785195800014,0.05788547931372663,0.11204336618242583,210000.0
Random_0125,763.0290030903068,1012.5504402682019,0.044611393293966656,0.0791524879300721,210000.0
Random_0126,566.6977777617593,851.9279175217617,0.10240008441786082,0.2142419274921995,210000.0
Random_0127,638.5863285606606,935.6406107102857,0.09957733360970149,0.20531987141876565,210000.0
Random_0128,497.03548997842296,747.7061422500568,0.08938622922609936,0.18022725050435204,210000.0
Random_0129,824.6231353958264,1157.1192199834247,0.06995579900262887,0.13587430286318694,210000.0
Random_0130,621.34511380504,865.4541215016916,0.08064502022998996,0.16713233812211825,210000.0
Random_0131,781.6512055358281,1069.5367693384424,0.06999807969595692,0.13801985516576237,210000.0
Random_0132,605.4104357911326,847.9281502576763,0.06616370886602245,0.12782333877841312,210000.0
Random_0133,606.6049667078893,839.6223696136849,0.0750892467669464,0.15453525374196395,210000.0
Random_0134,705.091364028371,987.6606422011704,0.07663519496948008,0.15445711942164136,210000.0
Random_0135,623.2381613225144,855.3866558179598,0.05598093357732816,0.1045169323582188,210000.0
Random_0136,765.276586876804,1080.0922265989584,0.06966120663856856,0.13444587156669924,210000.0
Random_0137,733.9220094529724,1027.931706276243,0.08521492662348439,0.17691943049563388,210000.0
Random_0138,656.8432449729045,891.9138940642189,0.05290753637740238,0.09763628028454586,210000.0
Random_0139,475.6180868446464,679.2687083062401,0.08328199258891239,0.17141173503863089,210000.0
Random_0140,748.9770422143828,1026.139178000229,0.08299166178277945,0.17200168849012962,210000.0
Random_0141,676.350661742995,947.7734612702037,0.0719503551254429,0.14063305326523612,210000.0
Random_0142,715.3470103975043,1007.9468896608678,0.0712797412993069,0.1381821285814637,210000.0
Random_0143,720.1513979020567,1006.8526537674699,0.08591799022400118,0.17780295927336798,210000.0
Random_0144,373.97292339212913,560.0639547385716,0.06878884070630291,0.13515641539419077,210000.0
Random_0145,718.054888945358,984.2162169130144,0.06680970543693618,0.13034604749143736,210000.0
Random_0146,781.1221864160484,1070.5950774310102,0.05099296652558697,0.08926865724174898,210000.0
Random_0147,706.6992100371441,1018.4313946725568,0.09764287598845582,0.2008534243635401,210000.0
Random_0148,427.6317073008809,637.570391116069,0.09237148893126451,0.19547471180598006,210000.0
Random_0149,682.9001059624303,949.8380562943865,0.0943779195143952,0.2013006454190151,210000.0
Random_0150,451.99193444792746,717.0117919163023,0.07763043589261012,0.15184842086009157,210000.0
Random_0151,681.1969759441247,918.8480121112188,0.06994830003158646,0.14169524645274997,210000.0
Random_0152,501.56643591484277,731.9586618013751,0.10124721018280522,0.2167636074629449,210000.0
Random_0153,358.87971654694684,570.8932508605045,0.08561694367263921,0.1754968464720666,210000.0
Random_0154,541.9018043108372,792.6019480302865,0.10302033882985949,0.21841318411170502,210000.0
Random_0155,734.524303212195,1025.3816959562905,0.06133577438974874,0.11555984681229163,210000.0
Random_0156,786.4305046492036,1117.6009606972907,0.09842558875895623,0.20550988129853856,210000.0
Random_0157,588.0301202863575,852.0499059303331,0.06403340630509435,0.11767159633540568,210000.0
Random_0158,428.54207805642625,652.0577674579716,0.08330870067870404,0.16844399972787596,210000.0
Random_0159,659.1492899200704,929.1453039501506,0.084007352257702,0.16974904373286603,210000.0
Random_0160,559.1118582242318,800.4465650170613,0.09343931102535163,0.19686568494220819,210000.0
Random_0161,599.6308409223918,831.0580053904738,0.06812475702990747,0.13356474419887188,210000.0
Random_0162,768.5406319033839,1064.6583869253109,0.07258879274831481,0.14414886984148972,210000.0
Random_0163,602.0858224252224,829.0408408167754,0.08730799971207243,0.18434967015822842,210000.0
Random_0164,443.92659455357955,640.6499930021988,0.05896827998114562,0.11012031394050219,210000.0
Random_0165,404.2992195419519,642.0539001718184,0.09759447206019471,0.20490381781263284,210000.0
Random_0166,781.81177007604,1079.4703027911003,0.05644872946297717,0.10342696105806007,210000.0
Random_0167,718.6905649417911,983.6320690094997,0.06698793480718529,0.1321461578124231,210000.0
Random_0168,447.75437005110666,656.1413480681991,0.08463418227032458,0.17432694603663945,210000.0
Random_0169,677.9376928630351,925.9057764406346,0.05648625814891384,0.10590034711827996,210000.0
Random_0170,502.08279676967567,762.8076654573729,0.09565364238511496,0.1971685666857825,210000.0
Random_0171,503.63693243738567,733.9231590845155,0.08503330911721725,0.17332560029718763,210000.0
Random_0172,689.277432824304,991.2017159205257,0.09737863670752493,0.2018941065058409,210000.0
Random_0173,654.6423926707524,911.5045048514054,0.06793201637115852,0.13378829690225139,210000.0
Random_0174,685.5863186580515,943.3105501238874,0.08147115200715682,0.16728303245175632,210000.0
Random_0175,645.85610579626,887.6662812432271,0.07147612477093056,0.14342779774522235,210000.0
Random_0176,551.8002109804808,766.5867134937367,0.059351747092338855,0.11561111075303775,210000.0
Random_0177,599.816062063031,839.872892099795,0.06614312471730983,0.13026707363008802,210000.0
Random_0178,532.7354824212877,740.7563127517773,0.059833721777526404,0.11514293365201847,210000.0
Random_0179,502.0018543822159,726.6883198349935,0.04933088102229498,0.08408831694166569,210000.0
Random_0180,661.7325003764561,904.9980569161366,0.0677291368264857,0.13511609611668238,210000.0
Random_0181,741.3332695948855,997.2669620139133,0.075830168590131,0.15846883589542443,210000.0
Random_0182,756.4831953097196,1055.3365072162978,0.06865444684901056,0.13324402601984817,210000.0
Random_0183,676.0564071016546,922.4118579091516,0.058517602875839694,0.11254618219053492,210000.0
Random_0184,628.7249896763684,904.8316794289822,0.07854461950476238,0.15711488034885898,210000.0
Random_0185,378.65018386242195,562.8974256337609,0.06641357598402584,0.1329946375045402,210000.0
Random_0186,674.8122835380427,953.0665905787906,0.09180993187340918,0.19145180684794028,210000.0
Random_0187,656.9913871497507,910.248506660644,0.0526505410295376,0.09341429077858376,210000.0
Random_0188,450.037599374578,675.0860372165043,0.08273278987059093,0.16660221034401082,210000.0
Random_0189,610.9799787074561,858.8011248822327,0.06614990274878935,0.12774148105251817,210000.0
Random_0190,719.5713392927685,993.862337845802,0.07797460874094216,0.16029383585084164,210000.0
Random_0191,749.9502408480199,1064.181451517501,0.09130834290310824,0.18812993108887016,210000.0
Random_0192,428.95773682580887,629.2827756016085,0.08671762130589394,0.17997399568684913,210000.0
Random_0193,740.3965949451211,990.0053413050518,0.049951761767379615,0.09403346301552731,210000.0
Random_0194,818.0966354910095,1150.5536843004909,0.07213746498509424,0.14105664970799958,210000.0
Random_0195,387.0825878040446,615.962503893244,0.09534826841770261,0.20027796151808164,210000.0
Random_0196,739.1715626569708,998.0465073886597,0.06826113979960984,0.13933774205557503,210000.0
Random_0197,626.3915584599077,878.7864449518222,0.07322165544956388,0.14602060087576868,210000.0
Random_0198,554.4520842465232,767.9358670625479,0.08337564307926797,0.1737355769464537,210000.0
Random_0199,667.2068534880862,953.5334949340399,0.10423349977494524,0.22219478147728475,210000.0
Random_0200,590.0694895853636,857.3085985121298,0.0684312127091196,0.1294447074604853,210000.0
Random_0201,824.1599280414067,1155.6206811432448,0.07578846073845275,0.15021508751906612,210000.0
Random_0202,758.5813188026998,1047.8982570732603,0.0719517327482823,0.14524747085278655,210000.0
Random_0203,656.0945549109324,917.3463196816807,0.07725115001996694,0.15609889615777206,210000.0
Random_0204,715.9481084936403,994.1640178009759,0.06522799474685562,0.12756035629734036,210000.0
Random_0205,491.9396783973217,748.6794116599212,0.1017008806194439,0.2134537062343614,210000.0
Random_0206,524.4793576877046,759.4835227465292,0.07288168250904414,0.14172472297576733,210000.0
Random_0207,712.698248784011,994.9372975077483,0.07944544075739667,0.1623289093846812,210000.0
Random_0208,744.5778719776088,1002.2758705263758,0.06604190967650542,0.13493234193748252,210000.0
Random_0209,628.6267453689709,866.6917220013282,0.07679740773708667,0.15887823277954127,210000.0
Random_0210,614.4901781442491,836.5648208126954,0.07416843922240006,0.1512280512589499,210000.0
Random_0211,668.1834181914014,930.3007634222228,0.070589861831332,0.13971057201026096,210000.0
Random_0212,562.1640889626987,841.963348153718,0.10642421208822953,0.2256260533960138,210000.0
Random_0213,490.182130289303,722.9826699721597,0.09913671132430575,0.2087691268558311,210000.0
Random_0214,758.0407238314936,1060.7776428552309,0.09880116529264794,0.211742669135186,210000.0
Random_0215,689.1906427121725,968.9681321301392,0.07284068898162077,0.14345406122628757,210000.0
Random_0216,606.5037835431943,848.8999345082852,0.07097715567733609,0.14349724998554256,210000.0
Random_0217,590.5953158056535,817.3707112412242,0.05383312633991706,0.0998035642158526,210000.0
Random_0218,531.8811708487292,800.6697852707779,0.09528335905093216,0.1964346437719078,210000.0
Random_0219,567.5312677735642,787.3690990612325,0.07334295528647528,0.14856431636009648,210000.0
Random_0220,622.7511687805459,870.7605740335721,0.07907633131175172,0.15945489050067652,210000.0
Random_0221,788.0018982498245,1079.7267807286942,0.057366325294481824,0.10580211696721967,210000.0
Random_0222,467.5678124391609,673.2576412079725,0.08475937311235328,0.17560586771061584,210000.0
Random_0223,424.71939634285667,678.1851274635042,0.11737764928721771,0.2525770252360747,210000.0
Random_0224,779.6810334815247,1063.0407851776508,0.06947154871239386,0.13964557644900946,210000.0
Random_0225,727.9919241918053,1038.6783345165113,0.08642987319290907,0.17610694850851386,210000.0
Random_0226,436.23976816471907,675.3218980819179,0.07824852304448068,0.15255110727058874,210000.0
Random_0227,699.4218537391414,978.1724633467686,0.07212610628741312,0.1424103094257117,210000.0
Random_0228,613.7986210064468,863.9985764892557,0.07564324810126034,0.15337634076552703,210000.0
Random_0229,567.466695409132,838.0107435935096,0.07123376393267555,0.13469214540355798,210000.0
Random_0230,626.6701071614336,883.4262941308798,0.06612388683092334,0.12564738346213478,210000.0
Random_0231,772.1117556316303,1039.7073406737989,0.05274820140417017,0.0999057759065807,210000.0
Random_0232,719.8655279016463,1031.7411626207688,0.08679601854692101,0.17479806403855208,210000.0
Random_0233,817.540362812942,1124.785451936812,0.06312132577433355,0.12025801397740005,210000.0
Random_0234,771.9975242630549,1093.4241781650035,0.08327491198459384,0.16911453706665674,210000.0
Random_0235,446.39536892158304,636.9723671188381,0.04627546661008956,0.08004624676220312,210000.0
Random_0236,728.1148657148933,1029.8811522359297,0.07132616437466034,0.13918834286737614,210000.0
Random_0237,749.4911081863503,1006.9543066000255,0.05262257768368332,0.10023046926503586,210000.0
Random_0238,560.9768172094085,777.7855208920084,0.06146661363298299,0.11718759600708062,210000.0
Random_0239,614.7284661526692,842.7032004316017,0.08755070416127785,0.18517081873383684,210000.0
Random_0240,796.4381360890517,1092.001131799552,0.057741846889021134,0.10700065407352163,210000.0
Random_0241,453.9440150905112,684.5883218928265,0.10349538558543175,0.2195821831107496,210000.0
Random_0242,774.2567921130832,1086.9510188100062,0.08286546183535563,0.1672537635361353,210000.0
Random_0243,706.9780316221955,983.8379963490609,0.08330603345092254,0.16932787883655667,210000.0
Random_0244,673.2640286845312,911.2884501148365,0.05678708360881191,0.10753708758198963,210000.0
Random_0245,500.69691438359695,725.287681074066,0.058057825651512004,0.10753923482360306,210000.0
Random_0246,715.1732968206711,967.5413437619036,0.06833492811727093,0.1356100710455765,210000.0
Random_0247,457.6429477206878,723.5329904621287,0.10637947781232332,0.22144018922861697,210000.0
Random_0248,417.2314084379637,677.215984729515,0.0885852533869623,0.17750778854265864,210000.0
Random_0249,638.6836689034628,908.0508854979895,0.07233123261560406,0.14140032855016224,210000.0
Random_0250,635.8403411646434,866.4686207722548,0.058056530851760824,0.10930549986149307,210000.0
Random_0251,536.5321597784196,783.05767779739,0.10760776120323098,0.2319565323815548,210000.0
Random_0252,536.6483111622751,786.7949366500661,0.08217919306963428,0.1634012261805282,210000.0
Random_0253,635.4471775172991,901.3353726314741,0.07764193732432563,0.1556465055323402,210000.0
Random_0254,631.670989148123,880.6912437897015,0.06488614999744652,0.1280139853971758,210000.0
Random_0255,780.1585577880201,1054.8211039196437,0.06294676315517533,0.1258491978376475,210000.0
Random_0256,651.4391691487895,921.8333459339946,0.06511630157064772,0.12450613994145956,210000.0
Random_0257,673.4355435588442,929.9393597158571,0.07626213896453081,0.15294968893452618,210000.0
Random_0258,850.4251412031917,1182.069191454677,0.05315545210300476,0.0922520699853292,210000.0
Random_0259,648.4984085527475,899.4281172640746,0.0830024482244613,0.17296495024317748,210000.0
Random_0260,629.9306453673236,899.0067070855995,0.06299590444339631,0.11788063019640962,210000.0
Random_0261,728.4488998089724,984.9112445493549,0.053538825139630444,0.10045803092838752,210000.0
Random_0262,709.4452171846714,1015.9231522967531,0.09861634956067117,0.20730007606262454,210000.0
Random_0263,701.9820260762725,995.040111892269,0.07777739220052077,0.15714937856697403,210000.0
Random_0264,697.8708308760021,964.1081711999925,0.09333023006325412,0.19914986201053608,210000.0
Random_0265,485.9676389167329,707.6811934931834,0.06957219776036246,0.13444435466557147,210000.0
Random_0266,755.1069543408375,1067.7486346807705,0.09868054440175114,0.20761810546351278,210000.0
Random_0267,657.393504402434,944.5473644447178,0.0599490506324334,0.10691213276235365,210000.0
Random_0268,783.4925265087651,1090.5479118366154,0.07001535771872233,0.13707957217145042,210000.0
Random_0269,669.8813968097594,936.9909712097613,0.0841358350868157,0.17504300299460318,210000.0
Random_0270,523.0978362781326,743.8551214034683,0.08245300622177662,0.17014354253149486,210000.0
Random_0271,639.4347813156102,934.0836378446588,0.10218200172245503,0.21359733917272888,210000.0
Random_0272,588.6622482109206,871.7487562177478,0.08600886665791362,0.17198056512181065,210000.0
Random_0273,794.6559880936608,1106.8180394514904,0.08070813156083359,0.16488484560415384,210000.0
Random_0274,737.4410567136762,1011.521872108121,0.06953296702747566,0.14030125935024518,210000.0
Random_0275,414.2845847201493,622.6280039606111,0.05834856383764332,0.10631186919347421,210000.0
Random_0276,557.8648927422057,824.2498988035588,0.08222203289100215,0.16446742560459954,210000.0
Random_0277,767.5632903887282,1065.3649639457055,0.08414784510403615,0.17605283172265243,210000.0
Random_0278,724.5620123714884,1017.7100489966416,0.07095542993809807,0.13709473683413687,210000.0
Random_0279,673.1694669973804,960.5500230779804,0.09838256483076269,0.20806930375846577,210000.0
Random_0280,684.1644190319507,971.385718692235,0.08680544937738158,0.1792963599911685,210000.0
Random_0281,728.6790022340829,984.5071593518657,0.06453191226653848,0.12669581062564383,210000.0
Random_0282,545.0225173550666,766.2799009854482,0.05636055954704926,0.10542589623599188,210000.0
Random_0283,537.9826048193383,738.7521472866176,0.061180853954373865,0.1180827197993684,210000.0
Random_0284,523.810949593027,779.8719734342532,0.11317188256903155,0.244563160178236,210000.0
Random_0285,677.4545842154092,907.5762721560632,0.04520092361790587,0.08038889726394968,210000.0
Random_0286,628.9274479090899,885.6736672812023,0.08882440541440523,0.18365585510830496,210000.0
Random_0287,786.0097945747386,1087.67699850123,0.07963930269180236,0.1642493269980118,210000.0
Random_0288,518.3109577766805,715.2379649109575,0.055209882337347,0.10350785400237779,210000.0
Random_0289,631.5537447266057,867.9325139065014,0.09063263449634719,0.1933862042365937,210000.0
Random_0290,725.5179379808999,1027.2066800937075,0.08530762992629352,0.17577566433801872,210000.0
Random_0291,601.6947723918388,823.3283947751606,0.06651135431605536,0.1306651853493629,210000.0
Random_0292,732.0298927206876,1031.5987700461108,0.099836058395385,0.21314859162925287,210000.0
Random_0293,742.4968502740297,1030.5964127260513,0.08475748623575538,0.17340074688454032,210000.0
Random_0294,662.2172429803792,967.0684491432794,0.11203815135247293,0.23889681477895808,210000.0
Random_0295,547.6398693357818,765.289668215883,0.08449175883863431,0.1760751866510722,210000.0
Random_0296,571.4169506261223,816.6150823315132,0.084216124397045,0.17020851281323862,210000.0
Random_0297,652.872661554952,900.6707892458162,0.069610722887711,0.1379168318137901,210000.0
Random_0298,639.2021650299527,899.0214560598871,0.0744848918075747,0.14790036793441363,210000.0
Random_0299,592.5503748282964,860.1449061756189,0.07888183720392644,0.15507627206782718,210000.0
Random_0300,557.3230294780279,785.19113733276,0.09258542744245661,0.19770278263782923,210000.0
Random_0301,672.6020982019081,924.2935688841693,0.08067124063462014,0.1681198950270686,210000.0
Random_0302,621.7050693719069,898.9573034095567,0.06041552522854217,0.10902524107292763,210000.0
Random_0303,722.4183434899863,993.7967102619018,0.09509191429927556,0.2040189560524307,210000.0
Random_0304,518.5928478011027,726.7873397984592,0.059796226285945164,0.11659842467724883,210000.0
Random_0305,582.5242607162612,793.4055367882103,0.06119021480345355,0.12024557337603806,210000.0
Random_0306,458.0785935688101,672.6953731507801,0.08522469737682035,0.17333754274790303,210000.0
Random_0307,573.642976053443,782.0755699613106,0.053297692539205174,0.10018696840652197,210000.0
Random_0308,672.6067385698611,929.5109450583792,0.07224561317364842,0.14601666437421273,210000.0
Random_0309,654.9554895926171,903.0412513328444,0.08140278438569654,0.16994673554110246,210000.0
Random_0310,782.977763152273,1073.9361452875953,0.06772220688919223,0.13350556360104987,210000.0
Random_0311,800.2382373506866,1087.508876126584,0.04780886218245732,0.08356078477607397,210000.0
Random_0312,751.9977587168728,1051.6091648823367,0.09313456141427327,0.1969538033424323,210000.0
Random_0313,681.5264272711582,917.3894596547977,0.06561770754274025,0.13231868128269275,210000.0
Random_0314,527.8685951232704,801.175449286867,0.10632310088263652,0.22469035923163694,210000.0
Random_0315,578.1011163604968,817.3171504381739,0.06508556674870214,0.12347998643554167,210000.0
Random_0316,633.7494872525504,911.8655717701045,0.07656010806740687,0.15206106181335488,210000.0
Random_0317,708.8175569427981,996.9167760340871,0.08284181260797123,0.16644663612715757,210000.0
Random_0318,409.409277452256,601.8320994128061,0.0758463993698748,0.1551555719092911,210000.0
Random_0319,678.6496606870832,925.4727771030574,0.0571975460075001,0.10912622517325823,210000.0
Random_0320,456.1021208675468,669.6483372900781,0.08055465509267237,0.16173591881738578,210000.0
Random_0321,704.9981853786336,964.3816543036413,0.07871652817276921,0.16151333194986206,210000.0
Random_0322,761.9797018515621,1042.9989626899035,0.05842771812075312,0.11121634246495901,210000.0
Random_0323,650.4578027360283,882.5391834858335,0.07299870469444461,0.1510408231380866,210000.0
Random_0324,489.71557037705327,710.2694473789676,0.06624331241629858,0.12680412763781307,210000.0
Random_0325,588.478833018237,840.0729089476692,0.08316627233975118,0.17227493272780742,210000.0
Random_0326,657.7072196515848,934.681812620761,0.09690643458854674,0.20368614338158117,210000.0
Random_0327,634.1284085412447,913.6054322716931,0.09391639258838334,0.19518576054536496,210000.0
Random_0328,424.86669701374217,632.476483589804,0.07493988775235694,0.15133766605766494,210000.0
Random_0329,683.9729169346111,939.9445403335302,0.06663842511466475,0.1307597671259922,210000.0
Random_0330,605.7654534726584,896.5143868832691,0.11596410841631964,0.24898483034580948,210000.0
Random_0331,629.5609919765749,867.7024293274973,0.08557355134332524,0.18078055376085617,210000.0
Random_0332,738.2693632118868,1001.2651109376663,0.0641052576853439,0.12496114773566541,210000.0
Random_0333,684.5341611249145,975.4005620911462,0.07270221660552044,0.1400143872701642,210000.0
Random_0334,593.3726974656947,852.4813756616015,0.09629227269697574,0.2008281300877187,210000.0
Random_0335,455.00877733022884,699.1701998064675,0.055389104397352125,0.09558485785040688,210000.0
Random_0336,696.6522175197184,993.378194618707,0.09466775234562595,0.19679394681725199,210000.0
Random_0337,681.1822622741859,930.8671321190066,0.08571408622339372,0.18225542952001,210000.0
Random_0338,518.4306345284729,729.8958307916971,0.08232250867426938,0.1701260844575816,210000.0
Random_0339,808.589195893572,1106.6810953091922,0.059783515638594145,0.1149256440942665,210000.0
Random_0340,699.424614852573,964.1002577996468,0.0806360017528737,0.16811916867931107,210000.0
Random_0341,729.9921285322422,989.7242586167669,0.06135933056719247,0.11752555764938627,210000.0
Random_0342,690.2413422338616,983.3663008045386,0.07020227070862045,0.13521258581857568,210000.0
Random_0343,464.6187814466609,672.9300678059807,0.0799529685157994,0.16401889951169712,210000.0
Random_0344,722.9345766592597,1027.4075580396961,0.10186196616963547,0.21560939610686852,210000.0
Random_0345,419.91710918455766,623.2776791546619,0.06283434033561573,0.12196076575099231,210000.0
Random_0346,475.2915991752625,724.2763292861439,0.09300860241993711,0.18905871804263957,210000.0
Random_0347,705.945659126208,993.6106693820103,0.08109735786908785,0.16492557897345644,210000.0
Random_0348,375.36570045088297,585.0488039009838,0.09189188863182422,0.18977870212079323,210000.0
Random_0349,654.2929419980493,925.1165588580078,0.07131619992867576,0.14085258957994,210000.0
Random_0350,747.4783792338332,1003.7644936926878,0.0601887326818438,0.11712230361543154,210000.0
Random_0351,733.8366751566275,1027.5868583032966,0.08252713195445802,0.16974027834958,210000.0
Random_0352,506.6620016556446,708.0496652308516,0.0782098437775423,0.1626943527530443,210000.0
Random_0353,531.7210779289583,788.3127522050903,0.10366532830239282,0.21976676144260923,210000.0
Random_0354,728.9860401169387,1000.0023700357749,0.06946871325661318,0.1402728242765215,210000.0
Random_0355,618.0281061904349,881.7880733187171,0.08185321421682289,0.16688093177538493,210000.0
Random_0356,784.5400670840828,1073.6230445007113,0.07392091932576679,0.15191950912281932,210000.0
Random_0357,459.0117189851169,657.0116580463099,0.08987268258359568,0.19117441510610558,210000.0
Random_0358,724.7971652570767,979.8714903027217,0.06506178991024122,0.12760666350746186,210000.0
Random_0359,601.7323253467325,825.0869335913943,0.06266149514352089,0.12457995261147896,210000.0
Random_0360,786.8336928857184,1121.4424230929094,0.10165092346367173,0.21440619807743289,210000.0
Random_0361,677.8672735030985,940.8196979692989,0.08939272884206596,0.1876208627631462,210000.0
Random_0362,378.2492921886476,579.748502025371,0.06239668886267215,0.11664125612207565,210000.0
Random_0363,416.0675998951758,609.4172239798994,0.06855568539715917,0.13440254961241607,210000.0
Random_0364,508.0208167226076,752.6110471670994,0.08997118265207246,0.18526180095953895,210000.0
Random_0365,505.1772033225818,772.3305843350519,0.10205750747945132,0.21466883567068615,210000.0
Random_0366,675.3318330505075,925.0834813465731,0.07196952915711662,0.14805272076987427,210000.0
Random_0367,618.8807570766251,887.4305182411535,0.09152319545250263,0.19008653878158077,210000.0
Random_0368,662.6045556819045,928.6707734484736,0.0527830111229769,0.09205508485166235,210000.0
Random_0369,532.359842559586,778.5848235766193,0.08960736637024123,0.18612160003186373,210000.0
Random_0370,735.5922289259875,1040.0665331787375,0.08040350913195192,0.16265655839519988,210000.0
Random_0371,772.9299598788056,1081.8302409642833,0.08173136364742954,0.16544349042469975,210000.0
Random_0372,719.8770111146388,1019.2775650206137,0.09451423905229078,0.19897244233713662,210000.0
Random_0373,721.2327408428197,997.7064390754637,0.06608280577097737,0.12710343209301878,210000.0
Random_0374,787.4921821528487,1083.738943624885,0.06199647186499872,0.1179413078694543,210000.0
Random_0375,663.1820248413619,932.3557583675031,0.07695539670798324,0.15456290312108426,210000.0
Random_0376,592.8715834096623,864.2509229971265,0.10186914736348363,0.21418982397983666,210000.0
Random_0377,684.1564238220634,978.7480728648092,0.08865151364353886,0.18139982612367656,210000.0
Random_0378,690.6436649951122,984.3762925757388,0.0760580489877294,0.14990880833469455,210000.0
Random_0379,584.7712005426027,871.5791520126659,0.09735030138946393,0.20097087759944784,210000.0
Random_0380,569.5269012989975,793.0288261412531,0.08003247640324222,0.16692620328548524,210000.0
Random_0381,543.863719089571,812.6048045998103,0.11064488888316266,0.2369304480014816,210000.0
Random_0382,725.7270092995374,989.4473975385642,0.08409862285910676,0.17631936450903646,210000.0
Random_0383,619.4457446607047,861.7927822860645,0.08479501251901686,0.17482878899600884,210000.0
Random_0384,670.2277964699588,911.5026859670552,0.07129529070657772,0.14318564611203882,210000.0
Random_0385,742.1111202927506,1039.495029002464,0.10059167678801241,0.21647219471658052,210000.0
Random_0386,514.766489436566,778.6359328494686,0.08307825657896484,0.1668741318715688,210000.0
Random_0387,592.2395192756248,826.0561432261974,0.09898681334103626,0.21464622784494122,210000.0
Random_0388,641.2725244466998,923.6474144491889,0.10297057481527294,0.2176084665688268,210000.0
Random_0389,642.1474508635224,905.4531948949672,0.09913262525101121,0.21109510460712633,210000.0
Random_0390,675.9184725064258,920.3078089178854,0.06583755498248031,0.13107812877233302,210000.0
Random_0391,692.3157078789302,968.1184922338207,0.08636525363610248,0.17613448088057976,210000.0
Random_0392,655.3959494457587,890.2827765056518,0.08174835835514095,0.1730615981438534,210000.0
Random_0393,660.4843414715265,925.8218908750463,0.07904744222617,0.15926208547535017,210000.0
Random_0394,735.1622422631589,1004.969293097072,0.07706113134382989,0.15584617781474897,210000.0
Random_0395,734.4670897488975,1004.0827928736356,0.07659939250074453,0.1593978173083585,210000.0
Random_0396,749.8598675901018,1029.6702259758551,0.08728838387524164,0.18506156144455962,210000.0
Random_0397,556.5464216062556,833.8343470600724,0.0995587663794385,0.20647940186839336,210000.0
Random_0398,713.1768094039967,996.1352547815591,0.05260876676212305,0.0913786345215824,210000.0
Random_0399,660.3803421687676,941.7638236331419,0.0910733409012631,0.18792154058140303,210000.0
Random_0400,481.7163351480723,688.4534251333963,0.08469640461376121,0.174632123091516,210000.0
Random_0401,624.0845435764136,907.511676764792,0.07564626664929604,0.1471744908244293,210000.0
Random_0402,607.2483455521214,846.5249627332887,0.06165551965783198,0.11799686099469109,210000.0
Random_0403,735.2159973377179,1010.9462736612891,0.05891124362597849,0.11169218527818323,210000.0
Random_0404,760.2683982312985,1055.767743948823,0.06998848045446987,0.1382979192929954,210000.0
Random_0405,549.1277868997511,794.3439572580701,0.10702700916898422,0.23122902955457472,210000.0
Random_0406,797.8539799753005,1103.944426907253,0.06338232960458821,0.12153745888753648,210000.0
Random_0407,530.5322811352612,757.5373678723948,0.10601584812975916,0.23086675251856775,210000.0
Random_0408,710.0457072741626,955.9436923116848,0.07204349456568492,0.14574947045520645,210000.0
Random_0409,470.9733811288726,667.1886994666427,0.0497706412105296,0.08840222492596872,210000.0
Random_0410,657.1529579991065,933.8955351755695,0.10855942280176872,0.2351582381779464,210000.0
Random_0411,513.799867952757,775.3682781999552,0.07928627599321827,0.15508594871999046,210000.0
Random_0412,669.1692430160452,917.5017756990983,0.07667724977121278,0.15949702015934447,210000.0
Random_0413,567.9896442927492,834.4081519792456,0.09455225452016039,0.19603323154062338,210000.0
Random_0414,634.4154287875082,897.0339998245938,0.05368062453954211,0.09434707461643821,210000.0
Random_0415,407.3926304743759,620.4481573834546,0.07242145415852351,0.14322155763840858,210000.0
Random_0416,484.09783895118665,754.8005185159157,0.10385199948154224,0.2150810921434915,210000.0
Random_0417,733.6615053384081,1006.1735934253484,0.09143854482928511,0.1957518242706281,210000.0
Random_0418,800.8682882462205,1105.2289948625548,0.049310522495831566,0.0837041138415744,210000.0
Random_0419,555.153549801955,777.1512800724965,0.06495209869620856,0.12840574625673062,210000.0
Random_0420,766.067291923079,1056.872970219568,0.06753784533004052,0.13076972333539222,210000.0
Random_0421,707.1226293787225,996.4770074258155,0.07264235959909213,0.14395595647317996,210000.0
Random_0422,775.3382418713087,1059.298720120347,0.06775460443423198,0.13278679402195506,210000.0
Random_0423,619.6630423936053,851.010478869267,0.0592270062424059,0.11221835253501358,210000.0
Random_0424,446.182543068895,639.6067279130248,0.07636701783597456,0.15560205254562032,210000.0
Random_0425,512.9594911165025,723.4922486032935,0.08161400661458293,0.16666185847388995,210000.0
Random_0426,489.5513153741741,698.584120059278,0.07853140598564437,0.1600783209795538,210000.0
Random_0427,834.6383455282398,1169.973433593656,0.06987417063067665,0.1345085802101377,210000.0
Random_0428,604.621136882879,875.0662769916835,0.10440216444591788,0.22280430426305606,210000.0
Random_0429,595.4928631987597,829.070875561661,0.08545655888500593,0.17770202046917408,210000.0
Random_0430,563.3221889555443,808.8166505687176,0.0864807053181841,0.17964770133949057,210000.0
Random_0431,342.49212408741613,543.9307218247269,0.08267922570961027,0.16940331291434116,210000.0
Random_0432,735.8577274609357,1026.7959432703412,0.06793106395770585,0.133197035883002,210000.0
Random_0433,735.0568253676742,1018.2742222239905,0.08655621154978024,0.17994638091877943,210000.0
Random_0434,647.9368753858672,884.3938480245513,0.0784973159823907,0.16317521351278463,210000.0
Random_0435,567.8699059672573,833.045211313242,0.09951543369753982,0.208197450434768,210000.0
Random_0436,382.1175960467427,589.2908435571061,0.06833414552109739,0.13538836580449792,210000.0
Random_0437,721.5348910750563,1001.140284457193,0.08324854488713053,0.17100223342667173,210000.0
Random_0438,725.9076634890433,976.3879078509378,0.05908679514572793,0.11677410427988552,210000.0
Random_0439,694.5631885882032,938.3090841798758,0.07565232968707322,0.15649951849964372,210000.0
Random_0440,779.9306999830038,1091.522560460933,0.07866837869302756,0.15705614115703642,210000.0
Random_0441,610.4200477666378,843.7980732601609,0.09265441003229719,0.1981115663316414,210000.0
Random_0442,651.669969429486,934.1939679089851,0.07201200423214554,0.1385729340196724,210000.0
Random_0443,721.7150748352839,983.2152930147677,0.09619967389159276,0.2099737878234006,210000.0
Random_0444,724.8239888116624,1045.4100329458504,0.10855266964735348,0.22994565755336094,210000.0
Random_0445,754.6378863967745,1024.7010874113375,0.07152425976651583,0.14569124318419338,210000.0
Random_0446,751.3779642097297,1047.6676925771617,0.062227795253869844,0.11640107018476413,210000.0
Random_0447,505.2238980638526,696.2272631557474,0.04232745441488585,0.07157055217972333,210000.0
Random_0448,742.7154764722276,1050.6119529728228,0.08824720379522819,0.182036856537868,210000.0
Random_0449,779.6147100144688,1069.8614545125956,0.06245152291769363,0.12210304142453951,210000.0
Random_0450,632.6453319303284,921.3202451289417,0.09318042426258419,0.19010906632514238,210000.0
Random_0451,749.9083508362395,1037.706494282826,0.07882192340021814,0.15937996286019226,210000.0
Random_0452,749.1554921079781,998.713816736086,0.05728144103627017,0.11246824450333265,210000.0
Random_0453,667.0655485021796,968.017368603875,0.11146435821164986,0.23877291801595493,210000.0
Random_0454,643.9304524763602,906.3626865624532,0.08881657611915365,0.1854204544962373,210000.0
Random_0455,585.0414330842317,820.784492032168,0.08327712548028784,0.17170138988931127,210000.0
Random_0456,657.4389537683289,961.2527884933593,0.11237773739018735,0.23941282436508785,210000.0
Random_0457,591.4896616944175,850.6679597757428,0.073974675190952,0.14404305787028962,210000.0
Random_0458,657.0297227755284,924.1860588903907,0.06100197476711117,0.11205648127286313,210000.0
Random_0459,483.54511153863393,740.3716584500789,0.10216041186405965,0.21259585009657878,210000.0
Random_0460,461.01736044699237,654.7605069261868,0.05996048481106033,0.11388800881355468,210000.0
Random_0461,490.12897798991537,748.2611269430653,0.10210335726819005,0.21486942131631157,210000.0
Random_0462,784.9107471233839,1072.6820011652674,0.06311973369237454,0.12241198669485676,210000.0
Random_0463,659.3439825485667,898.7441810797494,0.06741224595401155,0.1332983327788177,210000.0
Random_0464,548.8955372416347,755.6679082306765,0.05755144324050235,0.10914625837451587,210000.0
Random_0465,738.2791060446175,1036.09659387841,0.09405063312535862,0.1987545926244228,210000.0
Random_0466,531.3437858107991,737.1570275076665,0.0808696436877653,0.16843769439095993,210000.0
Random_0467,708.7662775948015,976.6380839946286,0.09220174701840819,0.19657221232076535,210000.0
Random_0468,758.6420660390314,1082.450504191966,0.0960340700446925,0.19756466120353555,210000.0
Random_0469,644.3723205909442,898.7418429541913,0.0704557923822797,0.13828352381893638,210000.0
Random_0470,740.4417200662073,1001.4189589083815,0.07373841363251864,0.15073905471060534,210000.0
Random_0471,384.55653110487174,626.5615607064396,0.09020248696484648,0.18356831908756022,210000.0
Random_0472,700.6878587944684,969.2502727593808,0.08562379237336185,0.1775906542968573,210000.0
Random_0473,761.7439720508004,1083.2046280595894,0.08898184668511304,0.1807405346734985,210000.0
Random_0474,765.5368465103406,1041.0400330070304,0.049315179494812525,0.08752493729672242,210000.0
Random_0475,488.11658650121433,728.8137644592548,0.0896219227499813,0.18553525936002954,210000.0
Random_0476,526.6259881184068,762.4440327862714,0.057247097221661436,0.10381393341892517,210000.0
Random_0477,517.8798077878108,783.6335639006192,0.09222537860491963,0.1865603067296013,210000.0
Random_0478,784.5601133793361,1073.0706176670603,0.06536905922968826,0.1286748861244877,210000.0
Random_0479,611.9071606520323,867.0304601054028,0.0878784533988533,0.18263956294046965,210000.0
Random_0480,551.7687234313664,802.2183502648721,0.07002055217216831,0.13757069939144875,210000.0
Random_0481,611.6234936366182,846.0633255961565,0.0654091109342394,0.12924002761608083,210000.0
Random_0482,349.8461267744042,560.185268353821,0.08916795618363933,0.18573218282178905,210000.0
Random_0483,503.9174066970489,710.8061603368211,0.06544149953018377,0.13041985776032042,210000.0
Random_0484,680.7747923058033,928.1188240731739,0.04815617562582589,0.08502997345101235,210000.0
Random_0485,646.1381926347915,943.7825971649173,0.10736340314643554,0.22850429281031662,210000.0
Random_0486,591.9293021312067,839.2645599374395,0.062403206805250404,0.11907110378725774,210000.0
Random_0487,705.3515704805894,979.1098621813805,0.07009583557162227,0.13880599850492484,210000.0
Random_0488,549.897964071941,799.522853621907,0.09485393538727759,0.20030923889232388,210000.0
Random_0489,806.4129267744287,1142.6115157767617,0.08886964864786341,0.1794755599526334,210000.0
Random_0490,781.0595879934152,1088.7476888646656,0.06881445453147708,0.13316792075056463,210000.0
Random_0491,701.9855415426396,942.3401859948875,0.04089658406394961,0.06791270822445641,210000.0
Random_0492,443.23931566764065,709.8095688483485,0.08334400546080836,0.16297683384416184,210000.0
Random_0493,717.0198172648177,986.1374024326301,0.08757666542633138,0.18403788365990792,210000.0
Random_0494,641.4168414105743,888.4669146488231,0.08364808089975284,0.17577415245506825,210000.0
Random_0495,738.5394479526109,1062.9098059314751,0.10998332122722916,0.23404561660207016,210000.0
Random_0496,613.86901212068,838.5658400812699,0.05728769754556962,0.11103116170404503,210000.0
Random_0497,722.7291521859544,992.499099560589,0.07433369757652877,0.15292823211227446,210000.0
Random_0498,563.7958860475568,825.9410502850887,0.09854361358152228,0.20641635162374689,210000.0
Random_0499,761.9712990868527,1071.0267992058423,0.10436415974732703,0.22517235694076013,210000.0
Random_0500,646.0943201740906,933.6660867783014,0.07323974073845518,0.14330452129492616,210000.0
Random_0501,684.3662623243748,966.0106556112219,0.06978851121529844,0.13710372699390327,210000.0
Random_0502,667.6306596776653,925.2853970014963,0.05997007594519303,0.11437227990519892,210000.0
Random_0503,562.4016184707601,805.5671231477392,0.09170579929092527,0.1918113394575285,210000.0
Random_0504,692.9849790771676,968.8282882983735,0.10030713990403307,0.21583283737140577,210000.0
Random_0505,660.4682266665006,914.7271672670914,0.07808189472122457,0.1613920224629274,210000.0
Random_0506,609.1660638829417,898.5751061793953,0.10044357314477163,0.2069680697251085,210000.0
Random_0507,778.5466252232728,1067.3890445452973,0.05972024474875912,0.11300649824982062,210000.0
Random_0508,459.68057006070273,698.8040206333707,0.1069738972042678,0.22917486064734421,210000.0
Random_0509,532.908677101959,783.4421119465644,0.0955420433530435,0.20043941476116733,210000.0
Random_0510,565.3682027252456,793.6892046116802,0.09090312887426509,0.19224493461422,210000.0
Random_0511,425.7218013807889,668.05478391537,0.07799197757550803,0.15284532182020713,210000.0
Random_0512,729.989779940809,987.991908385712,0.06028270414483273,0.11842195578180836,210000.0
Random_0513,632.4470681028457,906.3895300071049,0.06938655500872148,0.1323170964079241,210000.0
Random_0514,691.8000302789064,953.1407869870552,0.07242870278991177,0.1456638394925396,210000.0
Random_0515,543.9592071194072,802.6390475030836,0.07910846518603552,0.15777141870939024,210000.0
Random_0516,763.9220863905763,1048.1936309921377,0.07667631817403227,0.15419326131224953,210000.0
Random_0517,741.1292492179259,1029.4521865415238,0.07670452677719174,0.15579452058712545,210000.0
Random_0518,682.6023108572529,985.5107773286369,0.10394293977310813,0.2201115862227016,210000.0
Random_0519,737.5880533893197,1036.0405407229039,0.0878597811750304,0.18035041002219154,210000.0
Random_0520,685.938026949279,947.0426123942938,0.08849914648636695,0.18785000640971472,210000.0
Random_0521,679.4187162361447,958.527139482173,0.08251833897653767,0.16898595312823728,210000.0
Random_0522,627.7383679647072,875.1961034195526,0.0828933074239126,0.17150566122513664,210000.0
Random_0523,593.9910469498695,836.3324025683759,0.08840486760456938,0.186562268272986,210000.0
Random_0524,579.7070611646903,863.0717826527866,0.08442475621725899,0.1683703775556814,210000.0
Random_0525,345.4167372857975,546.2493458113169,0.10205204287340003,0.2180451586800345,210000.0
Random_0526,677.2718293216246,956.0941982320908,0.09633195048607952,0.20209155741629833,210000.0
Random_0527,365.7857409074124,563.2605166140141,0.08290250011477981,0.1683238957837993,210000.0
Random_0528,567.6549335177717,838.3071838647502,0.07946043053460988,0.15625858044242597,210000.0
Random_0529,651.2423958618349,929.590402781571,0.10030448806993936,0.21191246020428198,210000.0
Random_0530,557.9217454377783,822.7239493326845,0.09625208498518872,0.19817065556425334,210000.0
Random_0531,452.12557937400265,669.1516481630548,0.06905245332510933,0.13301925747695043,210000.0
Random_0532,732.2248115061559,972.9254997922776,0.04621836978800997,0.0835663452462615,210000.0
Random_0533,544.5306319377348,800.1944926095878,0.0816826331271806,0.16431976462352824,210000.0
Random_0534,723.9160635316354,991.1760519067723,0.07931148765474577,0.16169355765800064,210000.0
Random_0535,787.4291299715521,1107.1722711239902,0.08220353990391158,0.16502769540759113,210000.0
Random_0536,516.3356125345842,789.1215023841811,0.08421183538659607,0.1658697285568811,210000.0
Random_0537,669.5006588679837,925.190565578395,0.0863538519823008,0.17979187933594734,210000.0
Random_0538,450.4927786797749,682.3756490297004,0.08808020741111591,0.18213658266909216,210000.0
Random_0539,822.8150573834289,1147.5771659262034,0.0729696852265865,0.1417201677607994,210000.0
Random_0540,591.6134433584325,878.7583106481325,0.10369325911906961,0.21558970398748387,210000.0
Random_0541,723.1983144046018,976.7305415369699,0.06771228965837096,0.1379871669041387,210000.0
Random_0542,629.0174663489482,889.3111407493366,0.08115177218347776,0.1640475348655864,210000.0
Random_0543,472.76070711847194,697.8098188946483,0.08446996506833733,0.17291948761192108,210000.0
Random_0544,633.2994925411267,886.9938720469263,0.05439543622675602,0.09724687655415526,210000.0
Random_0545,756.1514260078038,1051.4046892271458,0.08665236554497682,0.17841470531904546,210000.0
Random_0546,638.8606990724453,908.9631298947188,0.09649669272487323,0.20192046098870237,210000.0
Random_0547,478.65142891448266,731.2411656965784,0.10729268452293801,0.22880810527227735,210000.0
Random_0548,503.7499373767753,739.3889126789078,0.08464656942798644,0.17233630381389542,210000.0
Random_0549,633.442291414157,907.0544991755247,0.07187728557648983,0.1398107876895847,210000.0
Random_0550,684.5832604486396,967.2404269100882,0.10618334292438951,0.22940109448475857,210000.0
Random_0551,577.2494286226414,854.3155094153582,0.08535731381991883,0.17175171700413763,210000.0
Random_0552,739.8620729795412,997.5926361939858,0.07436500488972396,0.1553162736056181,210000.0
Random_0553,376.213817529464,562.7379831117566,0.06712575618480723,0.132259519524646,210000.0
Random_0554,791.8397609873443,1076.3721394666463,0.05188570438601865,0.09389684154816749,210000.0
Random_0555,642.0620356544036,905.1875859545091,0.07926462773593779,0.158978092203413,210000.0
Random_0556,697.9341231691411,980.7027342780011,0.07761585968367347,0.15676051566803165,210000.0
Random_0557,751.3690325470095,1057.0493056836428,0.0904700825729481,0.1867949951618683,210000.0
Random_0558,668.0174129760794,929.3638221120093,0.10149585039506205,0.22048894549692577,210000.0
Random_0559,750.1695913481797,1056.8808269124409,0.0810037196448126,0.16524697490732046,210000.0
Random_0560,715.6383139753793,990.0169348153115,0.06601283714082576,0.1294975263404362,210000.0
Random_0561,390.8707252164138,595.1029049767848,0.05753959262149158,0.10568851078187802,210000.0
Random_0562,663.5604722186666,958.62281697085,0.09806825361037559,0.2039624988511707,210000.0
Random_0563,436.22030727085473,666.5232939956985,0.07199887015451568,0.14199479548985217,210000.0
Random_0564,649.8171522482041,891.4596095114986,0.055111097257293906,0.1021328461716438,210000.0
Random_0565,622.2914017921239,852.0390351789383,0.07168888884732721,0.1460919844944091,210000.0
Random_0566,557.7267181673413,785.9456598197735,0.08332769764502954,0.17167703949238713,210000.0
Random_0567,660.3877476914439,905.6405962915263,0.06337838991028394,0.12530090446710007,210000.0
Random_0568,699.3414859758914,989.8006726374308,0.06921187373129364,0.1310418269849662,210000.0
Random_0569,743.3080660567952,1006.3446676649571,0.082267895785406,0.17412007954057598,210000.0
Random_0570,622.3917270025023,919.5772442072946,0.1039950831561074,0.2180301579273577,210000.0
Random_0571,774.760531130697,1076.5613027145678,0.0693664566891103,0.133801044988369,210000.0
Random_0572,446.34518970599777,698.6393794850248,0.096437749598324,0.20094933151504818,210000.0
Random_0573,749.3732896797088,1069.6346858579006,0.09862097207018936,0.20477117186977445,210000.0
Random_0574,442.186637826422,644.8650390955687,0.08406818529816916,0.17662514653447972,210000.0
Random_0575,476.5449760335466,723.9517525401594,0.08083160700611486,0.15883321092617256,210000.0
Random_0576,684.2265612556506,965.9143951713997,0.09856315142631975,0.2100446424663859,210000.0
Random_0577,714.4266837054732,985.9223311135639,0.06313476753637401,0.12287455237136632,210000.0
Random_0578,686.4507196802143,955.2813783457556,0.07898649818390481,0.15831280639775214,210000.0
Random_0579,578.6944071594028,809.3301374881086,0.08075786480007954,0.16567137074367133,210000.0
Random_0580,640.707038152869,925.159856042237,0.09376440794819355,0.19381656644471282,210000.0
Random_0581,695.1084195449961,937.8354801356772,0.06948929596441011,0.14306708449700278,210000.0
Random_0582,747.0023673938573,1021.836826159106,0.07161988599849167,0.1448710579068862,210000.0
Random_0583,766.8737257393358,1068.0592470598826,0.09263227641105086,0.1941819993561278,210000.0
Random_0584,677.5519632572476,947.086372496891,0.07334566347217221,0.14469825479795118,210000.0
Random_0585,475.4085526197109,704.3873362514671,0.06880666519499856,0.1324586273930946,210000.0
Random_0586,509.8978319387955,758.0126378294576,0.08419089374110039,0.1687180738931035,210000.0
Random_0587,566.4391828062961,846.9111015506297,0.0844541530231705,0.16955291673975606,210000.0
Random_0588,670.9457416743982,917.5592987665068,0.07603597563216939,0.15686902401632866,210000.0
Random_0589,700.063155448207,1001.6618702533087,0.09725672574933862,0.2028957140789774,210000.0
Random_0590,629.8401860245183,916.1895484570598,0.09089258484453713,0.18689015791144686,210000.0
Random_0591,779.9105015567154,1070.1135504541664,0.0772939043571966,0.15660111165900056,210000.0
Random_0592,603.9269709956968,865.2802630434653,0.09699632470566417,0.20428894068243414,210000.0
Random_0593,682.4669052960317,922.8367409193781,0.05703152988730434,0.10780755997031363,210000.0
Random_0594,554.4187872062455,785.4087610863755,0.10096336727276176,0.21778886467588768,210000.0
Random_0595,710.8428764938395,976.0533255230581,0.08294292527152922,0.1712857283282512,210000.0
Random_0596,706.5759736419586,981.9990341984493,0.09261491812730631,0.19773462523944382,210000.0
Random_0597,638.0282140408475,858.0925093992429,0.05246019986810439,0.10028814428212353,210000.0
Random_0598,781.6469619024115,1094.4765906502812,0.07894815286242883,0.1570186466590235,210000.0
Random_0599,698.5639957989706,995.7770349172565,0.0782987744915118,0.1568082228533402,210000.0
Random_0600,771.0215320665404,1050.3106233951496,0.06777490006997379,0.13654539730476808,210000.0
Random_0601,562.2620499946698,772.4701642604441,0.07358270086364231,0.1518227902872661,210000.0
Random_0602,424.48263887975395,616.1088681476081,0.07825827417444256,0.159670065212515,210000.0
Random_0603,724.4985940867374,1019.4543974678702,0.10104374259447059,0.21704955377722998,210000.0
Random_0604,677.1625122323353,935.9787612335166,0.0694763280746134,0.13615888716900457,210000.0
Random_0605,400.58482143631556,601.0623432110291,0.0822914064157552,0.17161342417520248,210000.0
Random_0606,625.7828102525691,854.0646887201788,0.06879712530617507,0.14039074852477823,210000.0
Random_0607,764.9440261478445,1055.5304212695844,0.06780796585544721,0.13512742905340674,210000.0
Random_0608,542.3222660345268,791.9180117144781,0.0939874016213012,0.19563078848368298,210000.0
Random_0609,558.6344353221028,794.0622920387061,0.07050898664124658,0.13926331638577755,210000.0
Random_0610,778.6744118564068,1084.4790589369697,0.08019728886357959,0.16168560015546304,210000.0
Random_0611,576.6253951665888,865.168427795509,0.10811559320402525,0.22696382438154172,210000.0
Random_0612,610.0907290894473,865.062094062404,0.056342281671834984,0.10044183531786705,210000.0
Random_0613,661.8605105611211,926.6861565099165,0.060444059727030715,0.1134631955933311,210000.0
Random_0614,520.6530351539878,779.0930253785785,0.07667142139150362,0.15310487857559968,210000.0
Random_0615,717.9068867491882,1009.4338951998918,0.06685931192936446,0.12650329462379778,210000.0
Random_0616,706.6994960546969,963.3088186527831,0.06390435975914961,0.12362183384990469,210000.0
Random_0617,474.2018930818431,676.246991029477,0.07848709738732804,0.15994745025468282,210000.0
Random_0618,472.76396496660686,724.6813473694283,0.07318980920395123,0.14292076431260833,210000.0
Random_0619,748.0001432801002,1039.7894314100738,0.0818302354001524,0.1664750842546089,210000.0
Random_0620,600.709161073481,878.1063799277263,0.08445937131602266,0.1689549362757252,210000.0
Random_0621,697.492503064706,956.8123500631381,0.08737812903046506,0.1835490828323629,210000.0
Random_0622,582.9064260183078,804.9690658567862,0.07973687425001359,0.16444719568982458,210000.0
Random_0623,641.171103111406,872.9609470903823,0.06434010120806433,0.12598334929206467,210000.0
Random_0624,763.0851874991317,1091.7438790320664,0.09876527932987748,0.20638869181119895,210000.0
Random_0625,656.889441831957,896.5629379007812,0.07590091817494586,0.15725085561760782,210000.0
Random_0626,707.8673637441094,998.0683918744223,0.06856301983758124,0.13085311159310342,210000.0
Random_0627,680.9914756047816,962.7801376829613,0.07074923411697892,0.13784464042297384,210000.0
Random_0628,592.444530613683,832.7939373242529,0.07326998264523947,0.14563746419345008,210000.0
Random_0629,734.161533596037,1023.1336581296463,0.05820086024726741,0.10717034634336972,210000.0
Random_0630,835.616018635145,1160.7532412639666,0.062298989698574544,0.11612434365890273,210000.0
Random_0631,451.09709047882126,656.634228163539,0.0627761942543386,0.12045583721266795,210000.0
Random_0632,537.6053358805779,799.6882111105219,0.09247207963786289,0.19090916406850517,210000.0
Random_0633,770.099165289136,1082.7687265808052,0.0986608903473899,0.20966967055285063,210000.0
Random_0634,706.7376519790569,947.0336786210312,0.06367618262800459,0.13017772432828845,210000.0
Random_0635,647.9792225906511,935.882138209126,0.0893048863469459,0.1825675743405089,210000.0
Random_0636,628.3664187372356,867.6380772908809,0.06894971040379869,0.1386368794321622,210000.0
Random_0637,724.0678170203827,1044.7623608385513,0.11423177075231256,0.24620996342926427,210000.0
Random_0638,726.7865803038089,1030.8545406782323,0.09642490422032136,0.2023154507063173,210000.0
Random_0639,491.15137691576956,704.8044226019666,0.09192858172423299,0.1958208441261417,210000.0
Random_0640,651.2410994520287,929.8845416218405,0.07831055215864458,0.15697397325691842,210000.0
Random_0641,627.6842999861516,912.8699363794696,0.08340301215836479,0.16798648440411038,210000.0
Random_0642,545.6714985650241,761.6921412737312,0.08461957992506002,0.17876479045757357,210000.0
Random_0643,438.6209867829655,640.7225123224875,0.09236995280758194,0.19560079149835813,210000.0
Random_0644,490.31360474761965,718.1375611850752,0.0765854668770071,0.15296964362963142,210000.0
Random_0645,385.1189721285322,579.057689362653,0.08700077970489116,0.18329173150489933,210000.0
Random_0646,457.01372450171516,731.2645358515838,0.10809987694776918,0.22694887646678646,210000.0
Random_0647,743.4396459892032,1018.8429009435316,0.06282847945230947,0.12369454121735021,210000.0
Random_0648,587.9886631264211,857.472910976224,0.0561576321750385,0.09737118090786384,210000.0
Random_0649,756.2028959672915,1010.2108206627777,0.06409480514451096,0.13159934569263462,210000.0
Random_0650,614.1210790095245,866.8594098565902,0.08322371896563377,0.1698456174989458,210000.0
Random_0651,538.2519402856723,782.1448742441529,0.08433324417324138,0.1714084907657188,210000.0
Random_0652,644.944396293548,881.2140129556864,0.074867490753639,0.1552046337533851,210000.0
Random_0653,656.2178229228426,920.138855775642,0.061017252307514355,0.1136037050268032,210000.0
Random_0654,768.9462299498757,1077.1204991043649,0.08861608621658683,0.18375886149615606,210000.0
Random_0655,622.8488028008361,867.8899694847518,0.07193583760085122,0.14246140446255637,210000.0
Random_0656,717.5877966080733,1021.9072721092316,0.06897749660830903,0.13131314201794975,210000.0
Random_0657,495.04557772396873,727.5022406805682,0.10037988247904302,0.21375994514157745,210000.0
Random_0658,767.5177258593807,1086.555830726354,0.0835824349032131,0.17079189401485764,210000.0
Random_0659,663.0785426186618,960.8969221988198,0.10408038842375962,0.21987938893103645,210000.0
Random_0660,816.9662660894317,1135.5630297211944,0.0660912781171652,0.1272145584634814,210000.0
Random_0661,721.1313771063489,1022.2793153341554,0.07706347815513594,0.15326336320829653,210000.0
Random_0662,708.9682760160242,1007.8609343952872,0.07499482877023429,0.14711364706598296,210000.0
Random_0663,423.98809470158847,628.5516584389261,0.10315648814992147,0.22303254834804082,210000.0
Random_0664,571.0464084954895,821.350016165847,0.10177830494406494,0.21731847651696054,210000.0
Random_0665,687.1831010378947,973.6004911184699,0.06314481549898163,0.1159390584654455,210000.0
Random_0666,684.4303274123936,932.8682156031216,0.056224034444393056,0.10544364246399637,210000.0
Random_0667,689.6926455354978,973.3681185967768,0.10079930431655271,0.2151104570410582,210000.0
Random_0668,747.4720350458957,1015.1092754980408,0.07974732685012109,0.1684732491531621,210000.0
Random_0669,652.4436145921096,915.7786033553529,0.08771697668596468,0.18235207396345565,210000.0
Random_0670,563.2060379905893,779.6654766053424,0.04688256389911309,0.08138464573797831,210000.0
Random_0671,481.12962128959185,687.4779095144127,0.09737251019383468,0.2103345941357638,210000.0
Random_0672,526.4601025949405,747.5093290942673,0.06393431094903426,0.12341905188879645,210000.0
Random_0673,503.1335425549737,770.2449102891309,0.07964844879026835,0.15629336133716756,210000.0
Random_0674,702.5859938429978,979.1050450362085,0.0662280395931795,0.1264000243128696,210000.0
Random_0675,744.9793122422153,1037.0220329700232,0.06767990380191899,0.13048825787519347,210000.0
Random_0676,555.4592071462778,817.4082225725707,0.08264157832135156,0.16477817677481257,210000.0
Random_0677,842.7793243997486,1173.0702978129823,0.06414811021816486,0.12198823198444941,210000.0
Random_0678,482.9391245534656,678.9239848531104,0.05068994051364543,0.09241833479561191,210000.0
Random_0679,674.0977579952007,952.4478047847265,0.08093354706257112,0.16334096705774376,210000.0
Random_0680,734.1176769406528,1030.0023822272874,0.08640746356075377,0.17654550661504448,210000.0
Random_0681,743.7981854713084,1026.7741664529967,0.07820862488194535,0.15974252052888277,210000.0
Random_0682,572.9956255515438,822.2002859749196,0.06329423320611201,0.12002473194897094,210000.0
Random_0683,643.0665528949187,888.0370712125432,0.08098966525810973,0.1696648251530965,210000.0
Random_0684,604.9420526914021,837.8411305129699,0.08923254966390798,0.18850294544890353,210000.0
Random_0685,747.9412121851917,1042.295394967083,0.10279154312705308,0.22274483711707505,210000.0
Random_0686,774.6822702763621,1084.1183253675285,0.07878772749546888,0.1608551902679866,210000.0
Random_0687,759.6261984447477,1035.2484741670878,0.07852260305399167,0.16469587188030707,210000.0
Random_0688,425.31154584088137,678.9374816684382,0.09915382531513096,0.20363803783720022,210000.0
Random_0689,380.78685973776084,566.9062289908601,0.06468242013691115,0.12490579380481148,210000.0
Random_0690,789.3714749151394,1124.2214212546162,0.0950690774175007,0.1945139189789477,210000.0
Random_0691,844.8327484537788,1179.653834010185,0.06356245625301402,0.11895158874361918,210000.0
Random_0692,554.0832185732261,804.9938571667964,0.06870958585944514,0.13009315991807838,210000.0
Random_0693,733.6619360144989,1038.571046487189,0.09455744151356951,0.19852452271317308,210000.0
Random_0694,766.1407000620881,1063.0320899872402,0.05366568773456892,0.09456519424419195,210000.0
Random_0695,474.09936301900353,694.7376954771936,0.09624591592384901,0.20375626821489815,210000.0
Random_0696,536.3845154538005,804.5779975407571,0.11501586676467275,0.24731530100221444,210000.0
Random_0697,592.0842893328887,875.5616615466907,0.09447793332652236,0.1935699350068882,210000.0
Random_0698,749.7717972896263,1022.0525858084546,0.05734506771780742,0.10707326617328533,210000.0
Random_0699,686.0488340401084,923.0419999128186,0.05173017492123038,0.09704076555862937,210000.0
Random_0700,614.588131310099,867.9163405487823,0.09348215460345707,0.1973691759682331,210000.0
Random_0701,693.2701781182709,987.6119951276463,0.11035498067509274,0.23875424628630965,210000.0
Random_0702,378.2532250240736,580.5379477409258,0.07278865291958364,0.14377041849321437,210000.0
Random_0703,506.34137101330634,782.6984599601236,0.10287269279034741,0.2115098153515075,210000.0
Random_0704,784.9059942873082,1068.7711819002643,0.05317926418985047,0.0964852139456939,210000.0
Random_0705,768.3862354075632,1073.8057094725884,0.09357895419969055,0.19894806075106877,210000.0
Random_0706,789.0510212233295,1060.952937505142,0.05432145434138555,0.10292571663414793,210000.0
Random_0707,770.5667324200996,1064.398947887731,0.08427486707854218,0.17667598805071905,210000.0
Random_0708,529.3147806835534,804.6223035057214,0.09909776639374569,0.2070136365583544,210000.0
Random_0709,703.6196202144353,1002.4081689543923,0.07540125493387391,0.14821892808297338,210000.0
Random_0710,702.4509070411484,1010.1572832954358,0.0976746456158576,0.20398695496708472,210000.0
Random_0711,672.771814238398,920.3929056751817,0.07957445196094991,0.16468605080570684,210000.0
Random_0712,510.3011900262789,725.1519599873577,0.0859896391187136,0.18149186153107236,210000.0
Random_0713,768.5914365865611,1082.6121974859773,0.09079806082333952,0.18824515983279516,210000.0
Random_0714,540.4817894479581,766.1562839656281,0.09571629517911392,0.20471651145609285,210000.0
Random_0715,444.5802077383292,681.9882162487345,0.1014117907872691,0.21434819115281556,210000.0
Random_0716,708.0523406092202,973.1529740384161,0.08941166978289032,0.18978424745275513,210000.0
Random_0717,733.9616919651403,991.4052737818812,0.07889541630647763,0.16320861590948554,210000.0
Random_0718,718.8196520327781,992.0954279829982,0.09390211312521754,0.20042212762598666,210000.0
Random_0719,744.3121265374596,1028.356831354585,0.07102413013528613,0.13924806340808824,210000.0
Random_0720,689.7590752772082,957.1387105558453,0.07274967248405005,0.14744883226990313,210000.0
Random_0721,503.02622149154405,732.1751793266212,0.08309229997703113,0.16961787340542717,210000.0
Random_0722,749.5333338289587,1038.8560407668447,0.09264554586114288,0.19509679847175043,210000.0
Random_0723,541.0014939687453,811.5056788361053,0.08156207169517347,0.16099491980912614,210000.0
Random_0724,691.433924394947,992.481886033399,0.10019969395741474,0.21015925757439197,210000.0
Random_0725,579.9001690782716,823.0186830072925,0.10179967989433818,0.21855875035313915,210000.0
Random_0726,708.6132374514381,968.7417171460534,0.055238239331152905,0.10215176703718946,210000.0
Random_0727,801.2611322438345,1105.8221375891928,0.07219171916643134,0.14586025819806256,210000.0
Random_0728,387.8569383640865,596.5762345439858,0.0951568929847022,0.2019572443636294,210000.0
Random_0729,760.1685051879977,1021.7499366676766,0.0499631580274616,0.09261080665920682,210000.0
Random_0730,769.99139074032,1048.995994651584,0.06662748682756288,0.13214215199969506,210000.0
Random_0731,626.2013056267836,895.4936307146772,0.09327394966458522,0.19590606419638168,210000.0
Random_0732,741.1006335226928,1008.3348246510891,0.08785687602937821,0.1888242661503363,210000.0
Random_0733,739.8272504644734,1017.369265914,0.059364229905228535,0.11054493491883469,210000.0
Random_0734,605.1082405072643,849.5625842017577,0.07223017061414091,0.14442890647322845,210000.0
Random_0735,515.5274145960691,785.1151629333772,0.08545716117953932,0.1719998251881409,210000.0
Random_0736,783.7838013656815,1106.7682051283932,0.09110170770142956,0.18701198412877285,210000.0
Random_0737,683.348854833854,942.9368326293726,0.08558023762515805,0.18085904597735253,210000.0
Random_0738,797.9453392378878,1107.754450850378,0.07345235156764043,0.14513864546757502,210000.0
Random_0739,815.8961305250565,1142.8126250609305,0.06443513496926896,0.12134870311566825,210000.0
Random_0740,455.32556567402696,700.1693201339858,0.0988114076388788,0.20567016205947336,210000.0
Random_0741,458.9817505884873,695.7431083278152,0.09871802159128189,0.2085931799653191,210000.0
Random_0742,726.381538691062,997.0718666949645,0.06537986616151646,0.12591398840612247,210000.0
Random_0743,527.8542944805483,802.2348343654999,0.087668055269253,0.17538461746114647,210000.0
Random_0744,566.1294338457367,822.1880418472529,0.0792391661484951,0.15689034353866785,210000.0
Random_0745,651.2096531941773,892.9102928524189,0.05966878640868735,0.11226508898211926,210000.0
Random_0746,791.9568887242456,1088.9682148962904,0.07155742409428188,0.1412825427920335,210000.0
Random_0747,651.3272344031777,926.0809688756082,0.08052176436981481,0.16449131524669663,210000.0
Random_0748,564.1922720743751,802.8858802757552,0.10582449637478998,0.2298908467387763,210000.0
Random_0749,555.2174685535268,798.5653728535201,0.08903903495351367,0.18242283614259244,210000.0
Random_0750,656.8064263850482,922.0919511804606,0.081914920575352,0.16891581868988842,210000.0
Random_0751,693.6825616279393,989.3850690452537,0.08693068358988738,0.17958364226234905,210000.0
Random_0752,752.1309380439515,1040.5575413939355,0.07600700630665724,0.15349783543227932,210000.0
Random_0753,331.0166668648504,524.4081979604678,0.08924640355388003,0.18549173457685866,210000.0
Random_0754,776.5506768473712,1081.833055717238,0.08764287788653193,0.18428464389620727,210000.0
Random_0755,736.0164122755583,1046.8674897876142,0.09343259846022296,0.192613986918583,210000.0
Random_0756,692.0672594085174,1000.5184468661128,0.10792559956923421,0.22851102583079683,210000.0
Random_0757,681.4364513827927,951.0176982945549,0.07487617512430085,0.1479430661333576,210000.0
Random_0758,714.2748526176059,965.1159612556075,0.06614186774529421,0.13315216472942337,210000.0
Random_0759,713.6062789756543,985.4328257132678,0.05732796497515569,0.10497157201823548,210000.0
Random_0760,685.4550541999101,955.9124660108014,0.07868963020716208,0.15813403206657428,210000.0
Random_0761,762.4332552413242,1045.6358973592735,0.08300409177105583,0.17404024663257753,210000.0
Random_0762,777.8701823246832,1041.685805648841,0.0576124074819138,0.11220949988329398,210000.0
Random_0763,753.915553684963,1047.4363774143524,0.06221331785483493,0.11697519840477402,210000.0
Random_0764,560.8036224208405,823.1580862256737,0.07036604273978134,0.13299800149109023,210000.0
Random_0765,460.77111820129954,682.4052094069798,0.08967451987310517,0.1849618055542823,210000.0
Random_0766,755.4042338273387,1008.8336121605832,0.06108455819632559,0.12046507349664375,210000.0
Random_0767,500.8385771236917,721.627240087651,0.09603799437078442,0.20492986952735232,210000.0
Random_0768,480.678446801802,737.4788257912086,0.09780530434325323,0.20275772264365768,210000.0
Random_0769,725.7041229137956,1009.1365435729859,0.07711600278072703,0.15837713207220536,210000.0
Random_0770,524.4815504120431,745.3610925180135,0.0933941885686826,0.1971058142983258,210000.0
Random_0771,388.54255082122245,655.461935612465,0.10088256257837527,0.20879261489684425,210000.0
Random_0772,726.9374313417462,1019.800708869947,0.07724842048409465,0.15386558622268276,210000.0
Random_0773,633.1536684137207,892.9495754080136,0.06884989793669716,0.13478912396073522,210000.0
Random_0774,618.2482848001664,869.8998818623161,0.06536230455961198,0.12681409744620603,210000.0
Random_0775,549.8218800403173,767.8489947756874,0.08753469109957687,0.18326968668050544,210000.0
Random_0776,763.3482759012387,1056.651208735713,0.06995579568676609,0.13852253466460318,210000.0
Random_0777,702.7773606017764,992.1907629236779,0.10377780564935876,0.22282979316602533,210000.0
Random_0778,418.74819316459866,613.0506524930297,0.08367865730261721,0.17460947678967761,210000.0
Random_0779,387.5771009165943,601.6898063505089,0.08225344082408509,0.1660229350475009,210000.0
Random_0780,434.50447188447305,643.4767079279776,0.06420508801138669,0.12465793273683226,210000.0
Random_0781,763.848681321126,1043.4601308446456,0.07197270083626858,0.14623632553188545,210000.0
Random_0782,768.3533840356149,1070.5703600571005,0.07515638210993537,0.1527182503960287,210000.0
Random_0783,535.5221398898992,768.2707152516883,0.06894069885668971,0.13437024082265636,210000.0
Random_0784,775.3615768389844,1090.0976391688914,0.08635322405625914,0.17622531859473284,210000.0
Random_0785,782.7843633326679,1100.9716356410327,0.07224786851303185,0.14285794000781876,210000.0
Random_0786,689.1235427667526,974.9392228776538,0.0813206835590955,0.16288253487688611,210000.0
Random_0787,835.0678396774591,1144.9765665392245,0.05136169005601686,0.09083572625454443,210000.0
Random_0788,481.59172194177665,707.1578971204082,0.08887211069824966,0.18572921840514744,210000.0
Random_0789,726.694967582584,1040.8791194355515,0.09274224314714072,0.18846695000644145,210000.0
Random_0790,612.0304727665716,858.223786309502,0.0685680371989256,0.13268091725601408,210000.0
Random_0791,697.6519192819753,938.9540766498297,0.06399057338199311,0.12604451981103276,210000.0
Random_0792,726.3648439401403,989.0083169010868,0.05348115673776505,0.09868247868977856,210000.0
Random_0793,490.5055993018466,712.072931146597,0.07419550642942596,0.14823061772077012,210000.0
Random_0794,700.0293899535048,960.6212471211866,0.06635153266655332,0.12850910107212066,210000.0
Random_0795,714.0091247925241,1016.4058828780944,0.07510051363593113,0.1478154824109822,210000.0
Random_0796,714.600807688987,1004.3212035437424,0.06089258107128345,0.11283659603141816,210000.0
Random_0797,749.3973552595896,1005.5090990448396,0.06897037019451827,0.1399568178369141,210000.0
Random_0798,444.3167443802717,681.7539803014716,0.08553700974935764,0.1723199172663834,210000.0
Random_0799,367.41410923846513,562.1557985074382,0.06486314103610429,0.12749229734816792,210000.0
Random_0800,726.3007809437486,987.5350233012128,0.0791616496977017,0.1662476999703293,210000.0
Random_0801,700.8238882572526,1009.7141454777747,0.10662759653352183,0.22672414619955808,210000.0
Random_0802,420.7435636396445,669.9513148612609,0.09939436120767652,0.20762439087345214,210000.0
Random_0803,719.1710223028493,1021.7231689114925,0.1013699766132159,0.21585227928204787,210000.0
Random_0804,407.11884680656124,664.5706863995192,0.10520839421254266,0.2182308772912793,210000.0
Random_0805,765.8053082064058,1057.0725318672519,0.0782165579448647,0.16032735760063754,210000.0
Random_0806,535.1063582565625,750.800808384626,0.07901654380855612,0.16471757437657064,210000.0
Random_0807,434.1241632784271,667.8127971639321,0.10644452266653295,0.22744567159172302,210000.0
Random_0808,784.2678078430454,1110.8959346658314,0.09315406000890404,0.1947445093629165,210000.0
Random_0809,390.68334650210477,580.8447524728535,0.07385038538528275,0.14731367722797506,210000.0
Random_0810,547.0501082754947,763.6123146306742,0.0872632051423963,0.1831217439622192,210000.0
Random_0811,625.3599692405626,852.4227069851144,0.05584409601690779,0.10594335355427421,210000.0
Random_0812,752.9288517796863,1034.225282698631,0.08937797691665435,0.18906033203311176,210000.0
Random_0813,603.904554649065,848.3556823658377,0.09397806216874648,0.1988867397672681,210000.0
Random_0814,799.103100729249,1098.3831388062833,0.06490073116697637,0.1260979289948435,210000.0
Random_0815,739.0714953021511,1023.732867889303,0.09087124946449392,0.19107739865725945,210000.0
Random_0816,787.0860715200024,1099.2678783089377,0.0819172445241977,0.1683037017990885,210000.0
Random_0817,617.8888142233922,840.6434836651215,0.076280666361092,0.15719182054707267,210000.0
Random_0818,461.49649984922644,718.9706273206797,0.08346737900461317,0.16858647272095886,210000.0
Random_0819,706.4141912359611,971.6257201036645,0.05777599620441767,0.10863769975763835,210000.0
Random_0820,426.22784994340884,615.542027678433,0.06488667187753225,0.12700058086792318,210000.0
Random_0821,701.6575719998651,955.302101608906,0.06309150849311823,0.12497880986380877,210000.0
Random_0822,770.567560073359,1090.669094543095,0.10736338699671615,0.2316744454742923,210000.0
Random_0823,580.6826636653676,809.9391011026623,0.07756465439750491,0.15937929140587373,210000.0
Random_0824,687.6017739364717,980.7882347176441,0.0912295894149543,0.18821706315799977,210000.0
Random_0825,405.8579032264333,629.8246815059449,0.08674724623089665,0.1770294575053161,210000.0
Random_0826,384.04513739093983,585.5142814203565,0.08578131645273204,0.17765179115474844,210000.0
Random_0827,505.20785300555474,769.2127582100935,0.07873338990226099,0.1521623839769376,210000.0
Random_0828,516.3773466686348,760.289641631794,0.09312211693740782,0.19535611758458757,210000.0
Random_0829,739.7403346417879,1011.9133110070311,0.05945006891548767,0.11351039156622199,210000.0
Random_0830,753.129225903086,1069.5564777762831,0.09968432353038283,0.20995590036031175,210000.0
Random_0831,625.2012377292423,893.742619632833,0.08077675939613835,0.16416018968993815,210000.0
Random_0832,785.2429452110895,1064.9647224715848,0.05244539178700766,0.09484848991975123,210000.0
Random_0833,542.4917240105906,812.7614152314974,0.0834524612226642,0.16572169836161993,210000.0
Random_0834,663.4127207947454,946.0163812147143,0.06155754828853033,0.11290873898619519,210000.0
Random_0835,531.6496928656854,793.5057978166964,0.08058116962617767,0.15808195918125886,210000.0
Random_0836,697.8941905166203,958.4021205292319,0.05859350576034866,0.11109622100769864,210000.0
Random_0837,536.98864579971,769.9188478696786,0.06497846276748082,0.12574074577822056,210000.0
Random_0838,727.3245838383237,1010.9426478059294,0.07864795224787173,0.15751246322985568,210000.0
Random_0839,766.2972992648909,1039.4407115674494,0.042210557648194605,0.06881963992561883,210000.0
Random_0840,423.40954868463535,664.6718199907593,0.07139783475341024,0.13863484256655076,210000.0
Random_0841,603.3536263923543,845.3479337341247,0.07283133176195133,0.14635331176061656,210000.0
Random_0842,735.3606039201688,1022.5326779599515,0.080777391292671,0.16268154330738643,210000.0
Random_0843,669.8469144519801,919.4325567114784,0.061027824427020316,0.11569432598669857,210000.0
Random_0844,727.1241040977833,1011.3476318384706,0.08363190769402365,0.1734541148641087,210000.0
Random_0845,755.3700937324342,1041.3016420464985,0.06541363606292856,0.1263992625778332,210000.0
Random_0846,804.4234292474458,1129.0299020111204,0.07452459763741441,0.14543927457544248,210000.0
Random_0847,411.36323369738244,665.9252660473961,0.10384283335218725,0.21824099494412189,210000.0
Random_0848,632.4952439028148,902.5604313397694,0.07544698574465757,0.15034400882845153,210000.0
Random_0849,533.0267564810832,764.7779679322541,0.07252107202302034,0.1455353005914871,210000.0
Random_0850,549.9825566587901,775.5877681578477,0.0843454785327173,0.17260543758470437,210000.0
Random_0851,546.2278377626111,755.4896924899165,0.05474811865686782,0.10071373577019035,210000.0
Random_0852,609.1689684750991,850.3092711004226,0.08750954511086782,0.1816550003462435,210000.0
Random_0853,476.9679786902473,698.1766428284019,0.0901524814133886,0.18846443171021166,210000.0
Random_0854,600.8398967548484,838.4851281944083,0.09454654877119868,0.2021007523602128,210000.0
Random_0855,662.7100198025889,961.2983193158474,0.08538663008269347,0.16982485334079314,210000.0
Random_0856,494.85594098027605,708.2338231889548,0.0794844782566583,0.1644593775394043,210000.0
Random_0857,415.9781404676743,657.758880805059,0.0836510017659403,0.1701886716953544,210000.0
Random_0858,569.6168371589973,821.6407947421183,0.10162413399825547,0.21714390350017224,210000.0
Random_0859,752.0045580316468,1065.1191035720185,0.07898789574344979,0.158083053708522,210000.0
Random_0860,512.8770817681623,748.7493257280074,0.08835853630644842,0.18279494014172393,210000.0
Random_0861,696.6564316318252,978.2573088011297,0.08274467061913139,0.16683175537801967,210000.0
Random_0862,480.27126034893837,711.2990639944953,0.08506230869566833,0.1739106832374713,210000.0
Random_0863,395.493733830614,626.611976700946,0.08876739569069284,0.18254103790995377,210000.0
Random_0864,672.7874312328055,936.0032757741977,0.059732991621361364,0.11182611866146748,210000.0
Random_0865,629.15711288013,897.3220001885081,0.06905163334417835,0.13204546763991873,210000.0
Random_0866,693.4964442527331,944.3421011582703,0.07061092276907176,0.1407165012981625,210000.0
Random_0867,485.97410676340286,741.6937544941635,0.07035899805478701,0.1320959317401847,210000.0
Random_0868,424.143669762929,634.5618166038902,0.06236451053440634,0.11886952246023125,210000.0
Random_0869,532.0338738088162,798.1117011586698,0.0887621720177234,0.17949509557658286,210000.0
Random_0870,478.80279755057927,739.8480370644043,0.10293678230939995,0.21520977759110138,210000.0
Random_0871,593.3372658053736,873.3925486665643,0.0905635285975426,0.18445288367584367,210000.0
Random_0872,812.8481274645458,1090.9521329716958,0.0450316669145391,0.07839686385634001,210000.0
Random_0873,781.4636250296428,1076.982705316145,0.07633139557350013,0.15554101695011877,210000.0
Random_0874,654.7735645998519,956.2746390198067,0.09973142373774241,0.20638552274649524,210000.0
Random_0875,783.2743416673998,1072.457619850709,0.07343994945834413,0.14838206544345564,210000.0
Random_0876,588.3194191010614,833.1456779503034,0.07050105585343219,0.13912323776732427,210000.0
Random_0877,589.9543638015407,860.9102923149105,0.08452334611233443,0.1710862455834619,210000.0
Random_0878,584.1798591294229,820.9458530693211,0.05551143813676045,0.10192559786876676,210000.0
Random_0879,443.74794086526487,642.3076756124868,0.08767235252081096,0.1848329610885365,210000.0
Random_0880,492.5927512187798,740.626576385929,0.07893686068639685,0.15477620591712404,210000.0
Random_0881,697.951567537841,992.7890470305442,0.08446854043096479,0.17232164622946725,210000.0
Random_0882,547.2235406986716,777.4664194402101,0.06726200941395671,0.13044811137547635,210000.0
Random_0883,735.9846961591762,993.2176834910238,0.0731401540319492,0.1486644320368916,210000.0
Random_0884,478.17740894236834,697.5428600922571,0.07737899195442814,0.1588074740826293,210000.0
Random_0885,752.4427269903445,1008.0362302145626,0.0570120553529795,0.11069200345062047,210000.0
Random_0886,763.8906070735565,1039.9123912395487,0.06254302481840569,0.12259662071035175,210000.0
Random_0887,791.3873466950697,1109.1907303848322,0.07838770257068095,0.15831186524415744,210000.0
Random_0888,713.1429193895389,1006.9501958097119,0.08763171557275368,0.18166352541193925,210000.0
Random_0889,706.9252819606113,979.4462372072517,0.06920458288744119,0.13777900912956476,210000.0
Random_0890,756.830336423709,1041.2825887021313,0.07973833241375702,0.16154270191120623,210000.0
Random_0891,441.3559266269874,688.121595685134,0.11211004178219376,0.24074565412700838,210000.0
Random_0892,660.2506569441163,909.1815900228189,0.049147029734151526,0.08583854648577122,210000.0
Random_0893,766.0244468718026,1075.678991178213,0.07371339616040859,0.14517056441006573,210000.0
Random_0894,688.2705038678073,932.608812476556,0.07308198334805559,0.15003935830855558,210000.0
Random_0895,682.0092640514586,955.9895712474399,0.08074162771330534,0.16346621282070023,210000.0
Random_0896,774.2175798036477,1051.1553300308922,0.06681899980629272,0.13234806536132393,210000.0
Random_0897,630.9802949803496,895.6096337855281,0.05745018132498825,0.10309736190436058,210000.0
Random_0898,456.83779070732714,684.4196903243177,0.08774274117104364,0.18196262310359607,210000.0
Random_0899,731.0846833572413,1017.9007436920846,0.09208250782919845,0.19311572999483112,210000.0
Random_0900,484.3323738193634,727.5532284912349,0.08750884749894887,0.17946844699352618,210000.0
Random_0901,448.7899410612962,657.1800039322549,0.0848133367562646,0.17322994268273395,210000.0
Random_0902,578.9193102346469,816.0385972976426,0.07481653197824151,0.14993852392912604,210000.0
Random_0903,598.1879290363215,869.2423152292117,0.07543775539336231,0.14746675218929198,210000.0
Random_0904,701.8052070285628,998.4498069521858,0.08534478202384883,0.17279150478435257,210000.0
Random_0905,749.273436428695,1018.5245774356911,0.06260486490685062,0.12104513889914356,210000.0
Random_0906,543.9563397252626,823.6360144060317,0.10011277298685602,0.20657896669069717,210000.0
Random_0907,441.4957837535588,653.6919154219431,0.07635274696743975,0.15483149678249788,210000.0
Random_0908,633.133892058359,882.5636837622236,0.08910492962122996,0.18652414594140207,210000.0
Random_0909,671.4648010668445,928.8228846347424,0.05646676570093931,0.10402916264229783,210000.0
Random_0910,820.2502331669601,1128.0644463218262,0.06001361512561626,0.11174009746676426,210000.0
Random_0911,493.92942287916895,721.1673658678212,0.08746251513382874,0.17981620493209272,210000.0
Random_0912,528.9165633048461,740.4494975196066,0.06700518878482892,0.13117371921592844,210000.0
Random_0913,643.496658984312,895.6596410213281,0.05557628955267044,0.10113046103022069,210000.0
Random_0914,400.14523530924714,650.077309859967,0.106225926195922,0.22466499644156884,210000.0
Random_0915,696.0372713845068,1001.7652535442376,0.10641332199830708,0.22526652270764408,210000.0
Random_0916,635.607974974089,890.2019361915243,0.07404930240701504,0.14973905952699004,210000.0
Random_0917,674.318543398752,930.227019363513,0.06830734853777314,0.13378076559785887,210000.0
Random_0918,741.6959264286885,1045.726878179451,0.06653205041258542,0.12616025437938214,210000.0
Random_0919,698.4271648045908,941.464701768565,0.05123808855363737,0.09401651934457467,210000.0
Random_0920,527.4292607168175,740.8172518431951,0.08507494988589129,0.17924783620470733,210000.0
Random_0921,771.8624161668855,1084.6293666396812,0.08939984714464615,0.1866225277878516,210000.0
Random_0922,467.39671726644315,725.2656680291102,0.09259443523406047,0.18719922300477917,210000.0
Random_0923,646.9131064969706,870.3498876617347,0.044117004365823845,0.07694380343970744,210000.0
Random_0924,452.1702455019035,653.6683516426897,0.07309388400226934,0.14520568002191037,210000.0
Random_0925,596.0706612509988,814.8774399255808,0.06770309920184267,0.13701170232791174,210000.0
Random_0926,577.091874687149,843.5115610588173,0.10144783273965657,0.2154398228721927,210000.0
Random_0927,430.60250453780543,620.9560766943699,0.06304311352281816,0.12269067237919129,210000.0
Random_0928,640.0488165493414,880.7011902491279,0.08868098041551524,0.18780801819891124,210000.0
Random_0929,737.9329524376667,983.8169348587453,0.0566038868364873,0.1088788073292871,210000.0
Random_0930,759.7080261350884,1030.446166121762,0.05580637988471619,0.10428360419584132,210000.0
Random_0931,678.3682117046679,970.5197005366739,0.07106603040506224,0.13720003246123233,210000.0
Random_0932,487.03590892758797,753.2926878840884,0.09677368718487113,0.2000845538916664,210000.0
Random_0933,420.6089526334235,649.5721155991557,0.08981084133481139,0.18513758502089073,210000.0
Random_0934,827.9749806040919,1144.6601353006743,0.06334711412812652,0.12168441638896399,210000.0
Random_0935,559.4499842210355,758.8417013214662,0.03944807365168179,0.06415382177169116,210000.0
Random_0936,687.9048105084182,925.9217957896217,0.07111841116899727,0.1480958079842378,210000.0
Random_0937,768.7634504323581,1083.9349668217951,0.08516019267108017,0.1757366638263712,210000.0
Random_0938,438.8514342983574,652.445676134791,0.057471944447635065,0.10496010337896747,210000.0
Random_0939,480.03944144568027,728.8768335309171,0.08058265846207117,0.1583060099993457,210000.0
Random_0940,572.1725386326322,788.8544327124671,0.07888356692473726,0.1654821703628362,210000.0
Random_0941,636.3450050081809,914.4111611050138,0.07141795694522482,0.13927230238904242,210000.0
Random_0942,759.0129403201103,1054.311799876975,0.09691653728643847,0.20711970813811212,210000.0
Random_0943,552.3481172516443,808.5306956327536,0.08858430315458983,0.18299055626343408,210000.0
Random_0944,528.33701114617,797.5696488581826,0.09582398307022563,0.19612336243460787,210000.0
Random_0945,465.25554116351964,673.1002452039675,0.06707428753275758,0.1337702812643131,210000.0
Random_0946,583.7535907464811,842.3397147459876,0.096042573579804,0.199759687802585,210000.0
Random_0947,678.4374704763347,964.1500597341748,0.08961649761848828,0.18464941883485997,210000.0
Random_0948,367.5728279628308,610.9663235771942,0.10740862972625113,0.22614444561898464,210000.0
Random_0949,440.712851502768,684.772725248841,0.08121309882925565,0.16199786159259635,210000.0
Random_0950,708.9305869002451,949.4513385592917,0.04289830857731862,0.07351147533306163,210000.0
Random_0951,665.2577127947371,913.0894513493299,0.09146896226940694,0.1952732954286052,210000.0
Random_0952,644.6907057844649,874.2772731631409,0.06961354970879459,0.1416604911993863,210000.0
Random_0953,631.0212131718004,852.4329906246896,0.05747353366780589,0.11154813257919863,210000.0
Random_0954,686.283080627485,984.1568203556039,0.07724689040442115,0.1524049594757324,210000.0
Random_0955,756.2323480334647,1064.2730182939463,0.09052993098584919,0.18985065058990305,210000.0
Random_0956,665.2655953986026,968.4616684382263,0.0963248555911722,0.20021562465869988,210000.0
Random_0957,697.5613116388254,992.8758684067409,0.08886879632718178,0.1831771953790981,210000.0
Random_0958,749.4014609185294,1053.3017213625526,0.10262423513963953,0.21960657480563506,210000.0
Random_0959,639.836489730123,895.412531143995,0.10133469542595996,0.21910814269931506,210000.0
Random_0960,716.797659734833,998.7335544135119,0.07771037660121748,0.15963754511434222,210000.0
Random_0961,710.1945882823709,986.1868736998397,0.09126230962876565,0.1918723322248106,210000.0
Random_0962,736.1504238101121,1038.360716500272,0.05971633667316881,0.10807400543883132,210000.0
Random_0963,634.3290241844466,898.7876249317142,0.06954673165922273,0.13496358119331997,210000.0
Random_0964,516.0347222224416,748.8087381753315,0.07700654507421903,0.1528849716287407,210000.0
Random_0965,555.1799319265093,787.405035897669,0.06124649073241874,0.1158795946947333,210000.0
Random_0966,730.9663081978299,1008.7889049114302,0.05800619375338062,0.10649004095357027,210000.0
Random_0967,767.9804686935025,1091.5423640536144,0.10253514797325486,0.21636216204562106,210000.0
Random_0968,720.9876525146219,987.8809963734875,0.06384362360396001,0.12547505037183188,210000.0
Random_0969,526.7691419022907,774.0523579705279,0.09860978169672217,0.20739259012181455,210000.0
Random_0970,579.413576298854,814.145998578651,0.09176113618884538,0.19297320370715326,210000.0
Random_0971,597.6713634517453,854.3485803298911,0.07421674845669025,0.14786404064200456,210000.0
Random_0972,616.7595438963973,906.375747595229,0.1071481457123783,0.22811320658761572,210000.0
Random_0973,543.4502466979147,778.7968411998137,0.08481447053027273,0.1730100313999164,210000.0
Random_0974,797.1202286789088,1097.8034848426826,0.07218176574024332,0.14679411007559473,210000.0
Random_0975,738.4352311717654,1031.273206688708,0.08918352724943034,0.18502688419009705,210000.0
Random_0976,739.0700585490162,1021.932974357877,0.08416272108838775,0.17295998277481398,210000.0
Random_0977,706.0006321356001,955.1937181910845,0.055763938811005276,0.10473295091989791,210000.0
Random_0978,747.1156497939878,1044.729890843736,0.06975987581988052,0.1340604428164844,210000.0
Random_0979,629.6686671133536,878.4557894467665,0.0921416436080716,0.19642058919211983,210000.0
Random_0980,613.9567302243506,835.2622919411435,0.05671950356253363,0.10611609032754724,210000.0
Random_0981,722.8247711506947,996.8969420954486,0.0866580088695147,0.18111329423826975,210000.0
Random_0982,702.5165464495078,974.2017501525372,0.0681327250455027,0.13529885151819537,210000.0
Random_0983,816.4121343560795,1117.9865038022504,0.05903859409223498,0.11221283513797219,210000.0
Random_0984,701.1638684175109,956.8528854712299,0.06501733275164134,0.12915052395150983,210000.0
Random_0985,471.6820036601135,682.904770810992,0.06221467132450957,0.11711140191687469,210000.0
Random_0986,633.0562338494764,871.9141576210104,0.0660354128929776,0.13154400895463148,210000.0
Random_0987,783.4630685216861,1083.3403747284046,0.062254462903100896,0.11794534523947012,210000.0
Random_0988,488.5279807080159,752.3886212596734,0.09341862792483101,0.18935420202892564,210000.0
Random_0989,700.1939832889545,932.4190279152873,0.04259639654200112,0.07321603333116053,210000.0
Random_0990,631.1070710115895,866.0896984734364,0.07426562955664906,0.14968709240881956,210000.0
Random_0991,613.6544551932267,882.0468137978421,0.0897582345841393,0.18265061174682495,210000.0
Random_0992,523.8133528164155,752.7447391148346,0.06753997944087169,0.13077616853800958,210000.0
Random_0993,609.5138186400998,860.2461095085854,0.10023464720462251,0.2158338586650061,210000.0
Random_0994,756.5911195512203,1077.6284095042674,0.09818151056177962,0.2043886963016981,210000.0
Random_0995,608.2584290800293,842.94855619457,0.06493908916158928,0.12573317746248755,210000.0
Random_0996,740.2817331610419,1035.2654237377144,0.06521788744619841,0.12354324055852539,210000.0
Random_0997,709.8033939954993,994.6735108239101,0.06797437030045561,0.1324058132257941,210000.0
Random_0998,634.5996570007869,868.2020634300982,0.08746746483616484,0.1854521023044478,210000.0
Random_0999,723.5186574777035,1034.5400796602178,0.09601780377504612,0.1980950952230985,210000.0
Random_1000,750.5609988848241,1059.7655011668498,0.07583399515624047,0.14897932758326674,210000.0
Random_1001,419.8826964540015,629.3521022731068,0.06650503391743741,0.128119292811128,210000.0
Random_1002,591.9505896502981,835.1039114314173,0.08015286358892816,0.16283310553545943,210000.0
Random_1003,793.5055942593733,1109.6026174107099,0.08239275606816301,0.16727539356736065,210000.0
Random_1004,674.6089643094907,974.4386565397972,0.08477143973872392,0.17236292497101596,210000.0
Random_1005,735.183444780261,1032.1567311470424,0.06967689026158021,0.13381270472927023,210000.0
Random_1006,814.6802616086038,1134.1602665203845,0.07430878152748088,0.146084165964082,210000.0
Random_1007,768.8531870705798,1087.8168893337618,0.07594500758283977,0.14975281746072025,210000.0
Random_1008,576.3397624612709,805.1002504894591,0.06359045726756471,0.12423705600308149,210000.0
Random_1009,710.5769366211516,973.308316002027,0.08932901131699583,0.1901115403519018,210000.0
Random_1010,788.5770118614547,1065.1044503309786,0.05925531798018707,0.1160164272032283,210000.0
Random_1011,399.7528053353507,649.5131766432701,0.08330096804867348,0.16646389375689272,210000.0
Random_1012,775.3631759200505,1078.061535862531,0.08286181342699715,0.16968624845354308,210000.0
Random_1013,554.1577701434254,824.9999882339265,0.0881581336339221,0.17592084240742595,210000.0
Random_1014,718.2897004337863,1020.5778243947854,0.09288865069940797,0.19354392880163954,210000.0
Random_1015,698.4701319805586,972.2275007909187,0.06843353210731862,0.13267243658336958,210000.0
Random_1016,370.6041956395565,609.6378137546926,0.09958162347761546,0.20882772084221712,210000.0
Random_1017,502.45712685758707,714.0010500369204,0.06076668588399414,0.11537940668435519,210000.0
Random_1018,458.0760845298816,679.0438900153987,0.08671552191911062,0.17803968810164433,210000.0
Random_1019,408.6137066107326,595.9909462829764,0.0734797611750998,0.14940155426723925,210000.0
Random_1020,799.0461134528072,1094.6183231975976,0.05242139362206001,0.09377657404227914,210000.0
Random_1021,743.6927737539933,991.1474640109218,0.04320011912488299,0.0756883647793028,210000.0
Random_1022,475.5886167175165,715.2191065004984,0.06811388213556449,0.12897113245125438,210000.0
Random_1023,754.2154697935036,1029.6908524488017,0.07095561198306843,0.14213851652662315,210000.0
Random_1024,498.93455364351126,727.1281471783951,0.08059319488103986,0.1646327300065639,210000.0
Random_1025,622.7479384249536,846.4265959133371,0.042427569427481965,0.07049297770118526,210000.0
Random_1026,755.1873345724017,1048.2054730445036,0.06722881661014095,0.12924266766835296,210000.0
Random_1027,359.75527398948327,554.1735411142805,0.09170531487416532,0.1928360428641875,210000.0
Random_1028,660.0813538233969,891.5165004333304,0.070248636818912,0.14225822570373725,210000.0
Random_1029,587.6296429931162,871.2929962327587,0.09908630051832674,0.20507248607687947,210000.0
Random_1030,695.7108508682152,975.4818641956243,0.08204349197414734,0.16618841109269075,210000.0
Random_1031,544.3570873741143,813.8303605684982,0.07560187643875442,0.14805353122281842,210000.0
Random_1032,656.5053403429777,878.7550197152534,0.05435787389418129,0.10526490738202506,210000.0
Random_1033,432.9482041525796,669.9802851666286,0.09112031473807648,0.18824138210968167,210000.0
Random_1034,758.4509277573746,1008.9719409296478,0.05334694644285219,0.10102875138123449,210000.0
Random_1035,691.1647473781851,1004.3811136424823,0.10659280564430629,0.2262832240167533,210000.0
Random_1036,773.9081980929165,1089.7178296606303,0.08473745103754582,0.17136503760727714,210000.0
Random_1037,557.2011217991583,770.7510526802563,0.06546035658538271,0.12750219483462757,210000.0
Random_1038,833.6920404337765,1153.431227836141,0.05980503565419157,0.11067898003643897,210000.0
Random_1039,692.3727707413851,981.0177665205251,0.08028501705198131,0.16235754332388774,210000.0
Random_1040,486.4477769144306,724.6564129978501,0.08243199910402077,0.1652032162907477,210000.0
Random_1041,515.5300334845252,773.1173226296604,0.07812062724581993,0.15172495933415264,210000.0
Random_1042,626.6642385193546,848.4572949244953,0.04560280308520194,0.07907201268239081,210000.0
Random_1043,803.3795797087306,1136.8354802465024,0.08538944472596119,0.17529388259942277,210000.0
Random_1044,607.4053399341797,840.2962433816585,0.0803522117451939,0.16693829250014744,210000.0
Random_1045,515.6749050869228,716.9415614372394,0.043184769413205065,0.07206746560646937,210000.0
Random_1046,535.0009952271118,734.9694648435475,0.06024994128588319,0.11803215503757973,210000.0
Random_1047,712.0020246930617,969.3886375294031,0.060324199451063064,0.11745804704359575,210000.0
Random_1048,417.7374795089731,632.5247235408065,0.0735223988188277,0.14837894605052404,210000.0
Random_1049,607.8040519702992,891.3182304106862,0.07792379044615305,0.15266522436622043,210000.0
Random_1050,827.6056936398861,1165.3116486848983,0.0787478120382463,0.15529910663210106,210000.0
Random_1051,654.0109240059661,925.4348921077934,0.09611720361701191,0.20190586396560467,210000.0
Random_1052,720.6960575151069,971.3821717803395,0.05716534804729627,0.11048612609478517,210000.0
Random_1053,685.6398893339727,963.4532664589316,0.06557622618693304,0.12360078577042904,210000.0
Random_1054,667.8129527663439,911.7142290788157,0.06790648446893485,0.13361159770354597,210000.0
Random_1055,693.0440605096512,984.9209193936838,0.0967735161667338,0.20475071830291441,210000.0
Random_1056,810.3122889255163,1111.5260867174104,0.05683337583705122,0.10388395337960363,210000.0
Random_1057,688.0789587891911,957.068336338608,0.0854974307914664,0.179519047665721,210000.0
Random_1058,451.3311768256314,680.393630933126,0.09467136379340464,0.19829417146626313,210000.0
Random_1059,558.5361818030444,785.9912166417816,0.06896902989484065,0.1342728045781511,210000.0
Random_1060,560.8739166040361,809.1805114973635,0.08491645223740481,0.17428367455817254,210000.0
Random_1061,714.0286593981709,967.7334880997881,0.07993370950654999,0.1660993043874699,210000.0
Random_1062,630.3247292624244,852.663050474087,0.0701743697346076,0.1412748307065955,210000.0
Random_1063,354.4741913476138,547.0764563554809,0.07159777464993596,0.14352513018752094,210000.0
Random_1064,575.6321932936171,787.4621528829019,0.06960335554042531,0.14005793983522538,210000.0
Random_1065,707.1079296104183,968.5682624522013,0.09153103929697434,0.19530564451515708,210000.0
Random_1066,776.5619586450538,1071.914503610763,0.07812436875591557,0.1614577174946894,210000.0
Random_1067,514.6072356480546,762.5914958706718,0.06235970650756493,0.11434790011585963,210000.0
Random_1068,495.96040678854393,728.5777746715023,0.06216905930201687,0.1166260680875687,210000.0
Random_1069,706.218196852654,976.9493436184792,0.0713299612606011,0.14431948502508582,210000.0
Random_1070,500.8925851685061,738.3764122878001,0.09251206813019175,0.19399603552560424,210000.0
Random_1071,663.0442764773223,919.3703027722171,0.08919738018442674,0.18685277602650363,210000.0
Random_1072,688.4775287270895,985.9004346062878,0.09486986822945122,0.19821688668089532,210000.0
Random_1073,605.4463676566913,846.3646810115548,0.07819662667235365,0.16095091983657603,210000.0
Random_1074,588.4787441671314,865.3869096302357,0.0786074182257195,0.15610550039988497,210000.0
Random_1075,387.87275281125244,608.884206470557,0.06651514865679385,0.12672756405575822,210000.0
Random_1076,670.697328826755,923.7223820685607,0.07243611210750063,0.1463825408333332,210000.0
Random_1077,639.2000590740598,926.5633479196324,0.08118502429205089,0.16019550258380633,210000.0
Random_1078,546.2550857369736,792.2668583325869,0.09219785429036059,0.19254402943089702,210000.0
Random_1079,513.5769110931479,782.4056365292,0.10496432205323891,0.2219207872317059,210000.0
Random_1080,455.838693202412,692.6605361755367,0.08775456043781979,0.17705190549589514,210000.0
Random_1081,769.8422459815963,1089.0484970459877,0.08816617118657587,0.18162687080756115,210000.0
Random_1082,554.7468940809457,805.8142991696083,0.07907383319682608,0.160793942052137,210000.0
Random_1083,654.5684582563929,918.2452355353552,0.06282528226641379,0.1199508853405333,210000.0
Random_1084,699.0836106118462,995.2824392827932,0.07970587725546374,0.15672682132579396,210000.0
Random_1085,683.5197697438216,932.0168036408531,0.06966755013302314,0.14062399411308577,210000.0
Random_1086,449.09999074934046,652.2869786734334,0.08412045548689896,0.17602812288076,210000.0
Random_1087,610.9731469622608,866.6575168833843,0.06928731246861526,0.1354489166092583,210000.0
Random_1088,615.4784726669292,846.8885037788978,0.09221613465987819,0.19694290950018706,210000.0
Random_1089,772.3437182765053,1064.8475835114334,0.06106519364614939,0.1147144772312518,210000.0
Random_1090,440.22416823903416,629.3123678491685,0.053725269349903085,0.10012089325706722,210000.0
Random_1091,596.767816268293,823.8259282774161,0.07803324638129962,0.16173841005906567,210000.0
Random_1092,543.4950935914028,810.0513647306001,0.1053119934259649,0.22160329095816628,210000.0
Random_1093,678.1716757504882,943.5988183382831,0.06550239476967493,0.12676406377690166,210000.0
Random_1094,724.4948606864195,1026.588445183392,0.08003783830793484,0.15898587822451216,210000.0
Random_1095,724.3716154718328,976.5910328976016,0.06162452201565016,0.11967943243355841,210000.0
Random_1096,690.6445537439083,968.2023762681666,0.06694906348010553,0.13037523625941058,210000.0
Random_1097,815.7902558635711,1141.8671647277183,0.07341536347474562,0.14481661719995603,210000.0
Random_1098,657.6750638224231,908.5570312933598,0.08625451824205661,0.17906814746188365,210000.0
Random_1099,716.421977675983,1001.8018878150535,0.08470525566725524,0.17553245936614362,210000.0
Random_1100,451.5934673157101,717.3016486199732,0.10796837725383818,0.22791803853217,210000.0
Random_1101,685.764444646084,932.0448989211311,0.08528066069296551,0.18160521666895693,210000.0
Random_1102,625.7520476236087,856.2024517645343,0.06344102229370041,0.12213410806572804,210000.0
Random_1103,663.2742984598934,946.8711841436269,0.09304758636508899,0.19257873475541376,210000.0
Random_1104,685.7900464556229,928.7220642388629,0.06559077052917661,0.131133062159039,210000.0
Random_1105,526.655351733302,789.3485545623173,0.06713487464187093,0.125676886667744,210000.0
Random_1106,578.8226404586949,841.5581260517971,0.08797454428813284,0.1791574477834052,210000.0
Random_1107,653.7832947225136,899.5016063364894,0.0809712159410294,0.16665806758917096,210000.0
Random_1108,790.2115647867695,1122.2043012419363,0.10094321962491482,0.21273193838819943,210000.0
Random_1109,567.2931603515158,822.6350370910791,0.08893492471264779,0.18243658139555743,210000.0
Random_1110,701.7205343391299,969.6495795002618,0.06185297532514046,0.1181180887035961,210000.0
Random_1111,819.5112312360178,1130.1929444433495,0.06393743428144363,0.12353009904541133,210000.0
Random_1112,457.26673244124015,692.6491486729437,0.0820098962489075,0.1669563514708696,210000.0
Random_1113,463.15752489425233,709.0221608658918,0.0846748052902686,0.17126782817007807,210000.0
Random_1114,479.2144645135524,738.7986101830586,0.07491390235408263,0.14600080176090963,210000.0
Random_1115,504.7541996384224,771.4855334053611,0.10664295289089884,0.22325575877759118,210000.0
Random_1116,542.430312555586,778.1690186924523,0.09553466934874677,0.20081385980570068,210000.0
Random_1117,446.41087964028253,667.8579966632168,0.09809336327855668,0.20713716738025567,210000.0
Random_1118,655.6528326556066,910.8494632793378,0.09140564801083295,0.19400318524645974,210000.0
Random_1119,712.9259273556269,996.5071364846378,0.07807595757003008,0.1573688076778731,210000.0
Random_1120,548.3489684139247,774.1112974244948,0.08510528752571994,0.1782515087332499,210000.0
Random_1121,626.58573061179,883.1174985005501,0.08459581738563458,0.17157727844313236,210000.0
Random_1122,387.22076498639143,639.8014415597069,0.0925001325017923,0.188434572655114,210000.0
Random_1123,722.5276419576506,1000.7314038009159,0.07816531087570586,0.15736735869056215,210000.0
Random_1124,563.1821787828572,768.8725812273443,0.05678282827808191,0.10775335749881486,210000.0
Random_1125,702.2077834970116,956.5024051068576,0.06931367245104081,0.13902994780837258,210000.0
Random_1126,624.3595764659412,906.9396911693553,0.10930083139827011,0.2335628729148923,210000.0
Random_1127,738.3673217997396,996.4692345233818,0.0791962582480929,0.16773937467124245,210000.0
Random_1128,723.3446421468861,1023.7840193010785,0.08772824741026958,0.17864918066293342,210000.0
Random_1129,410.2750568180364,600.6974963456875,0.08644743040488521,0.18101374123564895,210000.0
Random_1130,665.6222623358717,936.923374000542,0.10241225864850058,0.22099117405842134,210000.0
Random_1131,693.3721257442251,958.6333323254319,0.08282148392295088,0.17271686375022263,210000.0
Random_1132,684.8785854818601,930.9396587217113,0.06417596966191111,0.12580963582722554,210000.0
Random_1133,563.324991491254,805.6451399893837,0.0663111962675193,0.12641582896181844,210000.0
Random_1134,789.4331791141302,1087.9646402981025,0.06712826847567338,0.13018472647134646,210000.0
Random_1135,522.3374350077447,763.067083607764,0.09554084111039646,0.2013514824116187,210000.0
Random_1136,695.9753898893501,934.8852936083931,0.06645879360758755,0.13396759776413303,210000.0
Random_1137,729.887998595112,1030.421282759275,0.07701657986979993,0.15473477379088535,210000.0
Random_1138,606.8073179508101,874.9347339402187,0.06986426575054952,0.1363163531374551,210000.0
Random_1139,759.2941767312838,1029.5969951548009,0.0764654083105014,0.1602182245648315,210000.0
Random_1140,697.2048267313108,953.7099649524766,0.08171684942716245,0.1717087844770373,210000.0
Random_1141,489.699518797381,694.597938391649,0.0794256751123236,0.1610402417259687,210000.0
Random_1142,750.2737743225392,1048.7369669350958,0.0834047564801054,0.17236442572165517,210000.0
Random_1143,532.0678335945593,796.6518352621141,0.07789871167988409,0.1542495387040803,210000.0
Random_1144,538.7641898880928,754.221163476576,0.08489815462809026,0.17694970703918156,210000.0
Random_1145,525.3143010802174,734.4735843004694,0.05826274706917864,0.10940246748286571,210000.0
Random_1146,536.9489468320879,766.1356189260694,0.07427638551320094,0.1501805042861312,210000.0
Random_1147,576.5978932066711,788.2970143236831,0.058367923669786034,0.11043338882666515,210000.0
Random_1148,653.2984855105805,931.0147717822948,0.08152255038916,0.16686881963713127,210000.0
Random_1149,604.1405385048822,828.7871168749707,0.0718544661524526,0.14388340238279676,210000.0
Random_1150,497.115514643258,765.5517806387733,0.10980005699669196,0.23140319026631018,210000.0
Random_1151,653.8564552796796,874.2582543876196,0.04806300656300186,0.08819249284809536,210000.0
Random_1152,652.8212543712293,926.1359504485465,0.08859579436702461,0.1820275344305709,210000.0
Random_1153,729.7324656155702,1021.8539573097058,0.06685038000775047,0.1281128694742073,210000.0
Random_1154,608.273943287591,839.084884353257,0.079575251727208,0.16706354911087384,210000.0
Random_1155,765.0156872961272,1060.6553413587171,0.07947799931251356,0.16105396768891,210000.0
Random_1156,600.1511121300014,851.3546834528397,0.07815305730783642,0.15602935973883417,210000.0
Random_1157,565.6501893935824,788.1304608231316,0.08023698418097552,0.16375672378278994,210000.0
Random_1158,750.6970570372403,1026.6029036824236,0.07168166239682673,0.14351561198430385,210000.0
Random_1159,616.1374006315416,867.2918708254437,0.0787595058061208,0.1596765950568245,210000.0
Random_1160,591.5517351435764,816.3703959460015,0.06614399165118695,0.1291634120958039,210000.0
Random_1161,740.8086625504726,1007.8036893414832,0.06952966559636425,0.1416218633584288,210000.0
Random_1162,629.0918057854032,905.0800235871662,0.0883054413777914,0.17950488726489805,210000.0
Random_1163,735.7228591287701,1017.458926147116,0.08384131240713398,0.17192001895403827,210000.0
Random_1164,520.326814784103,765.1623825931337,0.06559599740191387,0.12331069968549174,210000.0
Random_1165,674.0395302093069,924.4086697762891,0.0936006603913806,0.20097986791388933,210000.0
Random_1166,716.1798169603607,1027.0588656982454,0.09795173120865627,0.20194562252491902,210000.0
Random_1167,638.7989992077854,911.7445866456748,0.08883726100262136,0.18442013471874397,210000.0
Random_1168,619.19889243271,841.3712899634793,0.05754002517825225,0.11150096043403597,210000.0
Random_1169,752.6179105793058,1032.2192349473157,0.08250633287367677,0.17075625554045867,210000.0
Random_1170,720.9949283779663,986.9676942542026,0.04805362944899534,0.08324556879932385,210000.0
Random_1171,632.2483941167258,924.2819441022874,0.08668465820499971,0.17209304308970988,210000.0
Random_1172,676.3196705942566,980.5976787567355,0.11201850713873698,0.24003878854892563,210000.0
Random_1173,769.7010448686327,1048.275937301672,0.06232219232292417,0.12027360199162249,210000.0
Random_1174,557.3840574218073,806.2408484365053,0.10428888436596545,0.223751364899362,210000.0
Random_1175,756.530684646728,1038.475675600799,0.05606343836767909,0.10381547277801662,210000.0
Random_1176,684.778881916181,935.502587614206,0.056327040282564564,0.10482055854388439,210000.0
Random_1177,527.9486687200945,743.0791999840814,0.07206476763140696,0.14599502585474244,210000.0
Random_1178,642.5157230080907,937.5090175776061,0.10122358456977269,0.2118386443057796,210000.0
Random_1179,512.2803195433149,710.1643090335574,0.06560475883892719,0.13065675496858983,210000.0
Random_1180,623.7890164519258,876.1512277369098,0.08935967098386068,0.1881895471024585,210000.0
Random_1181,599.8618466470341,822.0128033841672,0.06541725444407745,0.13065983441916135,210000.0
Random_1182,658.773718596371,927.9374812916993,0.07369211915495759,0.14854936806342514,210000.0
Random_1183,754.3678983233642,1065.4587880469905,0.07613164888752863,0.15013120346250775,210000.0
Random_1184,714.9540937609565,988.6268408529074,0.06772030474086187,0.13286586478667212,210000.0
Random_1185,556.0472519832466,797.167548754406,0.07878630022668935,0.157318217919729,210000.0
Random_1186,589.5831432625341,844.5528891751208,0.07570491777827015,0.14985677073305917,210000.0
Random_1187,721.2008307696082,965.0441922276617,0.05293019998013277,0.10067268849839711,210000.0
Random_1188,566.6515418711333,820.8246923257811,0.06315290094358084,0.11649119519604112,210000.0
Random_1189,711.0795049243809,986.9401869155002,0.0874476711863052,0.18403876729836094,210000.0
Random_1190,588.655293222813,875.4185959368556,0.10610578324310424,0.22284297003111397,210000.0
Random_1191,382.72521405202684,612.9011822427283,0.09843993901134003,0.2042622610197748,210000.0
Random_1192,708.9176891259618,1007.4611066779579,0.08421584682556417,0.1726507397074764,210000.0
Random_1193,843.9251905145871,1179.286475820779,0.06629318576326058,0.12483113344841265,210000.0
Random_1194,415.88363039758866,625.823929273015,0.06882248057462506,0.13630354923779253,210000.0
Random_1195,755.2221453327755,1043.5760033484275,0.07948903857030447,0.16336979690025005,210000.0
Random_1196,584.3187498581408,858.5617385397122,0.06760111710908169,0.12728119687064507,210000.0
Random_1197,638.5482743696742,918.0017524504833,0.07801834768145147,0.1535507628444437,210000.0
Random_1198,722.7825547236822,970.4616310806783,0.05285757323771283,0.09975752172482621,210000.0
Random_1199,785.2442534625903,1106.4057525761045,0.0799160431531797,0.1581191998239202,210000.0
Random_1200,590.7595942246224,814.5644841879619,0.07556468813232096,0.15366082945404558,210000.0
Random_1201,738.5954193285842,1002.6421914487626,0.05700915211537017,0.1098275604930828,210000.0
Random_1202,729.0673743196037,1027.939964568925,0.09313707445101299,0.19545280725556638,210000.0
Random_1203,735.33746502715,1026.5451241685903,0.08419916851140612,0.1738939067703223,210000.0
Random_1204,682.2947325234682,960.919332437853,0.07302625212225011,0.14298966042362365,210000.0
Random_1205,736.3712977875903,1016.1333260595773,0.08795899140164463,0.1831596086164207,210000.0
Random_1206,488.637856010835,757.624816107197,0.08170495872006864,0.15909094321560635,210000.0
Random_1207,609.9685609350671,820.8393687504821,0.04739972161362423,0.085441639910185,210000.0
Random_1208,599.5763695951757,865.6519892093921,0.07458346256610367,0.14919898628242606,210000.0
Random_1209,578.7344510083946,862.1048697277012,0.09728150387672517,0.2021582445569594,210000.0
Random_1210,708.9190666192893,998.8916999426482,0.0877234361771453,0.17817941980195187,210000.0
Random_1211,521.8484481527136,794.9958454802802,0.11281206691357158,0.2411695700952458,210000.0
Random_1212,677.3077627082408,966.3583443674789,0.09144216815409152,0.18618899179072718,210000.0
Random_1213,789.9926068684882,1087.4447000657904,0.05943896960503785,0.11251585885678274,210000.0
Random_1214,789.705842189808,1080.3656995599727,0.05629325849558488,0.10436485838013854,210000.0
Random_1215,453.4440729005609,682.4916632479658,0.07817807283581829,0.15738897064349588,210000.0
Random_1216,615.3709215175656,839.6038627680381,0.07634416435794376,0.1596923917341931,210000.0
Random_1217,528.7981830361471,734.0121747158541,0.0758003835115137,0.15791115101476724,210000.0
Random_1218,767.0225683954562,1057.207546390574,0.08380489397638796,0.17645495189130841,210000.0
Random_1219,775.1031571535717,1044.7583759214654,0.06020630000142772,0.11881218284752877,210000.0
Random_1220,639.0301751605621,883.1168970366366,0.07345750877406329,0.1471215845590345,210000.0
Random_1221,628.5399311621887,852.9495200457623,0.05817521163330011,0.11361313324526605,210000.0
Random_1222,680.4663285640079,965.5897854854621,0.08669579999159834,0.17740106602260183,210000.0
Random_1223,762.3898008634518,1054.8887854555383,0.07349032164155826,0.14629187727035234,210000.0
Random_1224,598.5169393264695,866.491241844995,0.09528877527637586,0.19723560901343679,210000.0
Random_1225,740.1083647857266,1051.7585976861155,0.091671828736289,0.190314308891076,210000.0
Random_1226,611.7372724093739,836.7267329742392,0.08052076475744856,0.16757044401234775,210000.0
Random_1227,511.4480199709002,747.4761240311403,0.08693817053121564,0.18024698690042346,210000.0
Random_1228,683.3144603109146,975.529114082711,0.08383768619669639,0.16680814538007768,210000.0
Random_1229,669.0580004889426,963.0569736492293,0.08453171600520755,0.16765682790437203,210000.0
Random_1230,618.7653518249542,846.7701811040774,0.0769777055441638,0.15857740829882566,210000.0
Random_1231,734.1584979931545,1021.8592262542202,0.07781180182842329,0.15734076150459156,210000.0
Random_1232,649.6065368206463,925.2653481607629,0.06160603320513117,0.11310959395060988,210000.0
Random_1233,613.8553801308183,872.8300781867715,0.08068301803068842,0.1638200262884527,210000.0
Random_1234,613.7581438637259,861.3158887181428,0.06761326840942856,0.13456452435162217,210000.0
Random_1235,668.2034564089762,965.2486623615054,0.09489450026879623,0.19613681548409206,210000.0
Random_1236,806.4878164438655,1140.0519011462623,0.0815747659501258,0.16197785941010168,210000.0
Random_1237,523.3253683646586,764.1252743629814,0.07294953525792724,0.14234637375946907,210000.0
Random_1238,484.1404591608166,740.2438171075643,0.08201324954192153,0.16295117355668187,210000.0
Random_1239,526.1377447040471,730.3754508259328,0.07565793775156356,0.15323120253928402,210000.0
Random_1240,789.4328053805519,1080.8464664690814,0.0721245415139025,0.14501790722755206,210000.0
Random_1241,619.3311778523423,838.5854946905112,0.06904651414402659,0.13824165952202147,210000.0
Random_1242,470.51393882801284,720.9724231571707,0.09128756879429357,0.18571127327427164,210000.0
Random_1243,382.1161666238102,577.1363576736138,0.07696420464300627,0.15346234866269637,210000.0
Random_1244,788.1170990888195,1089.4909903343018,0.06674997764851467,0.1280775400778918,210000.0
Random_1245,709.2275551633733,971.1627297222319,0.05989127911087889,0.11268012596912796,210000.0
Random_1246,724.7842044032013,1000.6021572627355,0.07980462421036096,0.16442198415732545,210000.0
Random_1247,595.0301655499832,826.3123197418874,0.06937813059550715,0.1357362256985058,210000.0
Random_1248,488.28340984903156,709.7311419662323,0.07409500284627787,0.1498096478565824,210000.0
Random_1249,497.9104358499315,743.9833388888353,0.1025600321319527,0.21851955628046332,210000.0
Random_1250,661.3980538861065,918.3870700447083,0.083547783191694,0.17346869636743992,210000.0
Random_1251,805.7294499185446,1124.3550616262478,0.07169023007675748,0.1386593550165912,210000.0
Random_1252,826.0931336027846,1150.6631503233293,0.06658991419832151,0.127447605623095,210000.0
Random_1253,748.8437355008873,1018.0822091157338,0.07980590355115798,0.16815922454190807,210000.0
Random_1254,765.0512082412388,1074.6628922082396,0.08421824334218977,0.17013024451123854,210000.0
Random_1255,617.3633104428525,862.4838514470508,0.08585224816932904,0.17972828896349693,210000.0
Random_1256,720.8098299102211,968.2763059699816,0.059525150207424986,0.11581654089475618,210000.0
Random_1257,666.3686441032069,913.2424311445255,0.08000587932863895,0.16342407190764202,210000.0
Random_1258,536.9306347428753,811.4899216092653,0.09805455635503636,0.20109619670871165,210000.0
Random_1259,768.6208793935964,1051.7632720752972,0.06053089426850227,0.11436228199634282,210000.0
Random_1260,790.8635247752575,1110.161638936183,0.07767094601683035,0.15311013946799107,210000.0
Random_1261,554.5020697405735,767.8762259907223,0.06513224386009349,0.1266294624686749,210000.0
Random_1262,641.5077498691263,872.2438194662602,0.07742926162479201,0.16257634547720146,210000.0
Random_1263,711.827544465685,996.1146165705776,0.08325145667265707,0.1701803566585598,210000.0
Random_1264,538.4557484725715,815.6010565214839,0.08895225100714155,0.17911836844853868,210000.0
Random_1265,586.6247474733381,831.6677660782218,0.06483956924239254,0.1253377749027338,210000.0
Random_1266,616.9909567337138,859.5735336379108,0.07783995747157746,0.15708520514213326,210000.0
Random_1267,796.0966755094199,1097.558991565022,0.06122594377130295,0.11578369864814445,210000.0
Random_1268,703.1954988577862,954.2807519481813,0.07293744131713781,0.1484877531508033,210000.0
Random_1269,746.4332838646981,1056.2981390587518,0.07876756208704791,0.155105193528231,210000.0
Random_1270,586.7467188447066,811.0381869473973,0.05810288536570213,0.1106620656566541,210000.0
Random_1271,527.2876048697393,742.8579853290931,0.08245066429634501,0.17211464098200555,210000.0
Random_1272,370.3906561152121,613.6039142436963,0.10325620752547328,0.2172277539208795,210000.0
Random_1273,358.20027361882353,579.6941574851351,0.09492359264289062,0.1979076301587759,210000.0
Random_1274,619.4324583049763,880.8662971654345,0.08556908749443583,0.17596104217389125,210000.0
Random_1275,662.8997382779013,940.6958168476226,0.07761938780532235,0.15531455047763343,210000.0
Random_1276,477.62308108521154,716.2400293728197,0.05952222308683234,0.10856721683627119,210000.0
Random_1277,659.4311736319884,922.517938432891,0.07792773691303469,0.1560742811343926,210000.0
Random_1278,683.1154412750498,982.5469646735875,0.08572245976872042,0.17379249952504894,210000.0
Random_1279,732.9316895862587,1033.2311325822702,0.09111063297154716,0.19018062405609337,210000.0
Random_1280,762.528565629348,1064.5635701215465,0.062190907402011664,0.11470329742544448,210000.0
Random_1281,620.4625496847243,893.030948312453,0.08548551684260244,0.17624201068655,210000.0
Random_1282,674.7505193136033,921.3463376359423,0.08925152466695843,0.1905434596340577,210000.0
Random_1283,721.0677162716554,996.921714405241,0.0719969777301793,0.14343900047763686,210000.0
Random_1284,644.8801696956848,905.8399059448224,0.07621227106363604,0.1534989130120755,210000.0
Random_1285,665.1352104790343,924.0332697432812,0.06664875254363158,0.12992351693343349,210000.0
Random_1286,416.9354375255155,650.4650606870277,0.07885888710312562,0.15762910317234685,210000.0
Random_1287,480.88768765922373,701.6669517051835,0.07123192490981126,0.13951520760654582,210000.0
Random_1288,688.5134269721019,936.6343938771224,0.08631919567703843,0.1837903699369773,210000.0
Random_1289,493.10027380496217,711.4919378942463,0.07111805915071714,0.1395158743645161,210000.0
Random_1290,455.29541761874754,656.5866550139798,0.07172073105158867,0.1464139901432917,210000.0
Random_1291,612.9904115943052,833.8865287214187,0.05764572004227607,0.11028889560403327,210000.0
Random_1292,583.0401031838369,816.4306800621071,0.07202099929806946,0.144437886733992,210000.0
Random_1293,699.2855837721738,995.4927055598158,0.08367378380047318,0.17128327796040757,210000.0
Random_1294,546.3002260428733,790.454311572454,0.10153075430805926,0.2176886043387618,210000.0
Random_1295,779.3068813079792,1111.914810191439,0.10926908219823804,0.2342428190209542,210000.0
Random_1296,740.9184970654112,1029.8242379332369,0.08142638468883999,0.16449387754625305,210000.0
Random_1297,620.8307045305439,849.0683239077639,0.08854416829916896,0.19012732716900888,210000.0
Random_1298,575.4544192831537,820.8962015784657,0.0627952655559218,0.1194617382086233,210000.0
Random_1299,614.176151010814,899.999372101955,0.10891717335308472,0.23104753382320725,210000.0
Random_1300,767.5043219623532,1045.7577611447084,0.061948104943192944,0.11921762835530018,210000.0
Random_1301,640.9876050209388,919.3237406399054,0.07608566655169191,0.1517200441866816,210000.0
Random_1302,350.6199107737642,541.5363114477036,0.07304774480717914,0.1467473667758146,210000.0
Random_1303,663.1651968565221,932.5917090041148,0.08480539440600045,0.17622103340287873,210000.0
Random_1304,554.5208801064001,788.8678022258714,0.08900404017775977,0.18794320566473022,210000.0
Random_1305,686.5641953304126,958.2535697211276,0.06092590999003297,0.1139769600833391,210000.0
Random_1306,629.2749818043139,877.0379804938939,0.06824402377186778,0.13376436297978272,210000.0
Random_1307,554.9394242701529,834.5137271224879,0.09489356332262495,0.19347581426033478,210000.0
Random_1308,797.2351330785672,1114.8242000317414,0.08433215924412936,0.17490530189414763,210000.0
Random_1309,809.7915294347445,1104.884502501046,0.056317294041854045,0.10516098538907745,210000.0
Random_1310,790.4308237902283,1093.3554810837127,0.07282277259479512,0.14447934160343556,210000.0
Random_1311,371.4125119207423,558.5019828977563,0.08182765225888015,0.16857729801978558,210000.0
Random_1312,586.4137785025249,841.7564938547799,0.08054642555299263,0.16147304975122548,210000.0
Random_1313,848.3834107448909,1172.4673569897084,0.05147198259206495,0.0893412738235842,210000.0
Random_1314,671.6780535686652,903.9300305561678,0.052428632095529205,0.0965851213365807,210000.0
Random_1315,676.8950694247588,949.955537295018,0.0907687292288548,0.18872412611314326,210000.0
Random_1316,615.0413475115058,898.931935953015,0.08302116481152233,0.16705077271559146,210000.0
Random_1317,707.9822287697976,1007.1599558086987,0.10807499054638181,0.23288524188846446,210000.0
Random_1318,550.8870570007226,761.6860500151057,0.0480148766978008,0.0851394863538319,210000.0
Random_1319,760.2590932118665,1028.960631821553,0.0594229775521261,0.11372534293949801,210000.0
Random_1320,733.3557252784243,1013.6296811461673,0.0834184674839253,0.17065374784889462,210000.0
Random_1321,692.2892309474558,981.6654523978863,0.07289651286084985,0.14463238871495737,210000.0
Random_1322,587.4521089964305,858.0280722606499,0.07347322855788448,0.14076736938017126,210000.0
Random_1323,681.2176040217417,981.3537546313959,0.10185024667393047,0.2153117510516244,210000.0
Random_1324,732.4335367554686,998.0382347578828,0.08000230355608957,0.1662723134382026,210000.0
Random_1325,431.98323298894456,674.5438127407681,0.10155136655051246,0.21209412581229165,210000.0
Random_1326,739.880475280634,986.3909468204195,0.05153626094202432,0.09626813689245362,210000.0
Random_1327,411.2472809650472,677.6665387542942,0.09922571064583018,0.20296689909701515,210000.0
Random_1328,829.8105545492767,1169.210252765525,0.07953646613345468,0.15782239694650416,210000.0
Random_1329,765.4979214502862,1049.2160132548158,0.08077079272291039,0.16544261647933536,210000.0
Random_1330,411.13777240608437,664.2137094861249,0.07808773304800079,0.1538453387842341,210000.0
Random_1331,736.2137980958288,1039.7451162377827,0.08230043368748673,0.16564299642933467,210000.0
Random_1332,509.1292341950148,725.7524292540918,0.09302320670023999,0.19606096191990804,210000.0
Random_1333,512.0476032199743,771.7473537427985,0.07988638494141165,0.1565950081267412,210000.0
Random_1334,541.8872969821832,748.5029810765108,0.058508049079549415,0.11053081984542135,210000.0
Random_1335,636.4436876223438,904.3388073231104,0.0774435934986051,0.1541343868529831,210000.0
Random_1336,739.3408794713437,983.2934624928304,0.04692398763924756,0.08443957171902264,210000.0
Random_1337,760.064984696484,1081.6964528804208,0.09067873225582572,0.1861351454065417,210000.0
Random_1338,689.5964162300642,944.1759320316387,0.083385728693429,0.1746289838552155,210000.0
Random_1339,671.2823219338308,955.2089611950073,0.08957233185871655,0.18457810317354373,210000.0
Random_1340,553.2411161858938,788.1901716069765,0.08941186165030891,0.18484264940978284,210000.0
Random_1341,711.132561530058,993.6653748166484,0.07680542525676795,0.15357831416077586,210000.0
Random_1342,498.3546594809519,734.8513727059615,0.10808762978024467,0.23350842740737143,210000.0
Random_1343,388.4926696617806,608.0301090582992,0.07142490915862326,0.1415839998963451,210000.0
Random_1344,712.1749300225567,951.0536595560642,0.04808147568470426,0.0863829582751103,210000.0
Random_1345,690.9019737868177,929.5277316129626,0.05545228392801978,0.10712587337033942,210000.0
Random_1346,542.584409685465,754.0280136983683,0.07462836930900567,0.15311229339391216,210000.0
Random_1347,716.9459694273733,961.9253600673775,0.06730055222525176,0.13473703382242103,210000.0
Random_1348,643.3521464239597,916.353696296883,0.06417893132300555,0.120836520027768,210000.0
Random_1349,723.2800048041819,1017.0306393345529,0.09249582190433953,0.19532737793187122,210000.0
Random_1350,464.6123370698595,709.1950782907495,0.09546978936463492,0.19878480928028044,210000.0
Random_1351,790.6017164685916,1094.8605951021786,0.07253796465946873,0.1466475676978479,210000.0
Random_1352,541.005036722785,762.4643899888845,0.06015996434045667,0.11314191985984576,210000.0
Random_1353,678.6565085215957,961.8672151447273,0.0778288178821817,0.15571745532505343,210000.0
Random_1354,810.2495845785159,1147.0064558621373,0.08676053204008644,0.1784251459067283,210000.0
Random_1355,691.7264311396292,973.8462201066532,0.07651381592191793,0.15310216181615138,210000.0
Random_1356,673.2661405602764,953.5241102552272,0.07243281418802747,0.14394245088977642,210000.0
Random_1357,660.9702395924706,943.225845986969,0.10648828537599032,0.2293938008031789,210000.0
Random_1358,567.3352124285861,832.2801574436004,0.07017521405706263,0.13306770925476946,210000.0
Random_1359,680.5998120428355,918.1132694026054,0.03961286270384222,0.06353061111535903,210000.0
Random_1360,594.0176125269365,819.6933856793258,0.04464208271569667,0.07493566928316168,210000.0
Random_1361,618.4971962098499,889.4861772628111,0.05708204385459454,0.1010973961572916,210000.0
Random_1362,447.16782238485354,674.8751735398156,0.07891868353493596,0.16075172348879918,210000.0
Random_1363,732.9209699664732,1017.5086053683744,0.0734732350267821,0.14655626512745173,210000.0
Random_1364,643.662850101312,905.4935848931801,0.09006345753733089,0.18636743268689196,210000.0
Random_1365,523.4317019113693,756.0968353621181,0.06851363132234065,0.13466437391659794,210000.0
Random_1366,701.2965073573063,977.6248819889441,0.07090514804742601,0.14236094048258743,210000.0
Random_1367,659.0693538397495,934.1314055706486,0.09660140893310203,0.20382681030954186,210000.0
Random_1368,669.4870050415102,921.0508668291864,0.06324644674592977,0.1209572032359977,210000.0
Random_1369,680.3066811236054,933.9130847661802,0.08113065768268786,0.16892400160074467,210000.0
Random_1370,584.040432741554,853.2071262579273,0.08472041746252729,0.1722048476996213,210000.0
Random_1371,750.4229553796005,1038.6341852092871,0.08172016281233205,0.1700116683965555,210000.0
Random_1372,607.82718326864,889.6769941466654,0.07602262454781195,0.14590001954811554,210000.0
Random_1373,742.2367865715299,1042.2655784165797,0.07814204612611489,0.15900317290244442,210000.0
Random_1374,628.1592715318818,895.9862263769033,0.06278841601351656,0.1152728869546583,210000.0
Random_1375,747.5870946053587,1063.897876059852,0.09354401352203437,0.1937712728597471,210000.0
Random_1376,715.76057431901,1011.1476344406278,0.07673087379530337,0.15164489779619877,210000.0
Random_1377,706.4727775732612,963.6838609319731,0.06487046756606395,0.12773763639047822,210000.0
Random_1378,645.5436032702913,865.8118619745261,0.056125279556627196,0.10694409145359748,210000.0
Random_1379,763.4029153881974,1078.0583757929953,0.07703237299278619,0.1518364473354171,210000.0
Random_1380,503.3555150184253,771.9723516404024,0.08435141170919752,0.1691076976809085,210000.0
Random_1381,396.8273111679655,634.7619037246711,0.11566728578903138,0.24944199422181695,210000.0
Random_1382,509.255096297391,743.0819238838187,0.07430452104708274,0.1472356443958314,210000.0
Random_1383,796.516391120326,1122.9393714415921,0.08180781559138264,0.16519795850249086,210000.0
Random_1384,724.595567143704,960.628821922248,0.04388152843527446,0.07849284604924602,210000.0
Random_1385,423.4684514587754,680.4303642084483,0.09881330328497531,0.20184306256610487,210000.0
Random_1386,788.2909448300197,1114.6603975238038,0.09212364850128138,0.1911958914982099,210000.0
Random_1387,723.3954769322918,1029.4894152494055,0.0844233522750617,0.17272001703122478,210000.0
Random_1388,631.7253511568006,868.0566690930598,0.0739692237053214,0.15182200792859324,210000.0
Random_1389,627.1091611538868,893.5779525848545,0.08596417149243522,0.1742754606978251,210000.0
Random_1390,581.3606879903995,856.6319947850079,0.09620906546634443,0.19771851747692423,210000.0
Random_1391,726.445945449448,971.9240331501118,0.056698912447550126,0.10829104772554174,210000.0
Random_1392,606.131603872831,838.771395375512,0.08930537586953803,0.19038000312975376,210000.0
Random_1393,372.31222865346194,582.519199259903,0.08602628221080534,0.17532520965993476,210000.0
Random_1394,673.3230299644551,919.0372794435663,0.07203433625721782,0.14809810435095522,210000.0
Random_1395,429.17554820271386,664.5868561807973,0.09032620057224992,0.1833426672207279,210000.0
Random_1396,582.3095023616089,823.2187654051096,0.08056950993330156,0.16241783598142212,210000.0
Random_1397,665.0411076010535,943.2370038012983,0.09196857403437589,0.19148020158679058,210000.0
Random_1398,578.6093083205014,843.2351638912064,0.09125961120593398,0.18555982246724645,210000.0
Random_1399,525.6571993229838,748.2320374297921,0.07279121943081493,0.1475010567776045,210000.0
Random_1400,395.7599321666617,599.2087680545137,0.08011391408799934,0.16529652323995933,210000.0
Random_1401,817.2978183660521,1134.6370976682126,0.06633295249894125,0.12939919438424471,210000.0
Random_1402,625.9317411354098,879.8202541011477,0.07850662793529252,0.15693984162320512,210000.0
Random_1403,802.0750794808826,1109.9523264571892,0.06379932465035194,0.12192418925077,210000.0
Random_1404,723.1879127796942,1044.1162711987074,0.10829222175603344,0.2302528921828259,210000.0
Random_1405,691.2862106531959,933.5900508281165,0.07863954841211201,0.1630993224219737,210000.0
Random_1406,560.3292434991788,825.7959221856105,0.08822444876532344,0.17937008384326017,210000.0
Random_1407,758.0403075917026,1037.1718149444687,0.06858451313204447,0.1363185302473998,210000.0
Random_1408,650.7883546957374,887.3208805805884,0.06093173517929073,0.12081302523173873,210000.0
Random_1409,739.60685943205,1018.8861334206143,0.09118787890677968,0.19369632445092327,210000.0
Random_1410,787.4998622479143,1092.746126770665,0.07564891596848472,0.1539169001576799,210000.0
Random_1411,720.6972382626042,959.4150397897401,0.04752459703343001,0.08563420760102228,210000.0
Random_1412,560.0610233929924,827.5122682225802,0.10039515237538754,0.20844625769408082,210000.0
Random_1413,719.773207411827,969.3561332007896,0.07090859184901803,0.14687574496470146,210000.0
Random_1414,700.1095452924809,959.392968604205,0.07275620570639724,0.14702861536959172,210000.0
Random_1415,533.0964641808057,802.3636778809823,0.11617801962433481,0.2502256232091564,210000.0
Random_1416,558.2759389828868,791.3515572818942,0.07147773783518531,0.14156929280808533,210000.0
Random_1417,586.5303813266643,862.8639643485733,0.09405119528224955,0.1936972687109463,210000.0
Random_1418,500.5975974378901,711.5355149904191,0.0676351033947875,0.13464803974475267,210000.0
Random_1419,503.9178227269645,752.5043843877768,0.09377873306649541,0.19340759000478527,210000.0
Random_1420,733.0404998651969,1014.178774142442,0.06458689430550225,0.1223149031245477,210000.0
Random_1421,483.46548978781965,689.8711878637456,0.07035157057841873,0.1430104121498283,210000.0
Random_1422,389.9479669243396,615.7415334645518,0.09709095933653658,0.20434620967244244,210000.0
Random_1423,674.7612765783371,957.8071115399327,0.08324707431306864,0.16745470646111596,210000.0
Random_1424,670.647725020957,957.5898572787772,0.09455985102607312,0.19671393931510378,210000.0
Random_1425,511.0998354020554,719.1615699521645,0.09204971123207806,0.19678450113021592,210000.0
Random_1426,538.2805680038833,770.5431377936166,0.06558546061350368,0.12458536148371654,210000.0
Random_1427,433.5062883046885,640.8070123716354,0.078868098309908,0.16004356295843883,210000.0
Random_1428,783.0868864203208,1114.7308711279727,0.09765783368817071,0.20218494210678112,210000.0
Random_1429,633.3726376102012,851.1975467449212,0.04960862138133419,0.09187644258055944,210000.0
Random_1430,743.0480297403424,1035.6032251003458,0.1033291441519936,0.2241149791477296,210000.0
Random_1431,722.5169800314136,1024.6270483885141,0.10006841810611693,0.2130254210308516,210000.0
Random_1432,407.5227081356176,602.7485016381755,0.09968994590371386,0.2147295829209111,210000.0
Random_1433,673.3045039543827,971.279817580202,0.10060783784868979,0.2095421497470401,210000.0
Random_1434,652.8273436806168,920.1654441074069,0.09487727344584843,0.1999234869470941,210000.0
Random_1435,435.03998912457575,645.2679275109226,0.06421641561000337,0.12513755742675098,210000.0
Random_1436,659.3892672235195,916.7751381782871,0.07780056281980413,0.1598405002029416,210000.0
Random_1437,590.2383660308614,823.3997771524918,0.0879855528824708,0.18683119944057866,210000.0
Random_1438,399.3409650599475,615.5024929640307,0.10750491835488486,0.23147301733192413,210000.0
Random_1439,813.485289722649,1135.5682940144789,0.07751056459258705,0.15778644498440042,210000.0
Random_1440,770.5685556815953,1088.6633206200495,0.09819176723898303,0.20727052431743329,210000.0
Random_1441,654.7661142367339,912.4032199533414,0.08759911394973477,0.18209789113412905,210000.0
Random_1442,516.0985763230311,733.4709163724,0.04983095136213061,0.08662760478369738,210000.0
Random_1443,395.96517175187694,629.0601374663439,0.10240717873338093,0.21720092061432403,210000.0
Random_1444,652.940001299219,923.0993658316278,0.09349997570482485,0.1945013778689784,210000.0
Random_1445,644.8075608963226,945.2027153147379,0.10044176400762143,0.20817995534231817,210000.0
Random_1446,720.1239927666396,991.4130638347577,0.08322034691389069,0.17193544123497878,210000.0
Random_1447,793.9573932376888,1097.3461059438523,0.06465634411091076,0.12482273409009077,210000.0
Random_1448,665.4750606699166,922.2201027110935,0.06650344536288443,0.13226079743701255,210000.0
Random_1449,495.29766954023404,721.5380549955221,0.07242321977779828,0.14082378878144608,210000.0
Random_1450,664.0882464656869,939.0077244308812,0.07662634622241205,0.15533885002279035,210000.0
Random_1451,641.1049550389496,917.0890709971259,0.09456916331957047,0.19647100451368207,210000.0
Random_1452,795.6026099023684,1095.2528041964415,0.06861701365408163,0.13563043663872082,210000.0
Random_1453,457.7213452917743,666.2043839360822,0.08495819421228466,0.1739122802573371,210000.0
Random_1454,505.29489662535735,719.0154853374204,0.10002908048457783,0.2165686824440576,210000.0
Random_1455,628.9208950392472,852.1630354311817,0.06988938791717879,0.14160171393375373,210000.0
Random_1456,559.4604827706256,807.5662395050852,0.07164177027577825,0.14100456684076262,210000.0
Random_1457,642.676472313028,880.8441776630505,0.06267072526416866,0.12201871218663524,210000.0
Random_1458,549.0168939382353,813.0306943551116,0.09977484999301017,0.2083663844994612,210000.0
Random_1459,636.063864638159,903.8977102779081,0.0972525833279434,0.20550425455630317,210000.0
Random_1460,745.5782641780268,1018.1218492323785,0.07928426861265003,0.16492685456804537,210000.0
Random_1461,544.8926993143241,761.9263917174078,0.08351965119263145,0.17635699307421837,210000.0
Random_1462,699.5823004445267,951.7894450634351,0.056652523475193756,0.1083705647570592,210000.0
Random_1463,582.8464544576093,853.6017811118284,0.08699277249703583,0.1740318076184353,210000.0
Random_1464,392.87866592846524,601.4309619123756,0.07988062554644575,0.1644707021061418,210000.0
Random_1465,662.9677273048891,956.9385319699754,0.08378551300497339,0.16836495816261657,210000.0
Random_1466,683.8174537921615,941.5190847738278,0.0770030951931235,0.15748562753570342,210000.0
Random_1467,491.4786950031697,699.5771476371037,0.0649745537189639,0.1295425979838722,210000.0
Random_1468,546.6108255952647,805.6834089400708,0.08036226961855622,0.1577639155759719,210000.0
Random_1469,374.79541894978234,594.549042045834,0.09972651774200375,0.20908469257552842,210000.0
Random_1470,487.080014006984,728.0414326644044,0.07794193105149183,0.15561460543413824,210000.0
Random_1471,637.7673246527432,917.8106566546479,0.08736662992083524,0.17565363018859992,210000.0
Random_1472,730.8341300828763,1029.5962980391246,0.062216749064434425,0.1156624954474256,210000.0
Random_1473,608.690002800254,832.5951596680396,0.0741584226933079,0.1494825401829607,210000.0
Random_1474,450.5370312298786,676.2359738396653,0.07145050871794728,0.1400591295928909,210000.0
Random_1475,380.95895832788887,620.4531139653258,0.1027048026390447,0.21458187943959312,210000.0
Random_1476,535.4215333220366,763.3691645181931,0.067881746562834,0.13557727870541378,210000.0
Random_1477,500.6665937953602,697.3970197701425,0.05094254044454351,0.09353576807446301,210000.0
Random_1478,621.7251001158301,857.3552255451535,0.08986564729675234,0.1905269828277361,210000.0
Random_1479,775.2328632902575,1104.78541346331,0.10555531036631109,0.2246773882143253,210000.0
Random_1480,592.9986870288866,849.4040537969005,0.07011508571502309,0.13687457594762817,210000.0
Random_1481,533.6308509513427,770.7828180535552,0.0908695029675089,0.19130890108585313,210000.0
Random_1482,385.95286461153705,593.5522343797468,0.060527362613901264,0.11414839560471034,210000.0
Random_1483,468.6299368421444,662.6594820667189,0.0710676431586795,0.14599886912031884,210000.0
Random_1484,730.7742092583917,1034.9856372558102,0.06724420387135337,0.12853302270198325,210000.0
Random_1485,509.0427493973072,719.919964574418,0.07139824666513109,0.14430375669369316,210000.0
Random_1486,453.33615120144395,701.6754233225347,0.09736000374106252,0.20085736007711535,210000.0
Random_1487,701.9068849035893,958.1280406538606,0.06254362173685227,0.12363548353924382,210000.0
Random_1488,673.352506433852,912.301878573451,0.08057710393661971,0.16736365427436975,210000.0
Random_1489,626.3446410571923,860.3863471951126,0.07472519409146652,0.15297482887490804,210000.0
Random_1490,368.4237538670467,610.8988416210202,0.09446731201115996,0.1914863922672988,210000.0
Random_1491,611.3661336300015,882.2828689092436,0.10823448286712765,0.2331909918036798,210000.0
Random_1492,587.3339321636258,851.9036138055109,0.10080142420881079,0.21305118237717008,210000.0
Random_1493,581.6127421750114,847.8882255482544,0.09650414548741176,0.20200053632731535,210000.0
Random_1494,602.3912729122878,869.4640086784763,0.08618905930386406,0.17766012081095275,210000.0
Random_1495,789.7278167948137,1066.738655137929,0.05257772134652,0.09766228634813989,210000.0
Random_1496,612.8908996660995,851.5038570478105,0.06271992882335638,0.11893969975545163,210000.0
Random_1497,807.1644804783181,1128.5265876484984,0.07688157543124757,0.152872159748773,210000.0
Random_1498,514.8637170510658,724.6053351508783,0.08805394714852507,0.18744299960256172,210000.0
Random_1499,724.9182382591317,981.0816515506151,0.08522367828619269,0.18158763984047394,210000.0
Random_1500,700.7421915225959,974.6949020074036,0.05711397271509688,0.10398535861192176,210000.0
Random_1501,842.1849095452909,1181.059588495529,0.07057592442051859,0.13696462831625889,210000.0
Random_1502,572.3716545926792,811.9163077232881,0.06572929155708321,0.12747382423735226,210000.0
Random_1503,497.27171952957696,720.848543184685,0.08368041038699377,0.17381961081491323,210000.0
Random_1504,748.2480683446862,1047.5390758939059,0.08624612195949659,0.17786042490063342,210000.0
Random_1505,346.9641085240744,547.4881446427131,0.09067189538365991,0.18783598228577333,210000.0
Random_1506,718.9548362611437,979.0614027887403,0.07331719148833182,0.1519254373813893,210000.0
Random_1507,743.5515968548519,1060.3996567562237,0.09626433539183961,0.20153381195666586,210000.0
Random_1508,797.0511744408709,1104.123475792442,0.0623024543069446,0.11745589618439461,210000.0
Random_1509,391.579436265177,634.7873115030307,0.08549346790884427,0.17111913989170766,210000.0
Random_1510,720.950709892115,959.9449552879228,0.04610507384546424,0.08305333648226285,210000.0
Random_1511,814.8170774500932,1135.4815825971457,0.05962249680932206,0.10804302987179534,210000.0
Random_1512,596.4763835705954,877.3977853967444,0.08783002251270841,0.17702612225257292,210000.0
Random_1513,734.480214707042,1023.0054960672012,0.08597496035794738,0.17601512190951324,210000.0
Random_1514,633.7754038994843,906.4098486128347,0.08813866854288242,0.1792081160526105,210000.0
Random_1515,432.0546769324981,679.6471173976389,0.07547320610255004,0.14752191458503894,210000.0
Random_1516,710.7270272253494,949.547343571495,0.060150317673117654,0.12117519177104286,210000.0
Random_1517,629.5696551751236,861.1154013122368,0.06529303030480052,0.13192998747465104,210000.0
Random_1518,543.8501848768292,790.773708776975,0.10200056882249972,0.21784322985044527,210000.0
Random_1519,501.6300101903185,713.6925387994855,0.05510796155771488,0.10164733394422845,210000.0
Random_1520,513.9230053953563,757.8468136398029,0.08325493343481981,0.17000055120729285,210000.0
Random_1521,740.2320667906793,1017.4190036377194,0.07481625925098367,0.15230891867478863,210000.0
Random_1522,751.6874164244895,1014.8169511490585,0.06520730302900744,0.13111003061731666,210000.0
Random_1523,593.1233723758505,866.3239812631414,0.09408515321067697,0.1963233898127297,210000.0
Random_1524,634.9546031617884,920.9833511384359,0.08684897849634575,0.17811152802370137,210000.0
Random_1525,572.0346493109613,807.4509125231116,0.09585565301006513,0.20550182676749076,210000.0
Random_1526,497.7917484041669,721.257325692963,0.07731333452820344,0.15805023719157227,210000.0
Random_1527,786.788849609136,1080.737417369589,0.06763247340574831,0.13440770908409697,210000.0
Random_1528,733.9765440579934,1051.5391763404489,0.10383655990596334,0.21909278373823762,210000.0
Random_1529,739.893521958335,1050.4447100113364,0.08122522599600551,0.16187453227184823,210000.0
Random_1530,643.6125174737376,906.443357359324,0.06709245152452797,0.12765668842004582,210000.0
Random_1531,682.6194471846279,923.4620676923087,0.05966904160244002,0.11393153874019665,210000.0
Random_1532,724.7031633950934,979.8094920939649,0.05380992003294864,0.10041917711551038,210000.0
Random_1533,578.9622378999043,799.3916832808962,0.07952519353456383,0.16215472760204902,210000.0
Random_1534,655.0425696086023,903.3240596853275,0.08653682235336298,0.1826619982452721,210000.0
Random_1535,734.6012424473241,995.0554159128175,0.05192620345662627,0.09415151654214696,210000.0
Random_1536,656.4143160048541,879.6883232692396,0.0524522270825285,0.09920933091179952,210000.0
Random_1537,477.29385191322615,694.7118284516242,0.08303758572110839,0.1695121444470458,210000.0
Random_1538,705.7441814224418,1011.4806685938582,0.09372882545019304,0.19472953141073987,210000.0
Random_1539,510.7093502846875,742.6703012941251,0.08087910225271744,0.1649307723315686,210000.0
Random_1540,704.4985425051001,957.6046406811107,0.06988871068227359,0.14037342883732185,210000.0
Random_1541,416.89994003865485,682.2269185017013,0.09522234689509136,0.19532589286915583,210000.0
Random_1542,446.5124650647523,657.2899078983498,0.06655719694341489,0.1271505265238367,210000.0
Random_1543,764.9950020033739,1015.1215111550222,0.04868563241533559,0.09073187879703429,210000.0
Random_1544,741.2396363556749,1007.6395101317432,0.08406809459246764,0.1788194513093714,210000.0
Random_1545,666.8225555866729,895.1351409465796,0.05640039872227242,0.11131350164173551,210000.0
Random_1546,538.2460013427923,758.3342489516133,0.06749324563538035,0.1335064027024729,210000.0
Random_1547,544.5009849338711,772.1518171044287,0.0973512486276501,0.20852610361189985,210000.0
Random_1548,547.0896110971896,793.405726815324,0.06887002055122772,0.13180542069024279,210000.0
Random_1549,440.68095088092235,654.6512453691851,0.08870851609945274,0.18416276216464375,210000.0
Random_1550,482.5835863264945,702.4050249247779,0.10291721059134855,0.22241603132265791,210000.0
Random_1551,745.7338727617225,1037.8093613166127,0.06848451562665116,0.13435679145072513,210000.0
Random_1552,763.2684078489812,1055.7536429231645,0.07469200476071657,0.15116835144900514,210000.0
Random_1553,574.2821275776902,846.794831775937,0.07422966122278407,0.1437826087741365,210000.0
Random_1554,610.6060637776868,877.462309100839,0.07789748180080215,0.15692710598527174,210000.0
Random_1555,677.5600233476722,933.7115335909526,0.06336863023484654,0.12259418690997793,210000.0
Random_1556,542.9646861515969,749.5491229863728,0.06748792360074057,0.13597940536475106,210000.0
Random_1557,636.3601045891482,879.9400697931534,0.07521551656092013,0.15386741286948055,210000.0
Random_1558,595.7581074265156,809.7761365849996,0.06290315360819529,0.12324671994595707,210000.0
Random_1559,806.437647418735,1120.4723756732633,0.07291655493139088,0.14474178319256772,210000.0
Random_1560,360.03767491240933,569.5749586701215,0.09666488434565805,0.2037292831295821,210000.0
Random_1561,660.2504444182478,899.9333259472903,0.08211247319979274,0.1724296002472631,210000.0
Random_1562,795.2342823840196,1087.270493392683,0.05892769072183934,0.11049409169699057,210000.0
Random_1563,695.073340942457,956.8401228657651,0.09210720204585998,0.1976145387057477,210000.0
Random_1564,810.2547659920333,1120.6002053482703,0.06341190805689872,0.1228743881405344,210000.0
Random_1565,665.0412414522079,936.660540346874,0.0920757053675373,0.1927458415384581,210000.0
Random_1566,552.3772343531448,767.2023713700235,0.05542538084442815,0.10391564672392087,210000.0
Random_1567,415.1183133181526,683.4483826443261,0.11484843082251203,0.24274807559991995,210000.0
Random_1568,745.9833624577284,1014.8901341383686,0.07208667654907444,0.14415759602380915,210000.0
Random_1569,534.0618093877547,744.6236988467947,0.07714873435597022,0.15767549085244328,210000.0
Random_1570,653.6326025559912,928.0868377478374,0.10244809785848552,0.21897185054904078,210000.0
Random_1571,667.7076008181266,903.1419189294419,0.06397727215219207,0.12772447968937084,210000.0
Random_1572,722.7288083138064,968.9788041431948,0.05595696186398074,0.10967316658708054,210000.0
Random_1573,585.4498196014874,797.6991830715299,0.04851101407478027,0.0859102677664445,210000.0
Random_1574,738.4605318646503,1041.028534857842,0.0785238988976844,0.15779265389892552,210000.0
Random_1575,758.964263222303,1053.2395297806172,0.07562932458204544,0.15084304865977594,210000.0
Random_1576,692.0712571983734,980.573802190551,0.07835853499856293,0.15835367376085188,210000.0
Random_1577,666.931128131368,933.6971813485626,0.07689474062274786,0.15341823372917462,210000.0
Random_1578,799.4268419681355,1114.8554135668858,0.07889950795228373,0.1587177732933931,210000.0
Random_1579,546.5715806776764,788.4246485836205,0.08080267670932463,0.16538705389956498,210000.0
Random_1580,672.1723582994136,968.9153353005628,0.09360778047984537,0.19318023969116815,210000.0
Random_1581,706.7311916726107,994.3664420932945,0.06497343119571275,0.12346565432569506,210000.0
Random_1582,628.3431004010633,906.9962393597806,0.07310793771277373,0.14226169710335834,210000.0
Random_1583,732.9298288460295,1025.9779578826196,0.08968192742001828,0.18780304509318815,210000.0
Random_1584,589.4140475504458,852.8998502670629,0.07538705699820152,0.1465478541581094,210000.0
Random_1585,579.1475453551236,831.2450424812193,0.07745497925372004,0.15621135450276766,210000.0
Random_1586,528.4411943726178,771.7865868306653,0.0840413998656338,0.17133309363528768,210000.0
Random_1587,444.13490327685105,687.9742900814707,0.09465027554604175,0.19548835585676547,210000.0
Random_1588,753.6795284006507,1066.3140483170573,0.08810644380787831,0.18248249098814057,210000.0
Random_1589,683.5884650865681,965.1691575577303,0.0812433994865961,0.16647330027250237,210000.0
Random_1590,647.8180974390191,944.7997958304857,0.09142074882934649,0.1846309005089996,210000.0
Random_1591,555.7319606676508,760.4986303810888,0.04798426383185406,0.08599477676907993,210000.0
Random_1592,737.7394690003601,1016.1406157922402,0.0779979404799097,0.15700399788132874,210000.0
Random_1593,667.3790783994153,930.1840633599081,0.0914438688912311,0.19265738709238514,210000.0
Random_1594,781.3566966075297,1066.2936723025437,0.0702131616801529,0.14274652234306595,210000.0
Random_1595,654.9140070210996,884.0152541947516,0.06001122763727588,0.1170572737642459,210000.0
Random_1596,531.0646340194836,733.0126437386559,0.06833396480882159,0.13562453875105274,210000.0
Random_1597,689.9342345082754,986.330895901564,0.10219335877707646,0.2171323277212613,210000.0
Random_1598,722.9571613537746,1022.0676951637823,0.08845832840168937,0.1829337611408551,210000.0
Random_1599,747.7074160770509,1026.1493016217341,0.049366601697343845,0.08610013143153877,210000.0
Random_1600,707.1489824405453,1006.358416738938,0.10015384384388644,0.21102634628934236,210000.0
Random_1601,714.0204372694755,988.1876394358557,0.10024121077127764,0.21767241567480924,210000.0
Random_1602,637.0144197993749,890.0165388714629,0.08895350519628514,0.1851164927496628,210000.0
Random_1603,705.8229245876964,945.1524426516672,0.040440887614055086,0.06670479296295789,210000.0
Random_1604,559.323967516918,823.4947279801682,0.07572665681329982,0.14725815687870542,210000.0
Random_1605,691.3155740798704,998.2096479040409,0.09837639417576949,0.20284804051595998,210000.0
Random_1606,713.9236509902852,968.0317602372209,0.08110311254644431,0.17213202336787517,210000.0
Random_1607,391.5520157213536,625.8504318633936,0.10836605525391052,0.23012246224951535,210000.0
Random_1608,548.6591672282171,789.4891520730097,0.059057239358050476,0.10921836955915715,210000.0
Random_1609,657.2257659308968,914.99362842583,0.08512531584704855,0.1780677163172441,210000.0
Random_1610,722.6431268511417,1011.9475000599274,0.08650126003258958,0.17835011796279424,210000.0
Random_1611,671.2275468030166,972.470919430709,0.09835870583670889,0.20242294653128035,210000.0
Random_1612,771.1615125905255,1096.8362795473633,0.10221562318347528,0.21577121851527392,210000.0
Random_1613,706.0133194471277,948.2352434943676,0.05791555276872822,0.11370949561840409,210000.0
Random_1614,614.6155234583465,860.7163948755368,0.08782254163411464,0.185020583054509,210000.0
Random_1615,516.9298348110755,772.1476869152264,0.10216683676125989,0.21691297786998248,210000.0
Random_1616,663.604112531367,896.1764284775857,0.0749490209470391,0.1527640303010117,210000.0
Random_1617,717.5548287391381,1009.177619326381,0.08127611460412194,0.16350262133402732,210000.0
Random_1618,800.5317391367971,1111.7765584323042,0.07412424282004429,0.14717888821353328,210000.0
Random_1619,629.5673157096575,901.1944595953523,0.08241969325757129,0.16471660103057895,210000.0
Random_1620,662.065476630893,890.1309350075745,0.056353110468678705,0.1088814015249177,210000.0
Random_1621,465.20406746649303,679.741196078394,0.09543779277961607,0.20314556348873875,210000.0
Random_1622,542.5763797121792,745.6803078767923,0.0590199687968048,0.113519323147833,210000.0
Random_1623,669.7057424858358,961.9610859741008,0.09662651719007331,0.20314686310353974,210000.0
Random_1624,535.5966578625903,764.5474912396766,0.059257049418552296,0.11138087209053613,210000.0
Random_1625,671.6206350069721,933.9758058958462,0.07836066820977272,0.15934502228316205,210000.0
Random_1626,700.1078801922406,967.7743795295484,0.08275838605030128,0.1723210564452044,210000.0
Random_1627,726.0684355508834,1028.3750682980415,0.09337285992460359,0.19581659255668876,210000.0
Random_1628,580.7292903141465,812.220300739302,0.08152760061521908,0.1667679134377396,210000.0
Random_1629,632.6100246253396,885.6674533343985,0.07193316224948564,0.1438605005305143,210000.0
Random_1630,487.0160191798705,758.8957994125609,0.08997981307646506,0.18027487780257612,210000.0
Random_1631,374.3458113642915,562.7051641660498,0.08733241802284873,0.18504832956586287,210000.0
Random_1632,586.9640489697676,810.3941686032401,0.0796312980579761,0.1632540475500402,210000.0
Random_1633,603.8850932612426,877.5208663497392,0.09261696320113426,0.19262946859347463,210000.0
Random_1634,517.9805191962878,790.6364382180313,0.09649995926565101,0.19927314372952118,210000.0
Random_1635,571.5996388128715,788.1334371797972,0.04766487614333802,0.08407732483425803,210000.0
Random_1636,556.90256189382,794.5847120493822,0.08629300610088556,0.17715975364619138,210000.0
Random_1637,621.3270524805204,883.3254968530159,0.07573463875695707,0.15046733606689705,210000.0
Random_1638,736.6267354561145,1006.2101822850116,0.07569016867670413,0.15743593692337005,210000.0
Random_1639,693.9861336578749,964.9865389865988,0.06302723498401658,0.11935595739710436,210000.0
Random_1640,710.5001665045348,1005.4165667313289,0.07669796760768112,0.1513590344507724,210000.0
Random_1641,725.365203435564,1003.3121932572077,0.0772086071915857,0.1589156912755447,210000.0
Random_1642,498.34730009571314,719.073610677487,0.09695749660628074,0.20589639941186655,210000.0
Random_1643,698.0545751185387,965.544651265612,0.06577391844657896,0.13036757565085963,210000.0
Random_1644,683.2662471072465,960.4789589250934,0.0614652265420277,0.11308077144044903,210000.0
Random_1645,606.1736764047815,889.2920367961433,0.1014200924820431,0.21057654657196834,210000.0
Random_1646,764.3093345548615,1023.7095456371849,0.06446826745212324,0.1309804657789495,210000.0
Random_1647,468.82314729987706,701.8980437777019,0.09050661677247937,0.18559609027655238,210000.0
Random_1648,403.90211966399863,654.8295586645179,0.07983601493875736,0.15716655360642243,210000.0
Random_1649,771.6648698835628,1073.9826703065712,0.080590486923686,0.16487007054896807,210000.0
Random_1650,451.69385279883676,647.3325300650542,0.0581238351699463,0.1111986260111142,210000.0
Random_1651,793.5979640502244,1099.966184821707,0.0731572720952676,0.14510910462443435,210000.0
Random_1652,618.2185573461211,844.8257096741297,0.07629838006561858,0.15917673184591183,210000.0
Random_1653,677.2351834180744,936.9902801000239,0.05166381336908318,0.09100624977266175,210000.0
Random_1654,735.4171964172,1000.8462748395056,0.05260225207099452,0.09673717151707675,210000.0
Random_1655,540.2955908340826,804.4788187687674,0.08263428520177013,0.16439884162500407,210000.0
Random_1656,570.9468052102582,789.1997938623116,0.09182683062123885,0.19761980116819702,210000.0
Random_1657,546.6127386600793,800.6625569561983,0.09518693845601302,0.19816296634215533,210000.0
Random_1658,491.7817940316941,692.958035575721,0.05969443949493644,0.11581725698519932,210000.0
Random_1659,517.9920089354183,730.3401396526949,0.07633270288072035,0.1537539460740513,210000.0
Random_1660,449.8298839641926,659.4524472991096,0.06513112397563299,0.12581478341279412,210000.0
Random_1661,682.1362007953096,982.352716899047,0.1084417153349609,0.232293472615145,210000.0
Random_1662,781.3792072642528,1092.219952541218,0.06951758342808396,0.13598474282919562,210000.0
Random_1663,734.8724825936066,1019.0017166195595,0.06649389499814062,0.12759242347255154,210000.0
Random_1664,726.6724305418245,969.2230818088645,0.05893075467473202,0.11465136570200307,210000.0
Random_1665,636.8241751472864,877.932731078499,0.07984120905412448,0.16295464988731875,210000.0
Random_1666,775.7663019098682,1092.3483769562395,0.09097331342807183,0.1903764710842118,210000.0
Random_1667,352.70989822845405,543.1562187726222,0.09377697627064568,0.1996559051406091,210000.0
Random_1668,618.6846615443607,858.7336629419743,0.07335653433993103,0.14551537657455763,210000.0
Random_1669,581.8306502371505,817.2343086271472,0.07499798718078175,0.15096881383697142,210000.0
Random_1670,647.5591959428725,945.0703034268234,0.09168998595913436,0.18744011253462606,210000.0
Random_1671,575.0690522631852,796.2881922884204,0.061280523091486246,0.11970469240399365,210000.0
Random_1672,451.2351574567333,673.3446212639192,0.07813062819983249,0.15675404830130524,210000.0
Random_1673,780.2165498931848,1112.8545419885957,0.0993665693724326,0.20694636685886317,210000.0
Random_1674,767.3764221760898,1061.7165286899578,0.07716117738252443,0.1562243539104809,210000.0
Random_1675,681.3865154424751,959.9122329906338,0.0648397486239358,0.12314293577677798,210000.0
Random_1676,685.7207433592822,933.5436251538389,0.07873471670071587,0.16513644288555002,210000.0
Random_1677,536.7704367532518,803.9102560448506,0.0860085802717783,0.17512651667161033,210000.0
Random_1678,576.0978693797676,810.7155256125037,0.07832711409676399,0.16160864963224156,210000.0
Random_1679,556.8077600212032,794.5967918074947,0.06434117665576607,0.12191884630988198,210000.0
Random_1680,512.3856521660899,717.2160895970353,0.054909011029961804,0.10320769542172453,210000.0
Random_1681,618.6644138069506,866.5203761565232,0.060833346292348135,0.11582964557037972,210000.0
Random_1682,744.882048032062,990.5505437541428,0.03789506846283836,0.061679531730314596,210000.0
Random_1683,503.56407370442275,709.9661922392514,0.08406866990229554,0.17497774907088634,210000.0
Random_1684,801.195911881098,1127.7593174594103,0.08578239301535626,0.173432555771152,210000.0
Random_1685,655.8565913103339,911.3284639303134,0.08756744818612627,0.18156405849023644,210000.0
Random_1686,701.6442722061587,964.2563889854787,0.06428060590728532,0.1249441193906461,210000.0
Random_1687,715.6951426219512,980.2967467661907,0.09054563199819643,0.19455948519324479,210000.0
Random_1688,768.654017917567,1074.1171702884067,0.08506063310282953,0.1749605368432799,210000.0
Random_1689,805.972317774357,1090.1504115737457,0.05098113309361059,0.09386425952634722,210000.0
Random_1690,527.8247495799953,731.1037240783775,0.05912755867412586,0.1150799485356286,210000.0
Random_1691,757.9454123877624,1047.8760498663382,0.08087923596445662,0.16823731383009138,210000.0
Random_1692,608.6852700828676,819.8567190717313,0.0531086791760956,0.09854779170752963,210000.0
Random_1693,548.8461458357513,754.5084746338961,0.06742572028214366,0.1333099206735546,210000.0
Random_1694,479.1917321463773,716.4943521673854,0.0821418399630566,0.16441013801088097,210000.0
Random_1695,431.5721409381007,630.5765451004241,0.08348703801425525,0.17317259403983043,210000.0
Random_1696,688.6505824056699,989.8288577290006,0.08196791807128836,0.16348111559122463,210000.0
Random_1697,601.2700741584258,832.5323682582566,0.05866758008465123,0.11284220519376655,210000.0
Random_1698,443.7085860818322,698.9784723444212,0.11056697405333768,0.2346416843208287,210000.0
Random_1699,517.5723331269941,738.9906483413682,0.08201764895731481,0.16720462864695956,210000.0
Random_1700,498.1835666492058,726.0741410580333,0.07601116087447593,0.15128472243408886,210000.0
Random_1701,513.9878316467177,761.2918944127317,0.09409458549860854,0.19658774455718542,210000.0
Random_1702,436.7015653707175,705.8948370413033,0.10436756991994109,0.21667065143287,210000.0
Random_1703,428.4912671343773,674.5324842393318,0.08329139851330851,0.16482191122892273,210000.0
Random_1704,646.4891735272256,868.1446440183479,0.0497166069633522,0.09196691628308704,210000.0
Random_1705,532.7887751650884,784.4931589960441,0.08948204115825786,0.18194262822911744,210000.0
Random_1706,734.235051070848,1003.289947831562,0.06098225821089111,0.11696635401678578,210000.0
Random_1707,558.6205412920921,784.3745425391202,0.06264785405486878,0.11944516439294861,210000.0
Random_1708,751.5880830446696,1024.5964804299565,0.05034164011885378,0.08968947720013906,210000.0
Random_1709,403.0422261940642,636.012677363179,0.06932180702930915,0.13343797782457226,210000.0
Random_1710,551.3033428642235,770.0409014105759,0.09557024237180166,0.2054760405071874,210000.0
Random_1711,784.096575151386,1073.8797858172218,0.06516477624579473,0.1259885976461922,210000.0
Random_1712,499.4115350588423,746.7607669672768,0.07606446773150022,0.1496201580638196,210000.0
Random_1713,677.2359471143083,932.2051277095494,0.06497417723370136,0.12546462773152198,210000.0
Random_1714,675.4441769125737,943.8397387294385,0.05962710180382179,0.11008926208889701,210000.0
Random_1715,450.3008646796786,647.3780043703422,0.09364725321079885,0.20003647502164373,210000.0
Random_1716,364.45408116801156,596.7909696486429,0.10089594513994202,0.20973784669559786,210000.0
Random_1717,807.234367483487,1138.2733021112217,0.07916023764966384,0.15617024691596304,210000.0
Random_1718,705.5305686442146,1007.9851661048676,0.09289249421792937,0.19074472231132952,210000.0
Random_1719,428.0076116509004,692.0908911928071,0.1034818658427319,0.21245150443936978,210000.0
Random_1720,576.0961276850718,821.5332907125189,0.07616228908797006,0.1531420600207725,210000.0
Random_1721,734.7692587716006,999.1438757574563,0.04734731985173342,0.08218685333018699,210000.0
Random_1722,667.4534818657514,900.353308611182,0.055878850260178074,0.10575752223772134,210000.0
Random_1723,648.9204331743227,930.0545669876321,0.11052427087110067,0.23887326018967298,210000.0
Random_1724,613.0006747101503,856.8519456820864,0.09554783321839455,0.2038830681754421,210000.0
Random_1725,570.310251617218,806.7914084320014,0.07359170764923409,0.14954904643032033,210000.0
Random_1726,414.3857357268681,616.0670153521311,0.08420558613529248,0.17222252877995176,210000.0
Random_1727,515.8742585925463,740.0453767919851,0.07124150366388321,0.13970808373174148,210000.0
Random_1728,663.1386746353828,926.3328395374647,0.08762410467182132,0.18437572439349156,210000.0
Random_1729,651.4209613319026,930.6073095365358,0.08244786464723736,0.16777707576187656,210000.0
Random_1730,531.722955822715,807.4531306452737,0.08498200105860122,0.1703862287327804,210000.0
Random_1731,688.8405551364323,977.5829899902864,0.08850377425101752,0.1842181698845172,210000.0
Random_1732,669.4441193076821,915.5628693865131,0.09374325136183854,0.20182157570413714,210000.0
Random_1733,397.39350991104754,602.9715079369504,0.1021756765490796,0.21997855876497074,210000.0
Random_1734,556.9482241618697,768.0985085296084,0.0652425890132383,0.12778118975311775,210000.0
Random_1735,721.5834943131907,991.2348851381317,0.05570876753396911,0.10377027898831392,210000.0
Random_1736,763.3107789196462,1055.8313429263085,0.08689920093449847,0.1829891395007039,210000.0
Random_1737,575.3651667950935,792.6767182210873,0.0606658289392161,0.11788971320642462,210000.0
Random_1738,553.9777956938208,800.2079661456187,0.060082459351613285,0.11096063104848292,210000.0
Random_1739,597.1449476163892,850.1193473072843,0.08189812123764935,0.169066481264684,210000.0
Random_1740,596.0626656227276,831.2632654065875,0.0796042062249732,0.16266115459026223,210000.0
Random_1741,595.3534660477968,858.4592309978456,0.10100391050801487,0.2154305795235972,210000.0
Random_1742,790.8178232924264,1085.248594959584,0.06559202443075784,0.12903762445357547,210000.0
Random_1743,833.2691872422579,1162.754568258482,0.06777997843836096,0.12984199525114332,210000.0
Random_1744,490.9016583354998,754.5660080558309,0.08189640980212311,0.1604608702885275,210000.0
Random_1745,380.3142096116422,641.5788161367263,0.10700137446481961,0.22306434701273226,210000.0
Random_1746,511.10121235302296,713.964797435612,0.06560985828763417,0.13205432124055227,210000.0
Random_1747,729.4478439428271,988.6130835361821,0.058747585666187124,0.11162596696808672,210000.0
Random_1748,728.8198970215383,1022.3016417307423,0.0651162436945106,0.12157395363178407,210000.0
Random_1749,744.3432060192616,1016.1643191404089,0.05665755412721575,0.10602949564867159,210000.0
Random_1750,722.3810218678732,1021.2401542711394,0.0847278311006901,0.1736475818875013,210000.0
Random_1751,752.6568909137742,1045.7424359613694,0.0859100814375416,0.18047912692994753,210000.0
Random_1752,791.3284743467541,1108.9979752248482,0.07541249045659673,0.14715490816672833,210000.0
Random_1753,733.2936576598095,1035.246704664917,0.10202982560319224,0.21728935858182388,210000.0
Random_1754,596.594783429668,835.735212054225,0.0713362236333897,0.14068875529604274,210000.0
Random_1755,778.2281333299826,1098.633429002396,0.07490744838969166,0.14862877564271218,210000.0
Random_1756,772.6586571438265,1068.450610973563,0.07132223965942777,0.139839505408993,210000.0
Random_1757,511.9121972289239,749.5345391230759,0.06826757234560508,0.12971861984768826,210000.0
Random_1758,389.93074079166433,603.4552284148798,0.06409690777878296,0.1205550084143859,210000.0
Random_1759,717.7774193853171,998.468461163005,0.07528728832675677,0.15217231205068532,210000.0
Random_1760,713.4976644177772,983.7468782055078,0.08362580930522769,0.1748514112733148,210000.0
Random_1761,590.8240659926431,846.6817974940417,0.07565206714563118,0.15014961888761813,210000.0
Random_1762,664.0207871803428,938.4961875881195,0.0827580565556095,0.1680382695735289,210000.0
Random_1763,758.7169781646666,1019.6855989431932,0.05101405328002388,0.09375476185836457,210000.0
Random_1764,672.6270909769607,945.6951663882194,0.08564587302561466,0.1754980002506784,210000.0
Random_1765,832.6598327458187,1163.9972707924849,0.06571124826409272,0.12557473199379832,210000.0
Random_1766,620.8965849763413,842.4352398887456,0.058511196492941966,0.11221690982864907,210000.0
Random_1767,556.6564487949688,785.3651928786979,0.06212676912424122,0.11972043730491799,210000.0
Random_1768,625.1785396562587,869.9334956092827,0.060564281854502,0.1129759616594588,210000.0
Random_1769,730.2736658195307,1002.428402579877,0.08218842942646414,0.16967568227015653,210000.0
Random_1770,510.936526355531,746.1502307321691,0.056819728819945806,0.10145709368333425,210000.0
Random_1771,676.3054781057186,927.2365137636809,0.06861757324394915,0.1359676160949755,210000.0
Random_1772,611.4978821154159,893.7962049364759,0.09455514928693437,0.19366089104822462,210000.0
Random_1773,754.7634946572842,1061.1250013780746,0.07029348166277583,0.13740666350676134,210000.0
Random_1774,524.5768631217759,734.5551484183138,0.08119498870384372,0.16854931115441224,210000.0
Random_1775,552.4946464717891,759.2547207779628,0.0674607449464084,0.1333033407921846,210000.0
Random_1776,618.4947278021,892.7337264702002,0.09460587057614675,0.1978998101590493,210000.0
Random_1777,713.4195381843572,998.2191126605476,0.09816929317225724,0.20849879180268646,210000.0
Random_1778,571.059459714495,843.4704230115541,0.08783194788523573,0.17735643423906877,210000.0
Random_1779,618.74950028745,854.2247304688136,0.052903784882980184,0.09579173693271588,210000.0
Random_1780,779.7671959733964,1052.527877371909,0.054712553767748875,0.10441862393561689,210000.0
Random_1781,628.7266716623984,916.7119925696545,0.08882641059134336,0.18224837415479728,210000.0
Random_1782,591.8906007521688,832.0816093868727,0.08008936051181938,0.16259316440806493,210000.0
Random_1783,373.6499630182646,587.4283108140486,0.08706477687191855,0.17932399394624765,210000.0
Random_1784,617.1954083154408,885.8130949934816,0.08615446813543884,0.17515859830547129,210000.0
Random_1785,712.8378587241504,979.034027686245,0.08150124294691494,0.1714739308810564,210000.0
Random_1786,579.0738332023789,815.407636400393,0.06496932378545742,0.12437327342830093,210000.0
Random_1787,485.91845100584226,699.509273143168,0.07115779157581226,0.1395269299211222,210000.0
Random_1788,625.0331105243855,889.0217744706442,0.07483376044807535,0.1462273435682056,210000.0
Random_1789,562.4789345038063,780.1149481596123,0.06367056915532475,0.12492789382622713,210000.0
Random_1790,612.2844444271484,869.848523456507,0.08476001117074283,0.17327440631500646,210000.0
Random_1791,696.903208619306,930.2422905626436,0.04816237679717143,0.08948063926559063,210000.0
Random_1792,484.6287319975967,689.2667727955691,0.05187632414556727,0.09388703941019458,210000.0
Random_1793,768.7539989349011,1079.4495481508336,0.06551419385715847,0.12327229736998901,210000.0
Random_1794,727.0700861897828,1034.7900440759438,0.08345124963425173,0.16593961273182636,210000.0
Random_1795,716.3485530827961,1002.2600834216232,0.06924887158239511,0.13715734188676948,210000.0
Random_1796,566.2743276810841,835.0713090408594,0.10640589061940386,0.22634768726825694,210000.0
Random_1797,616.1340913340788,852.9814159077904,0.08565437650427614,0.18176689626628745,210000.0
Random_1798,411.16313168597236,617.4517505761374,0.06203280732049383,0.11754796506866064,210000.0
Random_1799,344.21696065366604,541.4663805821575,0.10538264005088244,0.2274662276732345,210000.0
Random_1800,582.5570216869078,824.0443455150827,0.08133397211665326,0.16432504375601797,210000.0
Random_1801,618.5019953634986,874.2920893737373,0.08826952037924793,0.18145196558965565,210000.0
Random_1802,742.046870371395,1007.8088929500052,0.07768367621797911,0.16179855549135355,210000.0
Random_1803,377.36370737720455,584.8320764206837,0.10152875532210415,0.21765483226500731,210000.0
Random_1804,700.6989255496646,978.8212247131731,0.06488945781469649,0.12410656656955574,210000.0
Random_1805,441.2198454588998,694.3688815367541,0.0873595813299276,0.17488106597941422,210000.0
Random_1806,491.01957915444603,716.9746665615008,0.06297570283164085,0.11913860070766791,210000.0
Random_1807,672.307481347781,931.5846162886388,0.0658049268167032,0.1268826289592472,210000.0
Random_1808,719.5831278530051,990.7140165559324,0.09741066573814623,0.2104177624297853,210000.0
Random_1809,691.617944918429,961.7756507285505,0.07746339301759289,0.15823674964227086,210000.0
Random_1810,737.3636290147293,1045.181412367694,0.09671980420902525,0.20373665815110506,210000.0
Random_1811,750.5357622458815,1067.7812255298156,0.08398571287317617,0.16716522731986755,210000.0
Random_1812,643.3978695187348,939.9650869500175,0.11606042770247652,0.2506281764982126,210000.0
Random_1813,437.0844205492846,636.9084434866394,0.06914415450564614,0.13504489090571276,210000.0
Random_1814,497.34656036387247,766.8858273852107,0.06991640275928392,0.12945656932038113,210000.0
Random_1815,621.7564158841607,843.9143693805172,0.06720057886203494,0.1333103565841059,210000.0
Random_1816,495.73930098122906,733.9658400477987,0.06392146359223946,0.12109182472973522,210000.0
Random_1817,411.138862528511,670.0915830325896,0.09603526787430522,0.1985360116334586,210000.0
Random_1818,499.5378896178457,725.702193547523,0.07352479355492221,0.14833302101889212,210000.0
Random_1819,775.1797351419892,1083.1377214039628,0.09144572669803132,0.19033122506485384,210000.0
Random_1820,796.8505462551225,1098.5627747597,0.06105504248125512,0.1149427154481051,210000.0
Random_1821,599.5535382654413,840.1461634979956,0.07910332164832425,0.16361154368279057,210000.0
Random_1822,528.459891034614,800.1696941804985,0.08502917776537437,0.1720062468632631,210000.0
Random_1823,473.9219909089812,680.0983268020528,0.092270845215501,0.19622707982071125,210000.0
Random_1824,524.1322467225671,800.8629674392574,0.1128168000169921,0.2394863789189343,210000.0
Random_1825,660.1492566883784,917.1025886497163,0.09011198632769492,0.1903915679502934,210000.0
Random_1826,712.8994405232474,994.4764669577911,0.0667438524169518,0.12789691052299584,210000.0
Random_1827,600.8611992420002,848.5018431264075,0.061564585747371545,0.11438082728633875,210000.0
Random_1828,447.08841611032193,674.2710954680967,0.07858981538956886,0.1575420788433447,210000.0
Random_1829,574.8746625992168,846.4810521914368,0.07625291617160058,0.15163076511012336,210000.0
Random_1830,562.9901917084252,828.512674210044,0.10443831530217758,0.22170707855102376,210000.0
Random_1831,525.2058933162175,742.7395106385727,0.09143875653546836,0.19496138983738853,210000.0
Random_1832,772.5909728166774,1068.2436915699393,0.07159269194243087,0.14228721358514562,210000.0
Random_1833,687.5678423412057,980.3925294824758,0.08109979976163775,0.16416558886589735,210000.0
Random_1834,804.7572157061917,1088.5422142372558,0.04377919253294889,0.07378026796941671,210000.0
Random_1835,486.92433347140064,745.7423580644603,0.1075126619394435,0.2284284731963861,210000.0
Random_1836,650.4097485180996,916.306368388233,0.07224744647502471,0.14143409678331764,210000.0
Random_1837,487.8066894957922,708.5850717305308,0.07659970801442248,0.1561229103997735,210000.0
Random_1838,774.3585153221825,1039.2158605753978,0.049652285340356414,0.08958629666661043,210000.0
Random_1839,582.9514747994879,818.0926743199976,0.06913400825831202,0.13541194806770504,210000.0
Random_1840,624.0712519401377,875.9384820731472,0.08849681364405898,0.18389217777494873,210000.0
Random_1841,721.0451670981884,1018.7422446338044,0.074986402510619,0.14938213018835975,210000.0
Random_1842,696.1303365311662,934.3996801664871,0.05620213480970669,0.10943413923556229,210000.0
Random_1843,394.618475251957,600.1454689508605,0.07005932743235985,0.13831187705801484,210000.0
Random_1844,556.4820220988908,832.0943225915736,0.07563737579453966,0.14819144907074713,210000.0
Random_1845,799.0223949379337,1076.2088725783944,0.050629220961521074,0.09141171205432483,210000.0
Random_1846,759.1180155673434,1012.7499166090645,0.04292152575822935,0.0746029964466896,210000.0
Random_1847,489.43779671108825,682.7641943513429,0.04622679998412624,0.08072781821534203,210000.0
Random_1848,592.0136353763048,812.0474458226877,0.06816729579756126,0.13660603351173695,210000.0
Random_1849,671.6384897255443,918.5819260839269,0.06674731031910139,0.1319292800143257,210000.0
Random_1850,585.4301910279073,835.1748853933121,0.07097831579015204,0.1374796547208533,210000.0
Random_1851,495.05761288533705,763.0487610454308,0.11248414252899244,0.23923051405592416,210000.0
Random_1852,559.9313174518225,823.7227585225118,0.09784439839650258,0.205999100532226,210000.0
Random_1853,625.0988629730358,903.6422833841781,0.09952671342580646,0.20752538773015272,210000.0
Random_1854,773.6564489980591,1091.3334652165222,0.07781042148532895,0.15511055758119216,210000.0
Random_1855,428.4369510518524,621.9135731113972,0.07685412013158839,0.15683024639785959,210000.0
Random_1856,561.5493526860722,800.5879198817489,0.07441908473665584,0.14638329789244803,210000.0
Random_1857,665.7282068695254,940.357451588291,0.08527657043977209,0.17348558436370964,210000.0
Random_1858,453.1102568991362,654.3029921358738,0.04947261701461965,0.08671646753271944,210000.0
Random_1859,740.7346355879422,1051.0474426621274,0.08745533282630066,0.17681850118481682,210000.0
Random_1860,665.666950405284,945.3223598668775,0.07529210546229069,0.1510427246460344,210000.0
Random_1861,697.3636564830783,987.3654879580007,0.07337851203047592,0.1423683421160429,210000.0
Random_1862,715.0578975826479,1005.4607824652994,0.07597815399242039,0.14991656277452498,210000.0
Random_1863,698.1472628372546,974.1961773847045,0.08459610200081083,0.1768732166786876,210000.0
Random_1864,709.5571750156143,972.872038964406,0.08071827758207008,0.16642931716416456,210000.0
Random_1865,506.8646720205767,759.7306357382104,0.08415788372015125,0.16913610307395593,210000.0
Random_1866,699.1410596104506,977.0758519182273,0.07990311791627179,0.16404282543223664,210000.0
Random_1867,772.0776258056485,1053.7087939540793,0.05998389581013441,0.11531098968864617,210000.0
Random_1868,819.3034468392476,1140.4146179134466,0.05864511240137357,0.10623195802682459,210000.0
Random_1869,678.8832423434211,922.2240609653328,0.0644556384520557,0.1262514542120896,210000.0
Random_1870,736.4403270161673,989.5349395371062,0.04143128091132692,0.0690129714656432,210000.0
Random_1871,675.5429588406603,929.3212132151795,0.07502103431730191,0.1532681049467857,210000.0
Random_1872,772.4166544068479,1059.310384293942,0.06466021650550549,0.12832298518924443,210000.0
Random_1873,841.5258732839006,1175.6869047361638,0.06775416548753382,0.1310588645601548,210000.0
Random_1874,663.58726642692,897.8826359124328,0.059878949517069305,0.11682815440827335,210000.0
Random_1875,681.9751408809448,932.7795563634884,0.05612612683224531,0.10377751977998018,210000.0
Random_1876,460.434283688562,669.6613230409089,0.07624848068481369,0.1554006023769102,210000.0
Random_1877,646.8226502476502,895.1337410370686,0.08257825853578027,0.17128216038500801,210000.0
Random_1878,641.5247714346175,907.8417903719214,0.08479963305051001,0.172943815695118,210000.0
Random_1879,734.8746974512152,1022.8582478854469,0.08089423962347941,0.16390487511510293,210000.0
Random_1880,621.9318063416036,885.1239158009655,0.0895490146802618,0.1873184036859084,210000.0
Random_1881,548.3581225138118,771.5044053109797,0.07454281324648698,0.15126800044943808,210000.0
Random_1882,711.9458950301178,971.2142264997943,0.07061514064743024,0.14051179829099775,210000.0
Random_1883,619.4136443365179,873.5561510069161,0.086125872306015,0.17869887061921452,210000.0
Random_1884,783.239364961431,1053.6882066850958,0.05685907316540341,0.11162201220927045,210000.0
Random_1885,612.5480834449007,856.0756377200604,0.09666937091850603,0.2075165982011603,210000.0
Random_1886,651.6974472714005,889.6632606960683,0.07885020150429232,0.16496037336287844,210000.0
Random_1887,587.317844426646,815.8619766109999,0.0949705602806585,0.20471032054469945,210000.0
Random_1888,759.8415147371655,1023.1874227357113,0.06732076021079382,0.13583124090930354,210000.0
Random_1889,570.4495667571451,854.7361885569387,0.10680222260789993,0.22322952898649306,210000.0
Random_1890,810.7054458418811,1133.922539469769,0.07495211354240648,0.14781709010927951,210000.0
Random_1891,720.2211933732541,974.1845078898328,0.07057157548666024,0.14382234781481465,210000.0
Random_1892,609.3409342499809,832.0251640396489,0.05481850716261749,0.10166240161264717,210000.0
Random_1893,699.1164618869332,983.8589957134222,0.08186904098494571,0.16737217152510875,210000.0
Random_1894,720.2575641254708,994.242032132693,0.06759281751578201,0.13058341028031412,210000.0
Random_1895,468.4543557146326,705.0443431215228,0.07619104201692276,0.1525141920194354,210000.0
Random_1896,599.4499088488571,823.9554529970724,0.053725462522729285,0.09913579693771657,210000.0
Random_1897,646.992936185338,934.5782736981064,0.0842042438395742,0.1681536763897425,210000.0
Random_1898,511.51532109887694,744.7682596554553,0.0793996460693696,0.1595603458504947,210000.0
Random_1899,783.765834257567,1094.286868143287,0.09136884313468117,0.19331152651853706,210000.0
Random_1900,666.4287177896583,918.789439417837,0.05814783717790603,0.11034658044150851,210000.0
Random_1901,646.4483074715513,911.9541244431997,0.07048437397247798,0.14003764001172506,210000.0
Random_1902,431.35837030825996,674.7992040325902,0.0820495105452759,0.1632738020579786,210000.0
Random_1903,716.5311538835062,1024.3460868544555,0.09650057205827833,0.19989758113126002,210000.0
Random_1904,725.5038072161299,1029.9909332869506,0.09633368124147243,0.20128113920261428,210000.0
Random_1905,585.6048287994321,837.7352546763518,0.06960976634864777,0.1350384168990171,210000.0
Random_1906,730.0608046678009,1030.1996853693815,0.07098343650819182,0.13734377419834135,210000.0
Random_1907,471.2117223992978,677.9252355878205,0.08933015775619366,0.1886111746412988,210000.0
Random_1908,605.3784912541153,856.8056720813661,0.0889406903138104,0.18615138913932044,210000.0
Random_1909,642.447853505358,882.9900255775005,0.09064754622220988,0.19284518464702927,210000.0
Random_1910,586.3015620102838,847.3019200625463,0.08530928317026787,0.17191865960608055,210000.0
Random_1911,613.4638071603139,865.9856247909345,0.05802525598252796,0.10498829295235525,210000.0
Random_1912,596.2365251648475,842.6428059950612,0.08656020561176937,0.1804855536389283,210000.0
Random_1913,423.71155341031744,671.5864692065787,0.0875953584397072,0.17894223171617568,210000.0
Random_1914,755.7581552569483,1046.1879854185709,0.0679659599671962,0.13540402427309806,210000.0
Random_1915,809.8547248634613,1109.4100048125838,0.05889751471951814,0.11073343277009934,210000.0
Random_1916,511.38879636268877,740.709724741945,0.0715342246965496,0.14026431741627654,210000.0
Random_1917,682.5913210810114,953.1511062680694,0.07953968554998371,0.16107400971504893,210000.0
Random_1918,521.3727038686418,777.4886736073776,0.10341501324822433,0.21985123757525216,210000.0
Random_1919,599.0946137163277,854.7536948662148,0.06733314790122438,0.13033402678860814,210000.0
Random_1920,799.9164364488081,1087.088481138041,0.05333564661842917,0.09772000105479603,210000.0
Random_1921,751.5075550628509,1041.7695130213056,0.08696925856711116,0.18273359755413227,210000.0
Random_1922,647.2558312839931,903.68622990825,0.07892085716311788,0.16270457764830953,210000.0
Random_1923,708.8024026699231,946.3398027843147,0.04384520062680165,0.07647042608507795,210000.0
Random_1924,475.3802069652381,704.8867543632572,0.0918288864739332,0.18965573965391086,210000.0
Random_1925,611.3971746222759,899.6833168088305,0.10577207405159517,0.22448617077873442,210000.0
Random_1926,751.2046652732046,1056.8739699859204,0.09220271556271481,0.19108351825446304,210000.0
Random_1927,612.5515509576223,893.4603330096886,0.10449450972308552,0.22142171478812278,210000.0
Random_1928,732.198016836647,1017.8490246682021,0.08477702023151708,0.17516982132037523,210000.0
Random_1929,525.8530665920223,764.7267792754835,0.06313689037769048,0.11993509778599679,210000.0
Random_1930,622.339226177179,885.7908474153854,0.07240665004766911,0.14093573645381535,210000.0
Random_1931,747.6546809094355,1021.8522738485648,0.06082103303958514,0.11493824769146145,210000.0
Random_1932,587.7842308552421,821.3411643988015,0.07121256915672201,0.14368480315692725,210000.0
Random_1933,469.5503502159635,673.4485337850373,0.06721954028238478,0.1321635774450984,210000.0
Random_1934,531.9455379019354,799.811054483376,0.0733545435020167,0.14084631109470241,210000.0
Random_1935,722.9632666034853,1014.8481861588051,0.08444980537773905,0.17040622211272166,210000.0
Random_1936,827.5251152150836,1138.9424219079551,0.05703949437985821,0.10386140790653994,210000.0
Random_1937,721.3999243582149,966.1464003601438,0.06386009897741458,0.12704328890717959,210000.0
Random_1938,483.69803296338426,755.9268949544845,0.09817273579029277,0.2031935086839257,210000.0
Random_1939,767.7154782535781,1059.0968220420853,0.07305057317821043,0.14773142009454482,210000.0
Random_1940,685.2872726665073,970.5519272707444,0.07563487119162224,0.1523386246261386,210000.0
Random_1941,685.9557031348097,956.0598291514943,0.07096264612885055,0.14114482728394034,210000.0
Random_1942,412.39185720632173,628.4031729286236,0.08856939429915198,0.18478960149667353,210000.0
Random_1943,779.2515797400134,1088.2970354507547,0.07782104313043274,0.1583780519646877,210000.0
Random_1944,579.89119527692,825.6386859710819,0.0681956059583191,0.1307251675072363,210000.0
Random_1945,568.5432600069489,849.5373815063133,0.0926054586055011,0.18891496904986693,210000.0
Random_1946,619.2913216919426,905.791576737729,0.07647733265916828,0.1500290217307038,210000.0
Random_1947,651.3215192380623,886.0275911692463,0.05558963457707984,0.10448045457460016,210000.0
Random_1948,365.3036021622857,550.8844142839193,0.07903894828616664,0.1645857261789135,210000.0
Random_1949,398.18602606624603,608.1464745824512,0.06271148005176196,0.11879796977664211,210000.0
Random_1950,620.1189494349663,854.2513264518849,0.07482031700435049,0.1499729214701641,210000.0
Random_1951,454.10759597554465,677.4026350716508,0.07567520805134643,0.15070466162791196,210000.0
Random_1952,745.0272975257842,1033.6194754251628,0.09715928453098689,0.20945117485485398,210000.0
Random_1953,780.5470023942985,1113.7592990758724,0.09656445222811169,0.19836705804996663,210000.0
Random_1954,675.6310443025941,913.5107082508982,0.04873178123684088,0.08735410049788825,210000.0
Random_1955,478.80058981775437,711.0169541398806,0.09386465457710522,0.19447455358264004,210000.0
Random_1956,443.2402961491229,657.2242597317405,0.07476886698144912,0.1517796439896916,210000.0
Random_1957,556.0918335594237,795.7115920435543,0.08078442672628965,0.16351523764862919,210000.0
Random_1958,690.9364335762068,960.9463366740284,0.06883185766362054,0.13651717559552815,210000.0
Random_1959,461.9900430481306,697.2055841756718,0.0902688938634737,0.18725616275711537,210000.0
Random_1960,665.8013595104535,930.9015153249375,0.10140246555878847,0.21920083887123848,210000.0
Random_1961,553.727380690092,785.4890089727471,0.06961584862148741,0.13989034936470063,210000.0
Random_1962,720.4067551025461,1007.2202644552194,0.08996559710282713,0.18686239340575989,210000.0
Random_1963,509.61729375074077,748.3417164746553,0.07761530884243918,0.15451569321494427,210000.0
Random_1964,476.62848142821275,700.3304866177554,0.09825958579626835,0.20979641212584343,210000.0
Random_1965,699.2686192155719,1009.8435632179408,0.0953662377323313,0.1949530366560015,210000.0
Random_1966,481.89320021182886,714.3713455971498,0.06949432325642026,0.13685908451890103,210000.0
Random_1967,653.402159999652,898.3546012092678,0.06698118057225619,0.13120779399064994,210000.0
Random_1968,766.934975117382,1067.415120296789,0.09081806361438974,0.188796312040255,210000.0
Random_1969,604.6029618782163,877.0165056459756,0.09576367093807459,0.19934358565013408,210000.0
Random_1970,479.10561079932404,740.9461188594165,0.11155876547827849,0.23781292347644742,210000.0
Random_1971,716.6283191722546,1038.5997909703417,0.11430683287446232,0.2456110993702331,210000.0
Random_1972,643.0172263160454,872.4870610461362,0.07478813687789357,0.15445307523064972,210000.0
Random_1973,701.1383637295517,978.0770733856215,0.0704413093812533,0.14065543680009374,210000.0
Random_1974,619.3546691407241,888.0578360603243,0.09247689315777392,0.189949778387029,210000.0
Random_1975,571.2319396725261,790.4412694603288,0.06246806436268822,0.1227176245956793,210000.0
Random_1976,655.8194039844789,930.4943627734846,0.06808017438576736,0.13140200358156928,210000.0
Random_1977,437.36123489945396,703.637097530287,0.09751315566929405,0.19751676096785004,210000.0
Random_1978,636.375207505071,860.8106597196554,0.06887562267676176,0.14012351025189207,210000.0
Random_1979,731.4373862574704,1016.1266890118777,0.06237098992701788,0.11843493874434044,210000.0
Random_1980,528.8062191527149,804.1917765743465,0.09842788524539599,0.2032755758098182,210000.0
Random_1981,755.3923347872491,1068.5695976243549,0.08677633192645885,0.1795658679068081,210000.0
Random_1982,786.5985578349082,1081.3280527937,0.06627303276965318,0.1320283694056541,210000.0
Random_1983,762.6986021128042,1062.3286566245927,0.07936219229838126,0.16282944831724733,210000.0
Random_1984,588.7055051367497,844.5142641856597,0.09728069232884627,0.20699388601956317,210000.0
Random_1985,753.8237727928167,1026.2173575954214,0.05843216592265353,0.11171139736384039,210000.0
Random_1986,660.0662359816565,918.5889939982285,0.06281502139292569,0.12184915859705972,210000.0
Random_1987,441.4259780532988,694.0233532835509,0.09643299344336842,0.1987808507197299,210000.0
Random_1988,627.4617644807873,918.4209330639378,0.10748685051865828,0.22876798517199437,210000.0
Random_1989,409.3966199617539,616.4887903049422,0.0949005663431836,0.19899285003899303,210000.0
Random_1990,561.9831036096837,820.0333864275958,0.08591287903998536,0.1764035770682133,210000.0
Random_1991,738.8958394864571,1018.04185352422,0.07698746168996924,0.1581578178030313,210000.0
Random_1992,685.7586922971487,929.811631620548,0.07158265759825518,0.14684918750539971,210000.0
Random_1993,731.9622958047902,995.7277532792626,0.07168694298874521,0.14505540505805553,210000.0
Random_1994,740.5687224503691,998.6207799731383,0.04740780931677424,0.08485556408717665,210000.0
Random_1995,663.1241828198422,917.7390856085016,0.07390458842644715,0.15076735236844704,210000.0
Random_1996,603.3960151122488,836.996512165257,0.06972936798206261,0.14049602512207762,210000.0
Random_1997,542.7543927786346,781.2338294699449,0.09883145418621794,0.20971907098475207,210000.0
Random_1998,481.2453097341666,704.0433833697343,0.07505396561072933,0.15126194754870406,210000.0
Random_1999,635.5394679042047,875.4758455313128,0.060834898165286644,0.11528771892498817,210000.0
Random_2000,647.3646051880941,901.8645696607199,0.05759587868441397,0.10645199282556303,210000.0
Random_2001,643.9762373406228,912.1182317829064,0.08096241890030949,0.1641116207307511,210000.0
Random_2002,568.0548422635648,789.9699998987763,0.07311348548438215,0.1464063487453029,210000.0
Random_2003,552.2819165876897,830.5338668069688,0.08394941463847487,0.16816542408399052,210000.0
Random_2004,595.2806499469482,804.3269331914468,0.04339685511299779,0.07426513544483371,210000.0
Random_2005,632.0013036521826,894.9105425705447,0.07392975843018008,0.1479226170293506,210000.0
Random_2006,458.94234264209064,668.8451134340727,0.06766671099960007,0.1321974075904447,210000.0
Random_2007,494.8901525200424,730.194019153715,0.08393317704545676,0.16917530321257432,210000.0
Random_2008,485.73586173549245,705.3774100096559,0.05688333149009404,0.10445482192015348,210000.0
Random_2009,805.6144204616568,1117.0382935237415,0.06879240905354542,0.13701852869184208,210000.0
Random_2010,634.42170536904,867.9052763233498,0.061762110435605554,0.12090891391052973,210000.0
Random_2011,666.0626361953318,959.4047666384238,0.0932739678365625,0.18963219604822623,210000.0
Random_2012,633.2473235755374,872.9584115824634,0.09554685102114333,0.2066859437572631,210000.0
Random_2013,584.7710640527907,824.4390241703112,0.09164053077137889,0.19453975402376483,210000.0
Random_2014,790.3162958564026,1112.0150231674306,0.08329751266702932,0.16678624345951343,210000.0
Random_2015,535.6914223725121,760.6948482840723,0.09929964107136843,0.2144843648111334,210000.0
Random_2016,700.3820667080685,970.0040426028974,0.07769160828858124,0.16052669954167598,210000.0
Random_2017,722.295684597339,1021.953839015596,0.093505851562603,0.195304199040008,210000.0
Random_2018,709.9965881623999,984.2405059552482,0.08747960718573496,0.18454034074653602,210000.0
Random_2019,523.0472913965577,750.6599352989307,0.08266018484829972,0.16721041218024102,210000.0
Random_2020,787.0228222538174,1101.7474277932913,0.08106095809319609,0.16339271776558847,210000.0
Random_2021,748.0705245206522,1010.8784758148173,0.0720858758816536,0.14953523996929563,210000.0
Random_2022,715.8670763303489,1001.6352541250566,0.09046353996745167,0.1875499816500992,210000.0
Random_2023,608.4616697038107,867.2886327361572,0.07171465357185142,0.14176580221259355,210000.0
Random_2024,748.881221064244,1021.3050515085222,0.0722847429796459,0.14760304899140403,210000.0
Random_2025,772.3579571393545,1089.1125117267034,0.06984751301184662,0.1354283011857111,210000.0
Random_2026,432.60232756928156,699.6259961368387,0.09859121856184008,0.2039889495001333,210000.0
Random_2027,741.180582376949,1048.3168944124288,0.09994579814344864,0.21045259954446283,210000.0
Random_2028,483.04882644373123,736.8748975000376,0.086429639220822,0.17259850143595928,210000.0
Random_2029,702.1603449935407,992.409310842525,0.06997596168638306,0.1348327130985691,210000.0
Random_2030,710.4605223121239,977.8540852017986,0.09019329280844406,0.1930004724193653,210000.0
Random_2031,719.6569693665436,985.1448394996131,0.06449599843842219,0.12581486791526753,210000.0
Random_2032,477.18172431053745,707.8995080178031,0.09701452003614908,0.2050163143149197,210000.0
Random_2033,763.0326741013206,1077.6698813668886,0.08361498314731816,0.17018253001060413,210000.0
Random_2034,517.1621524677703,764.9974410159504,0.0764198495575254,0.15187616020675404,210000.0
Random_2035,633.8848221142147,869.5225185056105,0.07339355552255791,0.15127980043719866,210000.0
Random_2036,747.9975690835726,1032.6177441635202,0.057659875781771064,0.10639290194937229,210000.0
Random_2037,787.5902302572945,1081.0156928973945,0.07456425899554557,0.15325033335315028,210000.0
Random_2038,801.1751656238425,1119.4855819418726,0.05399564047674276,0.09352335927542293,210000.0
Random_2039,687.0030658939247,979.7535529529177,0.09003144302996927,0.18475061787959124,210000.0
Random_2040,677.9948390353039,947.072303239888,0.05731002457003433,0.104526175790447,210000.0
Random_2041,671.6095543838042,919.1081984409527,0.07888013154692884,0.16544758463557405,210000.0
Random_2042,700.203637317501,951.819699669746,0.06185944153104705,0.12038382142102005,210000.0
Random_2043,729.9691137393642,1005.7735852045121,0.07619735196297094,0.1529570203531704,210000.0
Random_2044,678.748266854456,962.9041526042022,0.09363805173572036,0.19416891028049105,210000.0
Random_2045,525.6370613404152,792.2006882957776,0.07571722640662315,0.14710052693571438,210000.0
Random_2046,680.5112916924772,981.4703966995885,0.09178688548453562,0.18865187571227682,210000.0
Random_2047,619.46080839522,854.5552216732643,0.06900721756914269,0.1396463289464137,210000.0
Random_2048,765.4576863352304,1053.7194708407433,0.07490046404782666,0.15328600609493212,210000.0
Random_2049,771.4277934408764,1092.480203143059,0.08933120443716705,0.18321326848362396,210000.0
Random_2050,684.1848698590197,940.4772103632785,0.0500334072972381,0.08795858508256549,210000.0
Random_2051,800.9206158621504,1126.3237797056977,0.08791231796782772,0.18165007447109133,210000.0
Random_2052,712.8453767493222,1007.6104727243488,0.09018399473514055,0.18659069410404416,210000.0
Random_2053,536.910898979603,804.5723621485145,0.0834786725660003,0.1650609118195917,210000.0
Random_2054,747.066761286961,999.490126956314,0.06495507653960793,0.13272125389319225,210000.0
Random_2055,667.7010467453914,924.217428590342,0.06469096915742668,0.12651084864041695,210000.0
Random_2056,766.1432862063748,1083.424968497158,0.07408977523779453,0.14459814417533684,210000.0
Random_2057,751.0700646536284,1021.4231136556099,0.0832632617812576,0.17589292294294542,210000.0
Random_2058,459.7660615262911,666.9901421933438,0.09052421607159629,0.19139442169820486,210000.0
Random_2059,485.2323877510689,682.7125951727404,0.0599099693541036,0.11451264361278946,210000.0
Random_2060,689.4150642491416,991.3479524301159,0.09582042411369703,0.20032491901833716,210000.0
Random_2061,530.477759628331,745.6811213307242,0.08221263586264205,0.16901747221088706,210000.0
Random_2062,459.85895899144765,681.2744507454917,0.08943832326339377,0.1845010686447203,210000.0
Random_2063,548.9881980527173,809.9028741959119,0.07641217220000013,0.14854862020418086,210000.0
Random_2064,732.9202322202849,979.1583639420824,0.0596351284020315,0.11632290249215246,210000.0
Random_2065,726.9133432638299,1028.8419143308708,0.0793415080451429,0.16078159840487055,210000.0
Random_2066,645.2161266487172,866.8562241381943,0.0538380935337138,0.10318551163518395,210000.0
Random_2067,624.2179278033678,854.3456783528643,0.05648141202739404,0.1082426250532791,210000.0
Random_2068,734.0669009626251,1000.6134292483695,0.09233155158901703,0.20020280881961647,210000.0
Random_2069,425.6802356512314,656.1374132007485,0.11018057451076775,0.23697417520636238,210000.0
Random_2070,620.1653592680165,898.8630151029015,0.06974331153914731,0.13394312474409065,210000.0
Random_2071,547.0114601073459,791.1434146210983,0.10672449380723545,0.23056728094299106,210000.0
Random_2072,597.9579055696456,846.3199037614646,0.08475065701351485,0.1739978912706596,210000.0
Random_2073,480.2515544608709,701.7286053446377,0.08314461196976428,0.1690645998809757,210000.0
Random_2074,736.9404801788886,1025.0913425972267,0.0804236578382923,0.16519224799730997,210000.0
Random_2075,721.166378145338,1016.5015544738928,0.08875286376103342,0.1847921372727491,210000.0
Random_2076,638.7378216696804,929.720197843009,0.07950396041727413,0.1549164725904906,210000.0
Random_2077,653.1429153377092,941.543201351514,0.09467158674676632,0.1957792782172605,210000.0
Random_2078,683.2715215113949,947.8702308549052,0.07677205262164602,0.15396461145915183,210000.0
Random_2079,597.6708558814482,816.9308425757526,0.059619425107770976,0.1135998210495804,210000.0
Random_2080,749.2342976353094,1051.7504657440397,0.10310349908552521,0.22120972915281034,210000.0
Random_2081,495.8419613151362,729.7892471707032,0.0679848430083311,0.13138352128932806,210000.0
Random_2082,624.7135324925838,904.4083618970859,0.08898919867450251,0.1810973834945278,210000.0
Random_2083,778.3037180823468,1102.1182944792765,0.09444677336890112,0.19729094632586042,210000.0
Random_2084,658.5277792327387,934.0129547293469,0.09164652559862815,0.1926232459007689,210000.0
Random_2085,684.5554245174729,923.868175732858,0.06264635710757832,0.12454200802079494,210000.0
Random_2086,591.9553659884548,836.4976571446515,0.07169725023727742,0.14449532895097011,210000.0
Random_2087,591.1070167344158,866.0418983835024,0.07577952285979841,0.14944136144927503,210000.0
Random_2088,780.0518503926503,1051.2516531657295,0.06355398728167896,0.12731378918630243,210000.0
Random_2089,734.088587265567,1033.375283566879,0.07567959967924129,0.15257297609277287,210000.0
Random_2090,718.036231701679,1009.772865551549,0.07025654031801001,0.1360806926717916,210000.0
Random_2091,398.0140852257663,586.732898796593,0.07324716744468569,0.14547005908728572,210000.0
Random_2092,677.5248771820146,950.7498395918208,0.07679822606272982,0.15499872226001088,210000.0
Random_2093,772.7662599958863,1075.7842550930957,0.07719566686044238,0.15768538521265632,210000.0
Random_2094,752.5334026700368,1030.1545416285514,0.07908747318430039,0.1609715949085487,210000.0
Random_2095,502.39977381948194,736.8555604680074,0.08213709781319578,0.16457802160803456,210000.0
Random_2096,360.73025826268207,569.5107901478947,0.08742301936555394,0.17775463760880367,210000.0
Random_2097,760.4233437200834,1068.0991757014274,0.08031163669717178,0.15964492321113305,210000.0
Random_2098,526.7029012714348,759.2952273036423,0.07778915309577983,0.15859161826124166,210000.0
Random_2099,740.5344516421462,1056.9624678043592,0.08815777413596139,0.1773167079939107,210000.0
Random_2100,615.6848781718846,896.3855228946952,0.10050249038754376,0.2119959271905957,210000.0
Random_2101,668.4334551163017,923.5339861662895,0.06821967916440472,0.1326157134438865,210000.0
Random_2102,570.7350737266692,784.5543152474602,0.06053496836652935,0.11740352293245532,210000.0
Random_2103,699.3511336214641,949.5534511800226,0.08303634231538184,0.17520297964448053,210000.0
Random_2104,419.3105704230478,643.2444259058457,0.06520945079996732,0.12318345672850974,210000.0
Random_2105,442.628942125932,660.4440793511981,0.09354690969448597,0.1969367550579816,210000.0
Random_2106,606.0374012553169,855.5811955363828,0.08685863051132851,0.1804451778478588,210000.0
Random_2107,569.7789491769507,799.7842964528776,0.09060892053695721,0.19102308363096449,210000.0
Random_2108,533.3784741325255,747.8867084802886,0.08682860041274955,0.18233627509664133,210000.0
Random_2109,555.3409140945658,806.5864510492943,0.06494341615129007,0.12087688100930617,210000.0
Random_2110,438.5422229067687,662.6905257351438,0.0945048565595581,0.19869257756879136,210000.0
Random_2111,685.1147102697693,963.2685363257428,0.08770943280421904,0.18020618679520195,210000.0
Random_2112,627.4254501715656,893.7000718261403,0.0907953683191387,0.18744097796089565,210000.0
Random_2113,722.3746621506681,1012.5401010256378,0.0819814342895544,0.165615088601615,210000.0
Random_2114,761.2418831022245,1045.591844400786,0.07549678333011609,0.15368133298828332,210000.0
Random_2115,722.254821475303,975.2641194294569,0.06084015606712928,0.12119433973201603,210000.0
Random_2116,741.2700692380859,1037.1368711857028,0.07679880943594006,0.15157701468122453,210000.0
Random_2117,793.9632346396573,1114.2020510475936,0.06912008705894093,0.13421178227256242,210000.0
Random_2118,580.7750714351275,796.4565488762846,0.0789156666167943,0.16316416731395667,210000.0
Random_2119,800.6603129189639,1110.1923146308202,0.07064327473438475,0.13907352186046362,210000.0
Random_2120,369.0487335886088,581.6546628173841,0.09744384081624476,0.2053919223143177,210000.0
Random_2121,670.3810056480086,948.6399344764997,0.0843085159745324,0.17347875368644441,210000.0
Random_2122,604.4121141455383,858.0599768101622,0.0784048297301792,0.15777804537730747,210000.0
Random_2123,763.4929430043596,1080.3377711922003,0.07824170524969543,0.15601852318640214,210000.0
Random_2124,686.8199730651774,976.2450228426236,0.08270924342586779,0.16771642989513413,210000.0
Random_2125,406.7437423632678,625.6335731325389,0.07515964361866204,0.14695822196888386,210000.0
Random_2126,765.1299916495667,1054.1367452293348,0.04952459626064628,0.08475023821902805,210000.0
Random_2127,706.3703035431479,972.3710221874417,0.09670727378267474,0.20890034491349932,210000.0
Random_2128,490.46051542194243,753.4512133285922,0.07782597527477847,0.14971351257476131,210000.0
Random_2129,673.3811022679789,936.8994896258586,0.09008883599425258,0.19115578847059966,210000.0
Random_2130,549.5225730710816,778.2769402927357,0.07044956887683901,0.13858358363051074,210000.0
Random_2131,638.6164951806427,888.7627825275401,0.0832611197300558,0.17107793965815143,210000.0
Random_2132,720.8376402136471,964.7348468831389,0.05467627277599031,0.10675686342615365,210000.0
Random_2133,552.6550560051492,782.8240510994359,0.06371101700724228,0.12356767822737856,210000.0
Random_2134,523.7298935464096,800.4923833107696,0.10266995596092848,0.2137042444167874,210000.0
Random_2135,466.9473961728914,733.3136094591086,0.10630911313730317,0.22104374742165062,210000.0
Random_2136,731.8001498156727,1016.4096205903428,0.08103563942937278,0.1676770482997827,210000.0
Random_2137,701.17684057277,972.0646812978058,0.09771419361127646,0.21110144951401252,210000.0
Random_2138,722.6063371400793,976.5525618723337,0.06599023544297503,0.13395971913466637,210000.0
Random_2139,743.3388043835466,1014.1137551542548,0.06698221711471405,0.13283139985572662,210000.0
Random_2140,668.4331934403051,925.8230656274585,0.07910211956628521,0.16379709721871888,210000.0
Random_2141,427.54343700089737,662.4832554480959,0.08116823469089515,0.16183471115486947,210000.0
Random_2142,808.1778173175201,1111.510321088988,0.06883502973313178,0.13755796280891966,210000.0
Random_2143,510.13245206558884,713.0817833535451,0.06615898687170998,0.12927895325666364,210000.0
Random_2144,420.3066599547798,665.1013851033439,0.09850277811948295,0.20412066992390449,210000.0
Random_2145,566.1058106624359,838.9641704285933,0.10545082505294852,0.22253505190740963,210000.0
Random_2146,730.6746384837329,976.5906441582977,0.056486080952540624,0.10895706677949056,210000.0
Random_2147,535.9754092952865,803.9584339220628,0.07568273897675497,0.145740045683579,210000.0
Random_2148,503.71987675279274,722.9286738260105,0.08397850557454374,0.17359723259175325,210000.0
Random_2149,596.5130812664702,821.7511725132558,0.06694881114942718,0.13256849954386013,210000.0
Random_2150,433.96388421379754,673.6199733413341,0.07408975300618122,0.14608080363096593,210000.0
Random_2151,584.6317486912823,863.0860523314552,0.0992256929749175,0.2078990863669422,210000.0
Random_2152,740.9851164956049,1019.3109434742447,0.06096513086701674,0.11524505043146788,210000.0
Random_2153,785.1417753798428,1073.844624166928,0.06319925630806762,0.12531256586959427,210000.0
Random_2154,660.4699436189379,956.1981646689218,0.0798867196876489,0.16054039652057195,210000.0
Random_2155,675.6202393948917,968.3549729465338,0.08336613483807098,0.16835275582770193,210000.0
Random_2156,793.6594977511315,1065.2579243641915,0.05052749946831245,0.09316929155230655,210000.0
Random_2157,572.6978415937718,832.8640365445494,0.06840798240269509,0.13077710522958108,210000.0
Random_2158,579.2313435301386,831.1638604871249,0.08347589383249152,0.17053644380114144,210000.0
Random_2159,465.64640311349393,693.6871924168706,0.0791104276802174,0.15897255652792724,210000.0
Random_2160,505.46557639674955,713.3792447442834,0.09070427358640001,0.19220064109030033,210000.0
Random_2161,629.4144222346963,860.37548497322,0.05899875358564755,0.11336573217665984,210000.0
Random_2162,516.9688884507839,769.8469569301062,0.10933265222222498,0.2347722513710938,210000.0
Random_2163,676.9787741479581,930.7246482636792,0.08205020235466946,0.16887632208525452,210000.0
Random_2164,534.6980831721802,794.0206104892114,0.11032446052206288,0.23643356005877417,210000.0
Random_2165,520.1304680714367,720.7809086259272,0.05350925573784587,0.09891383602117007,210000.0
Random_2166,532.6459000976317,787.988706400132,0.08561943106845853,0.17286509463359298,210000.0
Random_2167,804.2560408350865,1119.724283768115,0.06875570303114527,0.13323955059541678,210000.0
Random_2168,710.3822710863311,1009.0163492125148,0.06466163619747456,0.12082822660446087,210000.0
Random_2169,616.0299092927025,869.1186452920521,0.0912696739155459,0.19163629539355287,210000.0
Random_2170,518.7628456050604,768.029495529529,0.08219208667964198,0.16705659228468764,210000.0
Random_2171,715.0794982334965,1022.5267023092421,0.10124422899039079,0.2120809970846636,210000.0
Random_2172,561.0135028670633,810.9133837002696,0.09444688856224238,0.19883448740987725,210000.0
Random_2173,751.2910636398437,1007.3398415809128,0.07025614616293831,0.14642604463775818,210000.0
Random_2174,747.7004729473994,1032.010042051917,0.08527434181170633,0.17731278990999902,210000.0
Random_2175,582.8318539997822,820.5712210150205,0.095187780907965,0.20293995388183975,210000.0
Random_2176,712.4584695037038,1036.4370509784585,0.11835517881747219,0.255405006374101,210000.0
Random_2177,791.8550213240154,1104.389620348184,0.07411902599169644,0.1464630348513703,210000.0
Random_2178,406.54384155031306,610.2087162448515,0.07903536191192795,0.16120563009349176,210000.0
Random_2179,733.4434221348608,1030.3885351038814,0.06141076725940006,0.11323467162894875,210000.0
Random_2180,748.5597759840892,1043.9045221314752,0.08293270624082276,0.17150713564962117,210000.0
Random_2181,545.7833677997698,789.0887725910723,0.09816304620977312,0.20708030278130707,210000.0
Random_2182,626.6448487692675,890.4733705479313,0.0759451476514094,0.15267131230849898,210000.0
Random_2183,781.7993991541023,1100.4190517638483,0.06996729423705564,0.1367708038689774,210000.0
Random_2184,777.5750247499284,1044.9257889363282,0.06248396302966297,0.12638229051652822,210000.0
Random_2185,708.167017293435,989.8576026980163,0.0750887753043184,0.14761479809210104,210000.0
Random_2186,549.2984505837234,790.8361239699876,0.10133418183035259,0.21635655953083982,210000.0
Random_2187,538.1583931242285,745.9379948712389,0.06652912023615945,0.13417807994151404,210000.0
Random_2188,595.000553791476,874.9043607054929,0.07828186363837134,0.15147614449181776,210000.0
Random_2189,428.13589737850236,654.8893060274364,0.09159557955887287,0.1912907662879907,210000.0
Random_2190,503.93571526417577,773.446536638054,0.08159831353506695,0.16247826320692674,210000.0
Random_2191,627.6434792818371,881.1632844050381,0.07220122158701073,0.14233272480327736,210000.0
Random_2192,792.4572255283507,1106.5556038298048,0.06965334920455196,0.13342140212237416,210000.0
Random_2193,570.7721255200969,794.7425672835874,0.06471870404358272,0.1263328686125454,210000.0
Random_2194,488.18995425824016,752.6001778683528,0.1053937797672024,0.2220211715167246,210000.0
Random_2195,711.3479382673132,1026.3123290079939,0.09908198063405424,0.20506370486694447,210000.0
Random_2196,550.0038770001346,829.147871113664,0.0958752229287491,0.19574753565047345,210000.0
Random_2197,418.70236979698393,630.8017579006938,0.07565728858092854,0.1532342009991239,210000.0
Random_2198,612.3716523123215,840.8340939962847,0.06472069212271332,0.1255372675744244,210000.0
Random_2199,790.4721898474127,1112.9680970963743,0.08800890380297999,0.17959463104842507,210000.0
Random_2200,445.0576539571717,691.076189375858,0.08978019583446506,0.18116024748646695,210000.0
Random_2201,713.2908709425408,1019.1554956648358,0.10604901952515927,0.2258175886004158,210000.0
Random_2202,836.9934326780864,1161.543438860915,0.06484682825107534,0.125757147934639,210000.0
Random_2203,718.5966273108538,974.6519769198314,0.05493037676015401,0.10330497099845085,210000.0
Random_2204,743.3487460714497,1018.5145477313749,0.07021725117256175,0.13868497484913395,210000.0
Random_2205,780.6848739461843,1063.4030242390802,0.0605595746970979,0.11841817084332261,210000.0
Random_2206,425.30458538887257,687.1638218580609,0.07604118935578905,0.14689969794672902,210000.0
Random_2207,749.6136044740438,1005.2145747510152,0.06941779023447003,0.14474796450359,210000.0
Random_2208,798.2920391071383,1081.0800384528277,0.058874478753186604,0.11538082940433275,210000.0
Random_2209,564.3511669822724,781.66318154625,0.08866455386752667,0.18872335437045776,210000.0
Random_2210,607.6296279357089,872.8105442980952,0.07614199798462581,0.14946362925866913,210000.0
Random_2211,623.9052471418349,854.3485080669377,0.08278533012091528,0.1728598350426424,210000.0
Random_2212,593.3268530263335,858.2962265507157,0.08956691622778978,0.18370355157122603,210000.0
Random_2213,724.9505085772366,1019.1240592139804,0.08630361953051,0.17694535778278916,210000.0
Random_2214,739.6601012586771,1007.9115907591281,0.06501584610626143,0.12702233219629092,210000.0
Random_2215,537.7040661736775,755.6604632099024,0.08727749154661382,0.18210013404780045,210000.0
Random_2216,706.3334096514801,958.0152228543244,0.0710541397000001,0.14257853284473923,210000.0
Random_2217,664.4618303155519,964.3231925194063,0.09166376430023764,0.1896819967550175,210000.0
Random_2218,650.9899166041267,881.7941691313799,0.059664139096696614,0.11404999989573007,210000.0
Random_2219,767.4455058038105,1055.5184454004723,0.07856872285722337,0.16310296448665576,210000.0
Random_2220,503.15047787326245,713.4858004780291,0.07128142523541449,0.14071538520381724,210000.0
Random_2221,453.71361009135416,699.8854683768147,0.11261026967776584,0.24201190016996738,210000.0
Random_2222,685.4591378676166,991.9772938235446,0.10349560397025027,0.21803137097886824,210000.0
Random_2223,611.1257132671774,856.3764407418084,0.05442244303385449,0.09763244065657228,210000.0
Random_2224,805.6268779194688,1129.9367735175617,0.07339422799242422,0.14504362549986316,210000.0
Random_2225,674.0464669191376,917.6502203093344,0.06360654058102913,0.12703118740724226,210000.0
Random_2226,569.5519624927425,781.4875676991767,0.06902179103071712,0.13954333678847167,210000.0
Random_2227,702.5358734236864,951.8104468223538,0.07216319159958792,0.14786893349017552,210000.0
Random_2228,685.0219770965147,969.0386693528144,0.07907826939975447,0.15943815021749463,210000.0
Random_2229,797.9465975425395,1103.038987204637,0.07067033387029527,0.13954475438183053,210000.0
Random_2230,713.4097257912499,1023.3787835133107,0.10007892426787494,0.21013478648477568,210000.0
Random_2231,667.9077405015138,935.2106122649665,0.06493905364078778,0.12292256350131933,210000.0
Random_2232,473.5326037485008,737.1006135936842,0.0918659681005538,0.1891145567565369,210000.0
Random_2233,597.4926729649446,862.2235131552245,0.08041624529337218,0.16151786420473402,210000.0
Random_2234,787.3886876290998,1053.3219582613654,0.047837458266631896,0.08589602690767573,210000.0
Random_2235,679.215348479168,945.7399918498082,0.08052997533849283,0.16676250572521736,210000.0
Random_2236,753.5863107657955,1077.3533099354747,0.09327537404358317,0.19390278678731998,210000.0
Random_2237,496.1506734961878,715.6473491607849,0.08578982899421166,0.17585878304413466,210000.0
Random_2238,502.14377258411935,727.6622902526451,0.06511451689652531,0.12624779740527492,210000.0
Random_2239,790.8373096689154,1100.9597562109097,0.05984361022477014,0.11087576572318668,210000.0
Random_2240,739.3339505651193,1026.190386626162,0.06513781333526247,0.12337769189692177,210000.0
Random_2241,753.5817493151235,1019.0878025952985,0.06647570370527184,0.13403314138721364,210000.0
Random_2242,604.6916704366876,843.8803744728116,0.0717195860727735,0.14250193577260273,210000.0
Random_2243,733.6560260003077,1015.2523973613437,0.07968042561719516,0.16173450118309265,210000.0
Random_2244,774.5134691873907,1034.9581057653074,0.05287510672401436,0.10191358063454717,210000.0
Random_2245,661.6086772579986,899.9793853557417,0.08156586893913428,0.17299973954078934,210000.0
Random_2246,534.254319810488,765.3844168486002,0.10081570350298485,0.21599003529286998,210000.0
Random_2247,618.3113665109043,908.5821283532554,0.09523533912904654,0.19344631015459277,210000.0
Random_2248,610.6139441196128,871.2273292397912,0.06768875859110128,0.128162335674593,210000.0
Random_2249,769.8006183774168,1030.9432759987908,0.059840917088370624,0.11822676482746344,210000.0
Random_2250,477.4865451594201,720.7068253818311,0.07331737345717157,0.142344200274598,210000.0
Random_2251,525.7376801101152,780.1452316769397,0.08069481444243905,0.162794390620501,210000.0
Random_2252,499.11024253957885,768.3737479511042,0.10433162423515462,0.216994161791808,210000.0
Random_2253,584.0651696571243,810.5075691859167,0.08090300929322153,0.16603715961876556,210000.0
Random_2254,581.3115911804477,810.7775493854949,0.08859384048176336,0.18579438926531502,210000.0
Random_2255,785.1950166000543,1083.6235470885235,0.07975550364670424,0.1651500128494888,210000.0
Random_2256,566.5300869252733,843.346561565483,0.10455248312422175,0.22105318674160745,210000.0
Random_2257,505.5938974281232,730.3568305863461,0.09033276174636155,0.18968941707029785,210000.0
Random_2258,736.9696282790727,1022.7610399356954,0.0759051247997889,0.1545369106127122,210000.0
Random_2259,619.4066386113806,899.1586109064292,0.09791557394373035,0.20342926999872252,210000.0
Random_2260,729.8377754523442,981.5540816394547,0.05232136179486141,0.09582351133799744,210000.0
Random_2261,826.9717320571987,1156.3436346041947,0.06588828135484195,0.1248145772905839,210000.0
Random_2262,440.77293813204346,673.7198652504086,0.06582217780180136,0.12232890713948795,210000.0
Random_2263,682.4909795412592,925.3272614059958,0.06706338587175455,0.13454963645645052,210000.0
Random_2264,693.5991646701482,978.6734886038406,0.07219636447338967,0.14042729323575584,210000.0
Random_2265,775.7855338259894,1111.4496862457188,0.10526871173190096,0.22231697187132826,210000.0
Random_2266,795.3329622966949,1085.683619392192,0.06628805200625866,0.1309298280342302,210000.0
Random_2267,559.939119266428,793.3153936054241,0.05427233587829902,0.09670162297803278,210000.0
Random_2268,575.9426280179758,805.1558588247948,0.07692798309588766,0.15550350859596188,210000.0
Random_2269,726.257905371576,973.04823865845,0.0593140977821552,0.1145278020662176,210000.0
Random_2270,409.194871331209,625.8152123601537,0.08464881861924023,0.17386925578932136,210000.0
Random_2271,713.1391637726606,1010.8068635251325,0.08594677776146582,0.1765441603094569,210000.0
Random_2272,741.9495960763683,1032.8562536903255,0.08683992945587427,0.17972382367294013,210000.0
Random_2273,435.08975330515085,672.248545875053,0.08578149324009421,0.17539167174921708,210000.0
Random_2274,786.0710902091979,1059.844959025657,0.05096474064901885,0.09275535727903006,210000.0
Random_2275,546.1013297611113,788.5092631659355,0.10352225080168868,0.2224048246605574,210000.0
Random_2276,652.260771591814,886.1908155962547,0.059884473097096054,0.1175700942582208,210000.0
Random_2277,767.0226543261008,1023.4476923005485,0.0589923705278202,0.1158634485301698,210000.0
Random_2278,580.0014349063895,866.1586211902264,0.09806990436070963,0.20131882654095906,210000.0
Random_2279,636.3697590618965,916.6088042585951,0.0813180559248382,0.161830048300921,210000.0
Random_2280,748.1225287030702,1071.787299629905,0.09965510793713848,0.20780248145764574,210000.0
Random_2281,799.4796206364858,1138.2362509921447,0.09919764183486596,0.2083621521549017,210000.0
Random_2282,651.8577265139886,895.7778207834571,0.05791800363400246,0.11081297358273504,210000.0
Random_2283,768.9215489717658,1062.0754240155954,0.083926902546415,0.1736566440144865,210000.0
Random_2284,595.9165729377835,879.0149547926194,0.07875384890909466,0.15620543411766233,210000.0
Random_2285,637.2608711744809,912.095965180307,0.0967668971181775,0.20424618077121068,210000.0
Random_2286,672.8551007968827,912.4014287209502,0.07557237111915714,0.15403428492441912,210000.0
Random_2287,702.0494520422845,958.2205396676683,0.04780756739946829,0.08364716496595889,210000.0
Random_2288,689.0058234067687,942.0056004607125,0.08816393947505692,0.18670128791358173,210000.0
Random_2289,689.8685950776223,989.4278697102015,0.09246908252565816,0.19144960709117287,210000.0
Random_2290,493.7773089080974,688.5100028681068,0.06207610101611794,0.12312419292436406,210000.0
Random_2291,609.2558834818002,848.5916691007332,0.08106811103238853,0.16851327339064154,210000.0
Random_2292,471.61645255697243,703.7803352303533,0.06627125539911358,0.12700599642697435,210000.0
Random_2293,745.9044898570082,1045.0343313546684,0.06940522632990166,0.13533570263565714,210000.0
Random_2294,733.0300952438702,1013.6603378792435,0.08734845354281107,0.182532380707916,210000.0
Random_2295,679.6420910288379,945.5092065853645,0.09038990156994264,0.19133510938651657,210000.0
Random_2296,539.8441566283518,810.4178434061959,0.09676183877418706,0.1984258567310079,210000.0
Random_2297,734.0986446770509,992.4312849449415,0.06801226708791357,0.13551376475071253,210000.0
Random_2298,813.5438288822603,1116.951795519426,0.05891305240554071,0.11125724212777144,210000.0
Random_2299,783.2716228649576,1081.2493545363156,0.05996470326065697,0.11281943182724294,210000.0
Random_2300,653.7275131259917,922.2623666354494,0.09844963427289939,0.2088885057212107,210000.0
Random_2301,457.09309240958186,700.5056414615914,0.08593528765966282,0.17264735572019063,210000.0
Random_2302,394.23919134707273,593.8004322948078,0.09077927254877664,0.19050518562809898,210000.0
Random_2303,541.8719372306737,796.9388161042863,0.10057710794855872,0.2109609720225998,210000.0
Random_2304,736.9727509425227,1043.0714538800275,0.07283606414505184,0.14385186709994466,210000.0
Random_2305,762.6037932948394,1089.4431407992768,0.10539314685464518,0.22400097354635343,210000.0
Random_2306,727.058008436776,1014.8735584117321,0.07658181424166803,0.15456582073920092,210000.0
Random_2307,551.4915604202262,773.0230769987902,0.08894153941279975,0.18909939686113003,210000.0
Random_2308,662.0922346541743,930.0526784174439,0.09998154049993864,0.21359325591062717,210000.0
Random_2309,771.5968986007308,1074.3031354515151,0.07989901122079243,0.16018595519690268,210000.0
Random_2310,649.2022381529663,902.0395445407974,0.08543046654533273,0.1761580098235678,210000.0
Random_2311,428.2632581565798,671.2735103412247,0.07025965531200296,0.13361161068453126,210000.0
Random_2312,732.7133833421715,1023.2673359910085,0.06160501054095188,0.1147437497461726,210000.0
Random_2313,505.69005584287333,784.8899615144455,0.1066443344881039,0.2245185150642709,210000.0
Random_2314,702.4350826443773,989.5633261990756,0.09386498621312628,0.1984491405688288,210000.0
Random_2315,666.3581920911242,904.6023840056132,0.054683378117746165,0.10100885584349367,210000.0
Random_2316,791.3214401725369,1048.7306231164025,0.03940624800071854,0.06684510868273678,210000.0
Random_2317,495.8830095621708,709.6760484606926,0.07805416523484919,0.1573052289340065,210000.0
Random_2318,594.2394116962234,836.3016948274199,0.0847924519099644,0.17661157499802407,210000.0
Random_2319,443.87025088232787,666.7445199816476,0.049783045780608645,0.08386332833898968,210000.0
Random_2320,767.5684044508255,1060.1541939550495,0.06137581155610544,0.11472258092634349,210000.0
Random_2321,749.2919976484158,1001.3134046337836,0.04334673129459266,0.07449460248443995,210000.0
Random_2322,594.4562809999601,818.7327806818283,0.06659194595630817,0.13245844744208668,210000.0
Random_2323,481.94498682216124,736.1591873161125,0.0857288610413398,0.17034335397111902,210000.0
Random_2324,608.6713075624825,831.4220793936181,0.07150917935709596,0.1428281913097751,210000.0
Random_2325,576.8959194396333,794.2156850649383,0.053841611597215934,0.098766742543171,210000.0
Random_2326,471.96442360856554,710.4969237597602,0.08831428302866996,0.1820928693749909,210000.0
Random_2327,661.57356617552,899.1413474819799,0.04725195396138865,0.08303060651155847,210000.0
Random_2328,663.0594768281219,921.2751093614779,0.08709169313297108,0.18106572585127978,210000.0
Random_2329,441.2549845757891,648.9050301175952,0.05992410057394151,0.11144486349041513,210000.0
Random_2330,810.0494325771934,1106.733748294919,0.05435871100387389,0.09961641822982112,210000.0
Random_2331,642.4028915601405,888.4055465826285,0.08249154203890244,0.17114891425726653,210000.0
Random_2332,455.5605099503205,652.3747105609141,0.06070157847453442,0.11477496395182668,210000.0
Random_2333,780.7602999954044,1105.576523881109,0.08800385857642468,0.18163496275062394,210000.0
Random_2334,759.8040742187231,1013.1243542656109,0.04689241699408633,0.08383978124168795,210000.0
Random_2335,440.31361403356334,639.7942564050577,0.07259151751355818,0.14641916364017254,210000.0
Random_2336,523.227101866058,724.9921432619775,0.04521897028530859,0.07772389420314169,210000.0
Random_2337,585.5098524774562,829.7482946107746,0.07194222142904598,0.14020093282179094,210000.0
Random_2338,587.4522200499295,827.2291407783362,0.05690399834144014,0.10506628346343494,210000.0
Random_2339,422.9717478466883,675.0188591967044,0.0700384743773487,0.13088110463496722,210000.0
Random_2340,532.1128086494764,805.8862634908901,0.08330531252376176,0.16580872017596593,210000.0
Random_2341,767.0204687325794,1036.6355677003494,0.06159348058622659,0.12006334236973507,210000.0
Random_2342,631.71878435213,872.6547751911054,0.06265206017374847,0.12340154560736934,210000.0
Random_2343,697.7801344837515,937.6578823469713,0.06829336854842223,0.13836079306355942,210000.0
Random_2344,625.3836122567378,869.2969470499602,0.05728884261288483,0.10643462934237684,210000.0
Random_2345,432.47969995606616,638.3261320694588,0.08629077032607385,0.18064389200242428,210000.0
Random_2346,782.8552700047296,1060.2092260122704,0.06393000852613377,0.12517778352478734,210000.0
Random_2347,712.5219273287729,997.7591993375864,0.08591801769178338,0.17872046109340117,210000.0
Random_2348,544.9216477536913,795.7549077959928,0.07693486990126289,0.15366068553105544,210000.0
Random_2349,504.0303492420676,702.3718111621904,0.06328015845946855,0.12612147832486612,210000.0
Random_2350,392.7358472425751,624.0061637936827,0.10154122604532043,0.2129579458687038,210000.0
Random_2351,690.0913687747162,938.6887601629322,0.059517478139462475,0.11413711751242273,210000.0
Random_2352,555.5150970268663,817.372141976144,0.10229930396864588,0.21578733174324768,210000.0
Random_2353,678.0680660364244,967.1192815551884,0.09264997839994832,0.192147957641281,210000.0
Random_2354,734.0230537816163,997.1281317578569,0.07354300261492519,0.15250920576559499,210000.0
Random_2355,662.6044348497834,907.3929524370229,0.05216778647910536,0.09562926935701413,210000.0
Random_2356,705.9875577891028,957.1589156742644,0.07553012003730447,0.15798343540504872,210000.0
Random_2357,731.0868140832387,983.976504997808,0.06302408094766682,0.12400019760432396,210000.0
Random_2358,641.9358224788434,884.4203607407011,0.06448054791677617,0.12639508646138636,210000.0
Random_2359,649.0979235581955,942.5091805666651,0.10872224102796377,0.2322815905950925,210000.0
Random_2360,850.7748690171138,1188.9832212578074,0.06514058314181011,0.12322225330585551,210000.0
Random_2361,428.9326954891038,631.1837294150538,0.07497164754996194,0.15065177856854017,210000.0
Random_2362,637.7487093634727,925.5467637487959,0.08181038176620438,0.16467429356235644,210000.0
Random_2363,661.3677338328654,911.0554898079407,0.0862370910466956,0.18258739971754429,210000.0
Random_2364,570.039749751573,804.4782619475044,0.0624857704979484,0.11779046729230805,210000.0
Random_2365,543.7633640646483,783.1467090581526,0.05802052922786882,0.10521233084949463,210000.0
Random_2366,724.5044704297117,1033.243909286858,0.08803244566225867,0.1779279938341567,210000.0
Random_2367,662.3924369959516,956.1384495429407,0.08017103811795666,0.15678853830633097,210000.0
Random_2368,608.3867753273062,874.4980981060683,0.06412338630871814,0.11934046044543085,210000.0
Random_2369,713.817015196554,964.1826878653112,0.06563155833920531,0.13354529339323518,210000.0
Random_2370,584.8130783078542,808.4747071729299,0.06313445466022445,0.12250181734685028,210000.0
Random_2371,779.9608765158108,1084.02380523499,0.08724137730413874,0.18247073617700393,210000.0
Random_2372,713.9300975818188,998.9996591242764,0.0841932128578575,0.1750445065239804,210000.0
Random_2373,732.0514187311514,984.4124005834534,0.07165182842885487,0.14699256382904957,210000.0
Random_2374,656.737179252596,941.4140628324886,0.11024898761830916,0.23798428631624596,210000.0
Random_2375,522.4870378879605,775.6841189645976,0.08656389438373319,0.1748231377022474,210000.0
Random_2376,767.0144555299232,1086.1392602530605,0.09174610709978351,0.19176092936279113,210000.0
Random_2377,778.9565325994098,1060.6989325702268,0.0684502434004484,0.13516249780732395,210000.0
Random_2378,381.40171685955926,608.3783982564997,0.11188618773713227,0.24116341935691965,210000.0
Random_2379,635.1098280009896,889.0926888301536,0.08375446034913334,0.17234488376149004,210000.0
Random_2380,743.5326504877144,994.1196012042117,0.042949133999908976,0.07357614402332946,210000.0
Random_2381,775.3631681478779,1063.6547965940824,0.06382436337438782,0.12366488901702803,210000.0
Random_2382,678.6886248863563,948.2229161934163,0.0914597343605433,0.19293180151790196,210000.0
Random_2383,626.1533465809698,879.912310405186,0.08792581759492189,0.18285509049734566,210000.0
Random_2384,727.929631147205,998.4319537031924,0.06309582580751466,0.12378216926591105,210000.0
Random_2385,797.0180725706814,1084.2085012629166,0.06211135022507179,0.12090464843008121,210000.0
Random_2386,736.3030080630787,1007.5430055482618,0.06638611275845686,0.13284316419266712,210000.0
Random_2387,572.4417204950691,775.1027916276084,0.048449373878646056,0.08746092799610236,210000.0
Random_2388,777.1566708525542,1073.6108664388976,0.061824240034418075,0.1167690844965277,210000.0
Random_2389,499.9368007869388,716.4072273372747,0.051417997364106294,0.09029731967003482,210000.0
Random_2390,535.2902944058286,804.9906032896129,0.09666647439503817,0.19794414728470086,210000.0
Random_2391,605.3063790637086,874.0913688223443,0.09788830567351854,0.20506130802594935,210000.0
Random_2392,559.4661461383802,793.8915447740835,0.09026820894822016,0.18922333216517748,210000.0
Random_2393,552.3059925908449,767.1080368335155,0.07679755260271788,0.15907420293506747,210000.0
Random_2394,793.166493038555,1082.8278337729814,0.06033764871589896,0.11451446858870876,210000.0
Random_2395,659.1121896679263,957.2689667784157,0.10170184243980414,0.21217785286227864,210000.0
Random_2396,665.2934832540146,974.0671154927305,0.11434767454824078,0.24512659361926878,210000.0
Random_2397,763.8183824042447,1061.8570055548278,0.08432816559745428,0.17480882873486997,210000.0
Random_2398,477.3678488591131,722.0489656367848,0.06613285911185292,0.1237427329635147,210000.0
Random_2399,658.7140489428924,907.242098082939,0.06603118782346476,0.12835889645842066,210000.0
Random_2400,551.822357646526,836.6031302616746,0.11532874568857748,0.24600080605385846,210000.0
Random_2401,546.9357388429096,773.2248363215112,0.08243774716071796,0.16900390317738556,210000.0
Random_2402,744.6663079723966,982.894810178699,0.03468565602597183,0.05438035720083522,210000.0
Random_2403,733.2365766530257,1009.7192454050964,0.0974932910580984,0.21052438133615928,210000.0
Random_2404,660.8589253891042,934.3332135175997,0.0841575552070209,0.17240475667930272,210000.0
Random_2405,583.3400218569801,831.7656018803218,0.07910864959197525,0.1596143942455894,210000.0
Random_2406,758.417436115032,1012.1623212381554,0.04701953982499023,0.08450289118399955,210000.0
Random_2407,685.4679445294348,948.9286896022726,0.0976971618599138,0.21124343704947726,210000.0
Random_2408,694.9195314977858,960.0889739624115,0.0859182712389139,0.17906647676860352,210000.0
Random_2409,723.8035113977429,1010.8456668334464,0.07995509283152227,0.16489230708772534,210000.0
Random_2410,690.3820073980044,977.5605258743211,0.07297542803161161,0.14202243492624828,210000.0
Random_2411,768.5399628518617,1057.2347612438655,0.06668980332342961,0.13159232938656612,210000.0
Random_2412,462.851658447838,670.8802181627149,0.0922680174626378,0.19552251186826264,210000.0
Random_2413,732.1496363068009,998.8442526170803,0.06608986281470354,0.130667972945186,210000.0
Random_2414,799.3128840081388,1100.985873626692,0.0714382177950672,0.1411404537808572,210000.0
Random_2415,729.1211221798022,1021.1955330638752,0.059487672899568265,0.10814553745114344,210000.0
Random_2416,426.6491906397398,640.0026724558885,0.08507161950425604,0.176609449512316,210000.0
Random_2417,548.3477139036526,762.5553583850051,0.0631746480831495,0.12372285715160933,210000.0
Random_2418,720.7892706684532,972.1599542835497,0.07776667626800023,0.16461547409173546,210000.0
Random_2419,671.1990658219323,914.7443869138713,0.05463191426202965,0.10269116609073928,210000.0
Random_2420,734.4096160552795,1002.492892822306,0.079564689525765,0.16606628311281618,210000.0
Random_2421,638.1598627193148,871.8405287226592,0.07708566413903462,0.15769943019062085,210000.0
Random_2422,647.8154033540583,947.0393396401271,0.10711727486145628,0.22661989176758976,210000.0
Random_2423,810.1123205126416,1134.8693716438306,0.06254811762049325,0.11547080233251458,210000.0
Random_2424,593.2696094770761,813.9431096844776,0.07499261826496252,0.15578055761042567,210000.0
Random_2425,604.4668260505454,828.9775565382182,0.08261882823236245,0.175327344088139,210000.0
Random_2426,625.6732472530649,862.9450953251642,0.08099390948165129,0.169204840031128,210000.0
Random_2427,699.7914246414839,989.374897922872,0.10072393199527288,0.213646250969138,210000.0
Random_2428,507.84728349655194,757.3979046276114,0.09903830326668937,0.2073722864462954,210000.0
Random_2429,661.0105330560624,915.3312811687423,0.07189562156548639,0.1463235620122692,210000.0
Random_2430,781.8425031759966,1066.8531555416798,0.0731710644365556,0.15138819024125597,210000.0
Random_2431,762.82999943024,1065.5931071902296,0.0861123383928801,0.17576751084291403,210000.0
Random_2432,584.4580594369583,869.6472143654357,0.1011951862084432,0.20889866509546295,210000.0
Random_2433,733.7300109860453,1031.1404909034823,0.08697807386657846,0.17770694020667127,210000.0
Random_2434,748.0493165641473,1032.3713087612655,0.05332550441098449,0.09572339963261497,210000.0
Random_2435,549.343194213032,797.38662820064,0.08161964286921104,0.16732020376019274,210000.0
Random_2436,681.1571951036252,924.4192832172192,0.06438895307387629,0.1254332407587544,210000.0
Random_2437,714.6826952668098,1024.6046530001406,0.10772456016174058,0.2305264280040938,210000.0
Random_2438,468.78785802309596,729.9430317532284,0.10290172680155825,0.21634383183087982,210000.0
Random_2439,798.1253015380676,1134.5110756450806,0.09694985791781333,0.2009588330080727,210000.0
Random_2440,653.2301993884952,907.4142001375506,0.10039490532196801,0.21791609977127976,210000.0
Random_2441,597.2129821093903,851.608608508147,0.10491788785816193,0.2267348747377576,210000.0
Random_2442,725.6011067034127,1004.842363514377,0.07667470964605679,0.1553511164539349,210000.0
Random_2443,484.8526976932817,732.7115184990699,0.060325108342197044,0.10887877409349553,210000.0
Random_2444,659.8528674883106,911.1419760227831,0.06734759728527281,0.13356717075847174,210000.0
Random_2445,643.7135214747609,888.6640976030102,0.06966848040067843,0.13976646981618457,210000.0
Random_2446,734.4090505558775,1004.2641788341431,0.057485926104449726,0.10747324363940194,210000.0
Random_2447,742.1656865822555,1022.5158562656067,0.09610416059441339,0.2068561215126508,210000.0
Random_2448,797.4250461942923,1115.3107809496253,0.08235345510893939,0.16548886846693364,210000.0
Random_2449,661.6111102308188,930.6265388157245,0.06878782747263083,0.13344576050731882,210000.0
Random_2450,698.8624076356905,1007.1196461432651,0.09089202633782664,0.18571302081713456,210000.0
Random_2451,532.1844742714585,765.3314182354621,0.08183425962465025,0.16643914010424687,210000.0
Random_2452,605.3977852442157,855.2601448673478,0.05178852684469079,0.08957143998597938,210000.0
Random_2453,554.6876615496791,800.7149972359584,0.0975855944561123,0.2066204081021151,210000.0
Random_2454,676.6899405345173,939.4719414880271,0.06818339557432768,0.13284064562859232,210000.0
Random_2455,521.1717460042883,751.2789295235816,0.07722383226815221,0.15744556876604646,210000.0
Random_2456,711.0908342840773,958.4028147738321,0.06084117634431459,0.11743250106348982,210000.0
Random_2457,551.0255997584541,784.7637875987888,0.09967098689971941,0.21455163559053098,210000.0
Random_2458,543.0068782432298,750.6753157503182,0.05737876622441669,0.10727470311519471,210000.0
Random_2459,610.9715739133109,872.3375073961884,0.08065046808002242,0.16094878181260186,210000.0
Random_2460,513.43803033117,755.7587950230339,0.09370128792600342,0.19636661463580285,210000.0
Random_2461,456.3946991793986,713.8957955665156,0.110521867435706,0.23521160361932564,210000.0
Random_2462,374.94204578845915,589.9586811719529,0.08389176951955944,0.16963056507594387,210000.0
Random_2463,623.4031506379962,910.3223235701746,0.07953347561962702,0.15784326250055458,210000.0
Random_2464,635.9529790140299,925.8573729955398,0.09718569613191211,0.20057152569277675,210000.0
Random_2465,737.2422215433465,1052.085900807324,0.09888605118360773,0.20649498191657106,210000.0
Random_2466,550.6873412944077,800.6601444291109,0.0860936976351286,0.17694243692960945,210000.0
Random_2467,573.8273616660924,810.4634466068702,0.0799474257787079,0.16130921459516162,210000.0
Random_2468,679.8032596433927,934.3886620836182,0.09815488648679661,0.2135953373008773,210000.0
Random_2469,608.3256424750846,862.8785066974682,0.09911441840684936,0.21220753755855187,210000.0
Random_2470,726.5957890617015,969.6233991244399,0.04670618890088441,0.08451827949095203,210000.0
Random_2471,711.6768032797823,1007.1420129526331,0.0840335729797048,0.17135790349956137,210000.0
Random_2472,539.3512054898391,745.4105031068311,0.04831899514897481,0.08513353969167273,210000.0
Random_2473,377.71681654161733,644.6384192633284,0.11085250931388796,0.23229003106169369,210000.0
Random_2474,574.7174278870702,791.804319086479,0.07986801688325633,0.16530028996988252,210000.0
Random_2475,608.8511594023395,867.2412160270534,0.0857626827267282,0.1739331145858804,210000.0
Random_2476,740.6038554864323,1012.3822156249935,0.0842839080362043,0.17784459215631812,210000.0
Random_2477,691.1523894160719,951.4460931533671,0.06139726250203883,0.11703117288219674,210000.0
Random_2478,517.7183654063696,740.3162283494761,0.07510257922283718,0.15039212932974808,210000.0
Random_2479,470.2544396554717,713.5983812234853,0.08977932951406671,0.18525120154542976,210000.0
Random_2480,715.3192377908157,987.7129117803148,0.0921647929564,0.19562867701561093,210000.0
Random_2481,593.3885266422375,813.8547022318625,0.06011510539278559,0.11427825920692322,210000.0
Random_2482,666.6476405038175,902.7456484191962,0.06649417624303242,0.13571160538773966,210000.0
Random_2483,578.4032605799699,819.6787283848389,0.09055440251205046,0.187949994177272,210000.0
Random_2484,792.9356736426842,1079.733901098125,0.04916514552120857,0.08635899462982738,210000.0
Random_2485,703.9989100375685,979.4208765693082,0.10075344832100053,0.21817012549252754,210000.0
Random_2486,802.4877411580362,1099.490752229321,0.05958885990328307,0.11370336547347817,210000.0
Random_2487,610.8025470935361,838.150850041322,0.055098922943266224,0.10283106975355856,210000.0
Random_2488,718.5067538382917,983.7703715244032,0.07666565543515824,0.1573061023206882,210000.0
Random_2489,731.1624939683626,1035.5426285431543,0.0765973104197816,0.15315510061473317,210000.0
Random_2490,464.5555423684429,700.3195670672263,0.07927786987747576,0.16022001259623914,210000.0
Random_2491,649.6569973252346,873.312876186489,0.06204336841024887,0.12387634123399621,210000.0
Random_2492,629.0653828459741,887.0031002580881,0.07549298874079845,0.14954504462798593,210000.0
Random_2493,708.2546186826189,1011.8625593798267,0.08966855405764539,0.18530797633574145,210000.0
Random_2494,447.3346681706909,690.9506952567707,0.11050053684539879,0.23673014476678803,210000.0
Random_2495,674.8860803123625,951.4419891758035,0.07373530013723227,0.14534842088531297,210000.0
Random_2496,467.96606109216634,717.4330244297973,0.0807073665895466,0.15806828521906105,210000.0
Random_2497,707.1379987623609,981.4330607933504,0.08841666829799665,0.18349966888832675,210000.0
Random_2498,437.4535609514201,699.8272748062103,0.0962850885961005,0.19769429862874,210000.0
Random_2499,649.0410392069837,913.0039709000824,0.08521424429564216,0.1759987266957074,210000.0
Random_2500,775.207302845033,1064.1267772130193,0.06345773276777783,0.1214925496990974,210000.0
Random_2501,773.787805633641,1052.4898035970293,0.0738953137117194,0.15194514116158986,210000.0
Random_2502,738.0456599197922,1034.6785863148498,0.0941370462991743,0.19642046824828988,210000.0
Random_2503,693.741345809907,986.3839765114999,0.08131654818218527,0.16501832308260742,210000.0
Random_2504,709.7332221564451,973.5982944274845,0.05863359124358478,0.11169720421963665,210000.0
Random_2505,601.6727544956766,842.1985907847262,0.07624882702882461,0.15227053536995905,210000.0
Random_2506,608.319248433608,823.3598046994729,0.05905256335482868,0.11299476665976278,210000.0
Random_2507,575.5593849822283,862.185017842511,0.10559149803205134,0.22236478431787338,210000.0
Random_2508,510.6381802493113,709.3175211203016,0.06607963772319883,0.13133214780714036,210000.0
Random_2509,735.9610539228721,1028.4253438953847,0.06406269944095586,0.12162695526953847,210000.0
Random_2510,799.3899224541336,1059.0628711757986,0.04031971050649963,0.06855128336730001,210000.0
Random_2511,470.94758948292065,677.9797884626882,0.08294538345148635,0.17184944709429562,210000.0
Random_2512,506.5681355142408,736.4827102281121,0.0998612891257736,0.2138264077334941,210000.0
Random_2513,736.4401550842957,1056.161294471744,0.0992762944411621,0.20873038109913172,210000.0
Random_2514,498.38274528679483,704.4531573115183,0.08001257205827429,0.16710558019787214,210000.0
Random_2515,453.5771455906654,725.4852881084428,0.10657264848177345,0.22322553409563983,210000.0
Random_2516,380.7712319857499,569.8290186077179,0.05949839955189236,0.11334592901663071,210000.0
Random_2517,588.3557609255683,857.2439688491565,0.0756111887622649,0.14715521247319743,210000.0
Random_2518,735.8968289188451,1000.4609828187856,0.0656397728650594,0.12851848264066595,210000.0
Random_2519,719.4549050742979,1000.6024510883013,0.07627395421444938,0.15128005865896457,210000.0
Random_2520,432.077882115294,628.5513283587554,0.06173070398065453,0.12019701841710352,210000.0
Random_2521,638.9705839324246,894.6176558150636,0.07303669745739957,0.14592145472429027,210000.0
Random_2522,709.1843236828598,1019.0693790938715,0.10503001565470953,0.2217960850981279,210000.0
Random_2523,675.929631563145,938.564185891353,0.08312019792135698,0.1708253188360474,210000.0
Random_2524,500.59660552178417,714.1340941809606,0.07638327851898646,0.15462793949425177,210000.0
Random_2525,554.1910958278644,772.1415209992967,0.07592889007578171,0.15483495107849296,210000.0
Random_2526,613.0474345076908,883.006188688445,0.07173118925418596,0.1405690275622826,210000.0
Random_2527,727.1496958175401,994.5767690451005,0.07742484826727938,0.1613754209242065,210000.0
Random_2528,769.3295810604003,1019.5365435134222,0.044974892488417476,0.0813667821625733,210000.0
Random_2529,487.3138345236916,711.5853872159006,0.07951713536361055,0.16051175587127914,210000.0
Random_2530,374.73938893011785,573.0238586985424,0.06468198254522949,0.1260235336359043,210000.0
Random_2531,577.6373727411352,834.320393165772,0.07400845930929127,0.14464724575039578,210000.0
Random_2532,547.1064206522842,765.23687218381,0.09403429762919469,0.20178486653715452,210000.0
Random_2533,561.9915895693348,817.1567949485755,0.07525773093578897,0.14652285550575123,210000.0
Random_2534,611.1981132011441,890.3189567246249,0.10632790245697202,0.22700415462041013,210000.0
Random_2535,792.5917581906529,1057.0721970490742,0.04801715495676266,0.0869685078891162,210000.0
Random_2536,831.7316899856951,1157.3024034006548,0.0574895400469108,0.10378982796578654,210000.0
Random_2537,394.30212814196074,591.5897546728484,0.05581446394138555,0.10210519179809202,210000.0
Random_2538,714.5687069332255,1007.5293073458121,0.08633272360572501,0.17874383007712621,210000.0
Random_2539,512.9691885122219,787.7311857874257,0.08752459983987687,0.17762768621763106,210000.0
Random_2540,715.8036288323583,1016.7008244984737,0.08668014419928523,0.17539571050554661,210000.0
Random_2541,472.0269106686726,681.5338985749524,0.0515236242709651,0.09201263860729023,210000.0
Random_2542,515.2392341053622,738.1477481883497,0.09456078423159518,0.19947172423892848,210000.0
Random_2543,792.8001887823706,1099.9598776183539,0.07488412317534267,0.1507281431125348,210000.0
Random_2544,770.1831634555292,1065.6207403356766,0.053538052116876754,0.09414784019689065,210000.0
Random_2545,637.6641360891414,873.4408909158242,0.0867683823016499,0.18428247021126806,210000.0
Random_2546,804.6786634019419,1119.9467137375973,0.07991753442291957,0.16363558691687283,210000.0
Random_2547,658.0659516492963,957.3432413308884,0.0966879902781196,0.20025415999445115,210000.0
Random_2548,559.9798647353028,796.5201428965576,0.08982465789554361,0.18603600599364667,210000.0
Random_2549,733.9886505361593,1056.988633287632,0.10941715106737647,0.2326873301791044,210000.0
Random_2550,576.5140912772114,855.3714034044426,0.08635144373811907,0.17252048344412474,210000.0
Random_2551,430.58142999033794,654.7590132761991,0.08953301894954288,0.18227983279327936,210000.0
Random_2552,589.1115390964308,881.891892260122,0.1096839676741869,0.23196520583557023,210000.0
Random_2553,701.8420580947658,955.4120657380975,0.07471385197639899,0.1538687506591202,210000.0
Random_2554,818.2746472356272,1147.3256826947231,0.06852323666426177,0.13079306708935326,210000.0
Random_2555,506.26692185468795,711.635091324978,0.0820462188128254,0.17303655413237432,210000.0
Random_2556,664.0965984757179,930.2086031623611,0.08603087645634075,0.1774241001614972,210000.0
Random_2557,469.48155317401734,692.8776986307867,0.08946977024198186,0.18339482678816701,210000.0
Random_2558,760.4536202615839,1055.4235494678298,0.06500753655827082,0.12328560155001769,210000.0
Random_2559,502.428774590845,750.4451932194393,0.08208998043658462,0.16321987187828715,210000.0
Random_2560,701.9626911578165,958.7961060711596,0.06718320052877212,0.134051409414728,210000.0
Random_2561,423.0560741469742,621.643995239579,0.07173286385727,0.14153794136242195,210000.0
Random_2562,549.4723203857626,803.6747575057831,0.07228152633142831,0.13931556852335655,210000.0
Random_2563,667.4050894815392,956.0468414523477,0.10168498440504221,0.21381845954657058,210000.0
Random_2564,617.565551589376,890.5537460920209,0.07939569272699205,0.15861697491612967,210000.0
Random_2565,670.4815167614795,950.9038073578924,0.06177228411948393,0.1131510260367801,210000.0
Random_2566,708.0105916176443,980.2975118924334,0.08323641479677597,0.17108045109710646,210000.0
Random_2567,555.5680998027605,833.7582947117154,0.1073061348124524,0.22559039655757077,210000.0
Random_2568,411.62397887416665,632.3699782424319,0.08176779831470402,0.16340063531835264,210000.0
Random_2569,554.9409340352613,821.1776414614104,0.09362325507468472,0.19208121230296096,210000.0
Random_2570,647.6527024406071,883.2586152128954,0.08541029470512355,0.18140067857906314,210000.0
Random_2571,454.3459076777825,696.7613440334309,0.09767114363201743,0.20551467286886915,210000.0
Random_2572,431.40837719084504,637.0630670047607,0.10215777299212617,0.22054571991396593,210000.0
Random_2573,767.0200127765238,1073.2738077201514,0.08894920210873643,0.18439683788968986,210000.0
Random_2574,424.6082631813597,662.3717248267451,0.06791907775596148,0.12974833122219298,210000.0
Random_2575,660.3515524299905,953.75936172285,0.0870248820694864,0.17607205041452798,210000.0
Random_2576,739.6345729052497,1043.8121403131784,0.08476475559405988,0.17444828103366963,210000.0
Random_2577,604.3673026732346,876.406847098957,0.10077334194231644,0.21129550634612135,210000.0
Random_2578,416.507841963505,677.8157524990672,0.09626688554302856,0.19420920880668682,210000.0
Random_2579,725.8553275401434,980.6310308663006,0.07389776281684209,0.15360875514664507,210000.0
Random_2580,776.36600900985,1036.539528994835,0.05562223317622291,0.10959066447812879,210000.0
Random_2581,614.5802191994715,845.1384384762096,0.06480801070544498,0.12620622860827138,210000.0
Random_2582,468.1444930129443,705.2923017104848,0.060437333828774364,0.10938336927781911,210000.0
Random_2583,751.9681074066109,1052.6389390296167,0.08964118421145562,0.18593195424164116,210000.0
Random_2584,784.5239431856926,1106.5322839922576,0.08055440345482395,0.16274033254982367,210000.0
Random_2585,667.1911620885601,904.3655375745724,0.06832973923311245,0.1358950786235121,210000.0
Random_2586,609.738375579382,871.0371604869166,0.08762296564640075,0.17878067748790746,210000.0
Random_2587,606.5645076572715,853.6900466010932,0.08368189742776723,0.17370154619208653,210000.0
Random_2588,670.6798527379208,946.1819945469814,0.07080679647105344,0.14000306606259036,210000.0
Random_2589,703.939607260789,965.6755106936617,0.06721100102293372,0.13139106559754982,210000.0
Random_2590,598.2445168015397,881.9193122112601,0.10836315938384265,0.2307742360735,210000.0
Random_2591,430.17721807808147,672.1947104627517,0.10309898938493545,0.21639500495889832,210000.0
Random_2592,527.5886795234917,759.090110901744,0.08904545162771467,0.18366952337258957,210000.0
Random_2593,793.8918654951334,1090.7242131685086,0.0571779486773253,0.10581654418658604,210000.0
Random_2594,725.8906872784426,1038.3781956775692,0.10065414111878761,0.21115653094765197,210000.0
Random_2595,452.25783691373306,712.3248669342541,0.08610289807444145,0.1737416446095427,210000.0
Random_2596,745.652442901736,1028.0830922104622,0.07121111455355751,0.14044060717387324,210000.0
Random_2597,439.76695324294406,659.494575361419,0.05875827128041269,0.10749853255058159,210000.0
Random_2598,743.171366513384,1009.4282436482865,0.07300948866227713,0.15101063871542877,210000.0
Random_2599,708.59748369246,986.4871914353259,0.08368265023691823,0.17235967864766724,210000.0
Random_2600,479.58253906993156,738.6130512710461,0.07758603227280633,0.14917378165968687,210000.0
Random_2601,659.6930833099763,898.090614079618,0.08566818260620174,0.18281299662071185,210000.0
Random_2602,777.6179389515768,1040.5597088203842,0.04341500967707099,0.07459297680050776,210000.0
Random_2603,512.2040863042338,738.7845877838162,0.09625910002489695,0.2046161958579294,210000.0
Random_2604,636.1134006743149,892.3881633988852,0.05347300322139162,0.094396855507417,210000.0
Random_2605,780.7594756442447,1074.696410284286,0.07938093254399292,0.16519864588790742,210000.0
Random_2606,647.3284274306433,914.2062909502118,0.08269408580388904,0.167937698724759,210000.0
Random_2607,578.5611781036907,862.2854333148599,0.11712184208740613,0.2524320645571811,210000.0
Random_2608,700.2050983245799,980.6234129033895,0.07367407253114357,0.14533071380222562,210000.0
Random_2609,516.1269179972613,739.0084203798306,0.08293960698173578,0.17135314285653966,210000.0
Random_2610,448.8461177134893,655.8589533920567,0.05837440629865832,0.10911275794408123,210000.0
Random_2611,577.6644912371838,849.7978660051242,0.09720940352325615,0.20367884276120418,210000.0
Random_2612,441.64693705137006,642.6954663295617,0.09112753893868397,0.19246227154311085,210000.0
Random_2613,527.8684974142702,751.499954177922,0.05193952242042786,0.09123931001750685,210000.0
Random_2614,674.1860590157684,962.2581625250552,0.08850383349592668,0.18378789972630322,210000.0
Random_2615,692.0914201628071,952.0382572598567,0.04917601021135285,0.08521876788388913,210000.0
Random_2616,786.278017139647,1072.427189686745,0.057396713636065265,0.10871094459838154,210000.0
Random_2617,377.1323663446949,615.0783636706104,0.10111534601887456,0.20937441464796905,210000.0
Random_2618,500.85854899027754,709.7120010796192,0.05599777239278063,0.10529544869840195,210000.0
Random_2619,513.5316415536159,784.6411431180424,0.09400483754788289,0.19442463039816774,210000.0
Random_2620,417.4221941841989,603.7477834315657,0.04422740297227215,0.07417028535763392,210000.0
Random_2621,774.6343521003896,1054.2229329907277,0.0703572824355844,0.14031624138339624,210000.0
Random_2622,704.7179016702395,969.6266296927726,0.07713419351937158,0.15515614181300508,210000.0
Random_2623,591.7661113807197,852.3705658352916,0.0843446175503885,0.17181603542998658,210000.0
Random_2624,445.09227701219714,632.5004847962188,0.04277825060517807,0.07104978769780004,210000.0
Random_2625,635.7917150281484,884.0106908507025,0.06895401833796232,0.13897352176234082,210000.0
Random_2626,741.6659432959896,1029.1649871181874,0.06913858070458286,0.13380387622007114,210000.0
Random_2627,636.8456802787687,900.8044794368882,0.06787608912382227,0.13031881267521153,210000.0
Random_2628,583.1853110402906,853.9072481139845,0.09241228634077733,0.1914980428490758,210000.0
Random_2629,664.5898466173323,895.9392982561209,0.07135883200126096,0.14632032460318226,210000.0
Random_2630,486.60935852804704,702.4949958774579,0.07681982181427524,0.15729356036833408,210000.0
Random_2631,567.0316346024099,793.6821111882917,0.06260885201023153,0.11942273885462598,210000.0
Random_2632,508.7907494398574,746.5885962139081,0.0716074201036269,0.14163033267850322,210000.0
Random_2633,631.2852423971497,906.1966343214498,0.06858527510755826,0.1316248085314385,210000.0
Random_2634,539.4524621602545,761.6562612341361,0.09575684547762084,0.20613607346938678,210000.0
Random_2635,563.0188788053996,822.3773384280871,0.08573163911401659,0.17412663023912092,210000.0
Random_2636,650.5592717032174,926.3572152301919,0.07851943485790641,0.1575665879483409,210000.0
Random_2637,694.1675324272633,966.513685048015,0.07654908713321529,0.15694308349241198,210000.0
Random_2638,372.46087574478923,562.6235861451898,0.0746547332860486,0.15074862914859394,210000.0
Random_2639,388.5586076423194,595.4269827726486,0.08996538893790329,0.18493368149650863,210000.0
Random_2640,746.2367602512231,1002.7674814535869,0.07523782886524957,0.15706188430492507,210000.0
Random_2641,772.1756044871777,1059.891725827449,0.07691456467991371,0.15849309168239417,210000.0
Random_2642,766.1246861136132,1074.7002914453535,0.07055730702982901,0.136198117206505,210000.0
Random_2643,650.8709595319449,910.2243213257614,0.07241532178261671,0.14477736754188253,210000.0
Random_2644,454.9869677546242,699.515897454004,0.10516958684126498,0.2234062096667226,210000.0
Random_2645,681.2867731954743,930.7079617016931,0.06460306336717733,0.12545710963538648,210000.0
Random_2646,706.171469391323,1023.3887030313459,0.10873828293586008,0.23154093798933592,210000.0
Random_2647,725.3084183847154,1025.7708331331198,0.09782172186813204,0.20553453174938408,210000.0
Random_2648,742.9323453227815,1015.8793891024469,0.08926682014692715,0.19151363029237528,210000.0
Random_2649,419.8365936712374,662.7944966423815,0.0980923837540064,0.20142260764471973,210000.0
Random_2650,779.4522034323169,1103.1153369906046,0.0771664209534415,0.15423065611370568,210000.0
Random_2651,687.4503767006306,970.7670120667898,0.08621045211871066,0.17604505222603145,210000.0
Random_2652,632.8622097136468,893.9337670814687,0.06866012442503594,0.133297807764009,210000.0
Random_2653,557.9539143256878,832.6711253968242,0.10068138363959238,0.20948138627559473,210000.0
Random_2654,531.8270010194095,774.0275924571514,0.08165137449191234,0.1644340727688301,210000.0
Random_2655,723.4510726721152,990.3589091057868,0.07957555556752736,0.16402615961020592,210000.0
Random_2656,707.6466551502749,970.4288762666885,0.057479870409151756,0.10680867100971034,210000.0
Random_2657,795.8640873728007,1087.3205574330816,0.05933059484609447,0.11429866186315876,210000.0
Random_2658,433.911555277064,689.3865184114352,0.08095246152210962,0.1591164230651788,210000.0
Random_2659,755.1848473817482,1021.9655023624006,0.07527691248093817,0.15812578693195287,210000.0
Random_2660,754.9940308914352,1023.1116489053221,0.07115327872102993,0.14662045551878133,210000.0
Random_2661,544.870140946705,787.7898909983942,0.08533189278571117,0.17603414660880706,210000.0
Random_2662,653.8079409498871,894.1876940156735,0.07321938747020612,0.1489761842260236,210000.0
Random_2663,625.9090163565643,911.8945740452084,0.06893790838524917,0.12880658223013514,210000.0
Random_2664,629.6810971211944,899.8546594335054,0.07195972825861462,0.14013706794966527,210000.0
Random_2665,731.6417268284428,1020.085023659043,0.07048032688022024,0.1399266804869564,210000.0
Random_2666,670.9934185593639,921.2530405494998,0.07431958249750421,0.15001317920686125,210000.0
Random_2667,591.1400970870334,820.9236894007115,0.07663643480402346,0.15437459636646236,210000.0
Random_2668,389.33768635163784,649.5739650355894,0.10969164931510761,0.22991915419874034,210000.0
Random_2669,474.5703924015114,669.1977092420026,0.06177697116678628,0.12100944787528879,210000.0
Random_2670,737.5451559162192,1017.9693443671727,0.06759394403946777,0.1338549193816386,210000.0
Random_2671,361.2063014886253,570.286673854748,0.10930076659977386,0.2365689485908238,210000.0
Random_2672,648.6543174080205,885.4619237703292,0.08686110634249192,0.18448472675414884,210000.0
Random_2673,666.288422164156,929.9141169661355,0.08667119743331139,0.18161265706090385,210000.0
Random_2674,805.8472930223795,1133.9435306815942,0.0762256012924748,0.1521048042065799,210000.0
Random_2675,795.3898531333923,1100.6495229687523,0.051236049639174316,0.08857310654774997,210000.0
Random_2676,617.5667702101158,906.4418394270683,0.08537617728214184,0.17080500922478106,210000.0
Random_2677,732.3720540909889,1045.9000032860304,0.09396172041811436,0.1925019796321171,210000.0
Random_2678,652.4769668299479,917.7910070939661,0.059800871819927104,0.11170214944015536,210000.0
Random_2679,752.511047635382,1074.3047836878306,0.10409884583462871,0.22174723596326534,210000.0
Random_2680,523.3174431165606,784.4375446053348,0.06529608844815832,0.12065743699457032,210000.0
Random_2681,592.5419825375802,869.0966197151182,0.0693885020274038,0.13256763855447157,210000.0
Random_2682,717.8562981913651,996.4620666503156,0.0546854472570265,0.09725599445041616,210000.0
Random_2683,548.1997010344309,825.0622572411653,0.08539817322850814,0.16817866562243136,210000.0
Random_2684,623.0679264474022,869.7236510839899,0.06865653843226673,0.13480716415219218,210000.0
Random_2685,356.9308856918344,540.9611675895783,0.06364783020134941,0.12283038658052739,210000.0
Random_2686,560.7020213622553,828.7224299288731,0.08069915560909946,0.16045482677671424,210000.0
Random_2687,755.7101428384926,1054.2241231991688,0.06736520872888768,0.1295964625198401,210000.0
Random_2688,762.9110332891149,1068.037570182803,0.09864213100226737,0.20975552311548468,210000.0
Random_2689,444.42174129466105,686.7930847099898,0.09943360542126768,0.2091089299000771,210000.0
Random_2690,602.565298000149,890.8301717886097,0.09783096546894793,0.20317030346761167,210000.0
Random_2691,311.6853294906366,500.333121568317,0.10026283098197997,0.21571036524075654,210000.0
Random_2692,703.8326403294723,968.2758189499827,0.07656762485211677,0.15530333769215265,210000.0
Random_2693,491.4390429100155,760.3134568685447,0.10513660262587605,0.21833938368514827,210000.0
Random_2694,749.4394713261346,1037.9399043226838,0.07319597711192187,0.14820104745909587,210000.0
Random_2695,764.5962607051938,1072.3481970020525,0.08238193520404717,0.16558016730394823,210000.0
Random_2696,672.5908709178027,922.7760818547872,0.07202694941262447,0.1438036112517238,210000.0
Random_2697,602.1478636391148,856.7156011917286,0.07462012650548505,0.1464668990457459,210000.0
Random_2698,538.8842766338664,777.9105253903368,0.08599466553794476,0.1771538597117364,210000.0
Random_2699,806.9094495249462,1138.635828808622,0.086723504490993,0.17486393612663914,210000.0
Random_2700,803.8818425592667,1121.2341858904792,0.08078659714683793,0.16242980075653668,210000.0
Random_2701,705.6711127797142,1007.2199875294816,0.08419810318031028,0.171691144018368,210000.0
Random_2702,679.2943058873755,967.2553516582032,0.08378486140816845,0.16944464173167972,210000.0
Random_2703,742.5934621263655,1032.305373701659,0.07952276324248203,0.16005550994994855,210000.0
Random_2704,652.2044048422279,879.2377532290992,0.05807253334893157,0.11205511981118976,210000.0
Random_2705,711.0218139785195,983.7889090961174,0.07162214766635887,0.1406825985719639,210000.0
Random_2706,631.9480825663899,902.013406609907,0.07992661210898222,0.16127042440888792,210000.0
Random_2707,561.5870349306339,821.1787324843693,0.08830184813606767,0.18270948397934558,210000.0
Random_2708,384.6032114281347,605.7050783132942,0.09030286315259696,0.18474586296958637,210000.0
Random_2709,654.9509692436498,871.248207551066,0.03903717477953596,0.06440561224213569,210000.0
Random_2710,679.6456768519887,970.6888232339617,0.07356529854575068,0.14119151012380454,210000.0
Random_2711,657.398467340748,920.1357388096445,0.074009198918676,0.14904470963157576,210000.0
Random_2712,541.5941343604446,773.4346373685836,0.07255006748367958,0.14399881992314148,210000.0
Random_2713,623.9519455628725,900.0762800149112,0.09580648630879268,0.19894251038419766,210000.0
Random_2714,572.0265301768404,852.0386815585741,0.08236848550202708,0.162305165888804,210000.0
Random_2715,809.7818726244868,1137.137080907465,0.07049091325217584,0.13609560284999017,210000.0
Random_2716,820.4892322224393,1132.4003395961472,0.06366847404967699,0.1214196846056778,210000.0
Random_2717,789.0530306572301,1106.842278689262,0.07841269058924706,0.1582275107643312,210000.0
Random_2718,656.4415619763444,904.3204400023253,0.06532316872786778,0.12633947494718903,210000.0
Random_2719,591.977955634531,827.9193852854708,0.08643619790623018,0.18063790239742591,210000.0
Random_2720,716.5591851300072,1039.888589746231,0.11538624506013764,0.24832611190303147,210000.0
Random_2721,643.976480084454,877.9436877951688,0.08169738165548751,0.17187337898981792,210000.0
Random_2722,711.3040696455115,947.6065505229585,0.051259595148244866,0.0983930459877486,210000.0
Random_2723,697.1115219952726,981.4319071426202,0.0990109091142335,0.21023955467325178,210000.0
Random_2724,524.256644238233,794.2349298591472,0.09311654642734919,0.18908324573285504,210000.0
Random_2725,581.9485999385068,805.2806913426531,0.07258793899616858,0.14743839224575755,210000.0
Random_2726,705.1902954912211,954.0706269431008,0.04789491393079189,0.08495428187205484,210000.0
Random_2727,515.7841417073712,746.86040352071,0.08064339326532599,0.16196291431886647,210000.0
Random_2728,711.8677793779627,982.6658242321422,0.05492817231843198,0.0995310765072516,210000.0
Random_2729,581.6039514598012,786.8738360203412,0.04585353160387881,0.08075524267152277,210000.0
Random_2730,370.68688937117537,568.432242097157,0.07369113009457945,0.14538179283299962,210000.0
Random_2731,584.4381899540131,837.3727170374925,0.09848341449308501,0.20850370184806438,210000.0
Random_2732,640.9443954562868,932.719035658841,0.09084119394103733,0.1874968989043907,210000.0
Random_2733,659.1106423443548,886.067414009687,0.04861435466172352,0.08779616486249925,210000.0
Random_2734,697.6968733013058,965.1050693103182,0.0968977074809023,0.20922612793040576,210000.0
Random_2735,711.8135457130776,1022.2098230051141,0.10215358367495538,0.21522434423327072,210000.0
Random_2736,532.1761645654199,772.002066080653,0.07563198602677007,0.15167297989204012,210000.0
Random_2737,720.41470479903,966.5796544737296,0.06274931928198697,0.12700928557770924,210000.0
Random_2738,661.9630219221802,938.8308846903627,0.0708239716678989,0.13572874742485067,210000.0
Random_2739,497.2752067115182,758.3298685967897,0.09271851802426369,0.188720451034172,210000.0
Random_2740,491.93451323252117,705.4952196470741,0.08138300351065039,0.16531392456972052,210000.0
Random_2741,598.9256786728824,817.5420699282743,0.057788600755246014,0.110790640038534,210000.0
Random_2742,713.5616354464192,978.2512647326017,0.09177935708553236,0.19668233528091036,210000.0
Random_2743,738.9975848740552,999.5250894804556,0.07243349239882903,0.14587694427672016,210000.0
Random_2744,569.2027883677275,830.1799412655831,0.0638948508328854,0.11877627321355583,210000.0
Random_2745,591.7433124159547,819.8400371031678,0.06224104480664496,0.12042173998025957,210000.0
Random_2746,633.2398211862071,867.1223930367504,0.05333522751326027,0.09767022466914069,210000.0
Random_2747,606.4193715129157,868.4014531495928,0.09907704780250055,0.2094573730683243,210000.0
Random_2748,482.5122218199071,743.3472175024456,0.08203483765725186,0.16452699943025959,210000.0
Random_2749,540.595464479488,759.8367608835409,0.07488013698671207,0.15102376204250395,210000.0
Random_2750,692.792733149621,950.0526945193211,0.07756955496857085,0.1585411610072668,210000.0
Random_2751,706.5558748820855,1012.5865402605907,0.08314986197578886,0.16804101805918395,210000.0
Random_2752,594.6488454820286,853.027596178298,0.07154515382139845,0.13938743614952115,210000.0
Random_2753,512.4098628876894,742.9930404352255,0.055022874940737765,0.0977745945724994,210000.0
Random_2754,706.4212176842362,965.8040933590731,0.05946191663927736,0.11244766641963141,210000.0
Random_2755,749.9550070265877,1041.030171860153,0.08335059499637054,0.1698241335117125,210000.0
Random_2756,773.548827553791,1081.5645970650237,0.07549861957893766,0.15243485618802635,210000.0
Random_2757,829.796247060417,1133.0078660402612,0.04873339325527716,0.08473545073604447,210000.0
Random_2758,507.53189797392366,724.0757796678049,0.08358474729095065,0.1711852051206387,210000.0
Random_2759,489.8268592566898,760.4678816592315,0.10172086528934783,0.21209442055823424,210000.0
Random_2760,802.3867152444891,1108.4640477759322,0.06627587874795561,0.12787447195203352,210000.0
Random_2761,631.3049405892149,882.1434667756702,0.07878544768233885,0.16047291958394885,210000.0
Random_2762,681.253546420959,943.2616886152567,0.07687815924734126,0.15445797933697675,210000.0
Random_2763,662.5464253752499,941.1050003607465,0.06526500808781478,0.12350187677037452,210000.0
Random_2764,679.1930699929991,944.7085350816245,0.07795195409844541,0.16075760202523587,210000.0
Random_2765,533.6233727901174,754.8902126828381,0.05812478089023969,0.10982998645324904,210000.0
Random_2766,753.4580144072595,1061.822927940645,0.06521475862393136,0.12272559857423027,210000.0
Random_2767,504.279220143432,755.6069559587057,0.0840117344257025,0.171341510245461,210000.0
Random_2768,690.740230901958,961.7936652068375,0.06634112513341285,0.13005799669199494,210000.0
Random_2769,792.7858054176997,1080.3197756907268,0.05020119402555741,0.0894381214293358,210000.0
Random_2770,646.1304459343755,885.8462470829096,0.08328550079722222,0.17448446785341717,210000.0
Random_2771,730.616151180699,1021.1249951631203,0.08160934428294181,0.167307159973079,210000.0
Random_2772,510.6212022744529,755.5124665133837,0.08215936088949732,0.16444470027158092,210000.0
Random_2773,808.0567682677444,1140.8782429931223,0.08709937469246229,0.17733343617872935,210000.0
Random_2774,679.5190472508116,935.5051019544266,0.06175925218693771,0.12025260171391411,210000.0
Random_2775,605.7268060353484,830.6956222922166,0.06069794551309813,0.11830411439945765,210000.0
Random_2776,593.6420994962692,866.4230321403661,0.08654638709121394,0.17767525321702998,210000.0
Random_2777,504.9456191469367,731.7055791762086,0.07463641923552905,0.14737860401170616,210000.0
Random_2778,757.193066972834,1052.921737511484,0.08298625752330799,0.17042296502232424,210000.0
Random_2779,601.4124119573081,844.9484621658471,0.0995247007682779,0.2136666079880475,210000.0
Random_2780,746.5548672646864,999.0861962274392,0.06352032167730015,0.12766005673702663,210000.0
Random_2781,605.878580461743,840.2783739444106,0.08426278136550949,0.17804571778924763,210000.0
Random_2782,467.23083914120605,659.8396405419854,0.046060030511685626,0.07880404037887086,210000.0
Random_2783,527.095413691014,742.1742319997333,0.0837213310078504,0.1742151479161663,210000.0
Random_2784,548.292413313312,788.2706694814709,0.09139853771200117,0.19180929441914812,210000.0
Random_2785,703.47109401205,998.947987462675,0.079878618472269,0.16007177157353775,210000.0
Random_2786,617.3992735822607,842.2603792169542,0.06486375688776855,0.13071233950608704,210000.0
Random_2787,618.0341964557924,908.1559329512651,0.10564789216242199,0.22329645297198938,210000.0
Random_2788,798.738850787057,1105.7008674334184,0.05726375109849177,0.10392775519495277,210000.0
Random_2789,629.6955744904685,908.9056419975249,0.08148147771697005,0.16182064143933853,210000.0
Random_2790,507.5177022994338,731.3751451083565,0.06689694106069309,0.12786958807871765,210000.0
Random_2791,536.5607054601691,792.5445020770418,0.07312676681451097,0.14052714907959157,210000.0
Random_2792,684.3903080948298,952.4142261942171,0.08571949639086147,0.17541200905849352,210000.0
Random_2793,788.6258635699754,1100.1669685667994,0.08780475148958244,0.18316136530173288,210000.0
Random_2794,634.5676429522862,894.7774817321036,0.07128457191040974,0.14092004721752177,210000.0
Random_2795,482.14902137579884,728.9147400638417,0.07163313680534801,0.1396852159945581,210000.0
Random_2796,409.9729631749686,621.6049772631509,0.10112161786344755,0.21595353927941957,210000.0
Random_2797,397.46416284574565,637.3964841797313,0.08666947390143821,0.17662206681123288,210000.0
Random_2798,492.2918116802626,736.4012253835612,0.10395520477004734,0.2203880567063631,210000.0
Random_2799,545.7963340714784,773.2204582136521,0.10124980547049867,0.21866764454515536,210000.0
Random_2800,648.948946359532,899.5096253189204,0.08764608820689897,0.18261639241981725,210000.0
Random_2801,765.0896952158458,1068.9832832211298,0.07489686319416802,0.14886620023042677,210000.0
Random_2802,594.0143112424797,858.3150556249282,0.09575829421147136,0.20182968643048088,210000.0
Random_2803,665.4438576524929,955.9775624121808,0.10365369643147351,0.21974173289988214,210000.0
Random_2804,609.1533715208095,846.6895127771204,0.08455935510451043,0.17387603837842291,210000.0
Random_2805,483.48168583881346,755.8728314323744,0.10720267696526203,0.2249643077323674,210000.0
Random_2806,475.9072655756556,687.7608730486933,0.0905359976505561,0.18876648944559743,210000.0
Random_2807,641.7820585332072,907.2061416079631,0.08076176570182264,0.1616913252233813,210000.0
Random_2808,549.3932149309786,803.9032955132595,0.10104490011370298,0.21468533427288936,210000.0
Random_2809,473.3063627662625,734.7702091649302,0.11265788580726356,0.23997698495120945,210000.0
Random_2810,414.0851499047768,639.5560797108444,0.08796296550172833,0.1822356611330141,210000.0
Random_2811,830.6318417641958,1151.711272900366,0.061462932908842666,0.11531263160055576,210000.0
Random_2812,407.9210490467498,668.1928837696362,0.0956805486356555,0.19358089195803896,210000.0
Random_2813,622.0696700306391,903.6530635277246,0.10144719238633104,0.21205980547380848,210000.0
Random_2814,564.2047370927804,830.9458770747646,0.06718916573898935,0.1271816610775915,210000.0
Random_2815,750.5317521747173,1048.336509679362,0.08814290938203621,0.18356688328483284,210000.0
Random_2816,507.6558269653417,720.0536587839142,0.09045275118337989,0.19172301226760757,210000.0
Random_2817,655.0893437668116,930.2394541440807,0.09500024969293855,0.19920124049879653,210000.0
Random_2818,736.55295395215,1052.222801770756,0.09124738538210468,0.1868875541891223,210000.0
Random_2819,739.8397262457731,1027.9518661106738,0.08354852469519188,0.17351259583005324,210000.0
Random_2820,757.4078085923225,1059.6212697452836,0.08860306144215763,0.18320476892215562,210000.0
Random_2821,497.53849053809637,735.4733899526942,0.09053773780844557,0.18447871111549657,210000.0
Random_2822,745.7319723196202,1003.7916016102957,0.0691819560501202,0.1410283315779041,210000.0
Random_2823,432.00200526868207,675.3166580541302,0.07442709437873869,0.14274149510419135,210000.0
Random_2824,380.0981901213645,615.4420129243258,0.09604297159683232,0.1977252653801851,210000.0
Random_2825,663.8434590600027,900.0977658519699,0.0600867758817067,0.11803475373800265,210000.0
Random_2826,786.5300288162015,1105.7882181461994,0.0818125626183583,0.16586416269898227,210000.0
Random_2827,819.8065132326778,1129.372851116778,0.059292251964326234,0.11086982895476144,210000.0
Random_2828,788.5520531333334,1117.8863343868875,0.099000262035678,0.20688232289411582,210000.0
Random_2829,600.7578964787241,850.1217044575881,0.06482660540416657,0.1238799245130614,210000.0
Random_2830,782.3251653921658,1084.978760614943,0.08409740560658413,0.1712412799420435,210000.0
Random_2831,768.1797376383894,1101.7173136138035,0.10895391598649576,0.23295550921810435,210000.0
Random_2832,717.8743492376941,1007.7805154470936,0.06947706084438333,0.13613811614447774,210000.0
Random_2833,836.9297444671877,1158.0088456978865,0.05230887954088086,0.09134877903955546,210000.0
Random_2834,783.4869525578696,1097.5129793030464,0.0679148296441136,0.1297482951683476,210000.0
Random_2835,581.8624772777061,853.8430094561267,0.08903734024287724,0.1830917079857758,210000.0
Random_2836,623.5688066373488,909.994702418793,0.0956305183671275,0.19889452284055387,210000.0
Random_2837,756.8819072091545,1012.9642597988376,0.06536611002832587,0.13341470343420864,210000.0
Random_2838,754.0687624519908,1084.794040799854,0.10850388523190328,0.23164401301258503,210000.0
Random_2839,787.3791683262269,1063.497612285131,0.05426991428912063,0.10062108188503249,210000.0
Random_2840,691.0747572825097,937.8335725304744,0.08517232022541601,0.18006929787919215,210000.0
Random_2841,491.5287964597924,691.7870473308354,0.07652596660863571,0.15455784232398928,210000.0
Random_2842,479.1628999750553,745.2046809015931,0.08324549130656961,0.16579186756518777,210000.0
Random_2843,711.0835117891844,965.4857581568459,0.07820158444644126,0.16279407885164446,210000.0
Random_2844,762.8099240369995,1060.590876152994,0.08300523444104449,0.17220791221013115,210000.0
Random_2845,772.477157317645,1079.5212865518872,0.09045063450892549,0.18768971563737386,210000.0
Random_2846,506.1744478250495,740.1364849243317,0.0812431804916837,0.16704892449520128,210000.0
Random_2847,762.54196574359,1063.2784906877969,0.061317678050898605,0.1128091946489179,210000.0
Random_2848,780.9860613577328,1087.8916798255307,0.08760243468772687,0.1803860352703457,210000.0
Random_2849,557.6642278922906,783.2368392614867,0.06372298756034443,0.12261150108857333,210000.0
Random_2850,779.6428835944924,1101.864047392953,0.08951518408408544,0.18524096851557312,210000.0
Random_2851,526.4911627184907,792.66053316214,0.09763500170191583,0.20165003747342686,210000.0
Random_2852,408.5052808731769,604.6425554422432,0.08744859143148273,0.18146170474318238,210000.0
Random_2853,764.8767549313942,1036.8119079736357,0.07028673230752698,0.14029274138814343,210000.0
Random_2854,651.0398284969727,908.9416891653689,0.06551510791923645,0.12490370200249144,210000.0
Random_2855,535.951439631776,792.3114221941021,0.10424432909414157,0.2219509114437549,210000.0
Random_2856,429.9265640130072,680.0857646886487,0.07140576701457058,0.1345082672864747,210000.0
Random_2857,725.903451017737,1038.5837280163018,0.10790997503463405,0.230950092729851,210000.0
Random_2858,639.6977891506274,901.3547720049795,0.06690997784612382,0.1279584454422194,210000.0
Random_2859,730.6601225830447,1027.7541154152657,0.0939209110852221,0.1970636127348281,210000.0
Random_2860,619.5876873409946,864.0669736033498,0.0747860047858363,0.15107504666749844,210000.0
Random_2861,475.91259864233183,678.1262116750617,0.08878782385069232,0.18777605279252793,210000.0
Random_2862,422.94027330290385,669.2702122701058,0.07142490424342239,0.13454261770915169,210000.0
Random_2863,575.6140321307124,805.8356354255035,0.060156264700584494,0.11246016915944368,210000.0
Random_2864,463.01169384677155,656.3564090382553,0.05553208348232258,0.10251997717936545,210000.0
Random_2865,721.9222968828506,984.9620702055201,0.07376218873298131,0.1504613236438936,210000.0
Random_2866,624.5351803976685,914.636312320322,0.09414649531692446,0.19260342094263244,210000.0
Random_2867,711.7919641831771,966.7200176115194,0.08867392092571316,0.18962788163809974,210000.0
Random_2868,668.73417265693,911.7227949700035,0.06900074863332692,0.13846366947932887,210000.0
Random_2869,641.1231220871832,899.1032158440759,0.07893603752890843,0.1622903965166625,210000.0
Random_2870,457.0988328924513,680.0645897851585,0.0746770035855626,0.1472304769227385,210000.0
Random_2871,401.48740601817184,602.7316632906405,0.06159621176478901,0.11621365271393083,210000.0
Random_2872,438.72303832941606,674.7492954332956,0.05809546221365485,0.10334744402349266,210000.0
Random_2873,639.1416265131876,898.6055346725625,0.05854431637458472,0.10827772605784233,210000.0
Random_2874,699.8929011602751,937.5342268654415,0.04582814557097954,0.08187644940659794,210000.0
Random_2875,660.9493685910103,897.950856886148,0.07664677494689064,0.1592756261504943,210000.0
Random_2876,652.8022901616218,917.8003712444935,0.09162326973256292,0.19072055472831984,210000.0
Random_2877,744.8374271395035,1020.2034505448393,0.08975708397117017,0.1922877935149586,210000.0
Random_2878,517.2339527930154,761.5526113301414,0.09354320114012964,0.19420089257460313,210000.0
Random_2879,787.9838211925751,1082.820650894926,0.07381897350386751,0.1496479505232527,210000.0
Random_2880,710.9315105137179,991.5496960105357,0.06553860108202336,0.1254444484418162,210000.0
Random_2881,740.1186808186864,1006.9216325837792,0.06396385120252847,0.12473076637727695,210000.0
Random_2882,486.38691247099,731.7868809225781,0.08739943884750562,0.1803101713434325,210000.0
Random_2883,739.9520163488029,1051.1231135888088,0.07394482865008316,0.14299727794072264,210000.0
Random_2884,478.32257623781373,749.678587310839,0.09613081841982739,0.19812442269781502,210000.0
Random_2885,836.2146622242573,1155.8439199530435,0.056326078698343815,0.1027859273293193,210000.0
Random_2886,655.0163733551627,905.8612050044046,0.0687450667177732,0.1357272949115974,210000.0
Random_2887,676.9060663589916,938.4453504281433,0.05605307296918255,0.1030847108531602,210000.0
Random_2888,815.6263753625287,1145.3368100029884,0.08162699937173885,0.16276679278440156,210000.0
Random_2889,557.3070365599567,784.5990515038527,0.0910159303740419,0.19147630256960382,210000.0
Random_2890,690.2164003220242,968.2904226597977,0.07067231793072645,0.13883141290739756,210000.0
Random_2891,722.7167689483663,1009.3215479659109,0.09066083638072454,0.19117037025558636,210000.0
Random_2892,441.6556130500263,671.2874320452246,0.10926408236532435,0.23516710198607738,210000.0
Random_2893,546.1482916375562,787.6069418528457,0.05914465867875146,0.10731751968192882,210000.0
Random_2894,470.3323385684694,701.0615749594069,0.08019439365895553,0.16217203781902984,210000.0
Random_2895,571.1779511395858,822.4220985281964,0.08667915963449753,0.1781479864927375,210000.0
Random_2896,665.2514472380433,920.5515476023103,0.07485676551963838,0.1531713925825777,210000.0
Random_2897,670.9376978084276,921.1277144036185,0.05667829973539355,0.10643716805960776,210000.0
Random_2898,812.2848383143187,1138.0411092459874,0.0749327552063285,0.14982282454098633,210000.0
Random_2899,751.6016716796391,1037.7771333891137,0.08013624249726076,0.1637269109971205,210000.0
Random_2900,502.4473728504008,745.0864450645819,0.08137838290182187,0.16424771485542305,210000.0
Random_2901,803.698461101789,1134.1957903201599,0.09087433298702723,0.18917325555504388,210000.0
Random_2902,674.0406513375148,934.0134428137136,0.08338450669976717,0.17211595738853258,210000.0
Random_2903,679.9052360950307,931.4789602645536,0.06124275748775593,0.1173159555120142,210000.0
Random_2904,633.8319357586562,873.2695039058607,0.07856565908200706,0.16436952071121774,210000.0
Random_2905,705.9606618225843,952.0166394711401,0.07746570759942853,0.15990260800986333,210000.0
Random_2906,654.3425654013128,950.9229643579345,0.10527220509047179,0.22194939181307538,210000.0
Random_2907,707.0570033080583,974.4478735767299,0.0823939148639554,0.1728097378243872,210000.0
Random_2908,769.0443548403782,1076.5290131431223,0.07834794130070406,0.15814107601002583,210000.0
Random_2909,615.9374350178545,896.8197087024021,0.08890640311823059,0.18227816968324106,210000.0
Random_2910,475.7080549864355,747.7865379941272,0.08954297434971,0.18145014642321258,210000.0
Random_2911,654.8042592837209,907.6089280198557,0.07304222405866614,0.146703285677,210000.0
Random_2912,379.6773334195058,614.4103910175764,0.10123422904314866,0.2106177790651133,210000.0
Random_2913,710.527341448232,969.7588330797201,0.09350568066690233,0.20247303356469057,210000.0
Random_2914,597.7151132883326,841.8169566948505,0.0816413211927685,0.16772067020980996,210000.0
Random_2915,487.77942896341244,708.8345862495626,0.07130916105505555,0.14168843669192957,210000.0
Random_2916,734.7077600379566,997.0318386961836,0.06607409727460667,0.13081471425552826,210000.0
Random_2917,702.7696746932414,1006.3566676046471,0.10272646081890156,0.21753050820087644,210000.0
Random_2918,645.2053489764686,909.1194967907185,0.07567279112418727,0.1525715964205455,210000.0
Random_2919,689.9721042494662,996.1498630911356,0.10350016660903096,0.21807528104674062,210000.0
Random_2920,474.1975887731378,696.7462747589858,0.07472750079281966,0.14859326934981104,210000.0
Random_2921,615.9670249880119,864.1921976556118,0.07473344674904388,0.1479546338019871,210000.0
Random_2922,640.1742440891377,883.1760856673556,0.0683194769202513,0.1359494653674042,210000.0
Random_2923,710.1670837332138,953.1001179722039,0.06075484129247628,0.1178906045105543,210000.0
Random_2924,699.6593214657416,1000.5803823921498,0.07334483672046464,0.1440425384367124,210000.0
Random_2925,723.7785011001565,1010.5786323885291,0.08267319990071026,0.16764693163716365,210000.0
Random_2926,382.77407180567417,574.4310133439499,0.07493901484446551,0.14953350933028814,210000.0
Random_2927,699.260260699015,985.6485560521241,0.10135671101712428,0.21589343473400918,210000.0
Random_2928,703.8050691473411,947.6433790486327,0.05906762279891524,0.113963526268996,210000.0
Random_2929,751.6937275851992,1011.8927337905787,0.0660062137822907,0.13316095556245788,210000.0
Random_2930,609.8208915273959,884.4142508387702,0.07282068406750762,0.14308070971662734,210000.0
Random_2931,560.2271241380026,784.1530842129769,0.06595254904829956,0.1275833035378758,210000.0
Random_2932,605.3705946393814,856.7864312430804,0.08434791447328169,0.173936294387931,210000.0
Random_2933,785.9897912095748,1088.4040075410205,0.07785796622112953,0.15588090088280276,210000.0
Random_2934,442.2036851256428,636.4552696335185,0.05579923841836492,0.10342482980908194,210000.0
Random_2935,531.1100351205837,739.3288567452299,0.06293999222963476,0.12431326269133121,210000.0
Random_2936,757.1261602814623,1070.1187517934986,0.0866148957687583,0.17732716582638788,210000.0
Random_2937,569.1956343429543,847.694565841591,0.09502408478544142,0.19483878962580323,210000.0
Random_2938,732.8948856096428,1018.5604802437066,0.07118491304742564,0.14093025779607235,210000.0
Random_2939,460.2688505200808,705.7384635611105,0.07417720596376402,0.14661648926489207,210000.0
Random_2940,682.0004548995747,936.3004492793638,0.07702638246787122,0.15988893479745758,210000.0
Random_2941,553.7755333459281,803.9854242534439,0.09103052363904311,0.18762638221202807,210000.0
Random_2942,420.70057945245776,654.4880916239781,0.08650142107151805,0.17434306881711525,210000.0
Random_2943,647.9725110760677,925.6969848164927,0.09511593963933117,0.20047361620500373,210000.0
Random_2944,693.0719144402267,980.5450824174927,0.09000621780721142,0.1853926151168574,210000.0
Random_2945,687.9060644178768,961.7229130172369,0.06429840332061094,0.12258984161436157,210000.0
Random_2946,610.3535666486199,877.9059519730608,0.07282865439016324,0.1404444274418181,210000.0
Random_2947,797.2009886501817,1117.4295872073421,0.0729102346073791,0.14394508811579093,210000.0
Random_2948,424.57815141556875,663.5073485416958,0.09187486647056117,0.1873602284304957,210000.0
Random_2949,476.9724111685512,683.8870626870109,0.08311135808936711,0.17250001678708704,210000.0
Random_2950,478.105584759094,687.9345126690947,0.08731617849462112,0.18149269994443598,210000.0
Random_2951,636.4820224379826,927.5840546643317,0.10926269941524394,0.23279267968332323,210000.0
Random_2952,470.42886496595753,722.4982783609859,0.10508779176575765,0.22254023714725943,210000.0
Random_2953,740.3344994800443,1042.417837609964,0.06928414503559649,0.13526848937334182,210000.0
Random_2954,628.1545745073631,896.9143988928862,0.10572468636891103,0.2272152426267023,210000.0
Random_2955,754.6020972256357,1027.32749505741,0.07528518254041444,0.15703312541855807,210000.0
Random_2956,576.1199273654023,824.7459851633097,0.08078004580066632,0.16303566042097012,210000.0
Random_2957,656.5174454921874,898.8225344207502,0.061326134102217725,0.12108669749161324,210000.0
Random_2958,653.4058834212669,945.5601189062252,0.10112921310861164,0.21289761876584032,210000.0
Random_2959,787.3248780426526,1110.2270934799622,0.07071982006347978,0.1365227818342758,210000.0
Random_2960,712.4145774541568,950.0342782149327,0.04802425165732201,0.0878817721719037,210000.0
Random_2961,644.4178285443734,942.154649143759,0.09834765652278733,0.20569335099811395,210000.0
Random_2962,653.5669471837733,880.7292198235241,0.053706012023777644,0.102138771343851,210000.0
Random_2963,681.6234329212755,944.8457362537268,0.09089014666662998,0.19407294332457684,210000.0
Random_2964,788.1279865351321,1114.3759442039723,0.0836403525359596,0.16893619647426733,210000.0
Random_2965,732.9414804321232,1005.9002128034866,0.05959718221365695,0.11300749663252317,210000.0
Random_2966,685.0627443475212,988.7479623546762,0.09719310651103513,0.20016554342507697,210000.0
Random_2967,791.1308274016106,1100.3062706438932,0.06617965620520058,0.12782333884167474,210000.0
Random_2968,693.2168141755124,986.9148073126356,0.0643348048267947,0.11950413026114118,210000.0
Random_2969,710.678596412711,974.3781949368039,0.07302456336455787,0.1502771174418659,210000.0
Random_2970,467.6614808874297,694.2859385340979,0.08114352069250018,0.1669437314087237,210000.0
Random_2971,779.1220295712877,1055.384128907676,0.046702662843910184,0.08134949174866819,210000.0
Random_2972,437.50218064316954,703.2727076913867,0.07899068715461438,0.153680507667445,210000.0
Random_2973,647.4635331739433,901.288042999722,0.06795058714802626,0.1315006739668833,210000.0
Random_2974,623.2793124652377,879.9293030378416,0.062024431814091625,0.11587537219622568,210000.0
Random_2975,508.3464678536759,759.1044838978861,0.07802943166030571,0.15216124235169226,210000.0
Random_2976,660.5695431850299,910.2950977183258,0.09359232814510121,0.2010810164248052,210000.0
Random_2977,595.4080737375155,828.6722530970002,0.09575352755382502,0.20592603767657694,210000.0
Random_2978,648.8321661941327,938.1156046511585,0.08101137320325112,0.1626200214591297,210000.0
Random_2979,790.8774113243825,1108.874752719317,0.07086613695944897,0.1368482717528105,210000.0
Random_2980,514.7450945399304,735.7781558015425,0.08906957511410057,0.18842541277152522,210000.0
Random_2981,676.178549990066,939.4850934492395,0.08047500301666245,0.1637105344531729,210000.0
Random_2982,667.3079229347571,940.0400122880842,0.06341311063383762,0.12044192323042655,210000.0
Random_2983,725.9311520083132,980.6212896790081,0.06771198720620558,0.13516253052796445,210000.0
Random_2984,549.1184035644453,809.5954435570472,0.08592510411037568,0.17279150273888919,210000.0
Random_2985,738.5753479770326,981.2073002052391,0.04672330607742638,0.0844746302936478,210000.0
Random_2986,726.5234423138464,973.0565536682284,0.06509091445551538,0.13019235928917786,210000.0
Random_2987,601.5328168711039,826.6996373126368,0.07793057957332655,0.16244856471309307,210000.0
Random_2988,524.86119738448,801.9217133167273,0.09683558642196087,0.1973664891343353,210000.0
Random_2989,619.4667534573475,875.8718628525756,0.09131211081453924,0.19018130981048556,210000.0
Random_2990,629.2653637102336,854.3554946174523,0.06951090975989568,0.14241600819739697,210000.0
Random_2991,759.7497987922455,1042.970173289265,0.06715485572909362,0.13377961712329237,210000.0
Random_2992,714.8366050020581,991.1952022760438,0.07437994257050112,0.14835534754498478,210000.0
Random_2993,778.173785702571,1038.2265866278053,0.05358810947160464,0.1038196192175639,210000.0
Random_2994,504.8490742480643,738.0700277572168,0.06091615878539543,0.1133582742140842,210000.0
Random_2995,760.9702968658444,1059.2182392031784,0.09105619687212396,0.19285509967874073,210000.0
Random_2996,601.4984857838399,843.6161504239384,0.07040873646745147,0.1415042989385709,210000.0
Random_2997,608.4400379437894,890.7968796255545,0.06807025262282432,0.12670202578553366,210000.0
Random_2998,729.60472356348,1030.2824580231147,0.06965412315311154,0.1346973016865773,210000.0
Random_2999,752.1964614102232,1023.9856724128238,0.05520183593020263,0.10205234781341696,210000.0
Random_3000,819.1367084065466,1123.1652670614058,0.0544178127479938,0.09993214559728456,210000.0
Random_3001,431.2135813518548,636.8928901973287,0.08473377131234133,0.17262127645087347,210000.0
Random_3002,703.1418849472783,1013.1005889650256,0.10421099604092042,0.22031915252063558,210000.0
Random_3003,561.0761692256203,841.478467135041,0.10354308280925356,0.2147417544197027,210000.0
Random_3004,724.5551736174407,959.7246981580562,0.03528448329133928,0.05528127512736787,210000.0
Random_3005,790.7035182991559,1062.8293177175656,0.054632348609874155,0.10299718264388999,210000.0
Random_3006,402.19701352369736,598.4248732209309,0.08947154667220916,0.1874453244246842,210000.0
Random_3007,681.8347029300455,934.4717786947199,0.07998237730450176,0.16542635025207447,210000.0
Random_3008,701.8302154491837,999.2567428584744,0.08659131648921306,0.17733369222259973,210000.0
Random_3009,648.6028761655933,883.4678304651688,0.0726651473440791,0.14678897153152282,210000.0
Random_3010,602.4533966822848,819.6638779575121,0.05683824408352385,0.10736295724793728,210000.0
Random_3011,600.0575658866042,868.4530739022188,0.07669958286934846,0.15187197009267414,210000.0
Random_3012,703.855670257257,967.7383390586192,0.07393519051483816,0.14954338853849267,210000.0
Random_3013,706.7516922123234,951.6902762381461,0.05965475220700395,0.11810974646927228,210000.0
Random_3014,717.2782162108052,1000.0961900741439,0.09442930007579069,0.20107394560808556,210000.0
Random_3015,786.3753113008993,1092.398451412768,0.07454849511749843,0.14760575111785007,210000.0
Random_3016,540.5942480573659,762.7753034029449,0.09215247632136686,0.19500992771755649,210000.0
Random_3017,768.6018523277563,1068.9218290418191,0.054508696157778536,0.09661340686031818,210000.0
Random_3018,553.009854208946,823.7066028368321,0.07843650114324885,0.15457716033021582,210000.0
Random_3019,745.2167229035917,1013.6366244509551,0.061489581113520715,0.12186686331984772,210000.0
Random_3020,694.9404096892065,990.4304596656369,0.0824903671575187,0.16640741778679152,210000.0
Random_3021,746.5967510105818,1057.609075593775,0.10205062423573989,0.21719414207895096,210000.0
Random_3022,712.496115429078,967.2466626016155,0.05508894835805195,0.10353660869279876,210000.0
Random_3023,583.0342510881911,804.701379773403,0.09014058243492502,0.19271573858746552,210000.0
Random_3024,760.4717117078765,1039.039965429083,0.08258974620311364,0.1718096616037282,210000.0
Random_3025,735.206602899868,1010.4649466632682,0.07715859026999479,0.1555453714434253,210000.0
Random_3026,336.0624637140842,534.4636423495941,0.09458298002581736,0.2001229640294422,210000.0
Random_3027,782.2685017482187,1056.1531403790461,0.05335692750013944,0.10123218982345364,210000.0
Random_3028,502.6130001361061,696.3495950779767,0.052073502216646986,0.09505231848615545,210000.0
Random_3029,427.36162338696903,638.5433739179089,0.09724349970255734,0.20572259062509576,210000.0
Random_3030,712.8851001135521,1028.6859956498934,0.10835531187025951,0.23087459810654917,210000.0
Random_3031,636.0177871536499,869.5225760286072,0.0611297829907263,0.1201076188801926,210000.0
Random_3032,627.1824953057499,889.5024007858755,0.05805829785355138,0.10595658006566322,210000.0
Random_3033,629.8053259526769,863.6496598100335,0.0797612506088853,0.16559970450117914,210000.0
Random_3034,651.0433706771817,887.1953909559616,0.06436078122291701,0.12634296892008487,210000.0
Random_3035,750.9184747333743,1043.7664804451063,0.0675952793713953,0.1291959191000386,210000.0
Random_3036,643.0457938454987,908.7347750737209,0.07989796130754404,0.1617262963437272,210000.0
Random_3037,748.6028772484383,1012.5884749331058,0.059124955510485744,0.11648412766275644,210000.0
Random_3038,623.1191600588927,848.8901560672539,0.07615984869288256,0.15600450522047016,210000.0
Random_3039,637.2869509678602,877.3287960462642,0.0850208357451139,0.17657286575464967,210000.0
Random_3040,732.5827860981105,994.8464375631901,0.06318081884003796,0.1237267483469949,210000.0
Random_3041,572.7064688823522,849.43378370008,0.11037234192014837,0.23569723013747648,210000.0
Random_3042,758.9263824911345,1071.069356852584,0.07515463381873562,0.1492264769354731,210000.0
Random_3043,718.865415857821,983.4596622015421,0.0673148430557355,0.13114861770949066,210000.0
Random_3044,746.8104185752599,1002.2979140559614,0.06378462505938864,0.125336560880187,210000.0
Random_3045,482.98359658316485,681.1589144658542,0.08229474499981086,0.170072349106722,210000.0
Random_3046,790.0096512620646,1081.2105085821302,0.060364339241340575,0.11370004659211058,210000.0
Random_3047,508.7042980790167,723.202625578955,0.08327147645654788,0.1737689530565881,210000.0
Random_3048,349.51566240711657,545.7487067341928,0.08485887797882397,0.17269553645557406,210000.0
Random_3049,781.8108396889942,1108.653909485867,0.10161369570660761,0.21588765109809593,210000.0
Random_3050,571.8648131405388,809.7998082457566,0.07213172754260394,0.14361079104503566,210000.0
Random_3051,500.06943143317596,722.0641297542373,0.08653330847730926,0.17731966545280528,210000.0
Random_3052,659.7838597468988,950.9290202087307,0.093268148085245,0.1909441490407264,210000.0
Random_3053,649.0242393660229,898.65150446442,0.06093475630925731,0.11496679100898947,210000.0
Random_3054,693.258453704724,973.0103153238533,0.08826413420294617,0.1853541174225495,210000.0
Random_3055,769.6027599363756,1087.7427050551903,0.07185714505144981,0.13805048762043204,210000.0
Random_3056,659.4832513237309,938.3842222383597,0.07413039490321736,0.14804383517896663,210000.0
Random_3057,676.2427307512388,937.2017479676093,0.07451524086170228,0.14776497089501894,210000.0
Random_3058,659.1916568940964,943.1934668827143,0.08726250810647077,0.1771389208642534,210000.0
Random_3059,741.9724983603825,1044.6278744176516,0.07539692210182566,0.15077836430417427,210000.0
Random_3060,658.339918329027,937.2341558730077,0.0829936081070231,0.16948774763270055,210000.0
Random_3061,750.336286157017,1013.8312106059818,0.06256299218820971,0.12418290355726752,210000.0
Random_3062,626.7898415009519,855.0232296334274,0.057979354402627394,0.11304803794693322,210000.0
Random_3063,703.6785739159568,979.0521856118346,0.07282071148808911,0.1470587496224243,210000.0
Random_3064,541.9041158532826,782.5740906300653,0.07885152119063926,0.15901616174534283,210000.0
Random_3065,767.3411461488841,1090.792756817372,0.09892216411590223,0.20812122745087314,210000.0
Random_3066,769.273287141211,1079.6202499773312,0.07419059959518377,0.14885033009406448,210000.0
Random_3067,472.789850579942,710.9366221629132,0.06638562272120221,0.12432176294537862,210000.0
Random_3068,583.9993324502885,803.8501757568201,0.053702094975220674,0.09893459280482939,210000.0
Random_3069,745.068970810226,994.4764232129844,0.05181602860097223,0.09657733027295759,210000.0
Random_3070,627.4164251703578,890.1927061808024,0.08652148060769493,0.17743571253892257,210000.0
Random_3071,843.4705895150777,1165.9249685826128,0.055864697331466144,0.09994944225898386,210000.0
Random_3072,569.2647430755092,851.265904762736,0.09026548872530979,0.18412533963693922,210000.0
Random_3073,550.7133758011032,773.575250541254,0.06535559809420138,0.12606971697184424,210000.0
Random_3074,678.5421363629506,938.6357241291469,0.07292173703053134,0.14713783132587774,210000.0
Random_3075,419.8467536565776,617.8525407073831,0.08505345874218445,0.17581343829307366,210000.0
Random_3076,487.95835040235926,705.5845870525253,0.0851746398866022,0.17829975087497682,210000.0
Random_3077,717.7322952960637,994.1631621765409,0.0780932655415407,0.1574236983360682,210000.0
Random_3078,750.2306211785503,1002.9477680192809,0.05166411152735081,0.09812177736108638,210000.0
Random_3079,764.3082495516771,1073.6406654070317,0.07607055161231745,0.1486000553649452,210000.0
Random_3080,561.1101919388819,805.7927836574034,0.09553035646138293,0.20239502192379832,210000.0
Random_3081,639.6754625247423,866.2541302846797,0.06308964722908475,0.12404206768652243,210000.0
Random_3082,603.0570948210772,853.3521409275634,0.05703805025738294,0.10315397686311749,210000.0
Random_3083,690.7624747848054,928.6721112392444,0.06118590142253074,0.11854266336172284,210000.0
Random_3084,739.097237814901,1031.8860958566188,0.06035125036872671,0.11153795244155404,210000.0
Random_3085,754.8791166606921,1043.271819810507,0.06339480745975645,0.12002520750928275,210000.0
Random_3086,675.208665845578,937.8806322290073,0.06803078518392705,0.13183550104717504,210000.0
Random_3087,489.4551110191485,696.5184922217628,0.08645659460178153,0.1812354341301236,210000.0
Random_3088,707.2567927067741,956.4476664317341,0.060008986956513785,0.11579131515413563,210000.0
Random_3089,759.0205037178916,1067.7020958670082,0.08582043592524329,0.17398382704006188,210000.0
Random_3090,615.3111003534281,863.4757782613395,0.09080516907124064,0.19042412151196353,210000.0
Random_3091,747.475413593524,1012.0552336145262,0.07430651301425842,0.15086768815386148,210000.0
Random_3092,720.562601248362,982.9110385106901,0.07074731682684904,0.14468176751066922,210000.0
Random_3093,641.3688714785108,900.6396809675865,0.06911277909160443,0.13416909396880333,210000.0
Random_3094,732.8575464163496,1010.4234453814419,0.09311547342444057,0.19892261160028743,210000.0
Random_3095,772.493938196166,1057.9264653445537,0.07064798564452125,0.1438724248046904,210000.0
Random_3096,587.8309642895745,821.0351536105563,0.08860860128220807,0.18791682641709923,210000.0
Random_3097,764.9904317401404,1021.2252164811915,0.0565778659766028,0.11241537602037259,210000.0
Random_3098,733.4303329321708,984.3713035472538,0.06532173115794353,0.1300126255198149,210000.0
Random_3099,312.02430792036347,500.9469037872335,0.09625438452143363,0.20496296164181152,210000.0
Random_3100,591.7483879177246,847.5725002402585,0.09415076772124002,0.1983941124601127,210000.0
Random_3101,678.1244655403457,957.4363809191082,0.08573633972496844,0.17518211671873565,210000.0
Random_3102,569.6056659480106,802.5038277017986,0.057757545525017155,0.1057451702769005,210000.0
Random_3103,694.6968662461701,949.2025542683758,0.06704464224958842,0.1322424006172935,210000.0
Random_3104,773.2811328206984,1086.8407858736502,0.07393420727736306,0.14756016272801895,210000.0
Random_3105,596.3554850649567,816.3965023865751,0.05810719852031403,0.11159739636722563,210000.0
Random_3106,427.93786611183003,693.3415921069766,0.08014666852719093,0.15739211400248662,210000.0
Random_3107,723.9451306385182,1024.406950910774,0.06273086281113177,0.11513629440608181,210000.0
Random_3108,732.5166289866718,989.337043964281,0.059670747658183775,0.11573751772019755,210000.0
Random_3109,684.6537280741373,923.352412939862,0.04534400606655637,0.07806615670069278,210000.0
Random_3110,795.4331000634776,1130.162297201671,0.0935507564156936,0.19474075223301418,210000.0
Random_3111,733.0759332439616,1006.8532368466668,0.04887140296363526,0.08410859641492832,210000.0
Random_3112,747.6768142447274,1068.8164071668534,0.09438433822841184,0.19270235855490955,210000.0
Random_3113,732.310948006763,994.0646702987312,0.05047803944688893,0.09030859696090324,210000.0
Random_3114,678.414396642803,968.4855743899242,0.07371852088984233,0.14276349809848948,210000.0
Random_3115,711.1424704811665,1012.6769354787907,0.09062419856900701,0.18810889501350372,210000.0
Random_3116,499.15116124551275,755.052574558024,0.09740695639294839,0.2007621684793479,210000.0
Random_3117,385.9831970819811,582.2785609877835,0.05508776952668492,0.09933819705352154,210000.0
Random_3118,760.1509594221878,1064.318577737225,0.0942306639607957,0.19978117901551304,210000.0
Random_3119,777.6901185707073,1095.6881832476909,0.07073391040679608,0.1369797724530772,210000.0
Random_3120,720.6315971715651,991.4048836827134,0.08800833122519805,0.18617994778868666,210000.0
Random_3121,698.2518252019595,942.3301111174844,0.05920458025821454,0.11668479077133098,210000.0
Random_3122,635.8964771515666,864.7885066838716,0.07521034761607404,0.15567784839003138,210000.0
Random_3123,591.4763726039073,870.9650252426336,0.08155259707966751,0.16047366288878862,210000.0
Random_3124,771.9878093151095,1065.5600976191,0.05823745951204718,0.10872228261681391,210000.0
Random_3125,705.0364684426017,968.9091483124446,0.08089627809384764,0.1690877199087169,210000.0
Random_3126,425.8108842621002,678.7603183977858,0.08929707517811315,0.1805823344953636,210000.0
Random_3127,715.3959973811276,1030.2871263331504,0.09553821408346946,0.19891753706608392,210000.0
Random_3128,757.3578098902593,1021.3580347034979,0.04748126152088862,0.08337752402401785,210000.0
Random_3129,505.9398431112175,716.0053727804178,0.09091369925634961,0.19354872980293225,210000.0
Random_3130,676.6247387252679,928.3177206270396,0.0702056114168878,0.1427564254731496,210000.0
Random_3131,762.3876939327012,1054.7513302634818,0.06305856184079925,0.11833597848960126,210000.0
Random_3132,801.0772930409072,1131.961598333372,0.08531600260152364,0.17216316016531855,210000.0
Random_3133,605.1448088191155,838.6553414261572,0.08595213167602787,0.17955827092275217,210000.0
Random_3134,546.8058134304586,768.888213027859,0.07449605675227763,0.1494580288921511,210000.0
Random_3135,580.8129141888787,829.5987185159552,0.08375846054888855,0.17331139337695461,210000.0
Random_3136,768.3288959613309,1089.6234248484698,0.07894517539939368,0.15436258314723517,210000.0
Random_3137,613.398836186247,853.6053508492553,0.06669823201707147,0.1313370920362733,210000.0
Random_3138,770.0126621723409,1024.2955705942222,0.050508233172345166,0.0950915432285499,210000.0
Random_3139,447.3245034812828,645.8205854437033,0.07518167626951971,0.15330055657429656,210000.0
Random_3140,731.3970354746393,1035.0173693467063,0.10083515867221823,0.2134016027453326,210000.0
Random_3141,810.5846593836134,1131.9312428332578,0.05596694530677977,0.09825160674233183,210000.0
Random_3142,578.6524825781594,783.5323439604773,0.05039856668054102,0.09262823150888508,210000.0
Random_3143,771.7191862573492,1050.3750652630433,0.050789853324702795,0.09052746034989761,210000.0
Random_3144,474.63393191575796,709.4304336026215,0.07015167756023787,0.13616225101656865,210000.0
Random_3145,615.1616386190916,858.1778255036933,0.07993530996970159,0.1656545065243248,210000.0
Random_3146,568.09686959063,837.4149835363107,0.07353995712058939,0.14345635239571464,210000.0
Random_3147,656.7858050432336,951.2381320012967,0.10375187636567935,0.2185159277384499,210000.0
Random_3148,678.5066784703811,924.5549688548173,0.0657380533172,0.1305167593534288,210000.0
Random_3149,760.0184714559244,1067.6054653352537,0.0802596232303517,0.1620842476638943,210000.0
Random_3150,729.9848527853401,1010.9956582601061,0.070225879662385,0.13763617460123695,210000.0
Random_3151,756.9206268009032,1040.2390449244408,0.07786895734813512,0.1598707560266077,210000.0
Random_3152,777.1358548508741,1095.2532877471062,0.09471058136275637,0.19665526393487798,210000.0
Random_3153,714.8463565993503,1017.5794390692746,0.09507000940257379,0.19902842107809077,210000.0
Random_3154,732.3383713196316,1007.9813456649332,0.058085882943351555,0.10990967868093354,210000.0
Random_3155,529.7395568583986,752.6744705088312,0.057184380824556146,0.10428955661736805,210000.0
Random_3156,722.7469074800331,980.2658008612212,0.07760858347110296,0.16228335059187293,210000.0
Random_3157,606.1205524300619,896.3448129234071,0.10312739516645446,0.21645513875950978,210000.0
Random_3158,689.4039859813399,969.7298935035667,0.09449333059606684,0.1985540318968318,210000.0
Random_3159,438.7930563923079,664.1556834059145,0.08071635224234723,0.1629358732370279,210000.0
Random_3160,786.7113722978344,1107.5349637278218,0.07486729115177422,0.14720238534875127,210000.0
Random_3161,563.9778244919806,812.8951942347418,0.09020220051691527,0.18662091675440828,210000.0
Random_3162,795.3645361807646,1106.377711024243,0.058882236989263176,0.10770547251664181,210000.0
Random_3163,645.6417270549578,868.1885769521601,0.056977621568824334,0.11203085171650175,210000.0
Random_3164,573.2660367966054,785.8894964236976,0.07452496963667307,0.1537001641016063,210000.0
Random_3165,777.8033767350635,1085.8051061808674,0.053879554110348324,0.09359898173956308,210000.0
Random_3166,578.6784994125298,792.1981799327921,0.048969979318853045,0.0868142086392529,210000.0
Random_3167,488.8976886841089,756.902725056656,0.09312318511483972,0.1911174941182428,210000.0
Random_3168,604.4467400662202,889.2638263285147,0.09558461019348476,0.19843377600115505,210000.0
Random_3169,731.0575710355527,1036.0645862887009,0.08319818262169712,0.16900274409504362,210000.0
Random_3170,719.8195909158467,1003.478536558841,0.07490162974645473,0.14830042928040876,210000.0
Random_3171,567.1935159466502,806.1091624692779,0.08655778710276298,0.18085729530104644,210000.0
Random_3172,740.2443884177477,1039.2927804140193,0.07859214107806703,0.15738606203360822,210000.0
Random_3173,766.0912053937687,1050.0908269088122,0.05778961575642061,0.1079404854648447,210000.0
Random_3174,483.71980966346416,746.3544921476349,0.08132298425738628,0.16004252878395053,210000.0
Random_3175,625.6883455083283,847.0533816721207,0.05212747008301257,0.09820490583305799,210000.0
Random_3176,667.3837323797092,953.7055910996315,0.10348977861617284,0.2199290956781579,210000.0
Random_3177,674.3348403307011,922.2038819487965,0.062307281138713005,0.1226971978910106,210000.0
Random_3178,729.2288207987305,1011.3008949735522,0.08499133878216548,0.17757820301260785,210000.0
Random_3179,589.4291567664009,812.4251928999186,0.08876630330450544,0.1875319793146833,210000.0
Random_3180,667.4618294371483,945.5085475302408,0.09088307719677731,0.1893709854871591,210000.0
Random_3181,794.7984246033308,1111.5580686033384,0.080138117204732,0.16112029667223837,210000.0
Random_3182,523.3254598911152,726.7997634502551,0.07604432002265324,0.15485741248240864,210000.0
Random_3183,631.4757460475429,894.5650597146755,0.10522617649514304,0.22773358659110354,210000.0
Random_3184,516.3255100034839,717.5945793868949,0.0682337875859162,0.13794217469644196,210000.0
Random_3185,635.7152938426736,865.4658706907909,0.06600409141020507,0.1335673993025023,210000.0
Random_3186,652.8823369748608,905.2418434006502,0.08381185891661183,0.1755237210349877,210000.0
Random_3187,426.4624822597046,657.1710430574623,0.07317838073249729,0.14230778832971766,210000.0
Random_3188,463.76925894619467,713.6704000237501,0.10335095259810798,0.2170273907776101,210000.0
Random_3189,522.0977152008891,771.1781814115845,0.0906383388038293,0.18705657717468735,210000.0
Random_3190,731.6602579134224,999.4362458270477,0.07453520871624518,0.15301768382765152,210000.0
Random_3191,689.3473725803633,953.1699865518193,0.057064602537713636,0.10470354204439253,210000.0
Random_3192,488.827617184721,739.652918903091,0.07520574865098102,0.14701848051176133,210000.0
Random_3193,559.154344777091,776.387848658283,0.07611962262802444,0.15541830896619108,210000.0
Random_3194,583.4251250987718,820.0861019395257,0.0856672175534361,0.1760273179697931,210000.0
Random_3195,631.5912785018938,865.4129335498467,0.08757034899277405,0.18535247253191686,210000.0
Random_3196,551.4086444142481,776.8750009639571,0.06758550619319226,0.13117510787098102,210000.0
Random_3197,631.4913593871579,890.8092555487183,0.10335205580411705,0.22335797641135124,210000.0
Random_3198,612.0491382129184,856.4021485546491,0.06551594283263812,0.12562658653942876,210000.0
Random_3199,747.5653777951369,1047.5532015013384,0.07783121843068855,0.15577877432585735,210000.0
Random_3200,708.2014615594077,978.1691218533507,0.08565313184142437,0.18004133553750126,210000.0
Random_3201,542.342705500188,767.423629797419,0.08363185121944221,0.17054942254782116,210000.0
Random_3202,670.4033200181517,909.0351736202807,0.06205670610370873,0.12067136593439551,210000.0
Random_3203,459.84922281212425,682.210640704758,0.07104179087502029,0.14087997346479844,210000.0
Random_3204,493.32749127787594,726.7363445243611,0.058407706421698034,0.10617818849556088,210000.0
Random_3205,647.3119128142342,903.1815292644907,0.09292314757251935,0.19561678987736691,210000.0
Random_3206,531.321808421103,796.6444680303545,0.0918172555582039,0.18981423600053746,210000.0
Random_3207,535.6662699557231,747.2348301046476,0.06510143821595733,0.12674424648603538,210000.0
Random_3208,714.5641919301335,1018.793381472062,0.0855165564037413,0.17307516432195313,210000.0
Random_3209,553.7668814519421,792.465688843264,0.0972997560174077,0.2080208669375948,210000.0
Random_3210,777.1322200596252,1042.1579627310132,0.055476287646483824,0.10603545123629551,210000.0
Random_3211,687.5284934637607,980.3816601783451,0.09151980481852812,0.18673268900623088,210000.0
Random_3212,380.8950123932032,590.0520125051094,0.10107496523401206,0.21451174374666793,210000.0
Random_3213,495.58112209334956,749.4086734361405,0.10398520989969831,0.22035444358123696,210000.0
Random_3214,751.5019839705662,1026.828256140968,0.08268895827399039,0.1714473174373199,210000.0
Random_3215,739.3895761014242,1019.4108199517201,0.06978395197219311,0.14075651587463014,210000.0
Random_3216,637.6500549012906,876.3497865855215,0.0926284254714464,0.19862978943899282,210000.0
Random_3217,409.94123328807603,669.1575440319856,0.10470892934207357,0.22017820763816456,210000.0
Random_3218,732.1740632403277,1029.2587585940641,0.09002096661588284,0.1875798062246457,210000.0
Random_3219,606.5645375630684,887.6212266394423,0.07887377911292424,0.15717706462381864,210000.0
Random_3220,705.2032098633742,974.3993812855231,0.08461756257957835,0.17687818343981296,210000.0
Random_3221,659.5819080868043,940.4616486180153,0.07546146029115386,0.14763799855005189,210000.0
Random_3222,607.7430041560361,832.3983800296644,0.06510844352089107,0.12675611889770444,210000.0
Random_3223,662.7185628466283,944.4653004048519,0.09844308792790878,0.2084736708235358,210000.0
Random_3224,525.5787856549211,795.6115816925563,0.11123509194995435,0.23716715331128124,210000.0
Random_3225,599.2787114580117,821.4841151914989,0.06205248909725891,0.1200141700405814,210000.0
Random_3226,667.8043367794053,953.3385112217999,0.08404977621378038,0.16786095159614034,210000.0
Random_3227,705.5841050546746,971.7065623160186,0.07388092576963053,0.15164310149456903,210000.0
Random_3228,647.0650856428982,899.482935906516,0.10101000980288635,0.2190789473340961,210000.0
Random_3229,657.7187822481396,954.267046239546,0.08769845213546504,0.1794152998054967,210000.0
Random_3230,678.4408416244796,950.2423151497425,0.08796041846622768,0.18474852663918662,210000.0
Random_3231,535.7905445496422,796.9152874825205,0.09568756013370737,0.19740777699541567,210000.0
Random_3232,611.8638100466916,856.9041426782087,0.0709403789390231,0.14299893192852262,210000.0
Random_3233,571.7354958344923,802.312987657879,0.0634825720416021,0.12327213748650662,210000.0
Random_3234,635.8237258082582,911.606320523821,0.10297387481019168,0.21975581069233577,210000.0
Random_3235,617.9483549130109,850.390826173866,0.09058863267193586,0.19415544362266132,210000.0
Random_3236,664.976749533807,943.6260591038928,0.09864405621619249,0.20999477157474122,210000.0
Random_3237,416.59626298790795,632.3762987347129,0.07163667303313523,0.14036823706564405,210000.0
Random_3238,704.0829585273318,976.1451824730876,0.08335279319437087,0.174492291726084,210000.0
Random_3239,488.4071236604077,726.2947035095899,0.09092779502761976,0.18944189040594864,210000.0
Random_3240,556.944176531258,809.9698171363633,0.07611044026592541,0.1483938379584619,210000.0
Random_3241,566.8943038424602,846.4241295599784,0.0815095187342546,0.1596646908890927,210000.0
Random_3242,605.9509692759448,845.2714662071352,0.05903967043046471,0.11238558929207586,210000.0
Random_3243,677.5297804284922,931.1771331166351,0.07868954949179183,0.16133764881663276,210000.0
Random_3244,433.01708517277166,661.9700335222365,0.07361400087356407,0.1450727849530471,210000.0
Random_3245,639.390948655411,875.0353548335855,0.052341791233284335,0.09471316981440059,210000.0
Random_3246,676.1232845567916,926.6891358295577,0.07619155797180975,0.1548184373398346,210000.0
Random_3247,708.4124931501765,978.9458291840444,0.055907130246153375,0.10140053269632392,210000.0
Random_3248,599.3250511134092,862.9927830436797,0.09220223625389518,0.19094574761614305,210000.0
Random_3249,620.7428981389736,900.3867773391203,0.06218341925198606,0.1133315814769137,210000.0
Random_3250,660.3348264684599,953.2692198344466,0.09815100432462708,0.20637538315271517,210000.0
Random_3251,681.056496366671,934.7743664862722,0.05925885437726637,0.11198594071024563,210000.0
Random_3252,564.8177825848486,803.4023319329538,0.06263317801586503,0.12023889010839922,210000.0
Random_3253,563.8750730009921,809.0816424523659,0.09173348050789115,0.18961798902510527,210000.0
Random_3254,457.6817132658001,718.5222837087351,0.09176890399433332,0.18652185723810671,210000.0
Random_3255,674.1788677938043,952.4500739196056,0.07587548984751874,0.1532539603345969,210000.0
Random_3256,708.1920024220667,993.5626213315213,0.06280872412149538,0.11856074232914773,210000.0
Random_3257,714.8202831641728,993.0978770689924,0.07933521682946872,0.16033192104746144,210000.0
Random_3258,729.4554528484385,987.9816610581533,0.08439593371336696,0.1783002504885285,210000.0
Random_3259,734.2949709125268,1023.3348079988026,0.08057489631493052,0.16278553431761378,210000.0
Random_3260,716.2673921461703,1005.4098179669295,0.07893858045002448,0.15770367194304957,210000.0
Random_3261,590.3727457939148,803.6629418759348,0.06089813007239388,0.11836818240190544,210000.0
Random_3262,813.4298805190695,1143.5570373671712,0.0850743203113871,0.17510194653740416,210000.0
Random_3263,642.4641870869411,866.6541859396373,0.05732231853042691,0.11177917368191004,210000.0
Random_3264,529.4203064454208,810.2977899209561,0.10083476215847136,0.21048676685215895,210000.0
Random_3265,720.242152749376,1021.9035965800899,0.07510193866074008,0.1497059481380001,210000.0
Random_3266,650.015857971703,888.0829412586371,0.08366180334961407,0.1768909638867854,210000.0
Random_3267,783.183558287627,1066.0437188695807,0.060315436348232485,0.11507262071182404,210000.0
Random_3268,515.9395683993084,743.7083246246023,0.10473472641548386,0.2270955681479504,210000.0
Random_3269,798.939328356238,1110.81003867222,0.06886986038719914,0.13313711818672555,210000.0
Random_3270,564.9842290872983,793.8382381437917,0.0763372274521946,0.15633185442689823,210000.0
Random_3271,630.7564974662492,871.6117136034222,0.050416836856862504,0.0894143217322784,210000.0
Random_3272,711.7656459700407,962.5345322120282,0.07911545761555333,0.1654121784354188,210000.0
Random_3273,667.5571801686374,930.4573848004742,0.07195560227194146,0.14335863229437418,210000.0
Random_3274,664.2783881728963,910.8666159904037,0.06870879075076879,0.13734274505901795,210000.0
Random_3275,754.6239765171815,1021.1123241763227,0.06603661132639178,0.12995043330096562,210000.0
Random_3276,655.5816119890379,934.7924237192884,0.07382795488687195,0.14377079874952348,210000.0
Random_3277,689.1106928034831,948.4584702325958,0.052273743000962186,0.09345384258999148,210000.0
Random_3278,736.2706893720895,989.0001343706642,0.06861145895680683,0.1378327078137051,210000.0
Random_3279,407.3209298550618,619.6817466559828,0.0703526237104257,0.13739759312429534,210000.0
Random_3280,754.4224266716852,1028.2254987786212,0.0716699971315972,0.14588262369233784,210000.0
Random_3281,488.2043780629282,732.7244368088342,0.09423531839379747,0.19581639159635908,210000.0
Random_3282,700.1667738658616,1001.1349980143937,0.10974130302092941,0.23636597934595752,210000.0
Random_3283,511.42632637818366,721.2665338995293,0.05476956386045782,0.10225061700564213,210000.0
Random_3284,791.4417901482149,1088.1907775203977,0.0666828768374074,0.1318978896668595,210000.0
Random_3285,552.9588095494305,811.3760196602975,0.085882438513326,0.1764501887274804,210000.0
Random_3286,768.0497523909743,1053.324480052398,0.06405194282573651,0.1243863876248307,210000.0
Random_3287,745.4362580150078,1050.9498570502788,0.09889007739450587,0.2090249594020339,210000.0
Random_3288,585.9604201824391,802.4483455644325,0.07760792174563985,0.160523768698295,210000.0
Random_3289,687.0171553920909,931.374413655006,0.08034186538783221,0.1679237414801359,210000.0
Random_3290,768.5121253022842,1072.868272178144,0.05711581459074889,0.1032560949879906,210000.0
Random_3291,741.9168406326431,1006.217828658176,0.066192854760807,0.1332403554681812,210000.0
Random_3292,771.6541330531998,1076.1162881498842,0.07647984473097506,0.15555914557035902,210000.0
Random_3293,631.3896629394426,867.3972603291296,0.07061921195638676,0.1405666154290119,210000.0
Random_3294,591.0825351498754,851.986090936491,0.09497070429080534,0.19697441658006892,210000.0
Random_3295,754.5034661246793,1027.1845943867534,0.061954846156584864,0.12022778759578348,210000.0
Random_3296,676.4434544478572,974.0684419635467,0.1016576387521411,0.2125709242438623,210000.0
Random_3297,745.3986305827647,1066.7773368794135,0.09458651305351369,0.19634557663345137,210000.0
Random_3298,739.9457335659656,996.1838375494272,0.06485320264733108,0.12962550752787316,210000.0
Random_3299,662.1190951909716,927.6618014173213,0.09021265805127751,0.19067171194513577,210000.0
Random_3300,615.0753241459255,858.6170971449972,0.09727026546066257,0.2093153174231814,210000.0
Random_3301,582.147547520276,821.3818060967362,0.08831944024351944,0.18511539431662122,210000.0
Random_3302,654.4975422871779,921.7526485445519,0.08083401662221917,0.16472177309193595,210000.0
Random_3303,570.4249851644295,804.0586974784494,0.07164255494385678,0.14316085642683912,210000.0
Random_3304,770.8652794315472,1057.5122768153515,0.0599166698584966,0.1143524619291955,210000.0
Random_3305,482.7025228110651,736.4717722740799,0.08912649011998013,0.17990832179976246,210000.0
Random_3306,397.7026236841109,622.4357565373273,0.09665043810801269,0.20015717752265516,210000.0
Random_3307,557.8123180798063,830.3138286577226,0.09003652669393189,0.18078116541536043,210000.0
Random_3308,591.0994033648827,825.4619916099176,0.09734505363112189,0.20932951961859855,210000.0
Random_3309,600.6606446629721,822.2741366146372,0.06224437765555228,0.12035437890624859,210000.0
Random_3310,435.9361811635083,690.2912028487833,0.09361621915313656,0.19193392403459347,210000.0
Random_3311,560.3450053883627,794.6292035964926,0.10281235954916412,0.22218170766421053,210000.0
Random_3312,538.7224031931946,793.0574890946787,0.10258870066500658,0.21807765270961466,210000.0
Random_3313,608.7163948096487,878.6583031663845,0.09179323417283308,0.19077612408280473,210000.0
Random_3314,558.1378083956718,776.5462249670398,0.09913340847886265,0.215497976125042,210000.0
Random_3315,526.7082706843695,749.0748683499594,0.08713791105422077,0.18274962070847786,210000.0
Random_3316,744.7081162279849,1050.550645193777,0.06506189971632688,0.12043239340157477,210000.0
Random_3317,713.4386607011085,955.2180050613447,0.055400729713397504,0.10503885775002889,210000.0
Random_3318,735.8868569816876,1028.8136100042889,0.06944901259263526,0.1330316898668948,210000.0
Random_3319,724.6034949136392,1036.2098748779217,0.10271515439289491,0.21828406448860518,210000.0
Random_3320,721.4270951149567,1021.3131216772342,0.08817552911093482,0.17962901206187365,210000.0
Random_3321,665.6673457969729,920.9792283073419,0.086356799231804,0.17885387435589278,210000.0
Random_3322,670.609326744532,913.7952390250728,0.09225351246909258,0.20011877686040352,210000.0
Random_3323,797.108337629367,1081.4764111330564,0.05796593267560191,0.10920326796768218,210000.0
Random_3324,678.1694706878005,922.4780814613123,0.055110335552413944,0.10267927539878559,210000.0
Random_3325,449.630050604758,681.4288603193206,0.08772487083914525,0.17913892912225157,210000.0
Random_3326,767.3430276270456,1044.6809568196297,0.06492214383539512,0.13050623533913633,210000.0
Random_3327,613.9803129323,900.872669248532,0.09526098503187894,0.19843595873551684,210000.0
Random_3328,497.36775513824733,700.2511604739157,0.06445645854561788,0.1286851322461313,210000.0
Random_3329,621.1339277979818,894.6669684700197,0.10009816194262491,0.212275930688524,210000.0
Random_3330,607.8366673078076,860.3971264520242,0.06652918194742488,0.127892508069948,210000.0
Random_3331,631.4457811424666,905.1465241488294,0.08124543895841725,0.16556718396111195,210000.0
Random_3332,715.509976728663,969.9469430571285,0.04565692121577288,0.07868089306702694,210000.0
Random_3333,775.0691931193118,1048.974789385664,0.06537383915727692,0.12819979042945737,210000.0
Random_3334,674.8378117438062,933.8698626062037,0.05679553852586519,0.10360619804824137,210000.0
Random_3335,436.6926686655073,675.092695944122,0.08029765797071967,0.15961979838555648,210000.0
Random_3336,692.0385436475193,942.6773884854372,0.07737188668168783,0.15959472257245702,210000.0
Random_3337,621.8220918933918,904.2352584533982,0.0863274972843663,0.17604032057057536,210000.0
Random_3338,526.2811508392663,778.3107071578831,0.09148752601887564,0.1882643118278259,210000.0
Random_3339,706.9970607017341,983.6889512202732,0.06623805933738579,0.12821467573179887,210000.0
Random_3340,542.2241410677884,777.4826681918846,0.07881983945718116,0.15812508692922586,210000.0
Random_3341,489.4934973102613,762.4831056611168,0.11025268505455187,0.23301373829774022,210000.0
Random_3342,567.072059645698,826.5298124967007,0.07836441326196807,0.15501990724331607,210000.0
Random_3343,498.8358688068842,773.8225895455959,0.11182573631795144,0.23699611849575403,210000.0
Random_3344,745.1523547669445,1029.5744102326198,0.07671155505889785,0.15399875260599394,210000.0
Random_3345,715.9131487177187,1005.6211705652352,0.07412727165429865,0.14828960754572795,210000.0
Random_3346,473.7166211957065,717.2675367242163,0.10725204048075783,0.22856363291494383,210000.0
Random_3347,648.5327316835537,946.201166470504,0.09250697207750685,0.18942514450960465,210000.0
Random_3348,521.5588618168279,783.1410365961729,0.0865211371790464,0.1758579234390911,210000.0
Random_3349,579.589161332681,857.8424119448202,0.0774481368426693,0.15382976867844314,210000.0
Random_3350,535.0623485653448,799.5747953407152,0.09610553550384524,0.19937472522991795,210000.0
Random_3351,444.1053460709051,712.7114263660611,0.10272048492931796,0.21040680052105964,210000.0
Random_3352,432.1556668444489,656.0964559856058,0.07453210071886153,0.1472488355264912,210000.0
Random_3353,678.1756070038521,982.9585320788173,0.09367287679767944,0.19273020735252647,210000.0
Random_3354,404.9157116826044,641.1242343672346,0.11254072459395545,0.24230838718842673,210000.0
Random_3355,527.774617539189,797.4146367768435,0.11390359305127494,0.24392635266085394,210000.0
Random_3356,616.5075238758892,841.1046790233751,0.048637965106067695,0.0873473672739152,210000.0
Random_3357,777.7976832989435,1035.7158754561979,0.04295070621586812,0.07525971823135086,210000.0
Random_3358,590.9469284117758,875.7317263166052,0.09448990516551169,0.19133422564658106,210000.0
Random_3359,560.6764220921184,779.0530304792428,0.07828507225252704,0.15884046508976485,210000.0
Random_3360,609.4847190348876,860.7168981663422,0.06824909871226625,0.13158699122018164,210000.0
Random_3361,415.43795984991135,626.8757866193375,0.08057322215942189,0.16587866144038313,210000.0
Random_3362,689.4315500277769,990.4574240201482,0.09521406539905305,0.1970196950702112,210000.0
Random_3363,781.9259831400368,1113.015233035174,0.10012240238038994,0.21045739807875727,210000.0
Random_3364,506.1748157550004,720.7535028895009,0.06328477715803794,0.1214410745173351,210000.0
Random_3365,604.279038537542,835.6096431124929,0.07851017181819459,0.1610924303175755,210000.0
Random_3366,575.6797776919602,837.3326278766154,0.056581151786632686,0.09945866308837806,210000.0
Random_3367,348.4390096746759,545.332973687577,0.08863291433492776,0.18623101120095648,210000.0
Random_3368,723.9461601613973,994.5100174285517,0.06388834965008547,0.12520415964648562,210000.0
Random_3369,462.4965018286415,675.0267687682867,0.09204778295371563,0.19525279847045823,210000.0
Random_3370,759.7036126289419,1037.7566690360707,0.05883044958467659,0.11236543999280756,210000.0
Random_3371,674.6195881836228,937.155961997118,0.06707626707662896,0.13098583891434334,210000.0
Random_3372,747.726336068573,1014.1970844499122,0.0549744464122721,0.10148805053601576,210000.0
Random_3373,496.49647034559666,731.1278789917926,0.09770592162339026,0.20703868050684454,210000.0
Random_3374,630.9696111116117,914.9051283249837,0.10036232748730158,0.21047517467681187,210000.0
Random_3375,390.28172488680667,587.6637734833283,0.08781286226195416,0.18353588920131758,210000.0
Random_3376,736.3401398006306,990.1301266724523,0.05878790379103445,0.11552427971080048,210000.0
Random_3377,590.0115365844633,829.1827253613524,0.07977096502048976,0.16288209762728542,210000.0
Random_3378,769.1419966849032,1061.1175696485925,0.06947715078796957,0.1353180605294486,210000.0
Random_3379,763.6570178834357,1063.0235664539866,0.0705729598224561,0.13636479713988295,210000.0
Random_3380,453.55596349672953,705.2733276728283,0.0905928874318912,0.18482308499312078,210000.0
Random_3381,845.4620050939624,1181.8992634657855,0.06568084716466432,0.12499705568929698,210000.0
Random_3382,603.0108955585221,833.0133228404159,0.0838077810153812,0.1762686605970797,210000.0
Random_3383,660.3424955715934,901.8090284758576,0.07138284925493465,0.1430798030584723,210000.0
Random_3384,703.681351502628,983.5978420655462,0.08566183324886738,0.17456723976369162,210000.0
Random_3385,656.5716430729402,925.1527415368834,0.074288535482321,0.14907332262491613,210000.0
Random_3386,674.769768039641,925.4510975599791,0.06845404633819645,0.13676732965839267,210000.0
Random_3387,853.818403882781,1187.8711223806024,0.05545038060810052,0.09764338891055552,210000.0
Random_3388,737.7455975237104,1023.4702421026409,0.09054591221704776,0.19049360702651089,210000.0
Random_3389,482.07631118892755,701.6899566614261,0.05294572679260172,0.09289714341353929,210000.0
Random_3390,577.5317308886756,833.6835006448449,0.0865898039074783,0.17884925332604168,210000.0
Random_3391,683.1747699473092,933.3178023154164,0.074961072322698,0.15250588955901254,210000.0
Random_3392,786.745918725986,1115.6859605737875,0.0927780334634282,0.19090499089277768,210000.0
Random_3393,560.7926058931461,793.4608045979431,0.06606183081257037,0.13013617638790548,210000.0
Random_3394,716.9284084133553,1009.8713621503618,0.09859358752599001,0.20866849436048263,210000.0
Random_3395,771.5108936290892,1084.3571214708102,0.09118060915608676,0.18718490980692887,210000.0
Random_3396,520.6135588394019,720.8526807031798,0.047502665572496244,0.08382992445932475,210000.0
Random_3397,696.0365871405126,954.50233139262,0.07889446839956321,0.16446159113666267,210000.0
Random_3398,438.077873534651,688.8873286639408,0.09473653502430594,0.1965579654660085,210000.0
Random_3399,467.2014976677634,718.3847396818358,0.09253200299051785,0.19108229187592757,210000.0
Random_3400,788.0087195380523,1096.7263763726646,0.08106059613600125,0.16729960636420335,210000.0
Random_3401,775.5986973949606,1060.2449286800138,0.06356187706998583,0.12388320761967933,210000.0
Random_3402,660.7882928924599,903.1419211150665,0.06341706488822214,0.1264487751330212,210000.0
Random_3403,720.184060502891,1023.6882175823769,0.11028133854590871,0.2386234321149709,210000.0
Random_3404,716.9340530820162,993.5918759875478,0.08743286848828732,0.18483114831956401,210000.0
Random_3405,724.2367989710352,974.6669273014471,0.06286690859544349,0.1231730848544409,210000.0
Random_3406,579.8278336163216,818.0403910677383,0.09699847947801321,0.20736527279320113,210000.0
Random_3407,615.9894122721458,847.7513992239888,0.0812241954088117,0.1690646772014779,210000.0
Random_3408,720.3560510509351,987.7979728275412,0.05646929213840806,0.1037957581663623,210000.0
Random_3409,662.902147362731,907.5026818285268,0.067743721536747,0.1330977562282829,210000.0
Random_3410,572.7020560604983,854.3121766224892,0.11127937133834373,0.2363185239068458,210000.0
Random_3411,747.806792365071,1056.2404126606305,0.08007136324777224,0.15970360025835303,210000.0
Random_3412,750.3475388549748,1000.9743570342395,0.04236476986580631,0.07270644911206035,210000.0
Random_3413,657.4480255734284,944.2161998596428,0.07639201197648052,0.14962993466193777,210000.0
Random_3414,509.4665928423761,741.4552304495024,0.08847835422966902,0.18230167793508387,210000.0
Random_3415,715.6168918439549,983.7491507463782,0.09254417338886797,0.19749853567123646,210000.0
Random_3416,540.7208807873931,751.0898995829261,0.08183310269589708,0.16874556524740422,210000.0
Random_3417,611.2004580600735,855.2215251992634,0.08435062793669056,0.17500838106043937,210000.0
Random_3418,400.1486950112961,586.4192236617149,0.06831539991379001,0.13384362003330122,210000.0
Random_3419,699.656906697553,980.7981871329819,0.08202416500717358,0.1697131431531032,210000.0
Random_3420,772.1931995587497,1082.1921804206795,0.08879802294480044,0.18596494291809096,210000.0
Random_3421,494.6712263492896,737.5232728296536,0.08473174703580832,0.17186505869149066,210000.0
Random_3422,789.3703729820911,1115.122836675733,0.0955379011984211,0.19807663674643544,210000.0
Random_3423,486.2904018816553,715.3996319380276,0.07023253847322278,0.13936458572425345,210000.0
Random_3424,663.1266406038396,934.3038167261252,0.0728009971943442,0.14574492956524754,210000.0
Random_3425,695.410313307051,968.1429437102045,0.07536707519958372,0.1492262624097275,210000.0
Random_3426,595.7874170170261,848.8508002310781,0.07494008953744113,0.15133020050376436,210000.0
Random_3427,666.8071371431969,911.541828406298,0.06171514128563856,0.12046967706497314,210000.0
Random_3428,677.6761781115592,920.5415148471567,0.075958550141698,0.15797808134937605,210000.0
Random_3429,709.6242917459219,961.9434284383174,0.07083439189094738,0.14376906073128584,210000.0
Random_3430,544.811082449892,817.0645450244181,0.07584916537034252,0.14773741594982406,210000.0
Random_3431,753.4875888098397,1065.0116801916968,0.081170987097615,0.16202965757299137,210000.0
Random_3432,628.4971283179111,878.9201322097242,0.09288200375075795,0.19843491541981698,210000.0
Random_3433,741.1213382467118,1046.6893277284173,0.06522406612241204,0.12155713989628675,210000.0
Random_3434,499.87284045208327,714.993672920455,0.08949901925755238,0.1884832820290161,210000.0
Random_3435,756.0108598233168,1069.6701177272723,0.10856339932651082,0.23476283498309364,210000.0
Random_3436,772.4352510622904,1065.7532517481227,0.06820571910185441,0.13614643204365845,210000.0
Random_3437,479.2785353707384,740.1819567288849,0.06609021677110992,0.12142888849684136,210000.0
Random_3438,680.3032075099412,958.8332941368499,0.08809324063891505,0.1823736956425607,210000.0
Random_3439,474.3370569289619,719.0241624562866,0.08504314009454035,0.17278674226722704,210000.0
Random_3440,792.0994243334651,1114.7214358168785,0.08023482122210196,0.16044241909752854,210000.0
Random_3441,602.5126395951853,866.2248555051818,0.08994129745396595,0.18760701204766939,210000.0
Random_3442,718.0852742805414,1031.689140050803,0.10657781457485646,0.22658260312065756,210000.0
Random_3443,553.5989367021982,777.1228050227962,0.0679061915022012,0.13658487597154623,210000.0
Random_3444,415.26788528215064,681.3522673633348,0.09833579846993956,0.2006904169009427,210000.0
Random_3445,734.0225827478695,1047.8017811874972,0.09027113280068452,0.1863124671287366,210000.0
Random_3446,590.6206443925997,833.5139673323995,0.06534937144240145,0.12668919395468659,210000.0
Random_3447,636.8075981931563,925.27049762241,0.08251355443655664,0.16304162068784214,210000.0
Random_3448,520.7833087722788,724.1001280798235,0.07424044650765481,0.15190444324940636,210000.0
Random_3449,523.5178533566752,779.0144541610407,0.06618823800519298,0.12489529901406778,210000.0
Random_3450,478.7912148242791,684.8751711283593,0.09105222749167588,0.19414648571170526,210000.0
Random_3451,736.9867700621425,1011.5336014734426,0.0955966733348624,0.20663708796604155,210000.0
Random_3452,642.4936362783603,924.6949710951208,0.0966270899642504,0.2022887443667012,210000.0
Random_3453,569.0524300322478,820.6583868411209,0.09019041240304318,0.18664371787314107,210000.0
Random_3454,719.615611503671,1028.0281077164468,0.09943023577801213,0.2082318088669412,210000.0
Random_3455,574.5834137872198,837.3728422936566,0.08951436093940474,0.18172693374983803,210000.0
Random_3456,477.78787880915513,702.9712850533084,0.07327184850874197,0.14581417103342587,210000.0
Random_3457,736.5892787979534,1032.261110899772,0.08856982743507003,0.18145895199389517,210000.0
Random_3458,654.1919907396114,931.3399458740167,0.07519183988027749,0.15015283255110037,210000.0
Random_3459,496.99275744306425,698.6273380839963,0.07439250069263369,0.15023971714699397,210000.0
Random_3460,825.1457639282739,1156.09198792918,0.06470968403198386,0.12191789534876749,210000.0
Random_3461,674.3956995111193,968.3568980789751,0.08451584458820391,0.16806303027764846,210000.0
Random_3462,529.5290554271979,770.8013931115314,0.07725800611093009,0.1553940688728251,210000.0
Random_3463,769.5544048471173,1077.9668063767633,0.07794539534149575,0.15776198546308892,210000.0
Random_3464,508.2625153677335,718.1899901629564,0.06246980719056314,0.11855219547357769,210000.0
Random_3465,743.1767011045059,1038.1574788941878,0.08346520663220738,0.1687793285381035,210000.0
Random_3466,668.8239962875815,946.3544805643269,0.07363622980149437,0.14359362923779734,210000.0
Random_3467,753.0530124054918,1010.1180382477636,0.05498091700228101,0.10647917203763355,210000.0
Random_3468,404.2067512234676,662.216157593746,0.0999578787583929,0.2064333304134669,210000.0
Random_3469,626.0407311680898,910.0219121212072,0.08191356006024379,0.16281101594001302,210000.0
Random_3470,799.1545216245133,1093.2530381253978,0.06669522203509401,0.13431396443541171,210000.0
Random_3471,764.2128441141676,1066.5979156214396,0.07813267125822591,0.15851542544037622,210000.0
Random_3472,551.8709040576065,803.5512190089946,0.09314673929408633,0.1951345177124065,210000.0
Random_3473,767.4426454070175,1100.7662733718632,0.11226799256623579,0.24161977554185662,210000.0
Random_3474,749.6345935586803,1018.2612517887688,0.07398498401511874,0.15138898484854554,210000.0
Random_3475,512.9709913963266,739.5676853198744,0.09742082776429047,0.20766813675512172,210000.0
Random_3476,708.0802207023918,958.3953536576423,0.07676485584475702,0.1569302690364176,210000.0
Random_3477,562.3616515296978,805.4409088896803,0.06492018209800414,0.12297636479645155,210000.0
Random_3478,741.5907194651645,1041.5708667479007,0.06812589003917278,0.13269530809903576,210000.0
Random_3479,767.7212956757953,1063.7961280364932,0.07036079564662702,0.14087987997909968,210000.0
Random_3480,616.4237972044375,890.5732201350736,0.08848186249962273,0.17838013110348197,210000.0
Random_3481,500.6315365005009,719.0323888127227,0.08358550596477728,0.1705853547428146,210000.0
Random_3482,729.7968863833196,995.7332455073438,0.07853399353056001,0.16260410382465407,210000.0
Random_3483,480.54171814130984,718.5213434876553,0.06346237913122629,0.11791417602514764,210000.0
Random_3484,547.1767488025932,824.789274965164,0.0971394736772469,0.20120017804257612,210000.0
Random_3485,686.3369752017868,928.7420149697086,0.06884508679293551,0.13772973983199935,210000.0
Random_3486,601.5078873366663,860.3077154278848,0.07671614936360012,0.15360540895377103,210000.0
Random_3487,738.267120751341,1036.9186117578734,0.09306382205938968,0.19334004108916425,210000.0
Random_3488,615.2760511969958,886.3820181433192,0.06343593708768686,0.11765825193528479,210000.0
Random_3489,759.0387632961288,1084.1515515340336,0.10097907962428734,0.21351855842627707,210000.0
Random_3490,526.1886006556228,772.181869927063,0.0753505223792907,0.14749273593624335,210000.0
Random_3491,481.0477870341779,702.3810476585297,0.07990873245464047,0.16163399670593281,210000.0
Random_3492,462.1857491000002,668.9876753656669,0.0561789184927083,0.10347878463300458,210000.0
Random_3493,743.7378100052446,1053.3318188712828,0.09741487489694135,0.20593728233725472,210000.0
Random_3494,739.8671507381507,1037.8612665239114,0.09579909459026816,0.20315014984216775,210000.0
Random_3495,498.496235638271,775.5258964689931,0.11151007429576258,0.23512578638530318,210000.0
Random_3496,524.5309453545926,728.1669849093752,0.0659922861735089,0.12875556138423755,210000.0
Random_3497,662.4899656551445,923.279934792172,0.07817516273930555,0.16093883444514873,210000.0
Random_3498,825.9520784396784,1143.4043892089808,0.05767343152942166,0.10464228435669437,210000.0
Random_3499,393.912079360871,603.8645021306897,0.09879734690650034,0.21058269952051858,210000.0
Random_3500,592.6482295864088,840.9535402485457,0.08215728781194513,0.1691537779905667,210000.0
Random_3501,651.2711822792821,899.0915296432885,0.06540014850968727,0.1300527481363283,210000.0
Random_3502,398.63192668107064,611.9782429551249,0.06294825036649213,0.1198894204161429,210000.0
Random_3503,533.5823052464274,746.4603525653205,0.050414256689159546,0.08896157454231016,210000.0
Random_3504,638.4472409243256,900.2983814879839,0.10073543108898522,0.21550285141339376,210000.0
Random_3505,545.6544761752195,808.2422501099114,0.09395012688170007,0.19263804402062829,210000.0
Random_3506,740.8195012447286,1044.2306348732577,0.07235755855847825,0.14336474942246183,210000.0
Random_3507,620.508373830038,831.8675989003598,0.04381038689724471,0.07675522496361187,210000.0
Random_3508,654.6567965743897,947.3215165538954,0.07976791464180333,0.1603531910480528,210000.0
Random_3509,725.5241216348701,959.9776349642499,0.03836153673294908,0.06369801796050906,210000.0
Random_3510,565.8587245263845,841.4082317627879,0.07900678231468321,0.15623555836636333,210000.0
Random_3511,697.2689702890049,1003.4191070783943,0.10047101000200546,0.20917254435979848,210000.0
Random_3512,420.8974383829551,676.3317941027633,0.08045436299308763,0.15629039546165732,210000.0
Random_3513,564.0976420825145,794.0875971252154,0.09035488018417835,0.19013140207200716,210000.0
Random_3514,498.25307983977314,707.4561546390205,0.08601142806034812,0.17968689317754732,210000.0
Random_3515,649.1165400276703,870.2783808321609,0.05059263829077537,0.0924490370726444,210000.0
Random_3516,733.3696000148393,1006.5288140326695,0.08174994932852506,0.17108678902637375,210000.0
Random_3517,565.6395280232875,817.3208390052872,0.08050917526190823,0.1614740307084046,210000.0
Random_3518,573.8503167857427,836.7459017511045,0.08888627001829716,0.18287136153702904,210000.0
Random_3519,778.8263004012704,1074.7489504506373,0.08191148348068292,0.16646756431777054,210000.0
Random_3520,651.9419083528503,909.8933844320509,0.09855113319912695,0.21117799606939125,210000.0
Random_3521,419.84111106286593,629.8393064492673,0.086388248014409,0.18070379596181146,210000.0
Random_3522,700.8204229504545,987.818670794471,0.07867884990392929,0.1592909863734859,210000.0
Random_3523,589.4610355617001,859.421314980155,0.06484116502356341,0.11937470135878159,210000.0
Random_3524,779.5682788092764,1096.0284626171833,0.08168742024046619,0.16382662643195797,210000.0
Random_3525,580.1920721231644,797.4055039685448,0.0820601264366968,0.16984328716135955,210000.0
Random_3526,753.7108762066864,1050.4474078099902,0.09884176207677345,0.21198674135808943,210000.0
Random_3527,325.4120497117143,511.2327371619959,0.09043746865043907,0.18887077391137846,210000.0
Random_3528,494.9376057933927,749.5567259527143,0.08153602330082475,0.16028524571284347,210000.0
Random_3529,749.6025423156159,1053.9194685495918,0.05648268506409594,0.09986172977218419,210000.0
Random_3530,708.5379369029429,997.9331116573314,0.07529457509536436,0.14785830517393894,210000.0
Random_3531,721.7278423547743,1022.4134463840378,0.08856105039620618,0.1805974159432016,210000.0
Random_3532,503.0341528262176,722.2997236783963,0.05659655729773214,0.10307865348477166,210000.0
Random_3533,458.39933588982086,724.6045280621915,0.10854155375362098,0.2277351108393456,210000.0
Random_3534,500.01448392380746,756.2317030687249,0.07104545181194444,0.1347410639268194,210000.0
Random_3535,691.9499212889838,978.349511377262,0.08880523740379888,0.18420411099714334,210000.0
Random_3536,568.5953896347273,810.9071406704714,0.08878602783400785,0.1860037223134094,210000.0
Random_3537,645.9522613652014,880.5272740080914,0.08130671702410118,0.16967173901507607,210000.0
Random_3538,497.2814476230241,773.1745280931715,0.10732050122107081,0.2263321453822206,210000.0
Random_3539,465.0370825396167,668.5837887959292,0.07601466117952992,0.15351403425936855,210000.0
Random_3540,763.779350313718,1027.7382996955434,0.05712424086880189,0.11124399948957822,210000.0
Random_3541,693.7510840982274,976.6338128519945,0.08958103373380782,0.18638409051037147,210000.0
Random_3542,709.3372869030995,968.1438271692042,0.06593176989941586,0.12938981947313863,210000.0
Random_3543,369.9242288565009,614.0067565377801,0.09900358532928084,0.20323965504428843,210000.0
Random_3544,807.4180394868829,1109.7812536679264,0.05622685032745831,0.10436155852925508,210000.0
Random_3545,707.4655293758785,955.1104707281561,0.06033537167929508,0.12053374414582324,210000.0
Random_3546,387.82786142698427,611.6978388193388,0.08499411912333371,0.17195086876051424,210000.0
Random_3547,767.5753442683698,1068.8875634536023,0.07878427376671247,0.15768490708601265,210000.0
Random_3548,574.9320016277239,822.36121580508,0.07971342589922818,0.16163794204298582,210000.0
Random_3549,812.3413741481943,1140.6762449879404,0.07582512069224523,0.15137922243483273,210000.0
Random_3550,698.190690375158,983.5938804291387,0.09546123727958206,0.20186697940950907,210000.0
Random_3551,723.3546279244339,1024.9325033239973,0.09418653509691786,0.1963714774096831,210000.0
Random_3552,560.5410087820795,840.8186455967523,0.09230221374866825,0.18981266955633622,210000.0
Random_3553,477.3242818735932,675.8877381222264,0.08304901721942326,0.17119266158254756,210000.0
Random_3554,681.9092299160205,957.149392535142,0.10330882664012393,0.22332120973957126,210000.0
Random_3555,742.8768072465241,1013.1404957425566,0.06537624637707565,0.12658041996448566,210000.0
Random_3556,675.5824550757534,919.5383058928702,0.08285843121057013,0.17341732486932956,210000.0
Random_3557,722.2074660381774,975.7403554362958,0.06809324720077622,0.136797548490825,210000.0
Random_3558,685.6755711029963,983.5315705804018,0.07363296173732455,0.14090977479465822,210000.0
Random_3559,748.0940157157365,1047.9911045268645,0.09783619236471941,0.2089123299732621,210000.0
Random_3560,680.5920021004137,962.5160671514338,0.08739549247144024,0.18211378163177172,210000.0
Random_3561,609.4985818358625,891.3930312553205,0.07322657814270907,0.13999955680364076,210000.0
Random_3562,492.06818181749344,708.5763256900318,0.08545305685230077,0.17472450434899497,210000.0
Random_3563,439.44105906660246,658.4022810921316,0.08693526640498524,0.17651227066023528,210000.0
Random_3564,440.7948786476519,682.6105483728221,0.09459416910023341,0.19591008260492207,210000.0
Random_3565,479.5827785871048,715.588281999396,0.08984958151110617,0.18259146180330002,210000.0
Random_3566,683.4214867883819,965.75790152373,0.08304326494368224,0.16949717076242124,210000.0
Random_3567,481.9481900976199,698.7180258817862,0.08117539739162496,0.16688305220821814,210000.0
Random_3568,396.67779158642827,590.2865338845522,0.06717043570483046,0.13244104158972253,210000.0
Random_3569,730.4030275107256,1001.1204317175255,0.08122977346082699,0.16615955116553263,210000.0
Random_3570,375.2329204177823,620.71208658137,0.0965076829284956,0.20073715146007287,210000.0
Random_3571,441.0821330211185,660.0375824135681,0.06568908542786538,0.12735540487742694,210000.0
Random_3572,512.6430692142726,718.9359660061139,0.07157552369104614,0.1464809647559718,210000.0
Random_3573,448.75620179472025,717.9419454831622,0.11907513586946772,0.2547595622760665,210000.0
Random_3574,635.0658904040938,857.4246783156602,0.05777717106869357,0.11439833033475966,210000.0
Random_3575,536.9123540623169,796.6935614551568,0.10126096762557268,0.21174296121473815,210000.0
Random_3576,734.2709287221354,1015.4843791641399,0.07975633938912675,0.1640185913297549,210000.0
Random_3577,636.0563534775704,922.7769848275168,0.0977726073380854,0.20146838760540658,210000.0
Random_3578,598.5951435938445,854.5379985720332,0.08050120978075653,0.16288238608243902,210000.0
Random_3579,711.2428815892174,1010.1344341780616,0.07143485997737618,0.13930434349773238,210000.0
Random_3580,503.87067544916107,746.1523059915995,0.054357883770157475,0.0943396006215064,210000.0
Random_3581,707.7878383497531,1014.8421139902866,0.085278994751176,0.16960435428975495,210000.0
Random_3582,662.0165748036804,903.2622588894143,0.07588004103227468,0.156329298648049,210000.0
Random_3583,583.5893053922492,797.5993360845507,0.0596202112934298,0.11498019465079856,210000.0
Random_3584,688.3492870836207,969.1404364896246,0.07094587859370516,0.13802518946230524,210000.0
Random_3585,612.4604609883951,846.3851749725372,0.0847640204552514,0.17677592736731182,210000.0
Random_3586,557.0066053513585,796.6011109674731,0.10009739801375518,0.2151968487769018,210000.0
Random_3587,548.382154036479,825.161571744332,0.09776448400559394,0.20370365462933687,210000.0
Random_3588,642.08751717454,930.240307915941,0.10829293415707593,0.23184266916806437,210000.0
Random_3589,685.0115635852137,970.5894754846522,0.0841551569952964,0.17180447247316027,210000.0
Random_3590,686.2924998106968,957.689479561272,0.07455572868994728,0.15018261458161422,210000.0
Random_3591,663.5521430237835,910.6226082568157,0.07338965135066614,0.14797428363852924,210000.0
Random_3592,774.923009238999,1052.5002740787966,0.051373449233567375,0.09252925273099363,210000.0
Random_3593,699.1155608189432,938.121519531939,0.04653792153033858,0.0827371780835042,210000.0
Random_3594,547.8584608792793,763.0056298941146,0.07508678456607235,0.15238339268483542,210000.0
Random_3595,742.1449599860738,1026.3169658052364,0.06372575832675113,0.12056682744259267,210000.0
Random_3596,668.5707372134665,914.4855488828515,0.059010762226989234,0.11186967159393216,210000.0
Random_3597,784.2288542102946,1095.7805283500286,0.0861810681638852,0.17657129655147885,210000.0
Random_3598,637.1302538244214,907.6440865713347,0.0682404403660663,0.1318253883654118,210000.0
Random_3599,576.4641238646544,811.2001178434637,0.08433645167237103,0.17527129042110187,210000.0
Random_3600,691.1410575406203,991.3005458659236,0.09257784109341954,0.19245294083620126,210000.0
Random_3601,517.2432630356376,717.3473317287561,0.06960434194627287,0.14035147038172505,210000.0
Random_3602,707.0635950455912,956.6400606900478,0.05717966527824679,0.10880397973205688,210000.0
Random_3603,525.9518479488023,730.1466523795517,0.06915384155523395,0.13676987751719116,210000.0
Random_3604,520.2774618631455,738.6124974672381,0.0708782681315567,0.14114727732425444,210000.0
Random_3605,572.6950837439795,842.9054271745164,0.09476006626311559,0.1942373172433895,210000.0
Random_3606,539.5868664575781,796.4594235664435,0.06717324434107844,0.12761315332987364,210000.0
Random_3607,546.0892765218247,783.350997171114,0.07023909087174375,0.1367882473047236,210000.0
Random_3608,495.08890505875297,696.7742586869292,0.06251310686638212,0.12139397032063513,210000.0
Random_3609,810.8128199965636,1128.928368663617,0.06321580293937677,0.11894765480641042,210000.0
Random_3610,417.8365179228214,627.596972021631,0.09725504050790745,0.20718326055365466,210000.0
Random_3611,555.6358270030026,816.4163152218115,0.07660604055422503,0.15058587416102184,210000.0
Random_3612,739.1668625266401,1034.273001133422,0.08824876534290503,0.1832097366807497,210000.0
Random_3613,516.113864768816,718.0461091851788,0.07290029422049157,0.15025357039647314,210000.0
Random_3614,531.8802395795427,750.7769299500246,0.06369763316504466,0.12285761229542215,210000.0
Random_3615,586.7439615273025,810.5414060487359,0.07547028579208413,0.15497543830887953,210000.0
Random_3616,647.459565606956,891.1495770515273,0.07970456946048804,0.16577061642364732,210000.0
Random_3617,725.7752891591667,1019.7758136683501,0.05310612856493295,0.0912036478103726,210000.0
Random_3618,702.2959292897459,986.6837507974291,0.054843203620103434,0.09599043300212418,210000.0
Random_3619,666.6046255093253,949.333999196545,0.07862225895819747,0.1591642894044547,210000.0
Random_3620,728.3330986993474,961.1843200788824,0.03622548935599121,0.05830191537577509,210000.0
Random_3621,479.8360743283105,683.5246039600603,0.06533870182864883,0.12659578805881663,210000.0
Random_3622,570.7473637648757,823.7872118920786,0.06563195594667963,0.1225075942291691,210000.0
Random_3623,732.9284127898032,1015.6864982617849,0.07094462234436003,0.13824839624235868,210000.0
Random_3624,736.082988064002,979.643772332778,0.03950438381449106,0.06553887977408968,210000.0
Random_3625,691.7162305993887,990.8108576760658,0.0932478274379545,0.19324854971978409,210000.0
Random_3626,678.1862155843279,933.775630591206,0.08886730685902566,0.18693483954890724,210000.0
Random_3627,719.5404529963289,970.1865630732353,0.06094685052558052,0.11943489376507986,210000.0
Random_3628,521.8494771363835,766.405503752554,0.09183716204327015,0.19026920375294937,210000.0
Random_3629,639.4347150138609,932.2798718926532,0.10651647835674717,0.22664444734221828,210000.0
Random_3630,480.7258851704867,723.0742620092719,0.088755228731039,0.1824931567116397,210000.0
Random_3631,443.45245870384986,661.3913799472111,0.10091731735842333,0.216216149813736,210000.0
Random_3632,726.0801895878207,997.4151420668348,0.050175750730313884,0.08746309398694577,210000.0
Random_3633,625.17896289064,866.5185679697718,0.08945690747213215,0.18809259955119675,210000.0
Random_3634,517.2333721696327,741.3018398594534,0.080427961897711,0.16348893914270082,210000.0
Random_3635,588.2272927700714,869.6753858479399,0.07796396486377846,0.15385678705649866,210000.0
Random_3636,731.9814118899685,994.6614861649311,0.05715930666667547,0.10672232681017946,210000.0
Random_3637,699.2988820603962,972.3780881909511,0.07589583468348444,0.15309720725149908,210000.0
Random_3638,687.0310563567444,936.8186834454496,0.07454510521741645,0.15493687461031563,210000.0
Random_3639,775.9442337974806,1070.6950373727743,0.07151397579287447,0.14448321220586477,210000.0
Random_3640,761.818102845914,1062.698826122609,0.07539315505678756,0.1504319493331636,210000.0
Random_3641,641.4657086699835,874.5240179488632,0.06466346005679421,0.12786383068392973,210000.0
Random_3642,544.9218214262723,817.3760269268474,0.10608567413568554,0.22502545509697766,210000.0
Random_3643,728.100077867975,1017.8599695120532,0.08835268026494723,0.18469743277886827,210000.0
Random_3644,523.5378714683126,755.1458189962078,0.066227495812644,0.1276267554515239,210000.0
Random_3645,390.97262898091554,587.223674619788,0.09198347161264463,0.19251007786703575,210000.0
Random_3646,653.6621750648571,946.8987225273274,0.09608281900941457,0.2006512879993353,210000.0
Random_3647,493.8440244322361,707.1982067653025,0.07366779824483136,0.14710631015150263,210000.0
Random_3648,660.7709886432267,903.6116549908842,0.06767709532730617,0.1332791390541755,210000.0
Random_3649,592.1894874347729,812.1577388693419,0.04457057762968415,0.07524581453863836,210000.0
Random_3650,738.5059614904638,996.9183634678318,0.05980702574287085,0.11921818099199176,210000.0
Random_3651,568.3386902876923,793.1157938278592,0.06082533355932599,0.11825870583898945,210000.0
Random_3652,628.8471794531685,886.9016339190483,0.07528811486064328,0.14894910127545288,210000.0
Random_3653,636.904712240094,895.8679489351375,0.07565850315544319,0.15272562169801013,210000.0
Random_3654,543.0409551026718,810.3923300816722,0.11236729402386175,0.24075746619954644,210000.0
Random_3655,714.6555666468189,987.6041064542593,0.07849033078478836,0.1616231817104263,210000.0
Random_3656,599.3581311984121,832.8659452395023,0.05977779983015739,0.11480404576624229,210000.0
Random_3657,705.505079559082,1007.4418303899,0.10065511662003467,0.21346747724156173,210000.0
Random_3658,706.1179309961852,970.9285714326804,0.09350252221257135,0.2000450388436004,210000.0
Random_3659,658.6677724787418,897.262420225307,0.058221283203059804,0.11342607902764672,210000.0
Random_3660,395.67674053394654,644.9019832465603,0.08603119939210935,0.17429992958347687,210000.0
Random_3661,640.9175731743458,903.7144773414814,0.0982043646985734,0.20852085153550587,210000.0
Random_3662,817.3790615227888,1135.7275998311243,0.06671501139714432,0.1288091045916367,210000.0
Random_3663,549.1042079877503,810.8530310856445,0.06394271999508568,0.11839990192960778,210000.0
Random_3664,697.6193194308738,977.0028867296006,0.06339564515056138,0.11890694515643233,210000.0
Random_3665,621.933153045679,854.3143675248974,0.05632155877474235,0.10654941816847253,210000.0
Random_3666,475.782368913869,720.5656687791726,0.08762965888419398,0.1804777550823177,210000.0
Random_3667,648.4314214161451,894.5513572140637,0.08184369587397768,0.17012307100105806,210000.0
Random_3668,823.3368902790362,1152.1608994311262,0.06860051578105632,0.13332510742000298,210000.0
Random_3669,462.50585634034593,677.5197224964461,0.09175261412095363,0.19437397628896713,210000.0
Random_3670,725.5035889035299,980.5413912040433,0.07113286101533202,0.1432777279973523,210000.0
Random_3671,688.6277409183953,940.9873035414992,0.05661604753186128,0.10605817131215994,210000.0
Random_3672,695.2849588986933,992.2835857843819,0.09205620299062374,0.19139951721852258,210000.0
Random_3673,353.8789362441139,585.0107187321171,0.11216988729890066,0.23992432171097763,210000.0
Random_3674,469.6748188080705,682.4205710503326,0.06703496589658633,0.13279105256893686,210000.0
Random_3675,729.5912085475003,1015.0847354254408,0.09614543654600557,0.20407629998826496,210000.0
Random_3676,787.2794513156718,1111.3398370983648,0.08533692821109404,0.17598604616324526,210000.0
Random_3677,677.9252557286893,918.6705982212152,0.06993237776903766,0.1430173076629948,210000.0
Random_3678,483.41531480275785,707.9413028886992,0.09134520692512028,0.1890695956881672,210000.0
Random_3679,632.8777696029883,861.9930723545193,0.04337368174362823,0.07293306854507697,210000.0
Random_3680,566.6329887375039,814.8626802522089,0.0969092884607742,0.20513635415559758,210000.0
Random_3681,850.1149253162073,1174.2973629800492,0.052589406009090414,0.09178248200308976,210000.0
Random_3682,790.6723400638339,1090.1121169205999,0.07186700212699462,0.14358518712430046,210000.0
Random_3683,716.8541776709326,963.5601467094394,0.06668489519478801,0.13628304865926733,210000.0
Random_3684,504.46656576743567,728.0717484144582,0.08521124606066934,0.17699529306450962,210000.0
Random_3685,739.0204024447971,1033.1344720451505,0.06424966593805168,0.12031725812511386,210000.0
Random_3686,749.2400903051172,1022.0224812451462,0.08010871156393058,0.1662653198660745,210000.0
Random_3687,462.4241194636564,706.1315814890004,0.07842751373657325,0.15583675306464842,210000.0
Random_3688,716.0052559636244,1002.5591361985549,0.09155697625108415,0.19085637547340636,210000.0
Random_3689,649.08770127104,915.0173361266008,0.09400143394496922,0.1993927400215946,210000.0
Random_3690,548.4045502684279,797.7481237584714,0.07709457180894308,0.15266211757335496,210000.0
Random_3691,667.9947199026684,953.0318761736695,0.08071880441786049,0.16189366269858108,210000.0
Random_3692,693.8538545749697,964.1510468483374,0.08284169395012543,0.1714798379350789,210000.0
Random_3693,616.9831511548081,846.6848090509553,0.07084735893520615,0.14063333597011524,210000.0
Random_3694,413.5360539599915,635.4980162650602,0.09823288739666682,0.2080646385902771,210000.0
Random_3695,708.1831140182211,992.3296804691887,0.0816480117988138,0.1664257149254126,210000.0
Random_3696,811.8394976781358,1120.1340501577758,0.06271168335630209,0.1183794814070776,210000.0
Random_3697,625.0725252350627,894.8776698323653,0.09281201107629221,0.19276704392795121,210000.0
Random_3698,748.6709425363405,1025.143671633265,0.06363748056887492,0.12591446989902697,210000.0
Random_3699,560.0270762697583,777.8952194733255,0.08370905668853595,0.1737496610850009,210000.0
Random_3700,608.3651621536969,834.2816683293258,0.07832276569322119,0.16164194215552127,210000.0
Random_3701,550.7487435978368,780.6288606837144,0.07954270350746809,0.1643063134061905,210000.0
Random_3702,730.1481888165877,985.9235683532054,0.05193870461571885,0.0959028702925446,210000.0
Random_3703,749.3227583213954,1002.2307734147249,0.06569742683524771,0.1345509520382693,210000.0
Random_3704,824.1011184038942,1152.428214641423,0.07106986290011583,0.1372597704453827,210000.0
Random_3705,748.6573261597614,1035.9413502798939,0.09168732618867996,0.1952033328528849,210000.0
Random_3706,770.2809509086909,1074.7818639788923,0.09424872406228924,0.1990482573668554,210000.0
Random_3707,724.0494048279103,1007.7379961424319,0.07959406870276198,0.16070014961690482,210000.0
Random_3708,668.7281000828193,930.6607902445911,0.08649423970706938,0.18170303165227933,210000.0
Random_3709,729.6771767660979,987.502489606557,0.07609386276797779,0.1583609669818149,210000.0
Random_3710,407.5372883383767,625.6789195332332,0.06101098317020533,0.11254681730908675,210000.0
Random_3711,727.1540856958732,985.8994607030879,0.06618576206811991,0.13226777563196102,210000.0
Random_3712,642.0042094525925,893.8838791520126,0.05175026690627234,0.09101275263656008,210000.0
Random_3713,714.9691340432888,1030.7185404823776,0.11173533540468618,0.23959753289490732,210000.0
Random_3714,614.3485962239913,869.2565706458221,0.08091303098630974,0.1639528271565644,210000.0
Random_3715,653.9983803729368,918.1797994421444,0.08368325742056495,0.1693698803748927,210000.0
Random_3716,707.9795729476065,994.6892657207734,0.0794626666274058,0.15785616670941316,210000.0
Random_3717,469.76258236385934,703.4256228892189,0.06534122138129043,0.12265029941660703,210000.0
Random_3718,658.428759146044,926.0456410577428,0.09358612301096006,0.19695048608398008,210000.0
Random_3719,721.7940915724591,999.1375001063708,0.06784111017625076,0.1341693206248008,210000.0
Random_3720,581.8340800630447,861.6699551730497,0.11430842527135224,0.2454764541328952,210000.0
Random_3721,756.5044495089566,1063.7582234159727,0.0623752665974799,0.11412278109075229,210000.0
Random_3722,749.9766569695379,1024.669325316486,0.05519448258628936,0.10194157856821331,210000.0
Random_3723,636.9330881861465,904.150635900314,0.05252841589689464,0.09005470377764586,210000.0
Random_3724,628.9875521975814,900.7484679628311,0.07113728710741306,0.13683936725811283,210000.0
Random_3725,726.1381867322211,997.3823655348685,0.05943968461383875,0.1139805364962322,210000.0
Random_3726,586.7508971450976,843.8006714534118,0.09528311164635485,0.20175368705476568,210000.0
Random_3727,663.3771251794093,934.6277703207513,0.08151016558633352,0.16712787792156727,210000.0
Random_3728,434.7181530930372,625.4413777086238,0.0645902639393421,0.1271367509440992,210000.0
Random_3729,560.7605732874817,845.4314756196309,0.1170914331361194,0.25156684914120736,210000.0
Random_3730,790.7306455455695,1127.7873168847177,0.09886431595029359,0.20807532134506412,210000.0
Random_3731,715.3160765801562,975.3542595659162,0.06792368764302599,0.13554727975929987,210000.0
Random_3732,431.7516365790919,638.7054355084398,0.08199057425512583,0.16753905985639053,210000.0
Random_3733,781.0208747280458,1030.8413726869196,0.03933603113496303,0.06696638704569592,210000.0
Random_3734,707.6980271720879,976.0432771525899,0.06637620051900961,0.1313969385384878,210000.0
Random_3735,800.2205682001829,1123.6288646593641,0.08160454559736388,0.16559711807657057,210000.0
Random_3736,711.4883294439198,975.0377328232645,0.05941695437320474,0.11234714178013329,210000.0
Random_3737,599.9662360048441,836.690095828128,0.07344204961062165,0.14908742084965051,210000.0
Random_3738,753.6092416259006,1056.6057477776426,0.08544833329725146,0.17400307572549373,210000.0
Random_3739,754.8337870062046,1009.2764512353164,0.06172983474737542,0.12164008391814626,210000.0
Random_3740,833.6483422385168,1159.5759227196343,0.06578420418631213,0.12486757146979616,210000.0
Random_3741,519.9377842197847,781.5478302711574,0.09415828888699525,0.19243224029394101,210000.0
Random_3742,645.988649190715,925.4548157800643,0.08110920717348197,0.1606191596046672,210000.0
Random_3743,616.6204590313387,851.0853913955539,0.06910739934305236,0.1393943313140886,210000.0
Random_3744,787.7752295347988,1089.1247002658436,0.07973401112679526,0.1625527021551486,210000.0
Random_3745,672.2986267400966,946.6153196475739,0.07271424814040742,0.14368756799344756,210000.0
Random_3746,790.0642869957735,1108.8732876630354,0.06325524351609174,0.11602346421761717,210000.0
Random_3747,612.5327645839475,861.6596603102726,0.0705319937719033,0.13950748038328925,210000.0
Random_3748,549.8317475520039,817.3830758964928,0.0983431970517443,0.2031710337681638,210000.0
Random_3749,585.4380029598062,857.2809806375634,0.09328112392641512,0.1915845153352456,210000.0
Random_3750,622.1530223114162,859.549743825996,0.05530014297055288,0.10188476141196114,210000.0
Random_3751,540.6129038763346,750.8185241104695,0.06435803168541006,0.1267665243810882,210000.0
Random_3752,741.1066801694813,1027.624050120777,0.056468223774138224,0.10339724758009988,210000.0
Random_3753,760.5038601055865,1066.8735710544788,0.06312242055185328,0.11825832247843196,210000.0
Random_3754,764.2528470436863,1061.181920744857,0.0852295739282486,0.17768038778900452,210000.0
Random_3755,675.3040478699843,981.509087564963,0.09959869761751597,0.20492960638431415,210000.0
Random_3756,618.1045561571773,906.3185937876895,0.08985571413511595,0.18333836638851853,210000.0
Random_3757,704.1344131537284,1014.7515301525949,0.09466440276542448,0.19709124156810878,210000.0
Random_3758,486.8530036486621,710.6878442685048,0.06133407873294676,0.11540814625940227,210000.0
Random_3759,586.9549031496047,813.3231566809967,0.0875617977683087,0.18378746593251685,210000.0
Random_3760,694.2996873433556,956.804607338997,0.054482385504098965,0.09867786194170464,210000.0
Random_3761,767.2428783069618,1089.7855286268066,0.09585885801942691,0.19806074134903248,210000.0
Random_3762,684.6476191364611,925.7505701569056,0.08010624978308509,0.16773275530521806,210000.0
Random_3763,415.1146125992538,651.7936921246115,0.10891515199478928,0.23200875070200871,210000.0
Random_3764,682.7906272102734,920.3686317945193,0.06818611045546685,0.1372118520419884,210000.0
Random_3765,500.1143542975652,735.5875029047787,0.06220170747130346,0.11702880380559388,210000.0
Random_3766,683.1781966474582,920.983186574389,0.07096497396044561,0.14543614516494352,210000.0
Random_3767,714.0285329975812,1012.9042960121982,0.08089914441544444,0.16037481870684267,210000.0
Random_3768,673.0773851747241,975.2822626116036,0.10006312649386828,0.20741697799274084,210000.0
Random_3769,739.1430108031362,1042.2708697875241,0.08852057757781565,0.18305500428945265,210000.0
Random_3770,625.1880899000264,856.3651211957188,0.07418385891708427,0.15298384225024927,210000.0
Random_3771,669.3368971048967,909.644299074548,0.06996455061704569,0.14137082242301935,210000.0
Random_3772,671.5113839087207,903.8107381363727,0.05297717286962251,0.10031278971621735,210000.0
Random_3773,647.3701195754852,889.3046721581647,0.07943131057613433,0.1659005176054539,210000.0
Random_3774,537.3262906381609,752.205549534191,0.08550707687807019,0.17923155510557331,210000.0
Random_3775,707.3521820974305,1001.9000268342087,0.08399220180712585,0.17005790205956714,210000.0
Random_3776,620.136800815416,890.6567502104999,0.06710448944461825,0.12647619266115795,210000.0
Random_3777,465.4164339908742,707.9664317491963,0.062286693794676024,0.11483609354407669,210000.0
Random_3778,650.7320739022271,920.2592208957876,0.10025340351684793,0.21345480152184354,210000.0
Random_3779,717.1300727314999,1014.0763874442517,0.07348383043963498,0.14663346735814906,210000.0
Random_3780,471.7146178655292,675.558077267822,0.09071420415861853,0.19178673287745385,210000.0
Random_3781,675.4889592085194,966.1052426999643,0.09114689846070965,0.18942033027030417,210000.0
Random_3782,635.6339657413575,893.4600687546148,0.08339738886719328,0.1738137709296423,210000.0
Random_3783,606.8768071555211,844.0470292844661,0.07129679448758998,0.1449830349617076,210000.0
Random_3784,673.4944148238175,919.7617037354825,0.08649036182905702,0.18255246141983536,210000.0
Random_3785,778.0403642502613,1096.3666912879291,0.08102928339125562,0.1642267425066503,210000.0
Random_3786,688.3502091593235,963.1905281162989,0.05825437411013384,0.10628517168068491,210000.0
Random_3787,510.7834301856696,707.9348857746111,0.059171528737143535,0.11655770536254369,210000.0
Random_3788,687.3896133618988,923.0025250791618,0.06518668273004213,0.13040010348181502,210000.0
Random_3789,606.716703677946,869.695670212299,0.09042318120725978,0.18750339924445944,210000.0
Random_3790,680.7699451702721,952.9439337323321,0.08387615214916451,0.1717049428577651,210000.0
Random_3791,543.9952748496474,773.5671146162839,0.07098502592011041,0.14319278374514013,210000.0
Random_3792,724.0246498156084,991.2204463591544,0.08431916680965906,0.1763854590293884,210000.0
Random_3793,588.9840181186071,847.9703016956905,0.0819447611765039,0.16675043050326205,210000.0
Random_3794,790.3917441401328,1066.1165218984029,0.05567267334371725,0.10665357658838494,210000.0
Random_3795,790.3877273322737,1112.372260788692,0.08695335567982274,0.17700033188657366,210000.0
Random_3796,774.9185976772683,1075.6286340818826,0.058203937863671826,0.10530277737036216,210000.0
Random_3797,578.8399671629987,812.5142468002327,0.07902054274710993,0.16017065038533082,210000.0
Random_3798,783.9448558946234,1060.175803889664,0.04294448945565987,0.0711192924982252,210000.0
Random_3799,627.9951791980094,864.7371521512158,0.07186838704396804,0.14717098085173783,210000.0
Random_3800,618.7872334977649,905.7033722493456,0.08459617746199373,0.1704431760293762,210000.0
Random_3801,662.5050228059966,895.1731058317697,0.05296700475020879,0.10013167855806765,210000.0
Random_3802,663.4834039126112,947.4862986170169,0.09398619036613695,0.19355104168755044,210000.0
Random_3803,745.8759478064692,1050.402664871946,0.059231581690992935,0.10659490731145987,210000.0
Random_3804,515.6843658935776,721.0640706767889,0.06937436182796519,0.13794069104570417,210000.0
Random_3805,654.5033184326987,930.5748028205055,0.08790119151623683,0.1793979519540608,210000.0
Random_3806,664.7126951397057,920.6347267026806,0.07824257307461387,0.16029267566939653,210000.0
Random_3807,482.6271224327845,687.3592069799004,0.049627611155287965,0.0868395981188555,210000.0
Random_3808,820.4626278162351,1133.5070101121698,0.06547163777284373,0.128116514099152,210000.0
Random_3809,577.2964838803376,815.4568207762117,0.05221943576262401,0.09195245045054964,210000.0
Random_3810,799.0572697374713,1132.65812565706,0.09045391753075191,0.18349139696461442,210000.0
Random_3811,362.2157946401542,581.4508324493532,0.10151245416556892,0.2142130350993276,210000.0
Random_3812,759.0543539450881,1068.2228481676816,0.07893389289824682,0.15748175473874576,210000.0
Random_3813,490.8296712253105,694.7666962220271,0.07169997769176999,0.14307608479139516,210000.0
Random_3814,484.85135163596334,707.9106850636084,0.09268491339212853,0.19523385953271535,210000.0
Random_3815,680.7107040967978,923.1989360603253,0.072722263666796,0.1491473220516582,210000.0
Random_3816,708.19036292149,967.5230827044397,0.07316225549554008,0.1509832435078713,210000.0
Random_3817,722.4985430656915,1015.8044126789175,0.10137527883497431,0.21676448222221142,210000.0
Random_3818,656.0455179219377,937.3697224173166,0.07719683248505818,0.15256557249555672,210000.0
Random_3819,671.3775123993988,952.079265324704,0.06479787562571987,0.12013014949449305,210000.0
Random_3820,723.5609531894427,1009.5507016973246,0.0787075154970319,0.15760977917512764,210000.0
Random_3821,695.602855227745,991.9172751328532,0.07667578980212791,0.1533172604049262,210000.0
Random_3822,731.306083833909,1044.8633462411278,0.09013567431219992,0.18545416547515745,210000.0
Random_3823,372.11082416441116,597.3419409854712,0.09344954047597173,0.19212199805451527,210000.0
Random_3824,701.9791993745299,992.7288535462549,0.07276351851618851,0.14050921248929113,210000.0
Random_3825,506.5734035187404,724.0886117901198,0.07787003207161433,0.15716915102524187,210000.0
Random_3826,693.9352164960237,951.7558225672065,0.04958825574114192,0.08668831649761147,210000.0
Random_3827,752.2277814719334,1069.6553819759731,0.09838522070338768,0.20623167994973302,210000.0
Random_3828,720.8201681356709,998.0364610582841,0.08847311756701001,0.18573686499705017,210000.0
Random_3829,746.3868164889682,1008.7709492204124,0.07144020798146437,0.14461891112071285,210000.0
Random_3830,660.2577442693689,930.2692482121604,0.08396614559547014,0.17430833627327455,210000.0
Random_3831,666.9656724806796,914.8470576414652,0.06308469337507883,0.121686852794229,210000.0
Random_3832,590.9585182037818,837.8413656440656,0.07759064246359745,0.15497940401522983,210000.0
Random_3833,719.1805361387093,995.4205264389674,0.0748294156410589,0.15111488178553417,210000.0
Random_3834,648.284708018538,924.8405607602731,0.07833686495576658,0.15692320539453747,210000.0
Random_3835,614.41693772885,855.95624497149,0.05162912452183706,0.09149388592224286,210000.0
Random_3836,738.001884075846,1006.6051325243006,0.0614225541961378,0.11858545789671679,210000.0
Random_3837,622.9215078778285,845.5078583868664,0.07433754337824262,0.1552038791778518,210000.0
Random_3838,487.8650148970503,753.5867652449055,0.11474833635756658,0.2449662691659774,210000.0
Random_3839,786.2079011467658,1096.2563651449052,0.07196000666175655,0.14412776239730124,210000.0
Random_3840,735.6377077462294,1008.046804059366,0.09470304415891603,0.20450028419678942,210000.0
Random_3841,406.8247756194833,636.2500877725706,0.08900698162822525,0.18290656882227682,210000.0
Random_3842,734.7435533986568,1002.4077701628335,0.06722792334479046,0.13199681365511706,210000.0
Random_3843,751.8372627293164,1044.6333897949382,0.0726302483894147,0.14306333755514825,210000.0
Random_3844,818.1499575613891,1119.427677723039,0.05421183662975832,0.09999898355766801,210000.0
Random_3845,537.9062053492828,776.8218895980286,0.10105993526693807,0.2170163636435772,210000.0
Random_3846,570.7219063658339,790.8024439958934,0.09297516271713623,0.19879805182081198,210000.0
Random_3847,358.4480308781656,564.9962446732158,0.08185725297293442,0.16576119050478183,210000.0
Random_3848,474.6315385493955,727.5768836915239,0.07464854395557609,0.14473319341299268,210000.0
Random_3849,800.4292708995259,1125.8102891041276,0.09086582789937961,0.19039185440536885,210000.0
Random_3850,731.546186449835,1005.573573651057,0.06678459685513793,0.13367281200099193,210000.0
Random_3851,695.3114861436684,996.217275917051,0.09594442240546623,0.2011368948123287,210000.0
Random_3852,582.6148549392466,864.6869843337548,0.09854132815916461,0.20346186304059977,210000.0
Random_3853,704.3493585825819,953.4088571950722,0.044548707381574945,0.07632181547477401,210000.0
Random_3854,376.303721317535,570.5107616678546,0.08092044445898011,0.16462080161753706,210000.0
Random_3855,595.310117857497,841.4209434777292,0.08449459302901305,0.1763473579675321,210000.0
Random_3856,551.6952979326228,776.8203236956763,0.05472748559181328,0.09875935105399145,210000.0
Random_3857,661.1143534864419,890.7026627965946,0.06152803891007273,0.12024004602139649,210000.0
Random_3858,577.7788867913599,863.1248110110579,0.11315634757860131,0.24207684885775188,210000.0
Random_3859,533.255646817043,759.0469435678945,0.07472306051433425,0.14780827423047085,210000.0
Random_3860,571.249545708687,842.541360002998,0.07789466498917715,0.15466670061456367,210000.0
Random_3861,579.0227917340344,804.9547608110267,0.06179494617668651,0.12055201027715744,210000.0
Random_3862,684.8446170526635,970.3987615911941,0.05749476583424429,0.10174848993424025,210000.0
Random_3863,585.6539385134872,808.7699630595375,0.0692462921881909,0.13862726810150294,210000.0
Random_3864,614.4072878712738,872.2410561110395,0.10195069061734971,0.21815231359993537,210000.0
Random_3865,600.8353600885571,844.3617946741173,0.09725405628647013,0.2072289250749362,210000.0
Random_3866,596.6008568068889,878.8395346641915,0.09848107040751929,0.2043083659755714,210000.0
Random_3867,634.2542488966365,867.9287309512473,0.07726603207123794,0.1608603017328336,210000.0
Random_3868,565.1695137415925,816.376148650696,0.10489105295280636,0.22549708942320673,210000.0
Random_3869,744.3086310751396,1034.9407787235243,0.10278669299643323,0.22333857272828841,210000.0
Random_3870,768.2376094874907,1074.308329878212,0.09334920467458081,0.1957488870373699,210000.0
Random_3871,728.6632937377452,1015.5330027630764,0.08885712859148986,0.184363679079252,210000.0
Random_3872,563.1454148779262,805.2176909344479,0.0853424647358063,0.1750128907444465,210000.0
Random_3873,609.4400397265467,868.4929528715642,0.07977597004350717,0.15883499396208997,210000.0
Random_3874,759.1772575421154,1043.4048184471285,0.06600910602318799,0.13056480517663593,210000.0
Random_3875,568.0214435504689,782.1718419509028,0.06870856961682986,0.13734594150361318,210000.0
Random_3876,634.17728885253,892.6539299000169,0.08655884477036957,0.18148068400628717,210000.0
Random_3877,448.8653830795582,644.9030854991878,0.07405586722119324,0.14858116479633235,210000.0
Random_3878,522.8879926089625,761.9202812258117,0.07851784008003729,0.15716900003042614,210000.0
Random_3879,414.425097815566,634.7356617614278,0.0918442710608602,0.19091954330969596,210000.0
Random_3880,785.0013346087663,1057.0760075624573,0.057940939204152136,0.11228863216163247,210000.0
Random_3881,653.7910709101205,914.5465272633026,0.06340147092579092,0.12204211138364933,210000.0
Random_3882,751.5421498166121,1036.006948767814,0.06389160427538626,0.12202772891413555,210000.0
Random_3883,622.2837666525213,854.6507119182841,0.08942937185062964,0.18990899392105132,210000.0
Random_3884,767.9870782770548,1029.8079907594313,0.06301915560024786,0.12721474869734628,210000.0
Random_3885,766.4236524035582,1031.0761151198499,0.04532548467956033,0.07943529591308049,210000.0
Random_3886,773.6336909685657,1061.8000284260906,0.08043642477695238,0.1677904206341426,210000.0
Random_3887,553.4429854540607,771.665750122309,0.07856217100045684,0.16081515737858196,210000.0
Random_3888,579.9980603764569,808.2430459892167,0.07125783096969472,0.14470474642021036,210000.0
Random_3889,621.4871522151204,897.7934006317632,0.08095019432912426,0.16357145210775095,210000.0
Random_3890,712.8804247910819,968.5542000086999,0.0530586897885887,0.09700690104863892,210000.0
Random_3891,641.7951762933442,905.6109143138701,0.07578264282104896,0.15053034606160332,210000.0
Random_3892,687.4270454929408,972.4592907289723,0.07248314562351284,0.14303661538424844,210000.0
Random_3893,711.62282290553,966.1036835950575,0.07929945395098194,0.16702385290613508,210000.0
Random_3894,622.2272631039614,903.3595767759655,0.0674880423359516,0.1275284230266407,210000.0
Random_3895,637.8280454167485,895.8944914680751,0.06464705074819543,0.12345352468337897,210000.0
Random_3896,730.1474516566807,1004.4514708009245,0.08502843696720942,0.1770532056350805,210000.0
Random_3897,580.5390433186718,824.5418781404414,0.08349828909598332,0.16913743754094251,210000.0
Random_3898,712.3370145272859,960.9458380735575,0.05384081046677059,0.10086255530960192,210000.0
Random_3899,538.6243868141639,814.7941147749787,0.0814043303228368,0.1618180783930114,210000.0
Random_3900,713.2215876290178,956.044516104255,0.062028653156966596,0.12190061699123486,210000.0
Random_3901,580.8581082716086,790.2163336366089,0.0530093366019979,0.09793538517640736,210000.0
Random_3902,651.358421218433,934.5108739410697,0.07888257400001691,0.15946996284936144,210000.0
Random_3903,419.4762466700428,668.8360577932739,0.07541375648964097,0.14505931261455648,210000.0
Random_3904,477.7133936181139,679.9521876639627,0.06345107554980492,0.12270816757724728,210000.0
Random_3905,715.067782943031,958.5477465191765,0.05497787585022712,0.10512353921400176,210000.0
Random_3906,386.6290634389359,613.481751355541,0.09878021391211288,0.20715337183784832,210000.0
Random_3907,703.0465560653937,969.5179569119109,0.07368574039255686,0.14757020775244833,210000.0
Random_3908,483.58055335110055,698.6146367756132,0.06800140583335437,0.13181577967388,210000.0
Random_3909,794.9093717116511,1121.2024383875876,0.07879827803444932,0.1548082683038622,210000.0
Random_3910,744.7499877167882,1039.9456708941173,0.0941003760625453,0.19874854447063167,210000.0
Random_3911,422.27899595707424,650.2334807656791,0.0871072408096057,0.17799040468216348,210000.0
Random_3912,740.9001293937561,1032.360019806149,0.06652974215370464,0.12716247611008175,210000.0
Random_3913,779.4188286381965,1068.0245884693525,0.06535536607853054,0.12679520372365144,210000.0
Random_3914,457.8519899315244,682.8835653405976,0.0588887996730196,0.10719028487313267,210000.0
Random_3915,449.2527358750499,712.7718841339083,0.09156745907240187,0.18404653579262015,210000.0
Random_3916,750.6544636681607,1042.4244348195025,0.08804566570031405,0.18540169403343518,210000.0
Random_3917,610.3186867755943,893.0057641689926,0.0742448959139882,0.1428198551830753,210000.0
Random_3918,445.5199672780316,710.045026479262,0.06669842613281712,0.12182871932977966,210000.0
Random_3919,706.4835731858901,985.8643603169185,0.07513001411423595,0.14856352974809334,210000.0
Random_3920,523.2440128260226,751.3147124570681,0.06319107010722244,0.12103963229361442,210000.0
Random_3921,663.6527939666896,913.7728812926671,0.06370996100547684,0.1244419102006369,210000.0
Random_3922,682.2722416634023,924.2657604877754,0.07147281038689088,0.14673765846877423,210000.0
Random_3923,658.8688936845627,882.0079034971255,0.0490295728435629,0.09114812132937748,210000.0
Random_3924,519.4439621944028,790.2195842125117,0.11451875490504482,0.24518817116344105,210000.0
Random_3925,775.8550382905289,1113.2280376471442,0.11054807429581881,0.23615901610498666,210000.0
Random_3926,575.40473909054,841.6838462700571,0.08389707715746261,0.16812754748307923,210000.0
Random_3927,635.5503746258732,914.7744447632887,0.07386735190570774,0.14256018667842432,210000.0
Random_3928,586.9908016310295,865.7230311588723,0.08797601624013465,0.1783459431159702,210000.0
Random_3929,745.0377719755555,1020.5519041603885,0.06953710345560829,0.14019801402041907,210000.0
Random_3930,699.3901980566844,952.5633248585295,0.06958847001884709,0.1398870104243146,210000.0
Random_3931,479.4446179478961,742.513307136951,0.06601613731475782,0.12179657811017938,210000.0
Random_3932,795.9436066517409,1071.5079563791608,0.049774222122472456,0.08996835329855823,210000.0
Random_3933,510.52439308769783,734.7086482838785,0.07164400414381397,0.14415995378350943,210000.0
Random_3934,810.0030754339673,1083.5356825444342,0.04226455833653056,0.07196299917169477,210000.0
Random_3935,756.9434925895912,1056.0281996101014,0.08341820913332741,0.16891168033056986,210000.0
Random_3936,492.6076021601744,706.8598112455327,0.0625419037704358,0.12022683088956075,210000.0
Random_3937,744.2372546889633,1048.378225058457,0.06402155713389453,0.1206156388817587,210000.0
Random_3938,478.6337680638937,707.1001505335943,0.06432662559005373,0.12278778436576915,210000.0
Random_3939,394.52961722441694,599.9007061792878,0.08585727511498926,0.17602393269281286,210000.0
Random_3940,733.031772643044,985.6423945129422,0.0581554711357478,0.11420224260761827,210000.0
Random_3941,594.1103409200476,868.5424379178322,0.07571920950416741,0.1497574651640822,210000.0
Random_3942,472.315101637489,680.9066445193109,0.06508196873848042,0.12493713343302158,210000.0
Random_3943,398.72857383772833,622.3388941324085,0.0808856126681101,0.1634402494444382,210000.0
Random_3944,671.0332518095012,966.8978160845363,0.09583845516579181,0.19634151535117578,210000.0
Random_3945,722.8742722299561,985.9685444073967,0.07596885011735607,0.15742755918846482,210000.0
Random_3946,778.0675200557127,1100.19433248412,0.10024094372550625,0.2123657308083228,210000.0
Random_3947,440.30237026611616,639.843497288559,0.05025687368036874,0.08788836160578468,210000.0
Random_3948,754.5937007327069,1054.381920158802,0.07169444234030081,0.13946853825709205,210000.0
Random_3949,547.5398489581916,769.8414266529562,0.06477896888581616,0.1241504995947566,210000.0
Random_3950,593.1048879147392,821.2545410497339,0.08737265960403401,0.185872778625325,210000.0
Random_3951,747.0190011906399,1029.839838461583,0.08630031793278681,0.1802410972530143,210000.0
Random_3952,575.4496779020943,834.1836892462346,0.08387331140220941,0.16864689285787943,210000.0
Random_3953,740.166355597098,995.4075245000861,0.07026946556404477,0.14525766842374468,210000.0
Random_3954,792.0830544933528,1117.1082103995413,0.08621956442264192,0.17805049243828214,210000.0
Random_3955,435.57074079972955,703.9495315969257,0.10717541955913429,0.22244141973487355,210000.0
Random_3956,772.8229500301669,1088.1909172784121,0.07640963308223342,0.15137873232670865,210000.0
Random_3957,672.9776486208024,940.0018273167765,0.06309234958853796,0.11953213831411301,210000.0
Random_3958,413.13582630676734,661.2011082712874,0.08885700076355997,0.1803676654662669,210000.0
Random_3959,517.2612099073083,742.3436077280318,0.07265786178289345,0.1442985886697387,210000.0
Random_3960,454.67423076141085,687.6613750899454,0.07137720968859275,0.13883892708941162,210000.0
Random_3961,710.1961964205273,1008.3832820058394,0.07961630397830416,0.1601290516305189,210000.0
Random_3962,630.827034424252,879.3173706218358,0.07343323575947792,0.14482987905864153,210000.0
Random_3963,615.8098203665149,836.370957443851,0.06593857671048316,0.13340869153017235,210000.0
Random_3964,755.7422017333704,1063.230890754774,0.07218052543482764,0.13865547556058355,210000.0
Random_3965,773.6281791105432,1094.1281532389578,0.07850236127081694,0.15508787933104656,210000.0
Random_3966,519.1394985887423,722.3901113196947,0.06011288347929159,0.11660312735999673,210000.0
Random_3967,781.6543061686692,1079.0679438965622,0.0649293531960609,0.12776428559402817,210000.0
Random_3968,755.8338669597352,1038.874203691654,0.08816809851797726,0.18563761109835725,210000.0
Random_3969,680.4619919932945,918.362537322875,0.06768983575963838,0.13498783174419887,210000.0
Random_3970,653.4705667424995,875.6697026635959,0.05540234587513976,0.10849488065792877,210000.0
Random_3971,671.8681182541576,939.2090285109895,0.08251809257744187,0.16670974380114917,210000.0
Random_3972,435.1507961975544,650.7036129857398,0.0932151846617108,0.1951316433541304,210000.0
Random_3973,732.3326170978352,1029.9350689857126,0.08239492900587742,0.16729475353577292,210000.0
Random_3974,721.0380089160351,1013.7649469693812,0.10376011271008345,0.22378663778295985,210000.0
Random_3975,709.8576899899567,956.2678937442248,0.04538595974338594,0.07967910981353199,210000.0
Random_3976,508.4699337958687,759.5302508280582,0.1012761733344155,0.2150553243412366,210000.0
Random_3977,652.8032432664464,913.18926718928,0.09229123788297237,0.1937588059119401,210000.0
Random_3978,613.8293833824353,884.4774339713969,0.08141477223838603,0.1632083837676848,210000.0
Random_3979,616.470577070197,845.0047212471269,0.08923443146174535,0.19111414356339512,210000.0
Random_3980,555.6132205619118,812.9251146195022,0.09177318025008044,0.1899365972145382,210000.0
Random_3981,706.2583782570596,951.7595763523639,0.06363988248032576,0.12673493323456503,210000.0
Random_3982,776.6331633208267,1068.659671338469,0.0748601471772183,0.15222724960339704,210000.0
Random_3983,562.4670406666114,823.8786937683228,0.09127534085557719,0.1894869770636995,210000.0
Random_3984,624.951730164692,872.4034485633299,0.07237334998244319,0.14436965041067215,210000.0
Random_3985,422.24803622127706,684.1053317487748,0.0836110425931334,0.16499725449447042,210000.0
Random_3986,588.9085506753298,809.9497373515331,0.08039988867772847,0.1681567254955167,210000.0
Random_3987,752.876924689438,1056.9549999323935,0.09155082613318365,0.19206329246330672,210000.0
Random_3988,434.5941293697021,629.174176167218,0.05172971901924639,0.09256494116695657,210000.0
Random_3989,708.9419532077534,1006.7428426897694,0.08596538510317789,0.1761044292414538,210000.0
Random_3990,645.5046666873922,866.9975814836622,0.046832629148204394,0.08292446807425743,210000.0
Random_3991,628.8871850708072,921.1671343472484,0.10143035965431998,0.2115597188962314,210000.0
Random_3992,704.1859014421686,938.2625204717457,0.050580385240028086,0.09487522692372424,210000.0
Random_3993,678.7352551701177,973.742385430271,0.08592236403452279,0.17243859135082157,210000.0
Random_3994,781.5086319295494,1096.8489870642622,0.08574721847082815,0.17563394189993348,210000.0
Random_3995,646.2010574901688,895.8508698376012,0.07975854978615093,0.16363361997084408,210000.0
Random_3996,446.1325707717148,680.1987969805592,0.09377715299647213,0.1930520226675917,210000.0
Random_3997,374.7129158579269,595.4132217892358,0.10838129748762243,0.2329445029631494,210000.0
Random_3998,721.7831374281501,957.5336621885082,0.04159673123385407,0.07188100619747603,210000.0
Random_3999,713.9429240871567,995.3615341320752,0.08827059321037656,0.18417143250151446,210000.0
Random_4000,606.6049716781049,880.3106076425361,0.08242361513497484,0.16288643702351907,210000.0
Random_4001,598.3093939210453,887.6571622819941,0.11424249756858325,0.24412652580987343,210000.0
Random_4002,544.9957825148624,790.0429310026411,0.07832502869628269,0.15717834887566845,210000.0
Random_4003,736.0152584718771,1014.1346276835607,0.09225422375213149,0.1977251517680505,210000.0
Random_4004,695.5491395963963,988.3345235056316,0.08905444441373986,0.18533233223590542,210000.0
Random_4005,488.67260537240827,699.112212163991,0.09568306415610316,0.20530155297289976,210000.0
Random_4006,440.0369890226065,636.3822010340724,0.06878908381294788,0.13636687232989886,210000.0
Random_4007,758.1479583969502,1034.1833613568103,0.06634251266868871,0.13314231464251636,210000.0
Random_4008,572.1654230445915,833.3419411913071,0.07443910893475471,0.14678940818999625,210000.0
Random_4009,775.1707187057996,1041.584641670113,0.054586184395612566,0.10451803823135099,210000.0
Random_4010,744.0340689850598,1008.2688691131468,0.07402003985648489,0.15037883375965166,210000.0
Random_4011,388.2397287768509,590.9150646885212,0.10308423755280297,0.2219426721723303,210000.0
Random_4012,564.3255023504897,831.871515624733,0.07021635387984275,0.1332392221133139,210000.0
Random_4013,685.8447358362454,994.8720645313025,0.11165467098203276,0.2389433751742413,210000.0
Random_4014,586.2650870843709,803.7543013022475,0.04926926959358672,0.08694714780274357,210000.0
Random_4015,719.2254167414685,963.8422083396375,0.0557790162874878,0.10877491938208275,210000.0
Random_4016,587.8558120164419,823.3565971630968,0.08535134563300963,0.17848588361669424,210000.0
Random_4017,454.6071440853492,657.9829237554377,0.06646286899117695,0.1328009430905908,210000.0
Random_4018,490.91460804183475,723.5657050087312,0.07624687982591558,0.15211047782972786,210000.0
Random_4019,483.17912889900936,712.1421393307047,0.08534493105208793,0.17620504808387075,210000.0
Random_4020,734.6798372179383,1023.1292565933799,0.09285001815655393,0.19494865742083273,210000.0
Random_4021,677.0200505496897,970.3989131943692,0.06885828286911887,0.1297194425326316,210000.0
Random_4022,758.5967324898036,1061.6829479466198,0.0896469345031389,0.18508446301062673,210000.0
Random_4023,424.4053216232382,675.7841455396882,0.08807775571082546,0.17826143282736578,210000.0
Random_4024,589.2044663634176,864.3818327151736,0.0788967054875678,0.1536026703576331,210000.0
Random_4025,584.3666225463724,810.7683105858902,0.06406102412109282,0.12276509049064556,210000.0
Random_4026,698.0833345280078,989.9207103786445,0.07161597024332926,0.1373718209438089,210000.0
Random_4027,555.2555762937404,828.5220772448112,0.11160920126184186,0.23910835211879325,210000.0
Random_4028,693.6587872787702,964.0771625581206,0.06758891191008422,0.13406555195484904,210000.0
Random_4029,405.3216641538187,659.7473741244326,0.09078942047567086,0.18265875862651865,210000.0
Random_4030,522.555169987755,756.2904187802368,0.05579064507487687,0.09993562236089963,210000.0
Random_4031,686.6008713505811,925.3833583746224,0.07376961468544224,0.152152558865164,210000.0
Random_4032,701.971674460367,998.5235772395955,0.07714935068519455,0.1538009838568628,210000.0
Random_4033,746.9667614266972,1009.8623657356961,0.057522308157911185,0.11060665971617195,210000.0
Random_4034,700.1155969667573,957.5842734546053,0.05466798443410992,0.09967476820670967,210000.0
Random_4035,625.5846392499717,880.7077778817553,0.07812630957134468,0.158083891054164,210000.0
Random_4036,826.2766937583532,1127.911530666556,0.04968938123916497,0.08738673008285483,210000.0
Random_4037,627.2055702891214,866.3706532358696,0.059226612306447365,0.11082830671605566,210000.0
Random_4038,558.188340674176,794.7640944219658,0.06452395978009039,0.12265104280221803,210000.0
Random_4039,672.8077425996476,911.2718810192316,0.058323140456217934,0.11089221905538912,210000.0
Random_4040,732.8394204874724,1005.7420914954561,0.0821209462599181,0.17269739801520312,210000.0
Random_4041,738.7821940613233,1061.1488872020316,0.10315695986405224,0.21774473296827224,210000.0
Random_4042,608.1767145660453,843.4422892784067,0.1004784948209074,0.21881052151485775,210000.0
Random_4043,772.4546483972081,1060.9558298420075,0.08181694147629744,0.17177646834357105,210000.0
Random_4044,612.3291671378275,840.6946419552648,0.06747049981805538,0.13653453345847502,210000.0
Random_4045,476.78768976243214,684.6237645502556,0.08737492746026895,0.18155597847436708,210000.0
Random_4046,827.5401262521464,1152.8031489728469,0.07073194283128958,0.13800182611148235,210000.0
Random_4047,608.5976865647583,839.1823182862425,0.07378567384698334,0.15006672636192814,210000.0
Random_4048,736.5565399454777,1011.3662507416753,0.08363617354334656,0.17612880273201392,210000.0
Random_4049,839.5048655237376,1152.002208064902,0.05144474766823372,0.09081510511404198,210000.0
Random_4050,671.9377712308955,956.3388216205614,0.08521676564055601,0.17218687852198097,210000.0
Random_4051,664.0513289910025,949.7157318037194,0.09238502352642329,0.18880154225952445,210000.0
Random_4052,765.4131793500437,1058.9621152263126,0.054290869530350616,0.09687032135986645,210000.0
Random_4053,747.8515246018676,1044.0157578396781,0.09849213178263273,0.21011986104458102,210000.0
Random_4054,718.5332062508998,1011.7389020320308,0.06455251928464367,0.12261866178291755,210000.0
Random_4055,558.6517322058634,793.1302331766083,0.04815720986765808,0.08129032139088867,210000.0
Random_4056,777.132236627637,1099.7560196809488,0.0947268978860618,0.1969874044549593,210000.0
Random_4057,656.6447056792172,919.3366846214393,0.06709770979909982,0.13094946109368105,210000.0
Random_4058,508.6096180683477,722.4771915110481,0.07280546502648251,0.1461339843764871,210000.0
Random_4059,698.1015401635024,995.9590893491296,0.09316287034653989,0.1923404472324049,210000.0
Random_4060,523.8552419081608,796.0255085947197,0.077814578124129,0.14919300280040065,210000.0
Random_4061,630.8933271743916,916.7331418547949,0.0704234521958142,0.133975299433343,210000.0
Random_4062,772.3346821074786,1041.3837392042758,0.0643764286660615,0.1287930458031584,210000.0
Random_4063,599.4872708414929,868.854209434046,0.07019411768095479,0.13372495254658964,210000.0
Random_4064,738.3266963080898,994.7554438058365,0.07982276178687249,0.1690695162653451,210000.0
Random_4065,512.518563904022,717.0705626614886,0.07751543879430271,0.16040227925167025,210000.0
Random_4066,592.156376915228,850.7531964685081,0.09083780533102447,0.18757833398652943,210000.0
Random_4067,649.4334630235576,911.2659861811918,0.09589648294070177,0.20463883497546,210000.0
Random_4068,716.9198709645455,999.5743168946261,0.0849830535141652,0.17347792595366296,210000.0
Random_4069,737.6754018967199,1010.6546956570019,0.0726968044619281,0.14662565436443756,210000.0
Random_4070,765.9741550167812,1036.0485936080202,0.06777526799722941,0.13738545670700056,210000.0
Random_4071,684.0012817430191,924.60505503209,0.05224120739326479,0.09537230639576375,210000.0
Random_4072,482.5045435761564,724.0548373153719,0.09260441359999182,0.19327979622848052,210000.0
Random_4073,615.8935851162054,851.9877395742418,0.048976988105811005,0.08564374165004582,210000.0
Random_4074,558.1916312085519,760.7528518450766,0.05667302393573009,0.10866209771322438,210000.0
Random_4075,605.7264934479468,850.2970241196549,0.08688457736632409,0.1788591717093385,210000.0
Random_4076,809.6867083453852,1113.358234161494,0.05995610086865759,0.11124864509034256,210000.0
Random_4077,696.7035641238239,999.5156719888665,0.10604839573157701,0.22606929329057315,210000.0
Random_4078,538.0399978657763,780.3528615712119,0.059716336450087656,0.10888994222775343,210000.0
Random_4079,688.1980624073262,990.9010963959507,0.08394614985094624,0.1701482899184622,210000.0
Random_4080,709.4353084074438,989.6281367971214,0.07605817247775676,0.15440577293148786,210000.0
Random_4081,470.89994918518573,694.4200250263773,0.0805891626819231,0.16468463081432308,210000.0
Random_4082,564.1994799663502,833.0953234105053,0.10396831070567956,0.21977626749293594,210000.0
Random_4083,504.85755314227345,778.9247751656935,0.11058269937288291,0.233419213450212,210000.0
Random_4084,742.3475984775448,1010.3760590534422,0.07970412079626053,0.16666975392536768,210000.0
Random_4085,674.602807380867,905.3830577105236,0.05626203431317053,0.11082584393362976,210000.0
Random_4086,782.2430398775393,1095.7501322783926,0.08368773291861026,0.1690383240960822,210000.0
Random_4087,746.7628588286959,1012.1053204193072,0.06393975048799301,0.1272235119488036,210000.0
Random_4088,559.7957844888379,791.7202470084746,0.08060322349870318,0.16607763956360294,210000.0
Random_4089,743.1521921871141,984.4083987346684,0.04125791520786838,0.07103102606575361,210000.0
Random_4090,765.4761777891088,1044.959937525966,0.06163226159088222,0.11768045658326426,210000.0
Random_4091,489.16228666021095,705.912716679785,0.07046957236532464,0.13925514753424498,210000.0
Random_4092,413.73977633200286,638.9176273601621,0.10609877919933827,0.2272555002876585,210000.0
Random_4093,703.536212213136,1011.1071246867751,0.09298065544497483,0.18991437989922913,210000.0
Random_4094,538.6964887126607,809.4821918770739,0.0973484035902491,0.19953365171120405,210000.0
Random_4095,492.6138527771826,705.2123962545824,0.07251207450448334,0.1447760699007957,210000.0
Random_4096,775.7453385818667,1038.3496913745846,0.06012624970386719,0.1199058567303536,210000.0
Random_4097,619.3523337919664,839.8854448004766,0.055810973890872174,0.10668642913673759,210000.0
Random_4098,732.1787061249623,1008.8075177480703,0.07245706732346634,0.14450080397707152,210000.0
Random_4099,479.8419844006987,687.5130215097871,0.09645282044054812,0.20687557324933867,210000.0
Random_4100,786.7487770609209,1117.8657180737027,0.09372036778028547,0.19470856438424122,210000.0
Random_4101,511.3830423579246,777.5607386817303,0.10800363347189694,0.22755964442519142,210000.0
Random_4102,465.640744218637,725.322935286274,0.09733633833568812,0.1988562578494667,210000.0
Random_4103,530.9180606544005,775.0624132802637,0.05837637514085645,0.10587422464820283,210000.0
Random_4104,411.57724593029775,675.9242339054517,0.08587381755543504,0.17150770188556913,210000.0
Random_4105,472.1331956458689,723.1181045100877,0.09107849580876207,0.18543209796926502,210000.0
Random_4106,688.0026674396167,936.4656669354683,0.07085988891723834,0.14453476674180493,210000.0
Random_4107,684.3375297188236,925.6186830389665,0.0643330629309431,0.1270324786766585,210000.0
Random_4108,537.0560134246965,765.9698037534457,0.10030669430265042,0.21589499805749957,210000.0
Random_4109,705.4435135379188,975.8873151583629,0.09565165750682285,0.2049001028898543,210000.0
Random_4110,560.9580083463163,793.1055322058692,0.05016322516814534,0.08650526131572323,210000.0
Random_4111,745.4047321888959,1031.0847205559685,0.07291962160902585,0.14447897835569368,210000.0
Random_4112,572.1567512563653,817.7380004780944,0.0966634570771519,0.2034099875903702,210000.0
Random_4113,713.5486615534057,1003.9309180289378,0.0682860107115521,0.13258045468473972,210000.0
Random_4114,560.5992517352744,785.5785327182085,0.08321041479287214,0.17149626770711884,210000.0
Random_4115,581.7318130249276,844.0404552580897,0.06346877988766299,0.1180978583114643,210000.0
Random_4116,786.3183039139104,1122.001978279737,0.09989218203338242,0.20889169385820988,210000.0
Random_4117,784.9300155606144,1091.2528190522808,0.07797047742465331,0.15943840230043527,210000.0
Random_4118,670.4329234484677,971.9699026452861,0.0923569253461581,0.19056356352870535,210000.0
Random_4119,817.7076407070543,1145.0409217015042,0.07291504211026639,0.14291172086035275,210000.0
Random_4120,763.4377391310992,1024.35787100526,0.047033146443003784,0.0850826579768631,210000.0
Random_4121,638.4405229595287,934.7382592482453,0.10119400644817704,0.2106890217485879,210000.0
Random_4122,559.8741275853189,822.0335050660892,0.09662539948935812,0.20212685657415128,210000.0
Random_4123,639.3457966381936,885.3769385094141,0.06701751994837586,0.1341925285543362,210000.0
Random_4124,698.6143320010722,939.9709982878304,0.06948252549557397,0.14037611552113688,210000.0
Random_4125,509.5851424219756,705.2229859992968,0.04520200368077578,0.07880349320534302,210000.0
Random_4126,555.9022166436212,803.8393369622302,0.09194609752916755,0.19294804293396833,210000.0
Random_4127,472.747983310965,691.4920058209382,0.09888017056306075,0.21183340219677144,210000.0
Random_4128,838.410806474977,1148.9715316083941,0.048890700834424705,0.08381666091035646,210000.0
Random_4129,722.8705906631922,1007.7469649287574,0.08782972143336382,0.18357031254313466,210000.0
Random_4130,670.4950004744989,927.5282964240461,0.06666826670029086,0.12951918044403352,210000.0
Random_4131,581.9678886927601,820.239365580748,0.08846392019022577,0.18652239662876963,210000.0
Random_4132,560.9568663424069,812.2041232199971,0.09736860035002773,0.2046959288123752,210000.0
Random_4133,426.1698662961804,638.8589058773858,0.07280015061063358,0.14648248983523196,210000.0
Random_4134,555.2185587858777,803.1651936184072,0.08281701432686965,0.16777077212323538,210000.0
Random_4135,540.3721942275228,745.9908665768137,0.06977943127277622,0.14323211721219914,210000.0
Random_4136,537.590721098404,756.3570876774397,0.060834826808904424,0.11572027458787039,210000.0
Random_4137,510.8742455463842,774.6429468198742,0.11029643722357761,0.23425426826665474,210000.0
Random_4138,728.7567407889138,1018.295341430166,0.08610741932211642,0.17563185756285926,210000.0
Random_4139,581.7459882877525,819.8279569128582,0.08875552433430539,0.1851466510896686,210000.0
Random_4140,537.7603665398973,757.8511329639055,0.05634012180335318,0.10489770978752007,210000.0
Random_4141,790.0851791904049,1114.2517848480654,0.08575315280363224,0.17616235929723117,210000.0
Random_4142,745.4003673707017,1042.9834599362098,0.07829741237355314,0.15991085336631403,210000.0
Random_4143,737.326649354342,1010.4206445936758,0.09267938078028175,0.19870624314539193,210000.0
Random_4144,763.90814906491,1046.1608622570332,0.06689437669478959,0.1345965328052309,210000.0
Random_4145,427.8179843530725,669.0458604540732,0.0805214814990636,0.1583066779877177,210000.0
Random_4146,738.640190458795,997.37908504127,0.07991809899527097,0.16808370296191036,210000.0
Random_4147,554.3353159743451,770.2100623369853,0.062418590156519696,0.12272453584873455,210000.0
Random_4148,760.9054774549495,1018.5696461442783,0.04191000692955668,0.07129489247128888,210000.0
Random_4149,374.786622249976,585.2746471453585,0.09428981186145408,0.19725880695497627,210000.0
Random_4150,662.7524564386001,923.5858404489207,0.07829782783954718,0.1601900700080783,210000.0
Random_4151,480.17021286711645,741.8328910484587,0.07304978651858986,0.14023478123409508,210000.0
Random_4152,493.8376037590335,740.9674763840289,0.08354015460983584,0.16926190341654096,210000.0
Random_4153,712.6748499140491,1004.3303498385633,0.09757771908060077,0.2055265275256651,210000.0
Random_4154,524.9359439329377,724.8161941662144,0.060131520686460334,0.11685104023669235,210000.0
Random_4155,717.0138889008086,1013.942819985025,0.09487648183484974,0.20026563828000374,210000.0
Random_4156,691.3116204241636,960.0410724047789,0.08145831257822168,0.16969100920074054,210000.0
Random_4157,600.8305309709091,838.4154990189953,0.08733012592265676,0.18104474784719565,210000.0
Random_4158,782.380994704309,1081.9292422537817,0.0552124301433876,0.09885377215070196,210000.0
Random_4159,772.8559417522231,1072.6127500848636,0.07382451395306282,0.1470128143581188,210000.0
Random_4160,728.4519763715493,982.2950490876285,0.07251670662714271,0.15132433679046267,210000.0
Random_4161,427.6080552461924,622.0757695527991,0.07976731585533857,0.16539907264445344,210000.0
Random_4162,719.9756946382911,970.071216661039,0.044581274735171164,0.0761670348803398,210000.0
Random_4163,767.361979861315,1092.5795140943972,0.08875776603580986,0.17896512473309023,210000.0
Random_4164,565.283780712375,837.5912273096608,0.08017899953099411,0.1600829808694503,210000.0
Random_4165,757.1758167303606,1063.3763170099724,0.0644089902813123,0.12057698445768414,210000.0
Random_4166,624.8642034215201,885.7712470083455,0.10438180345209257,0.22484529868932673,210000.0
Random_4167,634.1935203494111,880.5074412807885,0.07215112688542384,0.14517674938650074,210000.0
Random_4168,524.8710746489957,769.0144396839471,0.08971943146187747,0.1834422617072748,210000.0
Random_4169,708.1441853493924,957.191390590653,0.07519466844155942,0.1571768538308587,210000.0
Random_4170,708.3139683446528,1018.9973252096925,0.09751778828634894,0.20080461175355357,210000.0
Random_4171,432.87984693433623,664.5859196103111,0.10415497932881708,0.22061649083444929,210000.0
Random_4172,689.7762635163299,944.0396953922078,0.07207522988922158,0.1441030313313802,210000.0
Random_4173,544.2716730123275,754.7927056036436,0.06262697734503131,0.12373931783755082,210000.0
Random_4174,500.12850563754984,728.2057091703758,0.08767588769600469,0.18055477573735432,210000.0
Random_4175,818.4714685291622,1115.5254649836456,0.05487410475845371,0.10138795317246077,210000.0
Random_4176,599.8357946440574,873.4126584083463,0.09554725614043891,0.19649722465757405,210000.0
Random_4177,776.0041613042259,1050.717424970811,0.06238065407592511,0.12347984271073187,210000.0
Random_4178,726.2902373495168,998.402755545465,0.07556224340525636,0.1516997914145451,210000.0
Random_4179,617.343587207121,863.2529931680482,0.08491110180114844,0.17804650255739962,210000.0
Random_4180,631.0554559631869,870.4301395458666,0.067421277355075,0.1333006961942051,210000.0
Random_4181,702.0699932541396,942.6009718660232,0.05275914677551076,0.09998767863803408,210000.0
Random_4182,763.0426800992597,1057.5050715292136,0.0710869243866308,0.14072595987804387,210000.0
Random_4183,609.5745236795443,872.7879378331785,0.09424322296936083,0.19621335879282353,210000.0
Random_4184,634.6852129256141,877.5449658535484,0.052656673415564986,0.09547358473941131,210000.0
Random_4185,816.6049142291341,1147.260793063173,0.07659817337761565,0.14957710745819255,210000.0
Random_4186,697.2645062525424,954.534238971317,0.059837192751932014,0.11620609627672343,210000.0
Random_4187,613.7321961471187,867.5930269829183,0.08172638901950327,0.16424617117294882,210000.0
Random_4188,785.5789066318645,1064.3219015005025,0.05377825084492486,0.09857522729589774,210000.0
Random_4189,519.8784895095661,766.1415423400197,0.07007897312254313,0.1374347852024718,210000.0
Random_4190,667.6449165572228,913.9618252127397,0.05323439133749139,0.0966394837677079,210000.0
Random_4191,520.8667575243209,743.929529851809,0.06470309929631088,0.12680756102092752,210000.0
Random_4192,753.8620929283712,1047.4008464976557,0.0763585677285811,0.15158679462120592,210000.0
Random_4193,731.1760974989412,1034.3452675662293,0.103526994545185,0.22108497901104981,210000.0
Random_4194,712.9255319495737,976.2690553465027,0.08076718237233431,0.16590350927802697,210000.0
Random_4195,533.1979792022938,778.7230477303135,0.07420601297927522,0.1456285569243733,210000.0
Random_4196,773.9629787866252,1061.7378386304574,0.07486936970680413,0.15207847217052187,210000.0
Random_4197,514.5983319936614,780.0497937175794,0.08843191923082386,0.18079117109070658,210000.0
Random_4198,423.5710319428531,656.0928312918484,0.09936812040929684,0.20765429156847776,210000.0
Random_4199,743.5570361086922,999.3030652345569,0.058162946978466634,0.112110732859345,210000.0
Random_4200,521.205966573752,788.6428086236847,0.096152916666605,0.19657553447359394,210000.0
Random_4201,650.7797150056002,903.8718688926562,0.07879776216164011,0.15953045965074902,210000.0
Random_4202,454.8648053560372,714.8956437152731,0.08877816449609047,0.1809068344272292,210000.0
Random_4203,764.6090459537187,1034.0148846991715,0.061452431851626035,0.12130013265333736,210000.0
Random_4204,587.6218046211022,848.149059001331,0.08621040442167875,0.1759840729529777,210000.0
Random_4205,462.0251276163199,672.6124521610074,0.07029285593992265,0.13964571493432143,210000.0
Random_4206,775.1352535645505,1069.3617673173235,0.06947758224323146,0.1380362144302125,210000.0
Random_4207,762.7643748251865,1079.2331511721059,0.09847123841374708,0.20816302377152182,210000.0
Random_4208,531.4005815669767,785.03678280024,0.061347887546228726,0.11077371229464988,210000.0
Random_4209,661.5577045263822,948.6513571348687,0.06313429707047502,0.11595372580883404,210000.0
Random_4210,605.1265725942341,861.5204758728196,0.06554685103370678,0.12303991265773899,210000.0
Random_4211,546.1864513366573,748.79508760723,0.04934113661783182,0.08798273413061408,210000.0
Random_4212,756.2509705539936,1053.5898094373915,0.08187622654829796,0.16959668431127403,210000.0
Random_4213,581.4877232013482,857.3349202564774,0.0692694620788259,0.13067623409231083,210000.0
Random_4214,537.8183248074483,791.8304159350834,0.10452050400172205,0.2217916068856643,210000.0
Random_4215,666.2759247422538,933.3207026214232,0.06275052209836889,0.11998642742136381,210000.0
Random_4216,678.1992735849265,928.5400235301779,0.05785860694783131,0.11070037599131252,210000.0
Random_4217,650.5983962610637,893.0479227817076,0.07250698202195771,0.14468079737732722,210000.0
Random_4218,602.6173412450828,830.8744946762737,0.0695997106107019,0.1399817049707533,210000.0
Random_4219,786.1982921255028,1106.2403135076097,0.06690473085266271,0.1269030803721906,210000.0
Random_4220,726.8716575204543,1003.5551383432853,0.07551735893712422,0.15511584876513776,210000.0
Random_4221,620.8587904574343,875.7828393355699,0.07097949823968255,0.13875155863720734,210000.0
Random_4222,532.777110511162,760.8759324136732,0.06582480266102302,0.12652009229132372,210000.0
Random_4223,756.1714094806715,1040.1008241358995,0.07080896883084725,0.14153335089531846,210000.0
Random_4224,742.6434199801408,1010.6936529856013,0.0755249162563649,0.15291866139322555,210000.0
Random_4225,518.0428462115724,738.2492304332388,0.06347042221710264,0.12177921063364999,210000.0
Random_4226,768.4906672997904,1048.2455918323867,0.06337620064217983,0.12144383580465061,210000.0
Random_4227,744.7546403925143,1056.7661463840072,0.10061223593625275,0.21399861070980872,210000.0
Random_4228,505.6915966822263,725.1566854774726,0.051956659628601506,0.09102371586155074,210000.0
Random_4229,473.3704216722338,742.5383817439525,0.1050996914935689,0.21874269529216905,210000.0
Random_4230,531.8264225671063,775.1748107793684,0.09319984949699216,0.19557397876223806,210000.0
Random_4231,642.2319060422111,910.9954672651364,0.0802890609323629,0.16468285402998173,210000.0
Random_4232,752.2594227788192,1013.5164095840375,0.0574039828070936,0.11271204305623506,210000.0
Random_4233,744.1540964190636,998.5154803306798,0.056279191790447367,0.1063820710576075,210000.0
Random_4234,506.3047150308654,700.7764011736359,0.05655953710228745,0.10846871635802427,210000.0
Random_4235,466.51325078703974,684.9236725957246,0.10333209308870307,0.22225480407989728,210000.0
Random_4236,536.2638262248943,766.7051474011829,0.07432214184198596,0.14971265632736108,210000.0
Random_4237,594.1109464816234,845.189393986105,0.07353964793550694,0.14801216186369018,210000.0
Random_4238,752.8588160209615,1022.7577894868141,0.06761769465986738,0.13426559452887873,210000.0
Random_4239,611.2925162199042,848.9438691465534,0.09079661843624737,0.19348336349290307,210000.0
Random_4240,714.1092992721251,995.1702261525119,0.09919021125787608,0.21235018024418537,210000.0
Random_4241,581.6950887497662,812.6692301156278,0.0775314142527572,0.1608635849240153,210000.0
Random_4242,500.7919170249301,734.0682371724848,0.08873139078770562,0.1850280858394212,210000.0
Random_4243,754.9911521710524,1039.2567186341914,0.06902749291804365,0.13509049041687315,210000.0
Random_4244,678.3167752363133,921.2908976557336,0.07451726054741507,0.15533706356637986,210000.0
Random_4245,578.734000230575,806.7827508945676,0.07974388996494876,0.1664492257785065,210000.0
Random_4246,786.7778213858563,1088.9179306704714,0.07711371883480088,0.15531492342897285,210000.0
Random_4247,455.2247234660987,661.7915427761753,0.07887272328206962,0.16339843995586886,210000.0
Random_4248,648.7901035489592,876.2593628396227,0.0511102010345587,0.09326182340808761,210000.0
Random_4249,602.6913302251755,835.6974353384587,0.04911034024861913,0.0855997842117474,210000.0
Random_4250,660.9278363328899,929.3417757814657,0.08087638391968627,0.16332659043182501,210000.0
Random_4251,749.7899427646987,1016.089165622691,0.061870893423692466,0.12289027758244415,210000.0
Random_4252,692.3684056666916,991.4104455341518,0.08977513836391218,0.18200070059447632,210000.0
Random_4253,776.926130062897,1081.5817660272248,0.07572259858866447,0.15372706586858964,210000.0
Random_4254,660.646528678404,894.5581798836898,0.05776393567865421,0.11284546883025393,210000.0
Random_4255,558.0135803671989,785.7071705467997,0.060554074767680516,0.11565477727737097,210000.0
Random_4256,596.3273755958387,813.8040565262847,0.04990316386106289,0.08992957901264612,210000.0
Random_4257,475.8460978129247,712.3856678705257,0.08664400057555566,0.17488749235339682,210000.0
Random_4258,746.3869436017565,1029.729724668999,0.09379520242980735,0.2016551017950363,210000.0
Random_4259,654.3366125238958,887.8980147425551,0.06561896946851434,0.1329951981075795,210000.0
Random_4260,718.7238170821307,1006.2817541827388,0.09798800039704919,0.20890454155553326,210000.0
Random_4261,638.9209433046175,906.2518291291948,0.09919470390840865,0.21198130854027897,210000.0
Random_4262,695.8455159034803,980.4601291087553,0.061348314085277744,0.1142459065006582,210000.0
Random_4263,609.9415817242245,898.2914933657928,0.10203091057874601,0.21313530966900449,210000.0
Random_4264,575.5575593758991,808.8520918821589,0.09159264183005011,0.19295247782895364,210000.0
Random_4265,613.8452837840218,841.2956932549727,0.06269214527505616,0.12274835797959338,210000.0
Random_4266,753.5374278259341,1054.9757188589645,0.0855050733853259,0.17660690938733395,210000.0
Random_4267,684.7571389529228,971.710070731307,0.08980882193809371,0.18499364515929748,210000.0
Random_4268,678.1386795267971,910.1419051962242,0.051391104878006744,0.09721788514398805,210000.0
Random_4269,737.2982802167774,1018.7351357090112,0.06960836779505934,0.13900257012882247,210000.0
Random_4270,721.3180833161534,1019.2415883483156,0.09868690847396817,0.20748030180075583,210000.0
Random_4271,591.9189626082959,875.0931056605739,0.09842474890473607,0.2019704638766957,210000.0
Random_4272,694.8013301891424,946.4487300608021,0.09080289013670641,0.1947816035903892,210000.0
Random_4273,556.9810171617776,765.1657769794778,0.06872018580072471,0.1374243599470997,210000.0
Random_4274,762.7653180961327,1008.4456742947428,0.038414118273072326,0.0644204877210198,210000.0
Random_4275,609.1640599717336,898.923206889407,0.10708970231213043,0.2272451821182901,210000.0
Random_4276,654.1233761124396,883.365122917497,0.06889087932261999,0.13791296524342506,210000.0
Random_4277,779.8488028626767,1052.4288924722828,0.05647377235819377,0.10685681269299507,210000.0
Random_4278,443.2575193337669,665.8616449489903,0.0785881434448597,0.1586671201285785,210000.0
Random_4279,765.2128668919768,1035.2502379105306,0.06232092129835205,0.12416968368182396,210000.0
Random_4280,573.08614192845,791.1797475363765,0.08113617483082942,0.16730033970992808,210000.0
Random_4281,711.4636806881166,947.3532456653148,0.04954685051141923,0.09064172236571041,210000.0
Random_4282,680.4912950216019,912.9790108764006,0.05838783598886767,0.1119004886075181,210000.0
Random_4283,528.9362910758515,757.6598033890516,0.09231233827861933,0.19502088643488463,210000.0
Random_4284,543.0800187109204,791.7510203857461,0.10389717478390048,0.22142645800174637,210000.0
Random_4285,690.1495223533846,970.7420834911733,0.07276579081236337,0.14527796679244104,210000.0
Random_4286,421.0220054030386,625.9744515018843,0.080194776456677,0.16170074350609592,210000.0
Random_4287,617.3980656068667,885.0375793273367,0.10303975356239423,0.21933711153290858,210000.0
Random_4288,751.0886621670221,1037.691764273012,0.07146749511897048,0.14122398778476794,210000.0
Random_4289,735.686311837789,1020.4437453070545,0.05750176044989992,0.10545250889542584,210000.0
Random_4290,549.6772616079292,807.7190639002545,0.08268744532130415,0.16421417467352897,210000.0
Random_4291,629.1063285213526,879.2950206475073,0.09219090845716901,0.19456022212976423,210000.0
Random_4292,543.3552578444376,788.9475888721022,0.058289109525416785,0.10587379224439486,210000.0
Random_4293,608.6999950747175,880.4055023530356,0.08959333429478719,0.18214092218215389,210000.0
Random_4294,582.1148941836203,821.0007207162317,0.09002984019779912,0.18703406344400508,210000.0
Random_4295,480.90523799696604,737.9225360465872,0.07453551126163006,0.14514498519594454,210000.0
Random_4296,750.0252675770832,1062.6280285180803,0.09831780967406091,0.2072922715899544,210000.0
Random_4297,672.6419251003783,932.0225121737501,0.06465143244331911,0.12638020816298207,210000.0
Random_4298,688.6147106091388,975.9271046675459,0.09532512465071066,0.19907644035582112,210000.0
Random_4299,756.0698354666757,1038.3784791898026,0.08405195958686884,0.17581896743139686,210000.0
Random_4300,783.4260935851948,1059.6342583179637,0.05300703141469896,0.09941439407160993,210000.0
Random_4301,615.794173994904,883.1679984272532,0.09224967193440069,0.19372407759543298,210000.0
Random_4302,631.1118259958222,870.7582872144749,0.05585730510385576,0.10476530468776973,210000.0
Random_4303,557.4775998156819,796.4333814179295,0.09449164554462615,0.19838990528834802,210000.0
Random_4304,595.9170859619802,848.7635336344263,0.08004050547380023,0.16192980299286572,210000.0
Random_4305,593.5120778458302,822.8382253862334,0.06665064734529692,0.1292886711939023,210000.0
Random_4306,372.536795070985,602.7176558965527,0.09262016555609198,0.1914470715033994,210000.0
Random_4307,588.080019760284,823.0564747356065,0.08864789873435745,0.18653574023644584,210000.0
Random_4308,623.7954577352489,901.0575164927526,0.08876367511624224,0.18356674617250057,210000.0
Random_4309,719.2746945860899,1006.1868078000397,0.08270210513865082,0.17059820219558625,210000.0
Random_4310,427.61765399325884,653.7169422463247,0.06138822702618608,0.1143855113370909,210000.0
Random_4311,585.9984670699223,815.6821569654855,0.09223233231558528,0.1976675315467571,210000.0
Random_4312,769.8424447689357,1086.8009283929737,0.07728289212058806,0.15372320216189955,210000.0
Random_4313,554.9501621356897,756.7836692318052,0.052342067321700575,0.09898408605510825,210000.0
Random_4314,416.69589709041765,639.8598774179761,0.0869895855241126,0.17627195923288042,210000.0
Random_4315,726.7246767200784,1006.9772559396441,0.08462788063940518,0.17289319209681345,210000.0
Random_4316,488.0350446764825,746.7151423052222,0.07101159076940178,0.13496014040364845,210000.0
Random_4317,660.7678396979737,928.1045429175418,0.07697904356356754,0.15254897994698535,210000.0
Random_4318,554.3909428968603,781.9018024745932,0.08184662073202045,0.16674829142910114,210000.0
Random_4319,670.8660446727308,944.0240961776109,0.08359254366244694,0.17297992020492348,210000.0
Random_4320,490.6503455809065,715.9303518885043,0.08128140011091377,0.1630115491440675,210000.0
Random_4321,712.8465344615266,994.901568909713,0.06317804197245493,0.1186154553717723,210000.0
Random_4322,586.8244105434106,853.711021656947,0.08620046837751892,0.17532726918423572,210000.0
Random_4323,738.3218631312302,999.1189586286359,0.07306927836573157,0.14947991988827208,210000.0
Random_4324,740.9924415496699,1054.7622961500322,0.08643249256202835,0.1770469533967791,210000.0
Random_4325,548.4216192060945,832.4142120725024,0.10522380239331057,0.21877524740161985,210000.0
Random_4326,594.7810566204089,849.7030691367494,0.0678280386045271,0.12898356488561086,210000.0
Random_4327,545.4981891736137,796.0698777515572,0.07496329065147012,0.14578987949670014,210000.0
Random_4328,786.0929089037714,1088.047098341318,0.07668637525790425,0.1543231670786069,210000.0
Random_4329,779.6292365249298,1056.4700325241226,0.04984934098327072,0.08850782288767459,210000.0
Random_4330,693.5964307876004,942.3012456309731,0.07817736812076789,0.16239889433060462,210000.0
Random_4331,536.032101747424,798.820161197836,0.08545521999116926,0.17104856135175223,210000.0
Random_4332,577.8293151184192,833.4481356374399,0.0676497752257138,0.1314178510592244,210000.0
Random_4333,482.2423928912856,755.3049974703844,0.10435386541614419,0.21799310780565673,210000.0
Random_4334,612.7935407419202,895.2270085141702,0.08028182209178009,0.15991316961798208,210000.0
Random_4335,380.67980471464944,575.1169547206988,0.09935975704318402,0.2133358130885543,210000.0
Random_4336,669.2450546111496,925.7817692748741,0.08062333109269094,0.16492857031936936,210000.0
Random_4337,602.5470657249881,849.3196498299914,0.0787406622913382,0.15806890223802286,210000.0
Random_4338,624.9508906373139,844.5575022324687,0.06212636145142558,0.1221984672572951,210000.0
Random_4339,828.2116009892111,1156.6007472063607,0.0706941245979584,0.13988147551225152,210000.0
Random_4340,583.359375254335,811.8982180369835,0.0727500533076609,0.1481543192956175,210000.0
Random_4341,753.2040381089016,1073.8932111738825,0.09790880379514016,0.20279684326741734,210000.0
Random_4342,714.0928062207943,969.8035463335186,0.06222414045700855,0.1238180857957507,210000.0
Random_4343,719.9139305727729,966.3637235693512,0.06664847905021795,0.1333592292621772,210000.0
Random_4344,729.9461714933745,985.5074290819285,0.0749010730261372,0.15545370120321697,210000.0
Random_4345,469.8084220284375,677.195134145815,0.09443315748287391,0.20045183892001697,210000.0
Random_4346,655.5850446362499,903.8798751249373,0.07067020214517486,0.139610870306713,210000.0
Random_4347,832.2394321142091,1163.3171104476558,0.07086789732444129,0.13899866672368938,210000.0
Random_4348,500.21199414136703,730.6049441941587,0.08021723171357328,0.16350465401939862,210000.0
Random_4349,391.80390834961406,600.4540408735235,0.07486533377715822,0.1471118857590362,210000.0
Random_4350,591.668338157257,849.5442305026506,0.06284134687567547,0.11656455764214813,210000.0
Random_4351,754.319986163653,1020.8610057217978,0.07464246966605896,0.15547480582701625,210000.0
Random_4352,717.2636408931806,1018.936698596794,0.10472963427679868,0.22409568902406127,210000.0
Random_4353,586.617978303739,826.8707070175114,0.06453832534478704,0.12536307955628098,210000.0
Random_4354,620.8731757002347,864.5390557396012,0.06434849332580936,0.12370010808824955,210000.0
Random_4355,613.7980554937944,869.808866244216,0.05963204042439822,0.1110677895576473,210000.0
Random_4356,593.0983006006932,855.7150682901884,0.09152751828515376,0.18741024980967644,210000.0
Random_4357,495.2849208745777,689.9796359792806,0.05825220824305387,0.11004330750968311,210000.0
Random_4358,374.3350827288527,608.2183983769311,0.08782232413095645,0.1801765248188768,210000.0
Random_4359,554.0237017696986,832.4766534024413,0.09855337393089332,0.2022212773507674,210000.0
Random_4360,657.7893570659612,947.0596780447635,0.07700518633894123,0.15207078247147102,210000.0
Random_4361,771.4763571343149,1036.3182974599513,0.0532781211895138,0.09859093174052871,210000.0
Random_4362,586.580012340214,843.6125621515889,0.0794513793961144,0.15980608953447553,210000.0
Random_4363,747.083221509589,1044.702659954738,0.06285796846959281,0.11710455946305932,210000.0
Random_4364,574.3823090113137,781.7729722394577,0.052187013568413196,0.09718652374700269,210000.0
Random_4365,679.9876088365581,947.965991826519,0.0715527966478397,0.14358224862515964,210000.0
Random_4366,637.184110714044,897.4716204715932,0.07776957200785824,0.15807401654319894,210000.0
Random_4367,501.0554926239849,716.5510251523996,0.07556297295884794,0.15219815424755795,210000.0
Random_4368,450.7214109986275,666.1542191417682,0.09095575337567993,0.1896412135627742,210000.0
Random_4369,559.9995867424883,824.8287050202948,0.11144068495770551,0.23984991700062733,210000.0
Random_4370,627.3345050391896,872.6281269283625,0.06807647259301343,0.13385469790292792,210000.0
Random_4371,696.6440200816196,956.2612358276024,0.06708791531934916,0.13051341257482127,210000.0
Random_4372,582.6503912471666,802.1019040787038,0.064758190875411,0.12542547429698808,210000.0
Random_4373,529.5822722660331,736.0081572206602,0.07984549403577305,0.16519427042169657,210000.0
Random_4374,637.7923116894763,881.4126152875097,0.060854924586953206,0.11719626822453993,210000.0
Random_4375,634.8130637771891,853.338486681838,0.047767773204020834,0.08707581037810924,210000.0
Random_4376,624.6823798975164,859.7828408412338,0.07737176972228677,0.1616089512217354,210000.0
Random_4377,707.8203771888851,943.672555348166,0.047239655404969064,0.08688901768295765,210000.0
Random_4378,694.4873192820281,974.7365478230944,0.09968966165245831,0.2123605223773331,210000.0
Random_4379,591.6054801722324,810.9807306317288,0.06040961878672391,0.11735287679375803,210000.0
Random_4380,723.506222494813,971.5488254097996,0.052807972732237383,0.09788815461908665,210000.0
Random_4381,431.6582472462111,627.3356178221837,0.05561088093473547,0.10318709416972853,210000.0
Random_4382,533.8666830486777,801.8117661322057,0.0995602057287685,0.20583138158176317,210000.0
Random_4383,770.5995377034931,1026.8008103685277,0.054204796407274276,0.10467205088490253,210000.0
Random_4384,542.5736676220178,804.7134986031643,0.09260864840588255,0.1900585126555721,210000.0
Random_4385,415.0228789718181,681.1635959913009,0.09315361253809948,0.18668825526286875,210000.0
Random_4386,754.8034174584303,1019.6858845837364,0.04333476026060494,0.07251085512732945,210000.0
Random_4387,553.5413460398545,799.5237575883992,0.06298730770872547,0.11826459117468194,210000.0
Random_4388,633.1532494131552,906.7281966653268,0.07185750037928443,0.1389425190818686,210000.0
Random_4389,665.5296075737082,936.5437772224452,0.05914547552009368,0.10808787383152632,210000.0
Random_4390,771.7247781498589,1090.8451813677204,0.08914576359810802,0.1849972391509953,210000.0
Random_4391,744.8899604796035,1028.0208815008477,0.0561808916962627,0.10174235940708629,210000.0
Random_4392,549.1949974233629,819.0218602134057,0.07554904803191186,0.1445660160248374,210000.0
Random_4393,485.6307806175733,683.9745847045783,0.05426549583756956,0.10142316624938155,210000.0
Random_4394,740.4863921345699,1038.9042560760781,0.06601997195458895,0.1267475588736,210000.0
Random_4395,797.2493076186391,1131.4022166218165,0.08905273547232695,0.18227433472348661,210000.0
Random_4396,722.3681704983866,1009.8167996194979,0.06980815000905939,0.13601015178417622,210000.0
Random_4397,744.4834286088561,1039.0598179049582,0.08769779868783045,0.18034152823186006,210000.0
Random_4398,418.01908623010354,632.892456133447,0.05564506955504969,0.09981173461649664,210000.0
Random_4399,718.5812710675368,1020.9993912657225,0.06656496306083348,0.1264195518429523,210000.0
Random_4400,800.5755690729962,1086.6034512010008,0.056723266274283604,0.10754463102831927,210000.0
Random_4401,446.50711685502904,681.6190845997436,0.07111107860164043,0.13757194994853644,210000.0
Random_4402,720.916516520253,987.8261351474201,0.07788180498311104,0.15776625424326063,210000.0
Random_4403,741.1746155856277,1043.1150225838608,0.08189626047936262,0.1633973501612843,210000.0
Random_4404,546.1623722404609,811.7210054906426,0.06803175618036837,0.12650659015589635,210000.0
Random_4405,782.2336181116846,1056.3256258952995,0.05318638251237677,0.09998979490636029,210000.0
Random_4406,713.5636050635447,953.8815847644664,0.04997513880582762,0.09397266136515021,210000.0
Random_4407,640.8470854674293,876.1697188487209,0.0723429368602229,0.14605158892832568,210000.0
Random_4408,735.4064838594669,1010.6131725593182,0.06960125421781069,0.13659930102047566,210000.0
Random_4409,616.2559193736862,840.9002663147758,0.06788289724132299,0.1370602422499032,210000.0
Random_4410,543.8384291483239,796.1020171726194,0.09734827683703458,0.20608774723389495,210000.0
Random_4411,661.7661824995524,916.7176853936935,0.066267297446139,0.12783310596259795,210000.0
Random_4412,689.6294029303375,933.8161823007495,0.06115386593102257,0.11903133871855973,210000.0
Random_4413,691.4419173434612,956.5324009580528,0.09516931718213645,0.20400954337346755,210000.0
Random_4414,793.5508793106115,1114.1486055244568,0.07465292404092636,0.1450387045900373,210000.0
Random_4415,407.5503307318556,630.0551909504443,0.0830573380990286,0.16764698013985413,210000.0
Random_4416,826.0024886750721,1130.5735967631304,0.0565620973775961,0.10568062214240136,210000.0
Random_4417,576.8633188370452,781.7870847183913,0.05112676752881224,0.09582926064823555,210000.0
Random_4418,611.3956901069058,865.872274235011,0.08609962822226166,0.1791641528043732,210000.0
Random_4419,629.4965487939332,884.1544238181317,0.08656137854744733,0.17803904176977536,210000.0
Random_4420,788.9431803812877,1101.718294646646,0.08358388878079007,0.16891786239138357,210000.0
Random_4421,520.2757554479454,743.877375386362,0.07077830726380432,0.13979589678779514,210000.0
Random_4422,683.5952847593701,979.7576365690187,0.09586299482415869,0.19957556236128404,210000.0
Random_4423,727.9094807586073,1026.712340474112,0.07521967503149925,0.14727496097818762,210000.0
Random_4424,546.818202865678,798.3111049497695,0.09173633113382142,0.19127419512056296,210000.0
Random_4425,534.003653591892,740.267179081528,0.0787500411450253,0.16137624227105776,210000.0
Random_4426,803.5216598062894,1141.3284178768358,0.09742795863380645,0.20385113905464158,210000.0
Random_4427,638.7305207236548,901.4756751890385,0.0903225010358058,0.1864812935156822,210000.0
Random_4428,690.3020213933155,972.5577599017292,0.08839661281809515,0.18250035846777748,210000.0
Random_4429,552.8808193298962,776.8198150307699,0.09999373139241965,0.21655403635100998,210000.0
Random_4430,391.76189822534525,624.3030533044061,0.11140085892772557,0.23905608303056136,210000.0
Random_4431,687.721778453165,942.6069256506564,0.09024193867910177,0.19242922159188736,210000.0
Random_4432,497.23461166266907,734.7654031643767,0.0720432845389638,0.14085504468939244,210000.0
Random_4433,668.5779482590732,950.2002949594611,0.08196316995809524,0.16501273228016589,210000.0
Random_4434,641.5420231458705,900.2431198240544,0.07943433082305028,0.16345957073876666,210000.0
Random_4435,720.3070500379372,1006.9700109140479,0.08560160167879545,0.1762913439449736,210000.0
Random_4436,647.0693259175204,915.4175462822346,0.05538665846285892,0.09744907992275825,210000.0
Random_4437,692.6052274559811,933.2010252197372,0.04574130523227102,0.07998865313996745,210000.0
Random_4438,774.9060585495637,1103.1720314671422,0.10096654655469553,0.21138478720530687,210000.0
Random_4439,723.5340911998078,1015.3442006629036,0.061583611158939934,0.11278833355527662,210000.0
Random_4440,790.7731398477006,1088.1434986014524,0.06484594258512143,0.12364996980717367,210000.0
Random_4441,619.7620146152528,905.7213280883501,0.0901349774991755,0.18518142097139526,210000.0
Random_4442,563.5038379360457,787.4225211857479,0.08740671348236623,0.18569119344988955,210000.0
Random_4443,768.3631168339651,1022.2503115587833,0.053519261169297866,0.10149576261423421,210000.0
Random_4444,642.9275205899319,938.675213996178,0.08979478205246393,0.18341251127855301,210000.0
Random_4445,640.2650441087332,884.7308609056327,0.08017468946952795,0.16512775012703745,210000.0
Random_4446,564.5082360080745,806.3055158810331,0.10423848636675459,0.224658588474855,210000.0
Random_4447,637.7279268667337,903.2619503704638,0.09863779587139133,0.21090415262284398,210000.0
Random_4448,781.0662442442762,1040.1128078901381,0.04730031676184393,0.08585904840383382,210000.0
Random_4449,576.077081610429,829.448271209429,0.08919194904678615,0.1854494851616154,210000.0
Random_4450,662.044399504381,959.1798220782216,0.08646834569740465,0.17204344188044318,210000.0
Random_4451,471.57132592528916,741.8602368875438,0.09566398838695725,0.19652771258592608,210000.0
Random_4452,503.63879841638965,739.0454668048053,0.08919412805042795,0.18241517263620863,210000.0
Random_4453,548.2122245411852,766.7244003886556,0.08137827195833885,0.17092131143900335,210000.0
Random_4454,419.61295341563977,632.5265360258438,0.07368122679708537,0.148416071367274,210000.0
Random_4455,535.3584310075966,760.7659256168304,0.0713157480468933,0.14432708744127423,210000.0
Random_4456,573.5755635773074,826.324308180543,0.07703237093841138,0.1518179589722689,210000.0
Random_4457,615.955440050054,844.5265428243049,0.08539786620326924,0.17902869784372194,210000.0
Random_4458,523.6508018919567,752.6187196439736,0.0638453386250655,0.11999351137964961,210000.0
Random_4459,764.9275147797696,1030.8121698079588,0.054832638047240395,0.10243493605649956,210000.0
Random_4460,778.6857885163204,1097.7735797151752,0.0704813011807438,0.1338213780070653,210000.0
Random_4461,744.528221355316,1019.7527081850484,0.05476198104065351,0.09949017995595011,210000.0
Random_4462,645.2836039009145,870.639813513853,0.055488420061342525,0.1049030940740647,210000.0
Random_4463,609.0266856227777,881.2175374891577,0.09201273486673127,0.18739491613877754,210000.0
Random_4464,775.278049786401,1049.4760589122886,0.06553682275248812,0.13026268607347744,210000.0
Random_4465,749.6071746479143,1020.0062017311288,0.06748228644209711,0.13614885059959111,210000.0
Random_4466,681.6730599949655,984.9358177481527,0.11468798883273278,0.2477716419030467,210000.0
Random_4467,673.0142309713415,929.3091001858231,0.07767504162944038,0.1590793533424375,210000.0
Random_4468,563.8190854719503,787.8968120277784,0.09273300430981894,0.19673164275214378,210000.0
Random_4469,754.0084320504925,1044.9379713746519,0.08063709622590759,0.16324676119235665,210000.0
Random_4470,761.3723994117556,1042.9541938909215,0.05705399468806635,0.1074715258966081,210000.0
Random_4471,762.5231138234632,1050.4179554397447,0.06995093484436518,0.13788112839654149,210000.0
Random_4472,706.7314229714351,953.8779135316368,0.05930943542642003,0.11756295969527751,210000.0
Random_4473,686.1741268625367,971.9117791999131,0.08827597470504601,0.1833994320411552,210000.0
Random_4474,541.6454326383734,771.681079528828,0.08134670140093592,0.1672422270944065,210000.0
Random_4475,392.1308973114773,613.5318314414064,0.10014367565265765,0.2112499337743402,210000.0
Random_4476,694.4314090004945,984.0931996795398,0.09858968630083727,0.20957414367144223,210000.0
Random_4477,419.0801818692872,680.303419802954,0.10877047682900587,0.2281485987932434,210000.0
Random_4478,657.0801271177168,893.0405206004565,0.08008300523513953,0.1697249182610385,210000.0
Random_4479,745.1030492741367,1053.253285239833,0.07452225710749866,0.14870321714774468,210000.0
Random_4480,800.9390974407759,1098.4894701609537,0.057216746239502986,0.10560181924664425,210000.0
Random_4481,574.2706222849911,848.8259537745344,0.09877357321097431,0.20609471822361478,210000.0
Random_4482,488.85555738046537,702.4276752611911,0.06457078287703674,0.12360082566708483,210000.0
Random_4483,509.6341407228772,781.3716903251044,0.10259548546028166,0.21335461358044178,210000.0
Random_4484,478.70356567114015,715.4622191338062,0.07878086756110184,0.15660419027688507,210000.0
Random_4485,624.1080041009737,885.1117105842186,0.06704381938372668,0.13095257078278016,210000.0
Random_4486,720.1345279141678,996.7691936644277,0.07359282469452567,0.15007264347742266,210000.0
Random_4487,789.4885087462351,1052.5906736027875,0.0494105355779665,0.09320426441624481,210000.0
Random_4488,656.8495241945409,927.8603733241614,0.08083174302395146,0.16424893880064018,210000.0
Random_4489,774.310872385444,1061.442536199976,0.07244994622915235,0.14392345476065072,210000.0
Random_4490,782.2418725686694,1095.1319846530196,0.08718278402649618,0.1798715850750615,210000.0
Random_4491,640.1445761252277,870.180276447052,0.07879437306717219,0.1653864862888299,210000.0
Random_4492,628.2870359504487,845.1657576075918,0.05041386627762909,0.09216792779494992,210000.0
Random_4493,655.5878417420618,942.974457530373,0.08081525131592707,0.15898938335573615,210000.0
Random_4494,528.1125559464301,762.5180109328907,0.06573028208909776,0.1251792972476085,210000.0
Random_4495,712.8112081288118,1019.3617456460588,0.09001753961472315,0.18554810447290518,210000.0
Random_4496,543.0912181242664,778.0546181607428,0.08464533803797172,0.1734544261798941,210000.0
Random_4497,660.2238185251214,936.6085284332119,0.09164460868941748,0.19223847980953712,210000.0
Random_4498,780.1116625629232,1100.386365867977,0.09164536663322533,0.19121213256100708,210000.0
Random_4499,739.8541823411718,1019.3822391801975,0.07086043851728538,0.14085057698358247,210000.0
Random_4500,561.7835221584863,840.1064141062467,0.10096775482786068,0.20945208352970693,210000.0
Random_4501,790.4237583335315,1121.804340568073,0.09140536167917815,0.18816478608027493,210000.0
Random_4502,610.369509072021,851.4281875732156,0.0646669981752418,0.1259452692669845,210000.0
Random_4503,543.2073675093732,817.493392488975,0.09753492376497706,0.20116751410935896,210000.0
Random_4504,522.181094084925,793.8789219002456,0.0726932479655935,0.13898156670979767,210000.0
Random_4505,512.423221133182,778.0454191761213,0.08856043944672341,0.18074275461217476,210000.0
Random_4506,628.846211310831,855.5442003883245,0.05059688364215263,0.09161101857282482,210000.0
Random_4507,448.4049438818884,698.0132799909563,0.07712816279911874,0.15193986127970027,210000.0
Random_4508,480.0485471957111,719.5356826425767,0.08066712561086503,0.162827365926828,210000.0
Random_4509,671.112756634244,979.6353096753559,0.11742154374865676,0.2535024744033938,210000.0
Random_4510,455.07885268661687,654.6049726676184,0.08461377992965316,0.1757098310121579,210000.0
Random_4511,406.89646571929467,602.2683188785714,0.0723222040522617,0.14414616397619587,210000.0
Random_4512,332.5725258763523,515.9648391720343,0.07967640515750461,0.165040057260122,210000.0
Random_4513,690.8957451951825,928.6225030124398,0.05105951321093351,0.09590666959262978,210000.0
Random_4514,490.093591780813,690.7870883281194,0.08002450915399192,0.16620444011822078,210000.0
Random_4515,668.8026913458141,950.156355409695,0.10148145383741083,0.2159674290346386,210000.0
Random_4516,483.23069179353786,699.2819867807312,0.0952171937755324,0.20253605132977995,210000.0
Random_4517,738.3688377546888,1022.6506537616455,0.05568875533461652,0.10100105343019938,210000.0
Random_4518,641.9706325581295,887.384044262725,0.07557783920888078,0.15137065861827517,210000.0
Random_4519,606.9214689279744,865.9319624841789,0.09127201965930999,0.19221074669705712,210000.0
Random_4520,472.8362188055431,679.6438231402001,0.0654987208714277,0.1256935737205085,210000.0
Random_4521,647.1456181296043,947.769060475049,0.11313325898450448,0.24240209214461186,210000.0
Random_4522,452.0849432287001,663.992866266717,0.06525309078119859,0.1277436259455703,210000.0
Random_4523,546.7247621545982,780.2986118095315,0.08106805116795035,0.16400563112383404,210000.0
Random_4524,542.8162634324331,820.106872514782,0.09774070687598159,0.20297337581614255,210000.0
Random_4525,716.65456781531,971.2856357956547,0.061676888158147494,0.12021482592786864,210000.0
Random_4526,472.41981510196854,742.2444259115013,0.09613950434705819,0.19798302674761512,210000.0
Random_4527,822.1726217037747,1142.0626606528137,0.06784475623048095,0.13179227675964328,210000.0
Random_4528,608.8654252534934,865.4776562074964,0.07676384395289054,0.1519978817405463,210000.0
Random_4529,459.568022049676,711.2355793030922,0.09149972870477359,0.18484938148596836,210000.0
Random_4530,418.5003349859329,643.262853031684,0.08248801983744546,0.16853246512616854,210000.0
Random_4531,473.5007210895391,701.4314018672851,0.07156859053218263,0.13932924355710835,210000.0
Random_4532,765.4991322661276,1026.1428701910393,0.04134974017554379,0.06916265799551768,210000.0
Random_4533,682.2190933325932,951.530845538179,0.08161327611754868,0.16491194626608052,210000.0
Random_4534,776.125659997112,1053.6999054956202,0.062562393691139,0.12140667842813638,210000.0
Random_4535,702.790355964509,1003.6574766663332,0.07460318466692156,0.14328601942681915,210000.0
Random_4536,741.4213133413928,994.640592945623,0.06254369734824736,0.12227938516070769,210000.0
Random_4537,814.0203608662742,1124.4452995907511,0.06277046679616174,0.12001826114244958,210000.0
Random_4538,798.8490957240575,1112.7670984608008,0.06041169302747543,0.11048796685343157,210000.0
Random_4539,511.25357978791345,744.9368357855942,0.08058366314049215,0.16501350304736048,210000.0
Random_4540,666.6600696209715,936.3245792143462,0.09167902815350938,0.19431398213639692,210000.0
Random_4541,673.2726043599305,913.5645618585418,0.05237404777349819,0.09511174785358512,210000.0
Random_4542,526.1760026633852,728.9193430974702,0.05849071721230211,0.11424284834358746,210000.0
Random_4543,644.9037736263317,931.7004338319754,0.07047767728494836,0.13277823583582704,210000.0
Random_4544,769.985729592218,1042.3910921759978,0.053532292893000565,0.09975525149447118,210000.0
Random_4545,678.938816536084,917.024047885611,0.07040037059635951,0.14256955940903324,210000.0
Random_4546,716.4219459456573,1000.3671538915768,0.08544723477146579,0.17744555145505783,210000.0
Random_4547,691.2041238987359,943.4833244819195,0.08478686842923645,0.17912914722377132,210000.0
Random_4548,463.62320517685913,691.215390442588,0.09685767844235764,0.20550127573859234,210000.0
Random_4549,725.5993363558179,982.3413713048504,0.06474962779464603,0.13057443283577164,210000.0
Random_4550,776.2599814753294,1078.7693488279267,0.07807386708286035,0.15547111786785311,210000.0
Random_4551,464.9997416851661,725.2518359549714,0.0956431797486042,0.19731482596436142,210000.0
Random_4552,619.2405652590078,871.2056566188758,0.0830914586476407,0.17148163953237278,210000.0
Random_4553,828.2752463299108,1147.4945453026378,0.062336822261465,0.11728715469211123,210000.0
Random_4554,635.7269843085825,891.1271674319197,0.08816083724898732,0.1834426038931069,210000.0
Random_4555,724.8023666265633,970.019036208073,0.049178873516086255,0.0894050750446381,210000.0
Random_4556,572.5183720730785,818.9259283117416,0.09689903979782187,0.20503997153054376,210000.0
Random_4557,503.02082532487447,774.8923891263064,0.08804146740722282,0.17739794882230875,210000.0
Random_4558,566.4495387045972,827.7290048257656,0.07593706599577542,0.15098941725194426,210000.0
Random_4559,428.27246922098044,693.7549410375934,0.08631585563275085,0.1694821690814322,210000.0
Random_4560,679.4458776946748,944.154629493998,0.0728620666996656,0.14497762590221322,210000.0
Random_4561,653.2966483837658,893.2232076107273,0.04521793801897857,0.07688587819284975,210000.0
Random_4562,697.7661573089216,1000.3500019544443,0.0941864220053215,0.1946929274687112,210000.0
Random_4563,610.3933662673232,837.9759820670722,0.08466610521035828,0.17645251057472933,210000.0
Random_4564,379.70241233061313,601.2929055127237,0.07467506068476225,0.1457437373113186,210000.0
Random_4565,579.7238093186897,816.6366896068726,0.0857990882078711,0.1799399938534856,210000.0
Random_4566,647.1942569836004,925.1198996029743,0.058485272446003905,0.10414584374667767,210000.0
Random_4567,419.49601009588804,669.5864597415548,0.097809226337115,0.20379167450737423,210000.0
Random_4568,722.3792807280872,1016.6076051841235,0.07891078110653173,0.15889916250917407,210000.0
Random_4569,788.1924050566594,1115.801128292537,0.08659429445972253,0.17859090161681412,210000.0
Random_4570,736.0896191588433,987.4092444429939,0.06059775157481455,0.11775785759431127,210000.0
Random_4571,584.3576717867111,800.2439406945217,0.05855206111707169,0.1121642477747149,210000.0
Random_4572,798.1100360615466,1093.122744483289,0.06397405127006037,0.12669829772522684,210000.0
Random_4573,760.0650196961905,1063.816228555231,0.09645745356658553,0.20448570212139083,210000.0
Random_4574,660.1087936177023,945.5806701037772,0.07448935165271246,0.14338239496891297,210000.0
Random_4575,718.3853269615122,1006.3284215692139,0.08263471022225696,0.1704492649963149,210000.0
Random_4576,637.2952273358424,904.0216383999463,0.06302170945953822,0.1187914624986289,210000.0
Random_4577,690.9314193874937,932.5566694300277,0.05900926727454575,0.11311007095083597,210000.0
Random_4578,617.605247620424,844.9744327427861,0.08686278900958896,0.1843323289285584,210000.0
Random_4579,740.6434144324761,1013.3598862400726,0.06355098554629357,0.12187460586051992,210000.0
Random_4580,720.8471125311894,993.7493046198656,0.08765101992543217,0.18577080653930259,210000.0
Random_4581,720.3466171235447,1019.2717311237614,0.09463848480196158,0.19933121116219518,210000.0
Random_4582,656.2790595940662,910.2705217991037,0.08206928271261099,0.16725431815903397,210000.0
Random_4583,809.6600600288043,1135.5933251414192,0.06951170046614935,0.13517604749436177,210000.0
Random_4584,666.727599302534,919.6801447772535,0.07019898701037937,0.1404972075328496,210000.0
Random_4585,541.9835690662735,795.6056134551039,0.07790750061829485,0.1534360958709557,210000.0
Random_4586,720.2052231370426,1013.4948766289328,0.09659470500830857,0.2036270741027644,210000.0
Random_4587,503.7700619880281,733.3453994439018,0.08786360907607116,0.18259248602520728,210000.0
Random_4588,567.6710304381916,807.0473307242495,0.05314916880950282,0.09436857354842643,210000.0
Random_4589,679.8505723284045,937.1029465136028,0.057329768083688434,0.10620119386500165,210000.0
Random_4590,441.2286429156792,645.88615950546,0.08370692216156121,0.17482146977092206,210000.0
Random_4591,351.7234200569637,578.7768931850899,0.10308993518524653,0.21854268794497694,210000.0
Random_4592,533.581951333571,742.2448791669894,0.060290034156621326,0.11521276262618947,210000.0
Random_4593,551.1792920255094,785.165155491987,0.07962122277402219,0.16395048267088294,210000.0
Random_4594,570.636877204146,834.0883205089333,0.1004991222963263,0.21193666563470115,210000.0
Random_4595,651.039293906679,940.4979705671919,0.06657942138546899,0.12445005689807004,210000.0
Random_4596,585.9685140184599,850.0558683957206,0.07579264192307685,0.1501740918876794,210000.0
Random_4597,647.6701988770974,907.1596576266431,0.0917465653694337,0.19374589130030473,210000.0
Random_4598,667.2015618470721,925.5867143316617,0.08045425426166372,0.1636052767515135,210000.0
Random_4599,702.3259474533642,968.939116511949,0.05316100443241527,0.09458010700462272,210000.0
Random_4600,662.4909671179066,912.2886323376193,0.08231226916406702,0.17336081345364182,210000.0
Random_4601,667.0376975220539,971.6422915108648,0.10722932601088611,0.22797771629878458,210000.0
Random_4602,512.889112838819,737.6252848412803,0.0786008367761205,0.15877730637288526,210000.0
Random_4603,612.2518038376758,844.79096000423,0.06706945625732855,0.13514999251748527,210000.0
Random_4604,769.8873080820786,1096.783956328687,0.09226300645083597,0.18747688584805616,210000.0
Random_4605,547.7118825988935,790.9378170641454,0.09718401803192327,0.2046132299185952,210000.0
Random_4606,709.2849653890327,966.6743529034866,0.08523715804042331,0.18177675188829348,210000.0
Random_4607,478.8267007289408,713.4689411049293,0.08954086108209369,0.1854840334107749,210000.0
Random_4608,494.13096232914893,690.1682050392918,0.06804591563092625,0.13578974170813204,210000.0
Random_4609,486.737362148331,705.0582129728884,0.08550102432487683,0.17895570381161893,210000.0
Random_4610,731.3552373330767,991.5806597935059,0.04662701599073468,0.08122467020994911,210000.0
Random_4611,402.41420630586236,666.1012585487199,0.10463800158223034,0.21817194703381368,210000.0
Random_4612,447.95455280441405,672.7848930894692,0.09748900132834366,0.20595705084017454,210000.0
Random_4613,729.2016883421927,1014.3234451597776,0.05164481127451798,0.0895542864616663,210000.0
Random_4614,583.9792319004152,789.9627026505227,0.04079531957647299,0.06743377557231232,210000.0
Random_4615,629.0247911268967,895.4522111534419,0.07370485700949787,0.14471147813784213,210000.0
Random_4616,530.6018853131511,773.3653277986825,0.05307372365919903,0.09192385906593123,210000.0
Random_4617,626.3475837388104,895.0061518009446,0.06959830862820524,0.13385111309385828,210000.0
Random_4618,699.589912974883,979.9688445661283,0.07717843277948495,0.15512946370619599,210000.0
Random_4619,634.3556905884617,885.7372284478588,0.06331159974000686,0.11957363150718611,210000.0
Random_4620,644.4414335052797,903.0951720046613,0.08349591792133168,0.17040062744432238,210000.0
Random_4621,648.0504612264864,927.0171328087397,0.09819365840067734,0.20815543557061691,210000.0
Random_4622,564.1597161682314,814.062596800072,0.07550372427045036,0.15247559216699427,210000.0
Random_4623,720.0462732005235,1040.1236020974623,0.1081860656830493,0.22990474259845536,210000.0
Random_4624,613.0256640526369,829.9311846934611,0.05287527270755035,0.09779921355199767,210000.0
Random_4625,451.7868556386318,646.0304218245644,0.05363312047494146,0.09708029198339088,210000.0
Random_4626,757.0633832677709,1066.0537397845578,0.08355377404188065,0.17143338856118662,210000.0
Random_4627,682.4748555595769,926.9450955564888,0.06626827878402206,0.13232798088117412,210000.0
Random_4628,700.9285234672407,958.3680876241154,0.06888769554139303,0.13880293616364967,210000.0
Random_4629,516.390405317662,728.1162072351486,0.07412555784767481,0.1493794467100461,210000.0
Random_4630,590.458100887339,861.4837026554216,0.10078551022425136,0.21340596473492918,210000.0
Random_4631,592.502233842745,813.4506425825741,0.0679306045359618,0.13680423673767073,210000.0
Random_4632,677.6543331269937,967.5430467490729,0.0770390402604637,0.15330206868742657,210000.0
Random_4633,542.1004661585642,787.2427868528641,0.06426338969216247,0.12136466102644178,210000.0
Random_4634,438.89520784848355,688.4124601395,0.07831459807753342,0.15195293493632273,210000.0
Random_4635,708.5510483517212,949.4376868141696,0.0465403080061903,0.08234665967369753,210000.0
Random_4636,733.6461916505261,984.6067759736629,0.06393984912412405,0.13054678777883116,210000.0
Random_4637,488.1785733322698,683.0527639162586,0.0632891635431894,0.12668656492491226,210000.0
Random_4638,686.6001043808802,957.5996700882995,0.07334971300515596,0.14753790099377706,210000.0
Random_4639,506.90409059408717,777.7564456177591,0.08146286922732339,0.16258463815977076,210000.0
Random_4640,637.0365307844726,934.7223848898377,0.09910272298395226,0.20468337975823425,210000.0
Random_4641,775.9671851971417,1107.9975480412945,0.09707293719491655,0.2000936544739232,210000.0
Random_4642,438.65919184747526,704.6474286611104,0.11930209551342741,0.2555464776906221,210000.0
Random_4643,698.2455684707916,950.3094188394452,0.06361868060402599,0.12632870275796101,210000.0
Random_4644,447.7819671332876,699.5245384720896,0.09546499794817967,0.19838143945154382,210000.0
Random_4645,771.9209896840417,1054.4699563477698,0.06438618839928695,0.12770775228495396,210000.0
Random_4646,723.1387486953593,989.573819312989,0.08958483366507487,0.18994437453739924,210000.0
Random_4647,603.7469423086538,872.3365506150686,0.0649344819010792,0.12209417715786108,210000.0
Random_4648,686.6271227840799,997.8460294157741,0.1097838342076956,0.23295904665927827,210000.0
Random_4649,492.34350868910997,748.9507152298283,0.09236536996199687,0.18832854513429018,210000.0
Random_4650,742.6270412004549,1014.5326753809695,0.08710832506612201,0.18508394550173102,210000.0
Random_4651,759.6456224454613,1058.6748385780259,0.08223047307954469,0.17054408582644573,210000.0
Random_4652,676.544868320461,946.4270932838562,0.07522482364417729,0.15112172927801973,210000.0
Random_4653,398.54159347513564,594.3963364419301,0.07549834843527774,0.15495745530603258,210000.0
Random_4654,677.8751135165214,960.4627459032482,0.06205098649518167,0.11321959446312888,210000.0
Random_4655,556.4225297539836,782.9711605092056,0.08588510777827543,0.17829612174420653,210000.0
Random_4656,534.5579628146994,808.3324862417456,0.08520490059877706,0.1704715523584115,210000.0
Random_4657,730.3529459335008,1033.476290940755,0.08334600709278828,0.16964932630489132,210000.0
Random_4658,551.9887761699484,760.2088422865085,0.07096145883118067,0.14581234201846482,210000.0
Random_4659,620.8819255505153,874.4648754778765,0.09173995682724934,0.1931770563518643,210000.0
Random_4660,483.304359903105,713.28872833945,0.08626375058063276,0.1746802666903376,210000.0
Random_4661,605.2708184474237,877.4548764356741,0.08808620542881915,0.1786886057929537,210000.0
Random_4662,664.1089142638004,904.1772852686153,0.06667156692733771,0.13199759357254512,210000.0
Random_4663,497.09426736840777,708.1766199427462,0.08390263782108442,0.17594969521641926,210000.0
Random_4664,702.6699406760312,993.5037205662263,0.08358185759107578,0.16981967946776527,210000.0
Random_4665,655.1317111555187,958.9769991655262,0.10472537310622618,0.22111932990810929,210000.0
Random_4666,772.4056781714503,1039.7739426152098,0.055430274636193475,0.10496907983653353,210000.0
Random_4667,791.9046116306304,1075.6770173087693,0.061125448458633,0.1183630056400589,210000.0
Random_4668,779.831722422856,1086.2132425369384,0.08416192461063236,0.17259963677109424,210000.0
Random_4669,711.6662972318118,950.3991856916911,0.03981252425823381,0.06564701220439798,210000.0
Random_4670,529.0491343025047,768.5309321514992,0.0944556125720573,0.1980913892791479,210000.0
Random_4671,605.7335498001459,884.8549445850957,0.06425438224419162,0.1178139393208861,210000.0
Random_4672,389.38867235818196,587.7463705786537,0.061496205149677796,0.1175471865751512,210000.0
Random_4673,673.7709596727797,943.4489385919053,0.06948927176196637,0.13426526254231766,210000.0
Random_4674,376.6697988422895,576.8182301850499,0.0743216857262496,0.1470652558066768,210000.0
Random_4675,670.0616042310187,965.1528036718121,0.08795041797663372,0.17802270689062677,210000.0
Random_4676,741.3980137846969,1035.1749127042594,0.06969377868083904,0.13368555332183363,210000.0
Random_4677,715.1710364161613,990.3376940215733,0.06201478123109323,0.11681681601149538,210000.0
Random_4678,550.5279687074491,802.8737665165712,0.08065181319721498,0.15969042455846594,210000.0
Random_4679,624.6100468429117,875.0489656592272,0.07509068808956273,0.15307108153606985,210000.0
Random_4680,751.4791410519626,1070.1108209262904,0.09986161521631451,0.20881816436032727,210000.0
Random_4681,614.2314635762946,840.6436521972432,0.0894358456154709,0.19036939127887775,210000.0
Random_4682,523.6717887165258,787.0831780892587,0.09599702646797932,0.19855252763663073,210000.0
Random_4683,738.5321788105925,1006.9866328513597,0.08042543216155544,0.16588819214397618,210000.0
Random_4684,432.6371643726679,659.0044776832145,0.07245844404475969,0.1400539137834536,210000.0
Random_4685,768.911634404748,1067.4172830244213,0.06578326462780283,0.12466945854825384,210000.0
Random_4686,558.2448225117669,803.4202385908446,0.1062896130213388,0.22949903728103552,210000.0
Random_4687,484.385408051432,724.7999313622176,0.09694015470615151,0.20356322424576442,210000.0
Random_4688,691.4563271660286,953.6214801301443,0.07787200876180017,0.15833067983106652,210000.0
Random_4689,673.9765029731582,924.8660411128694,0.08998566876172033,0.19219818779352202,210000.0
Random_4690,713.8333595164459,1012.1343911322454,0.07012781957673635,0.13538377086762549,210000.0
Random_4691,470.76391489304007,688.6311811152001,0.0927508969143438,0.19490515217488272,210000.0
Random_4692,455.3982680756711,710.1967615680862,0.0632456940846362,0.1150893110735676,210000.0
Random_4693,731.8739705510977,980.7682761478261,0.055416342744227985,0.10750279107039419,210000.0
Random_4694,474.753562891138,709.720788865241,0.10453308326378151,0.22354861222112443,210000.0
Random_4695,793.6457319248673,1079.2201815481044,0.05760947912155996,0.10960515350731934,210000.0
Random_4696,381.9957344360922,566.2314291331443,0.07000709169011116,0.13932639312344813,210000.0
Random_4697,572.5466531888626,840.3170222631733,0.11099505224762492,0.23874468085618347,210000.0
Random_4698,632.2966290275407,898.9148666935238,0.08202766105496966,0.168584709797426,210000.0
Random_4699,765.9084323591851,1073.249342349731,0.06829958641321511,0.13127093493442832,210000.0
Random_4700,763.5665487482519,1030.4669207972963,0.05855241302586949,0.11475079813033318,210000.0
Random_4701,510.310763398079,726.1750624871038,0.07181035029640748,0.141671773289923,210000.0
Random_4702,477.4277068714729,689.2872386151603,0.07164337964301061,0.14163100170473922,210000.0
Random_4703,734.6001397727624,1006.3708677319148,0.06539059993070719,0.12938809706918772,210000.0
Random_4704,586.0744189010978,860.9146445495264,0.07449766610100617,0.14574190333316026,210000.0
Random_4705,634.0328592319876,893.4752289445444,0.0876028063210456,0.18201522385361565,210000.0
Random_4706,789.3432242794814,1128.6654156621241,0.10815373523452526,0.2313745356178311,210000.0
Random_4707,476.6067534205847,675.786217135043,0.07776015448201432,0.15976532988061898,210000.0
Random_4708,598.6467983858327,832.2761126608261,0.09096264969359992,0.1921870520545012,210000.0
Random_4709,551.475677635636,772.5280816125097,0.07037557596305327,0.14162424276998986,210000.0
Random_4710,753.7353843165569,1071.8669231632218,0.09289625824546771,0.19111608488953863,210000.0
Random_4711,536.6337804137265,809.1026689598651,0.08644814204241667,0.1752584899665748,210000.0
Random_4712,621.9624161838303,884.2493779147849,0.08716632274637355,0.18176999027346893,210000.0
Random_4713,607.4420756368152,881.2524516657442,0.10345530255518591,0.21900007643586072,210000.0
Random_4714,640.9446792048665,908.1770035706818,0.07564334243250602,0.15196912173489857,210000.0
Random_4715,703.7497603551237,1010.5812508962188,0.08954878055205875,0.18224735624453206,210000.0
Random_4716,604.5094918439767,878.6845883151848,0.1039357485004611,0.22042936006807712,210000.0
Random_4717,689.9965238331179,933.7179438523752,0.06731515766014518,0.1354685611381124,210000.0
Random_4718,621.4524732228338,899.5349160160397,0.07721415035750367,0.15273133601715594,210000.0
Random_4719,455.95443294684765,714.6827896828959,0.08456529432988126,0.1708813325693837,210000.0
Random_4720,805.632368291247,1137.2897027612066,0.08668651024280542,0.17760932122655532,210000.0
Random_4721,558.6592736854374,765.5093080009859,0.06478311047956573,0.1290165480577147,210000.0
Random_4722,397.53652682526763,605.658579368755,0.08087290828654145,0.16194301581997025,210000.0
Random_4723,523.9259687203657,760.2321246727337,0.08706142918817289,0.1809316388409246,210000.0
Random_4724,574.9043770892571,787.9034928863382,0.0631855830762813,0.12217408676507993,210000.0
Random_4725,808.313655750916,1094.8817332272529,0.05074570359344338,0.09127592462069374,210000.0
Random_4726,583.099692346607,856.3747739458386,0.0863505878865075,0.17697866425421674,210000.0
Random_4727,627.9245518405013,872.8881903093866,0.05479224963406637,0.10048016850078281,210000.0
Random_4728,777.4902562303344,1061.43088468012,0.06451976160840425,0.12874554568763563,210000.0
Random_4729,767.2057231791716,1018.9681443051867,0.04945653175341719,0.09394517162933014,210000.0
Random_4730,498.37509478306544,692.2780079960443,0.050096042324248066,0.09109610615662442,210000.0
Random_4731,679.889832373104,926.8566293020789,0.08715730456639362,0.18467850897059074,210000.0
Random_4732,391.67149294440514,593.8689873824067,0.06521462865451565,0.12584074220497854,210000.0
Random_4733,564.3074364561901,783.6929918421823,0.08717329115295777,0.18294312183657718,210000.0
Random_4734,665.6864517376157,929.6989139487221,0.08943230545375216,0.18555024592800887,210000.0
Random_4735,749.4896841674481,1024.0178454022823,0.045243489086916895,0.07554184791785915,210000.0
Random_4736,546.3578515361116,810.5854251033082,0.09772863155266999,0.20309293652142518,210000.0
Random_4737,846.2485934941164,1174.1371670916774,0.05515489464344277,0.09739942581129676,210000.0
Random_4738,765.7717410925794,1039.9269919917572,0.06464493211647215,0.1275750894330791,210000.0
Random_4739,548.3993314134605,800.2973358544579,0.07777030451910305,0.15535486617697963,210000.0
Random_4740,721.8083318924951,1015.4043248034924,0.10741741434078655,0.23293829193315113,210000.0
Random_4741,729.7156342707167,979.672711446126,0.05161117122531739,0.09524040057003728,210000.0
Random_4742,591.9939509793257,853.3436754908731,0.07218599650232649,0.14046214562339718,210000.0
Random_4743,599.2887310033985,844.1060770433376,0.07112737163284541,0.14059421725825544,210000.0
Random_4744,724.0681461179612,987.3248970936748,0.06748088650014107,0.13537217855927436,210000.0
Random_4745,436.2445265876675,661.9427572800232,0.0975080854489227,0.20528785465963983,210000.0
Random_4746,671.3286796297336,911.3136002612412,0.06648457183378205,0.13432884644583962,210000.0
Random_4747,543.5354101706757,750.8376716241298,0.06125919165458648,0.12204479495742546,210000.0
Random_4748,594.0558408935009,823.7169336487298,0.08859523724440832,0.18802145540888826,210000.0
Random_4749,455.9291645327406,647.5914110085852,0.05290269105710288,0.09584526930358145,210000.0
Random_4750,600.0081997215915,826.8776321148935,0.08096002533161627,0.17073339754710254,210000.0
Random_4751,779.7415038341787,1100.5950443199931,0.07250217975633506,0.14188758701874088,210000.0
Random_4752,395.01254994546787,614.9149526486789,0.106219889151154,0.2280992902210143,210000.0
Random_4753,717.269828041524,986.7324467255016,0.07803027481854326,0.15748614637051517,210000.0
Random_4754,782.3994015267192,1066.5983733502665,0.04687317015461835,0.07997026904597565,210000.0
Random_4755,572.5950039078467,833.5310435170448,0.09514625991341513,0.19622716066415627,210000.0
Random_4756,546.6504135783631,807.6448902530442,0.09803614436428143,0.2031947372834521,210000.0
Random_4757,591.7209935036207,848.6394361358911,0.0884717599901771,0.18227397728288175,210000.0
Random_4758,695.324401211926,947.943648588353,0.08732646898276253,0.18641312633752666,210000.0
Random_4759,773.0480866498802,1058.3027791738525,0.0750808001821242,0.15431643073018192,210000.0
Random_4760,789.4792243274089,1101.8762294558203,0.07604522594814879,0.15023682477165626,210000.0
Random_4761,613.188378547335,847.2582102757792,0.0711010726235417,0.1418530082558311,210000.0
Random_4762,790.8124784427345,1104.196953768721,0.07379070039728892,0.14755007152312974,210000.0
Random_4763,741.2900674431759,1031.1018380116839,0.09705737571523289,0.20764488621598587,210000.0
Random_4764,378.17283210270745,569.8171440858883,0.05872862756342925,0.1120817689867776,210000.0
Random_4765,636.9816740052427,911.260985777965,0.076881683046709,0.15038951926695993,210000.0
Random_4766,778.712692047345,1086.4404755129672,0.06907126820427917,0.13466022168638847,210000.0
Random_4767,449.3175928258193,696.2575571906684,0.07867700878110565,0.15716932949950482,210000.0
Random_4768,695.6115815724906,982.0561928460384,0.09429119476516463,0.19793415179112248,210000.0
Random_4769,637.2067514299134,930.7906411806271,0.09997979221033851,0.2091067092548882,210000.0
Random_4770,611.0716845949597,873.2037152587427,0.08719779455684837,0.18044399580676918,210000.0
Random_4771,702.2852348177428,999.6659545379348,0.09056806785469539,0.1879371040548024,210000.0
Random_4772,371.3634946013552,563.6433940499418,0.09222149123911932,0.19499524438849852,210000.0
Random_4773,721.3513207534133,996.1243709018161,0.07434819087767043,0.15033849250276946,210000.0
Random_4774,757.7581956778957,1013.5539383223778,0.06511892189116499,0.1303258717768148,210000.0
Random_4775,615.0331389099324,871.098381969406,0.0606434257505289,0.11279130761263574,210000.0
Random_4776,741.3170097182355,1000.3963981208301,0.07640214891392295,0.15668306238099503,210000.0
Random_4777,717.0040076451211,990.6160150518808,0.05696908217963756,0.10540177735156817,210000.0
Random_4778,676.7412523670938,928.9545797461992,0.061358602540080645,0.11950450793438709,210000.0
Random_4779,715.9861113708474,1019.2026343639798,0.08211498691641489,0.1640670681954357,210000.0
Random_4780,434.9044669196665,629.7060870788587,0.0729260618646878,0.14715622424140543,210000.0
Random_4781,773.9804343711602,1076.745003112076,0.07376738587609857,0.14715709304369942,210000.0
Random_4782,361.7746828591034,578.570137028024,0.0871046700455018,0.18075864717461065,210000.0
Random_4783,522.5427693436413,747.7399958365786,0.0591745068725351,0.11054207164166638,210000.0
Random_4784,406.3935017023243,663.2925014375942,0.0878026584218957,0.17664177375306755,210000.0
Random_4785,762.044061634568,1020.7575667935422,0.05849087046351739,0.11308842541788997,210000.0
Random_4786,523.845891130927,796.7517022757733,0.09720140923895274,0.19906374576640462,210000.0
Random_4787,767.1733850940517,1087.3879973931619,0.09069069397663347,0.18430531867227973,210000.0
Random_4788,527.2636636138255,771.7543407096805,0.07371902048958075,0.1472726491529168,210000.0
Random_4789,676.2016239301853,968.4498492198254,0.10361642232689044,0.2208179420981267,210000.0
Random_4790,700.7585003436348,1006.1100580981783,0.10456166386791857,0.22206195646876542,210000.0
Random_4791,739.3746297872352,1018.479232169629,0.05622133129602391,0.10388132865058725,210000.0
Random_4792,533.239638840905,782.3537660167841,0.08772176595479902,0.1821946722101643,210000.0
Random_4793,571.1670816105909,801.7864785879098,0.07366066517838574,0.1482315063517227,210000.0
Random_4794,610.3370078326635,852.0627959706136,0.09345181968323556,0.19862554012315597,210000.0
Random_4795,493.7428697236869,712.3371458430722,0.08448152877243637,0.17291535745946834,210000.0
Random_4796,659.111337769681,950.011903693682,0.09646217958459194,0.19859939171707458,210000.0
Random_4797,602.092908869962,851.763468623412,0.06754423484120971,0.13255957733439783,210000.0
Random_4798,713.6111597593422,1006.0746817118993,0.06796964738555979,0.1300881575990408,210000.0
Random_4799,773.638007659556,1094.9566431144804,0.09604662610228791,0.20159658784043213,210000.0
Random_4800,476.57849797628245,735.1885584283301,0.08873787407243185,0.17902977931934827,210000.0
Random_4801,750.524488081802,1078.366993941894,0.10767223458468667,0.229177615085573,210000.0
Random_4802,695.9292327616822,949.7077372034878,0.06945144087198185,0.14067898874712617,210000.0
Random_4803,699.3461881364478,991.0969615771835,0.09800052968827346,0.2052009935362828,210000.0
Random_4804,701.5507523138373,957.5270268305786,0.052063534517762244,0.09348557199917333,210000.0
Random_4805,457.51649751694765,726.077743078025,0.10118309863691506,0.20969502356306044,210000.0
Random_4806,740.6493828861168,987.1162302911159,0.041780410419271954,0.07179663980612373,210000.0
Random_4807,602.9908962017736,838.2978052438809,0.05368690398754415,0.0980426297489026,210000.0
Random_4808,594.6626714849882,870.8567156696431,0.0951904589330309,0.19516485147259408,210000.0
Random_4809,621.4527865602972,904.5185300581261,0.07707142783300429,0.15085500016010517,210000.0
Random_4810,786.5833559690668,1089.6755879578143,0.06474047514570316,0.1252230518000645,210000.0
Random_4811,704.1706582052427,938.6146606873672,0.04179504376839635,0.07155275500537159,210000.0
Random_4812,670.2381051851514,968.7712541390089,0.09936183423757591,0.2064587473791448,210000.0
Random_4813,599.1982019334197,832.6452923524162,0.07738825392751522,0.1583115774060726,210000.0
Random_4814,698.9306290826838,979.1560132150929,0.09241531054783382,0.19402405503397963,210000.0
Random_4815,525.5589008698552,744.9598420449767,0.057774883610503446,0.10880939923721343,210000.0
Random_4816,467.36018652837527,684.0173656689755,0.08285444406062235,0.16731665519481764,210000.0
Random_4817,515.4566399658429,730.4743948288783,0.06949611985793606,0.1390539164560033,210000.0
Random_4818,703.2475205389402,955.7809673436153,0.06741503651504806,0.13289639186995958,210000.0
Random_4819,739.4006378462678,994.528554490213,0.05609103209754206,0.10754591043677067,210000.0
Random_4820,743.7460531269029,1062.7705403688437,0.10684848901555181,0.2285022761369239,210000.0
Random_4821,690.3302847678757,928.4236847575329,0.04810907748438209,0.08584228237785807,210000.0
Random_4822,778.2377237003489,1108.7096845942801,0.10477519222747886,0.2227084996111803,210000.0
Random_4823,609.0863220707034,856.340011575589,0.0608079555564454,0.11513815735060257,210000.0
Random_4824,598.9387366828225,839.2798173449175,0.07229452295027197,0.14188592829390823,210000.0
Random_4825,772.8014557798252,1099.7089774554424,0.1013185069243318,0.2126196081717996,210000.0
Random_4826,568.6541006454484,810.7778351785141,0.10139007802235639,0.21792922218197386,210000.0
Random_4827,682.1535068343888,980.3169889442188,0.09822989605058208,0.20611785202077282,210000.0
Random_4828,498.78905854104363,737.1974877019812,0.09366264980589467,0.19492202462019148,210000.0
Random_4829,610.3797845975774,876.9170662161943,0.09347857428654516,0.19557039792666986,210000.0
Random_4830,559.3080643353127,795.7599110826328,0.07538340565568132,0.151411522502374,210000.0
Random_4831,810.6367738148291,1135.4097621509195,0.08226778553600479,0.16551315596972183,210000.0
Random_4832,612.5801710536359,899.814796005918,0.0956793542688928,0.1979487936744765,210000.0
Random_4833,719.8399026864879,971.3760599569729,0.05457512527108075,0.10352670546854538,210000.0
Random_4834,644.2742046075913,923.1805618270324,0.06873616195582437,0.13064263155902775,210000.0
Random_4835,475.45125452768565,703.7039129912296,0.08748515699265462,0.18224580314277128,210000.0
Random_4836,684.6195253198008,963.5829624107577,0.08154808079768326,0.1634578722339661,210000.0
Random_4837,610.446058449458,862.4303847093944,0.08197812919770792,0.16648146749360127,210000.0
Random_4838,556.049147799502,832.7767498391744,0.08746314357997412,0.17834141086921879,210000.0
Random_4839,730.8607196961068,1026.2555564475392,0.08663342230479391,0.18003352321117772,210000.0
Random_4840,518.0223985777587,755.2304184016327,0.07355821686374255,0.14578799411381035,210000.0
Random_4841,755.5868296754917,1058.473841785289,0.06255805642382162,0.11582993671031963,210000.0
Random_4842,767.9829152317806,1070.9275871371985,0.05372743448024129,0.09350198618074074,210000.0
Random_4843,586.0575998114109,861.2849111559307,0.07830578959492368,0.15192518542554295,210000.0
Random_4844,752.003993210821,1027.635538350747,0.07487031020208633,0.1545368163369163,210000.0
Random_4845,777.0953880127116,1080.0295497363447,0.061888178485780536,0.11473550950908051,210000.0
Random_4846,416.35776482004496,621.5598726983541,0.08959763375180961,0.18634920682939687,210000.0
Random_4847,701.7756593285956,948.479964111542,0.08267960917063119,0.17544434983784923,210000.0
Random_4848,584.2556056593942,814.4851268648214,0.08445337528848776,0.1750546117926765,210000.0
Random_4849,674.5029713915419,956.8043478826434,0.09389709748633802,0.19784039948240179,210000.0
Random_4850,755.36145770672,1074.9627400952945,0.0829892711069376,0.16902503307552016,210000.0
Random_4851,746.1523545806501,1002.0942920510828,0.06046343302321754,0.11986014313269892,210000.0
Random_4852,729.8654215163517,1001.0538737825161,0.0661195658317151,0.1301859683733784,210000.0
Random_4853,559.4965684611847,828.3722607526013,0.07265984682919314,0.13978851177674517,210000.0
Random_4854,705.3994118631872,1005.1656751150389,0.08144981973925072,0.1650521760633731,210000.0
Random_4855,752.6621138031089,1066.031256926232,0.09658015403436733,0.20126454380255543,210000.0
Random_4856,534.3224931796672,791.2823158595828,0.08274874750298127,0.16814118857506535,210000.0
Random_4857,650.6480353044418,948.4334128421127,0.11081583966807648,0.2369233433276423,210000.0
Random_4858,732.6895935169446,1012.5390229288689,0.07588354870088457,0.15246128090830643,210000.0
Random_4859,704.1685339096479,1000.7661600695968,0.10801135145097689,0.23318000449311557,210000.0
Random_4860,529.288311103624,791.9415757744326,0.0941706320370363,0.1951560989170752,210000.0
Random_4861,763.4632133118947,1047.9122603367714,0.06101746576032396,0.11460652607192437,210000.0
Random_4862,660.1645166090433,916.9184487801278,0.07654376992336565,0.1532845738485058,210000.0
Random_4863,576.0433913504548,810.5603104250782,0.0765593074940567,0.15259640445848865,210000.0
Random_4864,668.5742496420694,900.0157760003976,0.06869124498251171,0.1373810410154881,210000.0
Random_4865,723.9740775606376,987.285990002792,0.0843978729608485,0.1794555232059209,210000.0
Random_4866,417.2481425759612,632.4509971030466,0.06983036563635214,0.13907603124890572,210000.0
Random_4867,771.8466179392279,1082.9336114913149,0.09958640580481108,0.2112431196932025,210000.0
Random_4868,734.5335866633467,1017.862144430018,0.06106528330329627,0.11551871636177921,210000.0
Random_4869,464.82559428456346,717.8137951707539,0.09937234319785077,0.20709451543318516,210000.0
Random_4870,646.3427086942983,914.6498652227974,0.06540531401351724,0.12497750902655647,210000.0
Random_4871,582.8493071376843,825.116601240665,0.08182986354665202,0.16703798079645976,210000.0
Random_4872,595.835232907855,832.5647356097438,0.06022637567493268,0.11230911391949883,210000.0
Random_4873,504.63714376867654,716.2148635098811,0.07118224000864909,0.14339001377957425,210000.0
Random_4874,766.8939814640398,1066.962638151703,0.09092305897230521,0.19039711516043475,210000.0
Random_4875,414.8578605952727,609.7341512092225,0.07919676783043911,0.16279736347382318,210000.0
Random_4876,664.4834000763874,966.302826493525,0.09462258206552437,0.19170428381590437,210000.0
Random_4877,605.1180371966113,824.9949299678672,0.07006972864646491,0.14179318946188538,210000.0
Random_4878,526.9300842860418,774.3568575119956,0.09236697480951486,0.19086643559024544,210000.0
Random_4879,715.4311200626811,1000.6702113116976,0.07855726585138638,0.1566755904092959,210000.0
Random_4880,469.48690206521945,684.6124925785634,0.09697826074393988,0.2062586779316838,210000.0
Random_4881,731.9654368320769,1019.6514768193209,0.07201555872172395,0.14448193452253857,210000.0
Random_4882,490.48416603452165,712.997937059273,0.07560739448889325,0.14999436630131385,210000.0
Random_4883,706.1686256795405,1004.3158561032756,0.0653157620065141,0.12270767762586918,210000.0
Random_4884,670.5265928204642,940.6080507879665,0.08226126752561606,0.1673503234182167,210000.0
Random_4885,601.467709231449,834.3995149375423,0.08868727928993549,0.186227865315199,210000.0
Random_4886,800.3835060502971,1124.4467613836703,0.07653071919450502,0.152356921442242,210000.0
Random_4887,754.8505389589184,1063.600042733174,0.08942340184289094,0.18568358898148007,210000.0
Random_4888,719.4496556335085,977.8544043823301,0.09070552672124133,0.195365758286085,210000.0
Random_4889,675.0717460303159,941.6411270001465,0.08519237548700914,0.17530770241142446,210000.0
Random_4890,644.7940674744095,913.9250197696447,0.06552475653343007,0.12560881300237814,210000.0
Random_4891,652.0088635543091,888.1909475589702,0.07809299418151443,0.1610064963559977,210000.0
Random_4892,815.9557929243788,1147.9137475567654,0.07607233344822131,0.14911109663613292,210000.0
Random_4893,780.2609105852018,1104.9665243131167,0.09435556463801116,0.19571140664102094,210000.0
Random_4894,747.0251098098163,1071.512020623338,0.10853334016946874,0.23142870502678742,210000.0
Random_4895,567.5009071951501,809.4432096273425,0.09050590266726227,0.18957691475557253,210000.0
Random_4896,697.288294307535,979.0517451332372,0.06591214671411603,0.12587377077051617,210000.0
Random_4897,505.68074633446065,728.1528579984099,0.09550189320412127,0.20311621175360176,210000.0
Random_4898,455.41862427690984,699.6782201839463,0.08903578438006134,0.17887489993716216,210000.0
Random_4899,666.3755376805863,952.766720663924,0.09588657635792643,0.2009202737319326,210000.0
Random_4900,502.13018212987555,746.0949354150254,0.08871454244186848,0.17937003575338648,210000.0
Random_4901,728.295754070806,1010.7355219899664,0.08637990328345779,0.17883854305071076,210000.0
Random_4902,498.2527390094743,723.0980063892624,0.06070763878248321,0.11247104240843857,210000.0
Random_4903,532.1220963488807,779.5431264826599,0.08181745650248812,0.16323115937710414,210000.0
Random_4904,769.9058098802317,1045.3976269272273,0.057450155133451856,0.11078055255812655,210000.0
Random_4905,565.0200679563818,787.3676500494447,0.09559038588069724,0.205819198574736,210000.0
Random_4906,762.3719291411754,1050.4410022721238,0.07571870495579708,0.15511038699569984,210000.0
Random_4907,621.7931584919779,844.2103446256847,0.040140465111150846,0.06472282472860813,210000.0
Random_4908,791.6261607568931,1105.032951725529,0.07505883842752975,0.1470588115766235,210000.0
Random_4909,658.4815557141415,904.3906701054754,0.08389652645694971,0.17609216300135283,210000.0
Random_4910,710.5793790371682,947.0775879107832,0.05272066397432842,0.10166419236050629,210000.0
Random_4911,741.1472843379477,1046.2055185430347,0.07457123221845124,0.14830058208666028,210000.0
Random_4912,695.181818138822,948.4558743950615,0.047830227774977085,0.08254105058998816,210000.0
Random_4913,712.4764302054487,978.6683047230312,0.07974211903742186,0.1639580325756718,210000.0
Random_4914,713.7655431368873,964.3816585842692,0.048085122672712644,0.08491967803607824,210000.0
Random_4915,672.9574063247572,925.2722373082246,0.06381239838625032,0.12268215862335613,210000.0
Random_4916,535.8402305718387,806.6257200020787,0.10241607036084571,0.2121288288841475,210000.0
Random_4917,499.21482086624394,712.3297137267293,0.06673691832496824,0.12952400381651652,210000.0
Random_4918,474.1730036486809,674.3540749991163,0.07930911243359655,0.16590196870024204,210000.0
Random_4919,594.5801296802414,878.1955089360549,0.09368250544662915,0.19187498387203966,210000.0
Random_4920,712.3471935423285,966.5215211916254,0.05540310965827433,0.10282085010530614,210000.0
Random_4921,618.4536384253424,856.4793061175691,0.06794203766082259,0.13421420577512605,210000.0
Random_4922,707.9025200205381,977.851132586866,0.05767666096203864,0.10821738363445532,210000.0
Random_4923,775.4699228618601,1063.1247864848858,0.06715788254542476,0.13315259701462898,210000.0
Random_4924,717.3614041446463,1000.6233484085178,0.08475420228881606,0.17284202044587033,210000.0
Random_4925,604.1666220069784,831.1872155880508,0.06698568558676213,0.13413242319965785,210000.0
Random_4926,709.045587690085,963.2135468569409,0.0648549265889024,0.1269962108902285,210000.0
Random_4927,703.3637705716516,1000.6335594843376,0.10388132559204077,0.2212313993574039,210000.0
Random_4928,739.9389609546087,1037.293396369335,0.09768119931623799,0.208519275291207,210000.0
Random_4929,651.6373335091132,889.740044814532,0.07954886240358076,0.1656380012743519,210000.0
Random_4930,697.520081744655,985.4530387809438,0.07806518764560971,0.15472159903627677,210000.0
Random_4931,793.9777996772351,1102.9222184641294,0.08144026594231499,0.16425057632257334,210000.0
Random_4932,724.4563492049238,1001.9520198450225,0.08054688845730222,0.16397530435577287,210000.0
Random_4933,683.9190656798562,936.787921380345,0.0651252911210802,0.1282125944614606,210000.0
Random_4934,586.2374678838192,839.63165702428,0.06980179222189763,0.1343482390059077,210000.0
Random_4935,613.209535715294,887.1768785832573,0.08083873712904893,0.16019321666465716,210000.0
Random_4936,740.4047648534171,1013.9437271435592,0.052842379839287176,0.09576042035756718,210000.0
Random_4937,769.5586819446082,1077.1148826032843,0.0693136811629895,0.13361689561089535,210000.0
Random_4938,579.4930182384121,808.7200698986472,0.07658623879514248,0.15378181541575184,210000.0
Random_4939,561.6262046348094,795.4162206971323,0.0842953006825471,0.17231634104753257,210000.0
Random_4940,747.4119579907627,1030.203123943213,0.07296112601974854,0.14515620456617492,210000.0
Random_4941,694.6978454394863,993.5450661586465,0.08243447614407037,0.16736583843076452,210000.0
Random_4942,712.2804104172916,1005.9310940106512,0.08842862592599937,0.18339270748409534,210000.0
Random_4943,595.7173320204304,851.5979525854509,0.07351629365782816,0.14731289964534164,210000.0
Random_4944,671.7440892591464,963.8099189417264,0.08186007204161784,0.16505086440216923,210000.0
Random_4945,770.7039851471809,1089.761661968152,0.08732757897897946,0.17839025501873107,210000.0
Random_4946,718.7394661000272,990.8657195739986,0.07218555760046035,0.1444910499628124,210000.0
Random_4947,664.393407604926,923.3052670746821,0.05233622253901475,0.09206118789456284,210000.0
Random_4948,803.5037127154787,1077.6555501039995,0.04364119326522406,0.07574557788055619,210000.0
Random_4949,771.5297703893535,1095.8020508449438,0.10364992615026598,0.22087842467389482,210000.0
Random_4950,645.7983911325525,886.4851200813927,0.061118915752556735,0.1198671989513371,210000.0
Random_4951,803.1096858134238,1101.7369430494487,0.04901166084873448,0.0841723361781094,210000.0
Random_4952,645.8320236128112,916.2149390669196,0.07567352942994054,0.14887150497287988,210000.0
Random_4953,650.0442725350078,903.2955547564223,0.08092161676256202,0.1680007479139168,210000.0
Random_4954,554.0093618071086,776.4063988208579,0.09063936086726215,0.19139936257908552,210000.0
Random_4955,376.0832415640165,571.1825828086484,0.07850709067909249,0.15899696900720778,210000.0
Random_4956,698.2507575021191,990.4885642028769,0.06815573863429669,0.13128927534240661,210000.0
Random_4957,665.7261433071202,933.5055444023452,0.07085902972258881,0.14023911030830455,210000.0
Random_4958,461.57689002582293,664.6833595279554,0.06638114452485566,0.1321215886552578,210000.0
Random_4959,441.0643738694378,696.287771354754,0.09007825628063795,0.1821684279932369,210000.0
Random_4960,608.7211240785092,898.1467736038459,0.09245231115510018,0.1865744142889943,210000.0
Random_4961,735.4306831406238,1022.3551691261209,0.06605402953705189,0.12662651843949635,210000.0
Random_4962,733.1065212204481,982.2921793938827,0.044478622874337057,0.07683599657805205,210000.0
Random_4963,582.440989315771,827.1740261480265,0.07971450190741455,0.16391688363508986,210000.0
Random_4964,627.9069647869701,867.8814243532756,0.08034413493535132,0.1656723831054781,210000.0
Random_4965,705.920823943958,971.2997819078217,0.07461876634206134,0.15135460762176403,210000.0
Random_4966,807.7637982604587,1124.4749247135612,0.07079647677614508,0.13705028212096645,210000.0
Random_4967,764.4239321683422,1023.8118905449335,0.060992930432772124,0.12304412576759552,210000.0
Random_4968,447.2693429745797,687.9402157756521,0.0815268909079277,0.16051666115757915,210000.0
Random_4969,668.428924723433,962.4484829969253,0.0978350527018807,0.2027591823589487,210000.0
Random_4970,629.1906076589662,911.978512013941,0.10458596248368894,0.2214484462170407,210000.0
Random_4971,694.7784533822479,934.6140043618195,0.05215161340318192,0.09603435743873333,210000.0
Random_4972,759.3854001736842,1013.2124007345265,0.04859020535046244,0.08782580860369382,210000.0
Random_4973,740.3860453634469,1000.66347130741,0.0654325456829481,0.13092293504989053,210000.0
Random_4974,747.6454580409103,1029.558590588258,0.08858258281488417,0.18799300862301682,210000.0
Random_4975,622.7674230038936,892.6629901757725,0.0914050830976315,0.19123600478305253,210000.0
Random_4976,703.547867929024,964.927573600832,0.09114550421347137,0.1948233408499847,210000.0
Random_4977,801.442248313289,1113.7697973307743,0.08016676618586514,0.16459229433158026,210000.0
Random_4978,720.8131317177322,1011.0873155324355,0.07728713990447028,0.15578741176418687,210000.0
Random_4979,480.4512772415404,675.6044268308439,0.06747088914158955,0.13235513696472181,210000.0
Random_4980,630.9280254166442,877.3415990489814,0.08841437872737969,0.18798057103924112,210000.0
Random_4981,693.8313603920399,947.828696348268,0.06814238472714226,0.13419053912412618,210000.0
Random_4982,774.6965593039265,1076.4836019505071,0.06925528804214155,0.1366762350565321,210000.0
Random_4983,704.7443316449998,995.015165731831,0.07460683035861992,0.14728697538032048,210000.0
Random_4984,421.19514583103245,619.8968121398408,0.07242091758131702,0.1458951133448113,210000.0
Random_4985,813.3694436151933,1107.1796961879659,0.04831066668226945,0.08391355942037784,210000.0
Random_4986,728.9556477668801,1042.515201023824,0.08484086083780337,0.16906132221188722,210000.0
Random_4987,573.8135177498286,829.7283035890521,0.10142823651180251,0.2144949677254232,210000.0
Random_4988,776.0747909069628,1045.2495070082425,0.05892542264473246,0.11643004847115795,210000.0
Random_4989,799.4327659377926,1111.9309404234832,0.06665331180066118,0.12682375740666474,210000.0
Random_4990,773.1137130212993,1054.8268038350036,0.05676564503176527,0.10630180763872359,210000.0
Random_4991,568.171206315712,838.4778755428538,0.08856203689110863,0.1810059065830068,210000.0
Random_4992,565.9750303541491,825.0313448261809,0.0798874064053476,0.15942424833416127,210000.0
Random_4993,620.8410744398203,856.3957764987093,0.0794877055963399,0.16493389720577792,210000.0
Random_4994,680.6768766249786,930.5598148212682,0.07327481886897359,0.14959886600324457,210000.0
Random_4995,461.4243102796145,675.6584917875655,0.07751049257659261,0.15758042825617816,210000.0
Random_4996,703.7535073364437,953.7324265153655,0.07946176476128584,0.16515334208102433,210000.0
Random_4997,740.5210341928234,1029.0583709824257,0.1011710013406767,0.2183843784562316,210000.0
Random_4998,716.3557326902101,988.5438895500229,0.09657420539520836,0.2078952308249713,210000.0
Random_4999,689.0549144367448,934.689357489055,0.06363031962785824,0.12505511686789175,210000.0
Random_5000,565.471899799882,835.0757743731411,0.10276282944469843,0.2152854695102411,210000.0
Random_5001,660.0789894291443,919.1750605014992,0.07819901508628166,0.15811411795528946,210000.0
Random_5002,787.5701758958606,1091.4798058178565,0.06593988589546064,0.12703597407005018,210000.0
Random_5003,683.969186444879,969.5247841699592,0.07950629759736844,0.16200365264709227,210000.0
Random_5004,781.6892413293514,1106.1001822421792,0.10020832657088569,0.21224627553570483,210000.0
Random_5005,785.923295862046,1127.5214350148672,0.11148378913274572,0.23892141291561814,210000.0
Random_5006,814.9948817146064,1102.488501352377,0.04976873985023056,0.08873054580444413,210000.0
Random_5007,588.4297354759973,853.3868807432855,0.08708663971113723,0.17765259320743865,210000.0
Random_5008,529.3322952870011,743.114748339797,0.09246934889037386,0.1977040677864953,210000.0
Random_5009,694.3318569722635,1002.2547006029603,0.09344039837300226,0.193762871853214,210000.0
Random_5010,519.1338194361491,760.6369862137851,0.08939799090547719,0.1834170541349099,210000.0
Random_5011,584.6058282786825,811.3671195289527,0.08729454476677673,0.18551344885064075,210000.0
Random_5012,597.521049966567,858.2545156843265,0.09038861398829692,0.1843380172328409,210000.0
Random_5013,585.9905624702927,807.4938418928043,0.07479653287573268,0.15436037323605445,210000.0
Random_5014,669.0739722631379,952.4992173661116,0.0837823464962757,0.17018643686634968,210000.0
Random_5015,558.6354801663894,835.7206745761291,0.08100974487357109,0.16129932343214703,210000.0
Random_5016,686.2375635453401,964.5787275157822,0.07052022759718873,0.1400144954358288,210000.0
Random_5017,453.04209530148415,719.6271710997355,0.10198665505189677,0.21016985049328832,210000.0
Random_5018,741.5260348293746,1046.4799740276746,0.07461033789348608,0.14484165903395949,210000.0
Random_5019,656.8723055596126,890.6990947671529,0.06965454892982477,0.1431862117227391,210000.0
Random_5020,489.8801980767139,706.9126056012243,0.08358350281185316,0.17273547399971168,210000.0
Random_5021,710.322985910296,994.9680968163965,0.0876328308746083,0.1830635966137082,210000.0
Random_5022,754.4610883019033,1064.0303932453821,0.08251681523735824,0.16509769588756357,210000.0
Random_5023,603.5209856519931,825.9305682446278,0.07099476192267318,0.1442512678684429,210000.0
Random_5024,648.7763536575458,935.9457593675018,0.09027753872096815,0.18420110745192397,210000.0
Random_5025,665.423403413563,941.4991638984657,0.08854109895244866,0.18138091738266768,210000.0
Random_5026,585.873966264407,795.3121825818389,0.05044935631157881,0.09339103927901096,210000.0
Random_5027,432.808836462777,639.2610459030452,0.0831195320222043,0.1718711428916223,210000.0
Random_5028,595.475908972444,837.4891742438496,0.08248812961787035,0.1673040198411545,210000.0
Random_5029,652.3343372664385,920.9455065719102,0.08820676704309723,0.18450960971671984,210000.0
Random_5030,610.1415052147544,846.0254786932765,0.072028370084914,0.14392703546993818,210000.0
Random_5031,738.551384502915,1027.8256529833466,0.06756432033672045,0.13310483416106586,210000.0
Random_5032,633.977628431613,859.5178201371613,0.05550673077994694,0.10428846260330249,210000.0
Random_5033,635.9663192529067,910.047930205157,0.08846168441842756,0.1807635109517678,210000.0
Random_5034,755.0171010258622,1050.1318221906133,0.09181478173932732,0.19300210059535652,210000.0
Random_5035,661.2027476334395,911.5128585867268,0.06514971481201047,0.1290564196984725,210000.0
Random_5036,560.9641295809406,801.1319918445896,0.05846369522393234,0.10622927030923232,210000.0
Random_5037,624.5674694776513,903.7824819220475,0.08318428942075701,0.16733589030222268,210000.0
Random_5038,670.4928339409605,958.3247341027069,0.0761932428072773,0.15189107861465115,210000.0
Random_5039,767.6737900691118,1076.3245159790215,0.08175961608619747,0.16528374066281518,210000.0
Random_5040,631.4169104179114,890.3563090504663,0.08383088672591472,0.17339396605127425,210000.0
Random_5041,655.097538318139,894.9793308399175,0.07866259061175541,0.16383790053756886,210000.0
Random_5042,506.38805569998794,765.1432976629179,0.08461910617021384,0.1673228492369071,210000.0
Random_5043,720.744816313192,1006.8281492863697,0.05283852341193372,0.09134003680164611,210000.0
Random_5044,816.9738277506008,1132.9719030962847,0.06617274695533758,0.12968199050209578,210000.0
Random_5045,733.074076008092,1032.8836244006218,0.10796646112605672,0.23396230827496658,210000.0
Random_5046,720.7232135287572,990.2769689642818,0.06928478138663421,0.13720897551939962,210000.0
Random_5047,601.1272704770164,828.0478765766151,0.06705287888844985,0.13484083548605108,210000.0
Random_5048,710.756092036844,1004.3476223637392,0.07817879689018252,0.15526060769592648,210000.0
Random_5049,771.8177888194538,1079.8916359994776,0.0849528609131688,0.17231214204721257,210000.0
Random_5050,656.2149637556043,908.9654004475416,0.06300571754016893,0.12308628749531043,210000.0
Random_5051,721.7327038410795,983.7791978578244,0.06655658363368351,0.1323851333310071,210000.0
Random_5052,724.670817853698,1023.0843705543797,0.08191980963908889,0.16714082602795644,210000.0
Random_5053,572.8082590303721,801.1269136209673,0.07854101772402308,0.15854009973315328,210000.0
Random_5054,570.792682305944,792.6511952380645,0.09546270668170402,0.20563956131650546,210000.0
Random_5055,601.5868678524901,875.5786419295313,0.07701230735500313,0.15274254918530916,210000.0
Random_5056,681.4446169558388,959.5437251654239,0.07173261598728789,0.14007559284465793,210000.0
Random_5057,587.6880292390675,817.1928915565929,0.07385149697721263,0.14936150657767666,210000.0
Random_5058,739.9095388436359,1030.476511599445,0.09065253304889073,0.18892932028690865,210000.0
Random_5059,745.4604118118522,1049.352370040283,0.07925536871878751,0.15867677898745758,210000.0
Random_5060,797.8433553044742,1117.6910401139248,0.06854000311019633,0.13150162527419726,210000.0
Random_5061,654.0777495170412,883.2260527257356,0.060639927736878346,0.11745450456807152,210000.0
Random_5062,774.5428776823586,1090.8824482567936,0.06590503304551787,0.12234205732895181,210000.0
Random_5063,658.1458091171247,916.7772153744824,0.05381944161564288,0.09569858461553607,210000.0
Random_5064,776.485867612892,1082.162521388431,0.07430495930592328,0.14798961803721006,210000.0
Random_5065,585.3214741950469,850.9110589169019,0.1034487924956963,0.22058454306300546,210000.0
Random_5066,629.2701942687416,899.9323110239242,0.08581453141437781,0.17599617446952903,210000.0
Random_5067,606.1938858620499,865.4617445606067,0.07850368214390141,0.15859354747942644,210000.0
Random_5068,701.8532140368135,948.5764645718598,0.07141994596184105,0.14365913735980299,210000.0
Random_5069,680.6523791600641,928.6672367859829,0.07183871719310614,0.14363223804127756,210000.0
Random_5070,365.68675428862934,563.533250602527,0.08707575219377381,0.1786729639282764,210000.0
Random_5071,706.6324674579203,950.0381825594066,0.04753900940395467,0.08490689750657161,210000.0
Random_5072,697.683975062894,966.5329779201306,0.08219051148179614,0.1692006795074317,210000.0
Random_5073,766.383579330322,1074.9056686645881,0.06957828868425221,0.13328740271989292,210000.0
Random_5074,493.8146052041774,737.0018113274119,0.08536657252962168,0.1716952537909479,210000.0
Random_5075,533.2200482241718,794.4084124224984,0.0880329313342521,0.17780198226883637,210000.0
Random_5076,509.2098219187612,708.9981623947092,0.05058860468924567,0.0924513224357289,210000.0
Random_5077,696.442689715523,933.1256167461793,0.04269762627215229,0.07333935550222942,210000.0
Random_5078,667.4461994773274,916.4894084909996,0.08078793657389995,0.1694498905898296,210000.0
Random_5079,597.7224415260697,823.745333276852,0.061051321198433935,0.1195174074886226,210000.0
Random_5080,702.9558800484599,968.0124030461496,0.09276252071723343,0.19901189250975662,210000.0
Random_5081,445.9998274163976,711.5167977555901,0.1014863873437345,0.20996870582672889,210000.0
Random_5082,760.3000422600959,1043.675414372045,0.05224979035616466,0.09265570312863569,210000.0
Random_5083,748.0253728544983,1056.887009730889,0.07607244174764233,0.14870359664569172,210000.0
Random_5084,523.0131638941958,788.9609183260594,0.09177565502767863,0.18492024070743204,210000.0
Random_5085,586.4092301029177,818.8239762653003,0.07173549361672218,0.14565262746168267,210000.0
Random_5086,602.0907782037009,835.6931985613745,0.07705900933990073,0.1585683301350878,210000.0
Random_5087,461.742990123793,653.3753485668198,0.04302461063483544,0.07170160655695854,210000.0
Random_5088,858.1682878473551,1193.3412223226112,0.05353486557683156,0.0928193164424482,210000.0
Random_5089,463.3549984891632,700.3831235392465,0.09090777360973538,0.18968353895486756,210000.0
Random_5090,653.4361998515835,871.7922007980744,0.042857861589066765,0.07436847471499189,210000.0
Random_5091,491.9060700503721,704.2426214244323,0.07343535651011907,0.14794719630712172,210000.0
Random_5092,558.9834189884624,805.156640608406,0.07936145151665505,0.1625029434941995,210000.0
Random_5093,677.4233823166311,959.6557463016883,0.06466601440682779,0.12133741194276798,210000.0
Random_5094,627.1022781883353,872.8960545333241,0.08077248690595959,0.1638391952744684,210000.0
Random_5095,589.2346212832231,820.0111283790093,0.07931855672025792,0.16232259777783267,210000.0
Random_5096,570.049481969623,780.6825168879366,0.06506059768685171,0.12969860664725658,210000.0
Random_5097,516.2034373449396,774.3817094113969,0.10122411406181611,0.21244925456182656,210000.0
Random_5098,777.2901369052272,1085.8602503818845,0.07520122209343452,0.14810766366936945,210000.0
Random_5099,612.3958493593848,841.7137459292887,0.04575711655034127,0.07792405993319017,210000.0
Random_5100,793.7434865701842,1121.9013176225199,0.08823842265222608,0.1830238793151898,210000.0
Random_5101,452.3758802594498,676.4547511760595,0.09419309390864455,0.1968377886305913,210000.0
Random_5102,764.7932654078639,1027.310372474332,0.056961205653926206,0.10920948807988823,210000.0
Random_5103,502.3433568746898,720.3119327081663,0.09696505043049543,0.20715731801503431,210000.0
Random_5104,471.7902561144586,703.4418513125165,0.07203264187089128,0.14093363442210396,210000.0
Random_5105,620.0548229911279,880.343265068395,0.07099656626709729,0.1394180784652351,210000.0
Random_5106,621.67907481818,886.6400511634522,0.08448621736796541,0.17241339740786224,210000.0
Random_5107,571.0944632971414,779.992894259923,0.041367101913523385,0.06795194736698897,210000.0
Random_5108,546.888064778071,769.7445555589305,0.07845249370047354,0.16082425106104364,210000.0
Random_5109,754.8217952299442,1055.8992692479003,0.06755159260026705,0.13129645458096387,210000.0
Random_5110,675.3865846394829,957.0236129673573,0.08867938771002386,0.18226843305489707,210000.0
Random_5111,355.5941657600219,559.0793932979516,0.08617965713149055,0.17693464018916027,210000.0
Random_5112,554.8403750043648,835.6883124569673,0.09158551486783698,0.18549551341840168,210000.0
Random_5113,726.6841831819439,1024.0250874740486,0.07072751289276996,0.13728148751578326,210000.0
Random_5114,617.7418206193927,871.1222613307382,0.09836583455663793,0.21041796882897426,210000.0
Random_5115,485.47029880343314,755.5502249999328,0.11256165103218228,0.23933643250697828,210000.0
Random_5116,384.93543326829064,638.2611022255375,0.10584359673550985,0.21990406581766864,210000.0
Random_5117,645.1305708106407,896.8894286199777,0.07184300118023457,0.14571877611476158,210000.0
Random_5118,534.3577884842587,758.7419250188354,0.08905119999304932,0.18741537143645387,210000.0
Random_5119,729.3562539815772,1011.5159253359011,0.06490120030741382,0.12320060843198219,210000.0
Random_5120,728.009596853127,1033.2910028593312,0.08198014648532483,0.1670827133120448,210000.0
Random_5121,527.4111216177189,752.7323788452225,0.07996030116618177,0.16509010167602342,210000.0
Random_5122,476.6165125024956,684.5109764599209,0.07140537145041535,0.14021002678329292,210000.0
Random_5123,766.0579020401088,1052.829689597409,0.07555660140362778,0.15538932097977853,210000.0
Random_5124,473.63388288518513,668.9850608889905,0.06030517151787014,0.1177149188948075,210000.0
Random_5125,612.6853347780527,860.7205184187494,0.07464833732728991,0.1518185889103271,210000.0
Random_5126,753.5784305263188,1059.2944009981775,0.08920474434665827,0.1860275498156055,210000.0
Random_5127,765.4665026099602,1031.5771988103327,0.06487981909092916,0.12947230757351488,210000.0
Random_5128,422.72214999507685,650.9970553183116,0.08411431035040702,0.1700257342601253,210000.0
Random_5129,755.2449950046953,1066.0494831472138,0.09446199746321082,0.1975264338209682,210000.0
Random_5130,767.502678841408,1038.4285284979449,0.06609508781597317,0.1346613668972435,210000.0
Random_5131,744.0590574056783,1065.0596524218383,0.09437493226414158,0.19512508434661024,210000.0
Random_5132,763.8720067669846,1078.044766758799,0.08711539503448401,0.17825628173280922,210000.0
Random_5133,590.6582279707269,806.9360915063842,0.06832358944834821,0.1395314898160494,210000.0
Random_5134,619.5614479932273,889.0593837105853,0.09238873175324241,0.19041860254270482,210000.0
Random_5135,705.8857460886104,1007.5130276938037,0.07701737466231251,0.1500743513377363,210000.0
Random_5136,728.2647186292677,1048.9665363576732,0.11232191862931809,0.24104718816191462,210000.0
Random_5137,664.4677821076029,944.711879699054,0.07297951951082174,0.14469639723130304,210000.0
Random_5138,803.3035469658703,1115.2512288012667,0.07883637170683694,0.16098895134495578,210000.0
Random_5139,642.5924107300123,925.8360708492764,0.07079004965836769,0.13564832212388145,210000.0
Random_5140,597.8006303219156,878.2398367636016,0.07787834705961623,0.15173596761420027,210000.0
Random_5141,643.2519398783664,870.8417445483594,0.04186977055301512,0.06918040497595003,210000.0
Random_5142,588.4938481152532,819.1005604320194,0.08854165644290139,0.18704224595201985,210000.0
Random_5143,502.6047618532404,745.2896214450976,0.07601235655494672,0.15032257946952726,210000.0
Random_5144,547.2905843977622,812.1328341450967,0.07035424121406744,0.13290352503520128,210000.0
Random_5145,735.3547656741556,994.0583616922389,0.06908137621607587,0.14168720230322635,210000.0
Random_5146,658.3190090813334,924.3820709439574,0.0953016813343717,0.2011628893351059,210000.0
Random_5147,679.5969663696845,938.2616324046252,0.06936646541517923,0.13971145742185667,210000.0
Random_5148,749.5574546070511,1037.6728148281134,0.07620986650609889,0.15276848521141623,210000.0
Random_5149,678.0316654000957,931.0412029198856,0.06636657819835863,0.1311607160780133,210000.0
Random_5150,761.307882540048,1010.6621161242177,0.04580424212714085,0.08425594471483333,210000.0
Random_5151,631.4152377187748,888.1143953167375,0.06275685893502053,0.11752955968030851,210000.0
Random_5152,729.6257570684397,1036.8857925557631,0.08943976215435151,0.18323394094794693,210000.0
Random_5153,760.3854327722785,1050.9957418155432,0.07116873623338688,0.14364368724060222,210000.0
Random_5154,696.3971280291511,973.5275600098886,0.08216246443920622,0.1656683718456564,210000.0
Random_5155,802.1618547526832,1125.3331513435803,0.08305431120475461,0.17087331775534476,210000.0
Random_5156,443.86300822935146,704.2145549256979,0.09065563753983608,0.18544595218379525,210000.0
Random_5157,651.0654458215724,955.9212126874008,0.1119527986666234,0.23820827776008205,210000.0
Random_5158,708.4316161962298,1002.4589286533343,0.08994662570900258,0.18651070193843206,210000.0
Random_5159,762.3249081341123,1060.6248800554802,0.08348758677360235,0.17415191786338668,210000.0
Random_5160,706.2658081365447,998.7867985093046,0.08617873214093369,0.1756754281447263,210000.0
Random_5161,715.409344900725,1010.5404935331884,0.09182363055267082,0.19062667251599308,210000.0
Random_5162,655.8441966120886,913.6460910617299,0.0710952365127147,0.1417547842655271,210000.0
Random_5163,756.2242784041104,1051.3493314173857,0.06175304676900625,0.11514191229416379,210000.0
Random_5164,678.9206150137693,957.3471210795681,0.07607993649216124,0.1515774503963685,210000.0
Random_5165,531.4219956057108,787.4210250607426,0.10820490358333153,0.23162474058399185,210000.0
Random_5166,721.2237372491174,1003.0090170797013,0.07943863505691078,0.16316090458716223,210000.0
Random_5167,599.4693695539909,866.3072804849288,0.10135133521148543,0.2155214536180394,210000.0
Random_5168,727.8071783308294,1024.7576177541896,0.09064591670016661,0.18864597146282253,210000.0
Random_5169,716.0185502332645,965.7309483135056,0.06843003864947571,0.13776668372741707,210000.0
Random_5170,743.3551697187855,1026.4195678753017,0.061489488367795456,0.11728395902992231,210000.0
Random_5171,646.0510295259444,879.7347065732822,0.08032107392064036,0.16890353836178743,210000.0
Random_5172,693.8070322610137,974.9530755239153,0.10056844687163337,0.21581751336679406,210000.0
Random_5173,653.6534360956639,884.3186574102932,0.07601968271771256,0.15684357670866692,210000.0
Random_5174,665.5330218298423,948.1465287920944,0.10769541644619297,0.2322142605609691,210000.0
Random_5175,570.1041059714856,802.46891713063,0.0884542464092982,0.18573800516433223,210000.0
Random_5176,375.6892160414687,574.5864242559452,0.06765813921124397,0.1333926696210213,210000.0
Random_5177,612.9411153829479,843.0258842874682,0.08612977268800116,0.18144673915828177,210000.0
Random_5178,440.22090969216595,654.7984995048329,0.06459519029194259,0.12252235028746827,210000.0
Random_5179,699.5587078097253,974.4179094069642,0.08750998464751335,0.18442669747259124,210000.0
Random_5180,535.2945485354281,774.1745107271294,0.08757692744902626,0.1808556329412859,210000.0
Random_5181,507.72905775705,736.0074089061474,0.06457239929722369,0.12313812128901222,210000.0
Random_5182,739.4454331576583,1039.544274489726,0.08999871259655817,0.18692049009318806,210000.0
Random_5183,420.61597828679453,665.3274521393429,0.10898103200876537,0.23083812528448544,210000.0
Random_5184,732.5642067417471,975.9607296593308,0.05624977066740562,0.10833714182710724,210000.0
Random_5185,719.5403748014018,1000.4569528074173,0.08514092765333614,0.17465376962427107,210000.0
Random_5186,473.76624152363445,747.2522177992182,0.10311770296778042,0.2150493052688227,210000.0
Random_5187,581.7390122103377,872.1347016871279,0.11546103923073375,0.24753528482170373,210000.0
Random_5188,677.7646327480207,985.9583439567632,0.10747758584377169,0.2287700382345477,210000.0
Random_5189,816.5442857265936,1126.2148448475189,0.06587231870942538,0.1298609460201103,210000.0
Random_5190,802.0763958399677,1123.1495650571524,0.06347218968896176,0.11877267870406955,210000.0
Random_5191,536.9309864527747,790.6733661481819,0.1028746739716477,0.21756283787074546,210000.0
Random_5192,641.956958542038,898.5718130439923,0.08666439369357454,0.18064014403544973,210000.0
Random_5193,775.6346745504889,1101.230798955205,0.10117917033624442,0.21532927757293494,210000.0
Random_5194,675.6005951562556,947.9097647522141,0.08794718661825263,0.1830973579372781,210000.0
Random_5195,522.0564262577404,772.4687544831044,0.0826187775223222,0.16888848391381042,210000.0
Random_5196,524.3691129699481,732.2343615734441,0.066305871221052,0.12924211731421748,210000.0
Random_5197,555.4685387033138,811.7731308918989,0.09013768355436184,0.18328437642356954,210000.0
Random_5198,762.5295112489639,1049.3303751365843,0.07213334490654147,0.14408369559009934,210000.0
Random_5199,570.4012583118221,821.9708182266698,0.09499411110877633,0.19954140230316153,210000.0
Random_5200,674.5896996633963,962.3653215923422,0.10620900158446418,0.2280638660083748,210000.0
Random_5201,550.7240292507548,770.493562150575,0.0780479999332007,0.15903744679720958,210000.0
Random_5202,771.7022127899257,1076.9193841975753,0.0692149445015184,0.13287756516143942,210000.0
Random_5203,729.506601309647,968.6854441781373,0.047015194560229734,0.08725422670721947,210000.0
Random_5204,647.2872311167071,937.4249657363519,0.09420943060294991,0.19298561496455266,210000.0
Random_5205,631.4066323053605,880.8216598012149,0.08978800029911015,0.18876472650845513,210000.0
Random_5206,472.9297423165274,724.8270772721711,0.08556284472775244,0.17115728549278522,210000.0
Random_5207,765.778476474715,1011.2445236351177,0.036353511833360275,0.05885611697342128,210000.0
Random_5208,618.6729654362871,844.338770499333,0.07859185557659402,0.16529252570097042,210000.0
Random_5209,699.7006932464266,992.6397084803638,0.09249029155966385,0.19282839268514484,210000.0
Random_5210,617.5653561037092,846.7920323568551,0.06633392352418943,0.13215962102183484,210000.0
Random_5211,688.252620618645,949.2866241521529,0.07217080517997887,0.14629705162591386,210000.0
Random_5212,686.087115103905,922.4975874056912,0.05039614799988406,0.09393678772173415,210000.0
Random_5213,548.4733833497929,783.6681755781414,0.09020564309643787,0.18898628319602545,210000.0
Random_5214,806.7207358961338,1115.1034420124147,0.06006313123479476,0.11055735959465701,210000.0
Random_5215,610.5184660672112,864.7179170503277,0.09125563177364335,0.19242173887268132,210000.0
Random_5216,686.2905398641167,971.3590118268721,0.055908283891469804,0.09786237627043715,210000.0
Random_5217,799.5228981721027,1070.7046764862473,0.04904918317638436,0.08896168351376979,210000.0
Random_5218,720.9143368293774,1043.9867292196402,0.11584729993503991,0.2498030561951811,210000.0
Random_5219,431.67461764336065,638.3864528623536,0.08809436707374056,0.18279948641089555,210000.0
Random_5220,384.7473367861483,622.3082680250321,0.0979253455237253,0.20298162078292256,210000.0
Random_5221,717.4697569962277,963.6621974925714,0.06063362720062569,0.11836061553628713,210000.0
Random_5222,833.0455087502643,1145.4617649470983,0.05661390792989947,0.10482420678423182,210000.0
Random_5223,534.1495667592426,791.3669098846246,0.06045184555980264,0.10949091127862684,210000.0
Random_5224,775.7280126667604,1086.770652983203,0.08497663062734971,0.17644814507213258,210000.0
Random_5225,771.6009865563999,1085.5985145789002,0.09136238889659198,0.18738390920284337,210000.0
Random_5226,708.3262472530216,985.7134127162043,0.06932623254461866,0.1356216068776204,210000.0
Random_5227,712.6207355157818,989.6687899047042,0.09746274129781303,0.20878996487182738,210000.0
Random_5228,720.8429460237033,977.0749124915385,0.06334531569897073,0.12639806315783825,210000.0
Random_5229,573.0608465557507,784.5290894916776,0.05628761547658246,0.1072894672342102,210000.0
Random_5230,679.6173086684362,934.8120091799572,0.08667607547841731,0.18074674501227142,210000.0
Random_5231,507.0153146168712,731.9866789585408,0.07101273389842919,0.14224737872449794,210000.0
Random_5232,496.9407128642139,745.1853518686513,0.08888345911214765,0.1819207806030646,210000.0
Random_5233,711.4837575288725,948.7349269736302,0.05242212727387573,0.09785203474760504,210000.0
Random_5234,464.0679086946004,670.335699845874,0.07931152931937109,0.16272248599354544,210000.0
Random_5235,730.1204381915661,1028.0397731898977,0.08765056458063279,0.17816892144091076,210000.0
Random_5236,660.067942023395,964.937988404815,0.10315412555151338,0.21649683049049004,210000.0
Random_5237,455.8180202948435,684.85695769646,0.08057805104716216,0.1614876258815044,210000.0
Random_5238,452.69544961527436,680.2212255845849,0.09739302390070631,0.20458724092896885,210000.0
Random_5239,726.7536459601178,1036.134870577335,0.10074450106605638,0.21165408736873645,210000.0
Random_5240,415.21952829137496,637.9558828645728,0.10500032526431319,0.22469791867448966,210000.0
Random_5241,636.1842995662254,883.3635623850586,0.05767894264417567,0.10713554565188874,210000.0
Random_5242,684.826099155862,953.69597246122,0.09326441622617852,0.19701414168461087,210000.0
Random_5243,500.8260281541212,748.6986065205514,0.09466220083229224,0.19682850527643048,210000.0
Random_5244,549.7061627272878,780.2365800722903,0.06380047448978515,0.12265873544413125,210000.0
Random_5245,609.5641755327258,852.7790639961859,0.0646171871378533,0.12652406962380608,210000.0
Random_5246,408.086579473292,611.6694704967992,0.06116396568488754,0.11580020647726622,210000.0
Random_5247,411.7231911142344,603.0079067772558,0.06020141588690882,0.11451218026904433,210000.0
Random_5248,736.5659413666997,1047.687214670298,0.08111243889683092,0.16072173782119825,210000.0
Random_5249,632.3490884685567,885.6980565477692,0.08472313555802205,0.17590993778690883,210000.0
Random_5250,391.34835344264945,612.6133607045575,0.09705144346603164,0.2017781496641302,210000.0
Random_5251,551.5041996617198,828.2377793760423,0.07523742595512393,0.14685740532488673,210000.0
Random_5252,677.6587370200789,940.2916677957278,0.05926360301609296,0.11070312162925691,210000.0
Random_5253,672.2808361684034,950.9732381759084,0.07489882774643006,0.1482894649472227,210000.0
Random_5254,592.3793900361361,821.4380627271521,0.06502609374786675,0.12953213792671595,210000.0
Random_5255,561.6440888523189,816.09889947611,0.07373178099903466,0.14417587849465008,210000.0
Random_5256,742.3076391649664,994.8637211319871,0.053810703478925546,0.10352999109622905,210000.0
Random_5257,567.87604581286,797.0526904599412,0.09201437261448094,0.19561897823655805,210000.0
Random_5258,777.4423354260791,1095.568582305002,0.07667128238564094,0.15243508461407018,210000.0
Random_5259,689.9662054604718,921.6318773067037,0.04613906849291487,0.08345037748707375,210000.0
Random_5260,624.4655101549133,855.9701485209728,0.08688889043228033,0.1838998161965552,210000.0
Random_5261,615.6268312723729,871.8755035811151,0.09648610498212137,0.20510594647069222,210000.0
Random_5262,675.4677865246127,921.7235468100772,0.06203262105396981,0.11859601878157827,210000.0
Random_5263,567.2867664068567,807.9279341506278,0.07311159045210217,0.14451000564488425,210000.0
Random_5264,517.5224271349878,741.3725508250998,0.08787455052800494,0.18272558864771196,210000.0
Random_5265,493.0855478491579,697.005296645347,0.06566973954480415,0.12908110736442832,210000.0
Random_5266,456.53122312742397,712.7011238422048,0.08838125991856573,0.178645778805181,210000.0
Random_5267,730.4551922332017,1001.9153153945576,0.06412310811423476,0.12319153434080554,210000.0
Random_5268,826.8093389347445,1158.165016940884,0.0740065170046104,0.14808304913107853,210000.0
Random_5269,505.36739529657143,773.1138161636702,0.0814876500713928,0.16198631064708624,210000.0
Random_5270,695.6283788968801,992.5901118947818,0.0749696357299886,0.1452838447871801,210000.0
Random_5271,444.60453041919493,667.6170493077159,0.0694165171831127,0.13547734175047696,210000.0
Random_5272,541.9418648050868,798.9426120083594,0.09097176714306118,0.18775463498988437,210000.0
Random_5273,776.4475848564757,1053.4822531140958,0.06644104629646726,0.13518918609967898,210000.0
Random_5274,504.9546611952816,761.4322046460776,0.07100656143429195,0.1354693891131868,210000.0
Random_5275,507.2618760360603,754.8773313547399,0.09112638707784533,0.18886217092418614,210000.0
Random_5276,631.348876987456,857.9860275310309,0.05313484415834767,0.1000661635598917,210000.0
Random_5277,596.5853499614353,863.2638128632626,0.0928516252843865,0.19234514053017804,210000.0
Random_5278,691.3111317505395,922.450841285167,0.04272773522320583,0.07352363091178775,210000.0
Random_5279,672.0570785085903,960.7767117317611,0.10171694653796018,0.21643444489459562,210000.0
Random_5280,700.8988478341602,990.6714982242412,0.10618777177630855,0.2294334347350434,210000.0
Random_5281,543.7037007271394,775.728416991248,0.07217961400096082,0.14086500676138913,210000.0
Random_5282,595.8455149872952,833.6272454230646,0.0736032392838416,0.1477917596385696,210000.0
Random_5283,735.3830462337284,1055.427311693667,0.10650446016732006,0.2274167246588476,210000.0
Random_5284,676.0941269435981,946.4273629220125,0.0822818313136243,0.17073042657334866,210000.0
Random_5285,728.9047257291033,1032.0546459552654,0.09443036416649915,0.19575832974968427,210000.0
Random_5286,668.2645141656725,953.1942939421409,0.10308747067291074,0.21866125539494277,210000.0
Random_5287,498.49448254785614,707.3285701775771,0.08478566766026174,0.17760921066420335,210000.0
Random_5288,677.3490573991206,965.1156010815656,0.0803253438388379,0.1627664569783364,210000.0
Random_5289,489.79459558022177,698.5542068425173,0.10095354385717087,0.21898095376956686,210000.0
Random_5290,747.1692356084981,1020.519594431868,0.083597748987263,0.17649902102638182,210000.0
Random_5291,472.7153473135592,673.1960667518065,0.06603414481745144,0.1303282037957531,210000.0
Random_5292,603.6356455134551,830.1033469689277,0.07411244368030694,0.1507322690334579,210000.0
Random_5293,577.147914260418,817.3059482533002,0.0933961494802684,0.19815828226436957,210000.0
Random_5294,471.52416532106133,723.6305155061754,0.057977283613814046,0.10165622619183759,210000.0
Random_5295,355.8743771346952,590.8083262016681,0.10047952838041174,0.21136035593483463,210000.0
Random_5296,811.7041368537837,1085.4856914217253,0.04076260669323402,0.06804321794683207,210000.0
Random_5297,399.638555962873,613.1109821917772,0.09021166121659314,0.1877744310066865,210000.0
Random_5298,736.2288117470165,1001.8856502156484,0.04618119307524694,0.07931334251607822,210000.0
Random_5299,748.5091986695247,1038.1356397455286,0.05393656499490829,0.09581120189996747,210000.0
Random_5300,669.6085129147842,974.0731382469039,0.10090598057361633,0.21161609588835656,210000.0
Random_5301,492.80636302045707,731.7455928310975,0.08433574280124016,0.17021996064064085,210000.0
Random_5302,455.4919150358511,723.5886261992341,0.07902936416944085,0.15185034154092106,210000.0
Random_5303,696.4607255395231,985.6333449159492,0.07482495427715727,0.14744713160673895,210000.0
Random_5304,732.1989253340228,996.9862401453252,0.06556178192498514,0.1300172353989315,210000.0
Random_5305,557.9998661421631,790.9188322057182,0.0818046003834385,0.1678550464052056,210000.0
Random_5306,576.2956289944316,780.4931722661,0.046394891621688604,0.08340449816949888,210000.0
Random_5307,693.9898757032746,963.5180900083179,0.04977855431925345,0.08508963863295735,210000.0
Random_5308,558.7708259622776,829.3163005948055,0.11111752180935122,0.23840138481552647,210000.0
Random_5309,804.182023750168,1101.5623605226983,0.06144590595141772,0.11663818854797803,210000.0
Random_5310,552.1146670486052,773.7255148773094,0.06477180399878127,0.12805052964591004,210000.0
Random_5311,644.7337647608588,936.2405669489866,0.11413732480427384,0.24646745937942155,210000.0
Random_5312,693.4193549884197,967.5753127679545,0.07219587079817144,0.14141307025190575,210000.0
Random_5313,614.404280901838,859.7256067266471,0.09367177219878949,0.19976392836363235,210000.0
Random_5314,611.7768948662826,874.6759084244745,0.07131654003944156,0.1414823812017878,210000.0
Random_5315,712.552282668607,1013.5840241905903,0.07608523437914519,0.1482867559164495,210000.0
Random_5316,540.9750881242535,778.4495490119724,0.09049218486004575,0.18741021766840005,210000.0
Random_5317,348.1698259844708,577.837764362842,0.10787611661434385,0.2303354998243526,210000.0
Random_5318,725.4716797931727,1023.3827069630102,0.09985553096284501,0.21196266680121872,210000.0
Random_5319,352.62495884133796,571.0704160560732,0.1070875449846169,0.22870861141114818,210000.0
Random_5320,494.07333073957864,722.1578024845519,0.08495773469502096,0.1762859023338151,210000.0
Random_5321,623.411700891517,849.7060580386513,0.07167737217834506,0.14700745201528886,210000.0
Random_5322,398.30186571383996,658.2094524845583,0.09496670695540498,0.19204063468451676,210000.0
Random_5323,586.7657488504789,842.3354406108213,0.0928261478650359,0.19556517116075026,210000.0
Random_5324,445.98766801973824,666.7535431575251,0.09542654796492933,0.19918002944618607,210000.0
Random_5325,552.4465857437644,769.3004924342907,0.06476584046597976,0.124974334862408,210000.0
Random_5326,479.5901469012685,707.9798737490978,0.07905653796436843,0.15840011643487753,210000.0
Random_5327,559.9068279235074,787.226971971397,0.055272493386206434,0.10008927518142295,210000.0
Random_5328,595.9302184937312,870.9622155575374,0.0846880707091868,0.169391559808754,210000.0
Random_5329,728.5952888012089,1034.4451926944892,0.10319991705168767,0.21927999030712564,210000.0
Random_5330,486.81646612123984,685.523186931578,0.05746088342547158,0.1093532340138098,210000.0
Random_5331,653.2652375638492,925.1032884709102,0.07637011619627468,0.15203293005919774,210000.0
Random_5332,531.613886912159,758.4226217671829,0.0832137411978942,0.17302249304521375,210000.0
Random_5333,670.7988540145088,946.8297062540342,0.09359803465692905,0.19749386812103478,210000.0
Random_5334,805.8911909893792,1131.054352022291,0.08611682183779298,0.17655171359843286,210000.0
Random_5335,398.94639152779376,590.0289706453166,0.08597743864437193,0.18092089371510528,210000.0
Random_5336,549.5975736038697,818.0604996635099,0.09503576753044356,0.1962741346181806,210000.0
Random_5337,643.4987563952122,861.6420482023792,0.04913358927021462,0.08939600172906348,210000.0
Random_5338,778.2489927259766,1075.805681274562,0.06709548869643123,0.1323996389150751,210000.0
Random_5339,508.72179852795875,737.8223872425679,0.06940426964249095,0.1380910458792863,210000.0
Random_5340,786.3553611769511,1084.9741594626378,0.06623616721845417,0.12703489768582776,210000.0
Random_5341,613.551098170967,900.0339276886925,0.08627705936516955,0.17439111379864425,210000.0
Random_5342,764.183021654735,1084.8263556318027,0.09268931006359316,0.19155226994125701,210000.0
Random_5343,778.801542086065,1059.2268481351384,0.05151543467968489,0.09281594044235048,210000.0
Random_5344,803.7585034304803,1094.366935704534,0.053067650894300704,0.09628230240804253,210000.0
Random_5345,737.0054232110355,1044.484974255301,0.06789999266768135,0.12788950767501564,210000.0
Random_5346,497.27021225849376,767.6484953531129,0.08521715687977312,0.1675393288650748,210000.0
Random_5347,491.50243442398533,691.0022442146923,0.07087198470422891,0.14435578498654927,210000.0
Random_5348,761.0549657741524,1067.6606978616123,0.07005179015862989,0.134010803901209,210000.0
Random_5349,835.4290360539386,1145.4925608455424,0.04732526806338755,0.07996683514719322,210000.0
Random_5350,602.8366373341462,818.5627187673541,0.052682453655732056,0.0969720865548348,210000.0
Random_5351,608.6044512533762,858.5453125011131,0.06923304691682734,0.1348504865851167,210000.0
Random_5352,675.6764161863342,930.8456007843201,0.0652832195067173,0.12836535065113322,210000.0
Random_5353,685.9357494086097,923.8097870546696,0.04937615107555057,0.09025170719609288,210000.0
Random_5354,473.65452625576427,692.7193058979477,0.08879355652515686,0.18699188496519153,210000.0
Random_5355,672.9104900161736,940.3678790152328,0.09410546419547086,0.20095496295994092,210000.0
Random_5356,675.6400936422483,926.1074428850243,0.07775082377748543,0.16145983529243016,210000.0
Random_5357,673.2368302360445,915.67805359488,0.07938001802026858,0.16646311196629457,210000.0
Random_5358,532.3089592825297,798.1732818778086,0.11129908554524426,0.23750015770576938,210000.0
Random_5359,435.1529785262728,636.1468621174341,0.08459323206885458,0.17564032071358365,210000.0
Random_5360,510.6023518954315,730.1147213440979,0.08851927055245817,0.18736512262495875,210000.0
Random_5361,685.5020984603465,944.7746415209647,0.07451728426957828,0.15354596788378627,210000.0
Random_5362,451.4555972269363,657.429542031372,0.10293697231224799,0.22301084924661402,210000.0
Random_5363,659.846311467045,964.3080636933361,0.10401552066764166,0.21758775811399333,210000.0
Random_5364,709.0132140392103,986.6271601033046,0.0710217934031284,0.14102081466274285,210000.0
Random_5365,759.3236466945541,1041.5967863888388,0.053920050322151664,0.09859481061294312,210000.0
Random_5366,500.90633424384447,715.6215166394065,0.07549353799885618,0.1543999133205132,210000.0
Random_5367,758.7872105100183,1041.6450978671758,0.06455234729645624,0.12380832743131065,210000.0
Random_5368,804.5645096485497,1118.7293075009677,0.07518698736765934,0.1516747397634737,210000.0
Random_5369,727.1962914284608,980.0825372659832,0.05646494055940887,0.10710037201100216,210000.0
Random_5370,719.3122209677147,963.3424438453184,0.06675737384660586,0.1375783158087356,210000.0
Random_5371,604.4537621523203,827.5728725075081,0.07624831504286825,0.1560555325343465,210000.0
Random_5372,704.2771569558636,991.1272962842952,0.10044345685310269,0.215569329031929,210000.0
Random_5373,648.4967357815706,894.2426810638221,0.07964549942831586,0.16446092603557666,210000.0
Random_5374,594.7737582936506,819.8655635970224,0.07252975783382946,0.14567800800757189,210000.0
Random_5375,387.6575582363845,587.0437697149335,0.09128359692831324,0.19369667178763508,210000.0
Random_5376,774.2820203711688,1094.5771522249624,0.10415242680016834,0.2223718602570162,210000.0
Random_5377,495.67947338843163,747.7951606265209,0.07480631527725963,0.14774769724863326,210000.0
Random_5378,609.5516962608223,885.6474112167394,0.07379456987466783,0.14420154269991697,210000.0
Random_5379,457.18359735208475,664.6218260276634,0.0622284333263243,0.11783412082404404,210000.0
Random_5380,520.0240656688854,798.0471767324949,0.1112894460369663,0.23654202370350136,210000.0
Random_5381,739.2411312930304,1062.5910029803756,0.10302292485239539,0.21571914797190306,210000.0
Random_5382,566.6459772458992,809.3491634653102,0.08793127819914104,0.18459582758337828,210000.0
Random_5383,681.7634767531447,945.41294136183,0.061119785122757384,0.1155761721938312,210000.0
Random_5384,693.9134361625131,946.600673216709,0.07834158450757768,0.16034637591230136,210000.0
Random_5385,555.9207577326467,778.3949518324303,0.07400537508332623,0.15009307577597755,210000.0
Random_5386,761.8184175712705,1018.8081530640201,0.05791808331076044,0.1149884019768144,210000.0
Random_5387,494.2476655348239,732.2994592849612,0.09437126601992277,0.19809504175835146,210000.0
Random_5388,669.5358176422703,925.2622965928884,0.09499632032600193,0.2045426727971285,210000.0
Random_5389,521.3757237820314,722.5029237219998,0.06608559017696436,0.13148190768136164,210000.0
Random_5390,800.0355206212699,1103.91950099776,0.06828252703514287,0.13412262184485807,210000.0
Random_5391,646.4903226878644,900.6097317884389,0.06446865001809512,0.12516173837814634,210000.0
Random_5392,634.2668090496162,887.380083340953,0.06183511119376275,0.1176283605627024,210000.0
Random_5393,767.8285426731853,1071.2828307320015,0.06200030347160816,0.11701395279131331,210000.0
Random_5394,574.4611969822477,786.4033821061153,0.044709989370645645,0.07661892883323512,210000.0
Random_5395,774.681872820083,1099.2776418653443,0.08385879141160923,0.16846708471858984,210000.0
Random_5396,751.9345446834733,1069.7317886253184,0.08080717037563208,0.16143996203702896,210000.0
Random_5397,709.1014710153393,980.5714482265705,0.0851118933663427,0.1749974261511309,210000.0
Random_5398,361.611818093314,597.2620690553258,0.10208109866128177,0.2145820736709987,210000.0
Random_5399,637.447733202015,862.4008316981651,0.057735188557240746,0.11322128798813397,210000.0
Random_5400,717.6170853809244,971.1967774553328,0.06927597215936183,0.13840416015258766,210000.0
Random_5401,461.3944569318335,667.510722689305,0.06436322324225463,0.12604989010769452,210000.0
Random_5402,522.4894840589577,724.7789116767618,0.07337640712224261,0.14894689699747768,210000.0
Random_5403,637.6160110981909,879.8117380977579,0.07264992845302477,0.14543380142718912,210000.0
Random_5404,542.0297632416563,804.8023514159482,0.11224299170535589,0.24158047859974663,210000.0
Random_5405,720.1367782232494,988.9003197822608,0.05023828034947429,0.0883080409394526,210000.0
Random_5406,552.4727991067251,833.5703367475351,0.09439399013029111,0.1900251699622944,210000.0
Random_5407,692.4915925671802,926.9445596651907,0.06090758610869945,0.12249210086228009,210000.0
Random_5408,772.8401478470794,1057.38938819181,0.07628930877315804,0.1541464290119932,210000.0
Random_5409,635.052527282284,889.0828626674811,0.07112162775283035,0.14288564977292884,210000.0
Random_5410,708.0174917939139,963.9065408198074,0.09155508148238345,0.19817752415835765,210000.0
Random_5411,387.8754599675841,580.1512116247853,0.08864047730886129,0.1862842124682149,210000.0
Random_5412,764.0721852074546,1055.9172247837548,0.07675518332395144,0.15645421680453442,210000.0
Random_5413,508.9438867635895,735.9924129564195,0.07476894791372836,0.15179138434065037,210000.0
Random_5414,767.986669453314,1055.8080720583187,0.06976700824092115,0.14071079796879235,210000.0
Random_5415,761.0279422484872,1046.2225761213085,0.08070294354921452,0.16606958997023072,210000.0
Random_5416,696.3975951901673,940.7838029668874,0.0763284332353903,0.15753051335104792,210000.0
Random_5417,830.4621074500035,1149.7772274984748,0.057418289245609516,0.10464280524883002,210000.0
Random_5418,633.9588243602631,912.4023588994423,0.08283977209828429,0.1670743190848392,210000.0
Random_5419,536.4554540229973,797.0541440652455,0.06798736575351001,0.12777759066937308,210000.0
Random_5420,558.9662206071064,785.7716590010925,0.07726620502118546,0.1569489944625827,210000.0
Random_5421,597.3140307095043,825.9364147963265,0.059414879325110866,0.11486161753795224,210000.0
Random_5422,692.9010400955593,941.8830451748403,0.06703120603008152,0.13441541864946197,210000.0
Random_5423,758.9135148760424,1053.694748030184,0.06342559285579967,0.12195054182603256,210000.0
Random_5424,746.8674939060994,1039.101047009731,0.09338239826150141,0.198958925744373,210000.0
Random_5425,418.18424588559265,662.6130566036401,0.08230320634274654,0.16404189196329283,210000.0
Random_5426,686.8254228071925,952.8045446177729,0.08857664678674465,0.18431635157946497,210000.0
Random_5427,590.6786051115895,822.8188671586911,0.06033853165938944,0.11570783094262975,210000.0
Random_5428,723.522999602075,973.5263506838539,0.07585350811690186,0.1586708997033208,210000.0
Random_5429,520.7933998695871,772.1859562568897,0.08368876537265665,0.1691613886554358,210000.0
Random_5430,655.9019833241389,916.3126091585158,0.06074683876158021,0.11320556068358462,210000.0
Random_5431,400.4067323834063,659.7832843636218,0.1018497095980072,0.2129793031613682,210000.0
Random_5432,651.4456267823931,923.7747045687089,0.0763176847951171,0.1529986410423869,210000.0
Random_5433,757.9526299887426,1059.1060826786843,0.0911661370574152,0.18874581998001969,210000.0
Random_5434,645.9938555229545,937.5105852528447,0.09316349738661983,0.1924733271278702,210000.0
Random_5435,729.6163279132056,990.8064578160499,0.05655809644781991,0.10649415892656966,210000.0
Random_5436,725.485528761028,996.1112206600068,0.08446482084874275,0.17799990621087244,210000.0
Random_5437,612.556674950805,850.4159982784107,0.07611544850221183,0.15549616024958968,210000.0
Random_5438,545.6433783427286,814.6845457025884,0.07874068182623119,0.15587288965378615,210000.0
Random_5439,792.8232101537436,1107.0312721753917,0.07105732238595666,0.1379751024248544,210000.0
Random_5440,549.0990942374075,823.1382943811337,0.07835492367885823,0.15086770276913497,210000.0
Random_5441,681.1318179073011,986.9253300028262,0.10885214148046599,0.23205211706885437,210000.0
Random_5442,476.0314176564409,702.0233720948768,0.07859809961334818,0.15711333526065613,210000.0
Random_5443,602.3245321610825,866.6881342634998,0.09907955391676664,0.2077600574064052,210000.0
Random_5444,369.9412389382934,570.1615993494795,0.06511454756412484,0.1258551333479106,210000.0
Random_5445,710.0932719219534,963.5016512561223,0.0663993781171882,0.1346291798429042,210000.0
Random_5446,749.5864215067905,1001.6260706270597,0.05034203566323758,0.09325819155982866,210000.0
Random_5447,586.0089229302789,820.638143690794,0.06526432688940442,0.12829412629791873,210000.0
Random_5448,773.6607172481819,1036.470102441623,0.051998640616711785,0.09754485234225055,210000.0
Random_5449,503.44304612016913,780.5539693384306,0.10322845025261389,0.2157515845929782,210000.0
Random_5450,692.8112864642058,972.1720087828918,0.09099739343226398,0.19003529869499539,210000.0
Random_5451,518.1263949292098,758.2697941903918,0.09006637042423352,0.18619296107545805,210000.0
Random_5452,606.9206723386908,878.9057453357082,0.07091346404935046,0.13609754820052572,210000.0
Random_5453,429.2906900313059,621.1924520204122,0.06446217423771289,0.1240535170977254,210000.0
Random_5454,550.0176243463793,818.6782588033245,0.095435165241088,0.19575308107074715,210000.0
Random_5455,481.96972874201344,734.373466343405,0.09115334680085353,0.1881809992106967,210000.0
Random_5456,577.0827894323601,807.9713881132761,0.08041742083098222,0.16637910972989725,210000.0
Random_5457,541.3548840124753,793.7401691777691,0.06217495202360975,0.11376607457551138,210000.0
Random_5458,769.5781651291976,1065.110527676198,0.06987860484896093,0.13680549397455036,210000.0
Random_5459,573.0642048201497,804.8625142503757,0.09071068329849917,0.1909671829901917,210000.0
Random_5460,584.822289431039,829.8238088469438,0.08947710002982784,0.18783995549164134,210000.0
Random_5461,758.4930241492258,1049.395577718323,0.08925547714024329,0.1896159411734973,210000.0
Random_5462,730.6596630951783,1027.6540397588644,0.086666993536565,0.17603392192869008,210000.0
Random_5463,725.0593203037439,990.3788412040539,0.08466570870851702,0.17760179183670044,210000.0
Random_5464,596.2235542633101,863.5117302515662,0.090393290720513,0.18405570981133199,210000.0
Random_5465,541.5576858214204,797.9855274266804,0.05837511140763289,0.10350691312786503,210000.0
Random_5466,701.9592198795777,954.338040617252,0.0751011623203004,0.1535900139812927,210000.0
Random_5467,559.3384651942852,838.9344373517597,0.09651445919543471,0.1980181100578464,210000.0
Random_5468,469.4351767400729,694.9471262970834,0.09407235118520949,0.19888036068543938,210000.0
Random_5469,684.5510630708915,928.3761840992081,0.06648409250355974,0.13164157676880964,210000.0
Random_5470,406.7178537809173,628.1858518883334,0.056243953862337506,0.10061022828742802,210000.0
Random_5471,654.8147327026107,948.1339313705502,0.08936667619107164,0.1831445669790892,210000.0
Random_5472,627.2541541735217,871.1861717061806,0.06895396944809641,0.1377506405143551,210000.0
Random_5473,608.8251485848408,863.3151420160267,0.07286281982809288,0.14213643438412557,210000.0
Random_5474,632.5746086242254,919.6956974520334,0.07443478707238811,0.14462205846288204,210000.0
Random_5475,422.6814509812124,664.0967717879641,0.09069536917246071,0.18364105797718375,210000.0
Random_5476,690.7150376945038,947.2589805920818,0.08443020952240077,0.17894076365115888,210000.0
Random_5477,524.9754768025105,770.3102188430422,0.09483504446046795,0.19713570399125635,210000.0
Random_5478,693.573267747536,949.0421290499932,0.08410199758989642,0.17495483900527903,210000.0
Random_5479,755.5554899935987,1076.2090769339059,0.09256614122479076,0.19041554337781524,210000.0
Random_5480,658.9866473684482,920.4906790785781,0.0806149274752438,0.16676262931717006,210000.0
Random_5481,600.5293763912232,859.5120432434801,0.09659606068456386,0.20472708116850746,210000.0
Random_5482,410.34504606304694,607.5592043105096,0.058627753811069785,0.11000894774932873,210000.0
Random_5483,777.139821111241,1077.0021490944184,0.06971588431126448,0.13608160797142183,210000.0
Random_5484,703.1107770677542,993.5109772334145,0.0779912867217106,0.15562524701626862,210000.0
Random_5485,382.5528580242368,589.9621978487627,0.08154700662260322,0.16444304519744168,210000.0
Random_5486,511.85004880350056,782.3537721129978,0.07836778255838256,0.15248051252709136,210000.0
Random_5487,670.7446936924401,961.0632163902202,0.11125333867682015,0.24060534652046425,210000.0
Random_5488,815.971114450445,1130.8824778517937,0.07105141808365974,0.13994466101051847,210000.0
Random_5489,771.9423077647795,1064.3019928777567,0.06746779346837675,0.13489447131944848,210000.0
Random_5490,707.0916464195001,1018.0924400975879,0.10625167935351838,0.22539154777953477,210000.0
Random_5491,642.2734038879323,863.1338630765395,0.05854500364716272,0.11355031449537789,210000.0
Random_5492,783.0248504185261,1077.664802432035,0.0779821871604831,0.15990851454707056,210000.0
Random_5493,593.2139122260609,883.3151349096919,0.10752629347429866,0.2254827272465182,210000.0
Random_5494,720.3426021292878,971.567147044795,0.050809123131969294,0.09259711904988813,210000.0
Random_5495,768.0060813745338,1062.9545490830064,0.08583464631667034,0.18070120516695193,210000.0
Random_5496,638.0310534193321,900.5442254053665,0.07560762039963276,0.14960382469826067,210000.0
Random_5497,485.42548291520365,735.4752000822199,0.0655435533456575,0.12161326356497819,210000.0
Random_5498,794.2670592204087,1128.3624387956609,0.09310161317431212,0.19161295942729908,210000.0
Random_5499,470.03357086556997,697.5631040029433,0.10026722307508182,0.2142228007318926,210000.0
Random_5500,745.9542500399125,1015.1244029407809,0.07075882403862988,0.140787753916633,210000.0
Random_5501,493.81009969241643,757.8058780358742,0.06942242494965398,0.12974235153587713,210000.0
Random_5502,674.3672380119889,967.9999092697586,0.07394988710042333,0.1452724078519578,210000.0
Random_5503,473.44317919487935,706.211494741478,0.07962847654117634,0.1604539432779365,210000.0
Random_5504,571.8532408457149,787.6884013718072,0.07307230441385928,0.14990919489313276,210000.0
Random_5505,464.15471348586937,660.1166340034879,0.08220771245284005,0.1709741044292877,210000.0
Random_5506,512.1291514451586,713.5454955285845,0.04911732659979642,0.08762996309910417,210000.0
Random_5507,514.134181319155,717.9714571219422,0.06758941841282418,0.13294853683308355,210000.0
Random_5508,511.2283048707953,727.1891742753118,0.0764738867492087,0.156483946784578,210000.0
Random_5509,627.9537556094585,914.068711640291,0.09896144183238878,0.20484381806918728,210000.0
Random_5510,646.2176202963883,939.8752658054101,0.10616455310804863,0.22540155305796347,210000.0
Random_5511,625.0909387212662,877.0348472426091,0.08589952519646504,0.1769487742414251,210000.0
Random_5512,468.1795114033908,731.6372276735791,0.09044718924950199,0.1813522163183078,210000.0
Random_5513,541.6977466492397,801.8379391927649,0.07522598202764018,0.14868774860628592,210000.0
Random_5514,648.0184574455144,885.9380559051258,0.0852990325459684,0.18113678323931492,210000.0
Random_5515,735.9125793063408,998.1201277871918,0.07108386563095333,0.1465481133919155,210000.0
Random_5516,677.8820733421968,947.304418198138,0.08881517853563967,0.1871708672440572,210000.0
Random_5517,553.6591651157802,789.5137406357219,0.08742369262995874,0.18326256214244954,210000.0
Random_5518,501.9038650127373,768.0739866326471,0.099050793336132,0.20583082751114215,210000.0
Random_5519,692.4677512383447,975.7126288633624,0.0642618096622664,0.11940374611085083,210000.0
Random_5520,462.894871735644,676.120032305558,0.08831144622102288,0.18295082509011662,210000.0
Random_5521,429.60164958695856,664.2400003044154,0.09630612112742044,0.20197418311841134,210000.0
Random_5522,559.3389994596355,780.1577248170703,0.093766578256112,0.20139603836696077,210000.0
Random_5523,491.4564266332668,725.6572066275698,0.07606628338807783,0.15006043008332226,210000.0
Random_5524,617.3041670747242,859.1832876532126,0.07021603729053416,0.13759709937656092,210000.0
Random_5525,652.4872887940755,914.5911128998373,0.07057808229039017,0.13741736669452734,210000.0
Random_5526,780.0337242000812,1049.0047612392686,0.05230925164156551,0.09851784728562345,210000.0
Random_5527,467.84421201024537,714.712304377967,0.09089942489158176,0.18374846729157573,210000.0
Random_5528,702.4528967491923,993.9109560274608,0.07910526504302022,0.15787830092023608,210000.0
Random_5529,466.5699913427703,680.8732983370274,0.08149037851198607,0.1690261459214995,210000.0
Random_5530,738.5212438236686,1053.2242139745438,0.08849625103205977,0.17778043878272276,210000.0
Random_5531,449.08558208873995,664.7149436299278,0.07330366237873584,0.14493201820788168,210000.0
Random_5532,754.0645951212954,1051.546810731752,0.06348381356583965,0.1195759076535742,210000.0
Random_5533,727.294391555544,979.0338169359396,0.06604660223490252,0.13420510406888694,210000.0
Random_5534,777.2958075369528,1045.1183776537828,0.060509894868449016,0.1200692443552593,210000.0
Random_5535,732.8256071344033,1039.8638206110106,0.08758340080128488,0.18104530714254885,210000.0
Random_5536,607.8038101926549,865.5572817592883,0.07866300492314082,0.15605291561488677,210000.0
Random_5537,698.5170105061114,953.8310743459133,0.0811359356647337,0.16759468242067277,210000.0
Random_5538,776.4518741732624,1094.617609469484,0.07861119469539589,0.1556961761586696,210000.0
Random_5539,729.4401292797613,993.3577383279567,0.08323708341441287,0.17635495146552854,210000.0
Random_5540,578.5102986845006,829.6886482479866,0.07448580958903843,0.1502903268948852,210000.0
Random_5541,543.0913596103859,765.0507508838991,0.08136493596556638,0.16938908027166927,210000.0
Random_5542,378.2720835101167,593.2485619774147,0.10644186655802537,0.22890605809656844,210000.0
Random_5543,603.7027083392434,879.046372324474,0.10562775824505949,0.22359272109614536,210000.0
Random_5544,694.3823873266196,950.36193827515,0.07012764524472428,0.14220329810429727,210000.0
Random_5545,540.0063123184552,798.5208276262572,0.057866919241706484,0.10242463909879965,210000.0
Random_5546,521.5939651883101,737.1216285485255,0.05772771441021238,0.10766861406388137,210000.0
Random_5547,552.1692196387634,799.6954758122369,0.0874669515348985,0.17801807895549357,210000.0
Random_5548,759.5480441577155,1014.291434900304,0.06154291897607766,0.1237724349361611,210000.0
Random_5549,704.6528974829469,1010.9249888710353,0.10164858705312739,0.21307895544732577,210000.0
Random_5550,653.9615357030649,917.5997551911472,0.08072449223177211,0.16624491340834208,210000.0
Random_5551,533.5094601707661,787.6369865417286,0.0852844401081017,0.17335575451587748,210000.0
Random_5552,541.4840334205963,777.473051476327,0.0704070413240111,0.13597599528526896,210000.0
Random_5553,803.7722374192595,1129.5039897901336,0.08492362970113412,0.17188996730795147,210000.0
Random_5554,714.5571859847314,982.7272553058482,0.05769414283862413,0.10688579242123214,210000.0
Random_5555,804.2662160633307,1135.6294715903277,0.08937827126965864,0.1844424549071694,210000.0
Random_5556,457.39943304829933,648.5595334050868,0.06538881932856443,0.12764562043343936,210000.0
Random_5557,754.8299841663281,1034.0744850172644,0.04922887944901225,0.08540837124520897,210000.0
Random_5558,501.75215564973985,749.7017568057208,0.08392020112013095,0.17145528004042176,210000.0
Random_5559,709.1355672047556,974.6648667257806,0.0707151432821272,0.14143815777866153,210000.0
Random_5560,513.0995766948407,777.6470954284987,0.0632870202146857,0.1143890258252,210000.0
Random_5561,713.1549908140619,985.4112203901421,0.07202026060191166,0.14452177781383269,210000.0
Random_5562,589.6810177308009,817.5159494172998,0.0762343856168801,0.1578946331610578,210000.0
Random_5563,592.2272933639651,828.7171545070372,0.0756999569163103,0.15079999940358266,210000.0
Random_5564,685.6562543265691,957.101631646712,0.09550067728772041,0.20292298440554804,210000.0
Random_5565,734.4987997381837,1026.1091783103052,0.06074925984967604,0.11366894373670414,210000.0
Random_5566,578.1637801917498,802.5441831376276,0.06705607965343346,0.13472224271177843,210000.0
Random_5567,582.775879936194,863.7534457526368,0.0969859919484538,0.20255620735064325,210000.0
Random_5568,591.9482604566734,827.3016763577748,0.08241363989210733,0.1705720104964995,210000.0
Random_5569,642.3836513224851,931.8769958686912,0.07979342680562201,0.15816510570248565,210000.0
Random_5570,781.4014993775488,1101.803578359678,0.07888481911473533,0.15909236744972616,210000.0
Random_5571,676.1635152691705,940.1403819604318,0.06830172403225816,0.13337439537966667,210000.0
Random_5572,591.4684422432586,859.1609600529133,0.10095256521781934,0.2135703544547118,210000.0
Random_5573,807.7920702069036,1130.5413220104276,0.07296914743381942,0.14449935369459754,210000.0
Random_5574,699.3815230081782,992.9555108936402,0.08019887514201966,0.16229665569562593,210000.0
Random_5575,708.6076699932099,976.1876358984381,0.08395228031984184,0.17660887422648947,210000.0
Random_5576,634.9601958242332,899.7788808728558,0.08238867772456045,0.16827367487624584,210000.0
Random_5577,701.4945973008432,992.3616260744977,0.07174676540331758,0.1393707445714476,210000.0
Random_5578,690.7077685316351,974.8583153567771,0.08798280112432094,0.18273587954730822,210000.0
Random_5579,780.2170472291343,1099.486894926555,0.07424905972466386,0.14459835102011176,210000.0
Random_5580,800.3308661990825,1117.5677443808604,0.06292775026136177,0.11825737413514942,210000.0
Random_5581,406.1125047421922,609.4164884856583,0.06854621613947577,0.13306340953518825,210000.0
Random_5582,595.1463909509488,826.9085666982002,0.05178148166954781,0.0925155085680888,210000.0
Random_5583,727.3215443505565,1038.5249016537025,0.09131181252622345,0.18701304992526638,210000.0
Random_5584,766.3576956027626,1036.814944493835,0.07076427199347671,0.14193682541627686,210000.0
Random_5585,645.6028571637048,916.5533882621802,0.08668404838487381,0.1774396422127146,210000.0
Random_5586,550.062688856575,771.0896755151502,0.07567014997304039,0.15153435847901897,210000.0
Random_5587,666.4618862369418,954.9500166495259,0.10418370692634397,0.22103191702935188,210000.0
Random_5588,645.3852145351636,904.3992524472966,0.08694961964770016,0.18119572196073264,210000.0
Random_5589,530.4572081996159,774.0510684884357,0.06827576073187133,0.13018605153414775,210000.0
Random_5590,463.853745510495,702.8922375227104,0.06266191285027792,0.11622646763251898,210000.0
Random_5591,626.5403019083229,860.8166868326632,0.08569206962797649,0.18236811274410433,210000.0
Random_5592,474.46918449403665,692.5881934759032,0.07874025691011843,0.15764518007439104,210000.0
Random_5593,704.6504415160936,980.9128473970476,0.07386879774344862,0.1496844884885687,210000.0
Random_5594,566.0226805277755,838.0580097130409,0.07805719925476669,0.153863401634169,210000.0
Random_5595,639.6899810266212,918.2213815014412,0.08734900030770987,0.1778519121266907,210000.0
Random_5596,804.8233854889511,1111.993603245025,0.07294975692337666,0.14417994108751422,210000.0
Random_5597,400.69459752864145,608.6833642340882,0.09411451928684361,0.19878088377900577,210000.0
Random_5598,747.0009976961068,1007.8355959621699,0.0710491525166373,0.14341726347636302,210000.0
Random_5599,444.20562234045065,704.2438706626394,0.10421844526738434,0.2176596444421978,210000.0
Random_5600,575.8712743167814,789.606349277632,0.07839099271652909,0.16398364065011106,210000.0
Random_5601,601.2644886062455,855.9505189483019,0.09657816319756442,0.20535437128485806,210000.0
Random_5602,632.168938234923,921.7320297678817,0.08412729610607836,0.1683713141103183,210000.0
Random_5603,498.37399392417933,721.2583329815358,0.08049248143654214,0.16533687748512313,210000.0
Random_5604,624.7026141032344,856.7842608386063,0.07227060340946903,0.14513605820452863,210000.0
Random_5605,605.8976499611379,852.6632394432226,0.060437565212329875,0.11219144731915365,210000.0
Random_5606,636.8365993108999,900.6643268818542,0.08612369062595389,0.17716731248572615,210000.0
Random_5607,368.62629162885975,556.7731770708502,0.07459275317534239,0.1482731845118384,210000.0
Random_5608,576.270797294773,813.3466338280647,0.08202536799049136,0.16653285106356974,210000.0
Random_5609,364.4773522191835,550.8398186858959,0.06758613338117517,0.13512684607348863,210000.0
Random_5610,491.9094708952393,747.5035384750468,0.09618884355390912,0.19891251809510505,210000.0
Random_5611,706.6420096164079,965.4219397211946,0.07857664788696986,0.16452159272070696,210000.0
Random_5612,649.6511219012812,913.9667744502444,0.08986760361980516,0.186810927009587,210000.0
Random_5613,706.4763767991144,982.9857025658413,0.08848013458689369,0.1859591551182592,210000.0
Random_5614,559.2844526873118,782.9226281850501,0.08114044251434548,0.16552554136551675,210000.0
Random_5615,470.96183789483166,673.8306090284018,0.08946107149247191,0.1883095663323472,210000.0
Random_5616,609.2804475512121,890.5861287077217,0.09498006331612274,0.1962296694024865,210000.0
Random_5617,743.959723311146,1024.1702478005532,0.0745559580117677,0.15234817710610776,210000.0
Random_5618,404.18728847869284,641.0701613566615,0.07680618258570508,0.14880856007259782,210000.0
Random_5619,430.2879503362162,632.8701578394191,0.09639443656215053,0.20688132262162842,210000.0
Random_5620,777.3551198640127,1084.6940959472115,0.0911792407557594,0.1910339198982104,210000.0
Random_5621,661.154814233043,919.041954379621,0.0774530476346295,0.15603635413131042,210000.0
Random_5622,385.1663469748322,611.4842323311454,0.0896156576337654,0.18534513901996816,210000.0
Random_5623,395.4648194290671,634.6611664626366,0.09852383793640883,0.20444846731127203,210000.0
Random_5624,806.6231102789777,1128.3176675886145,0.07157998422100909,0.14168504375778698,210000.0
Random_5625,441.03034832740065,696.1932807645398,0.07482048289881849,0.14447468395177201,210000.0
Random_5626,721.7151199838115,977.9513531621059,0.05818574751126389,0.11012656664412496,210000.0
Random_5627,740.7422141054616,1051.374497197521,0.08317447957348664,0.16998211053791126,210000.0
Random_5628,708.6432081937896,1004.2714875454417,0.0893783224182057,0.18302574120174397,210000.0
Random_5629,736.6393770290402,1002.5046914470628,0.08303838037409698,0.17649571222792015,210000.0
Random_5630,711.0177305821032,1003.7251005366411,0.07970179848681788,0.15917158188513797,210000.0
Random_5631,618.2726764299889,872.6181004730681,0.08178918933627403,0.16511932351714773,210000.0
Random_5632,665.9165454731781,940.4287145051379,0.07936244733830515,0.16101350868013137,210000.0
Random_5633,568.409703379432,841.503750605342,0.07393816823904586,0.14452841970789757,210000.0
Random_5634,579.1659608241223,857.7412630862291,0.10640448692389393,0.22514841697650612,210000.0
Random_5635,524.7376945068011,737.7824825320938,0.06289917450332201,0.12196933561612852,210000.0
Random_5636,736.058155197805,1009.3615746544383,0.08219927255140622,0.17189474317582015,210000.0
Random_5637,684.8345918951787,961.9125235855325,0.0778547280674766,0.15921359519226252,210000.0
Random_5638,492.0685219045111,691.0489883316445,0.06526031214325578,0.12739658090437864,210000.0
Random_5639,450.36306233210325,704.0432542445409,0.0772577157594333,0.15305764095604474,210000.0
Random_5640,734.330426811297,1021.6438545469538,0.07374792959709048,0.14586982663964998,210000.0
Random_5641,511.95343934680193,716.6301995354795,0.07689726963690556,0.15750152818769794,210000.0
Random_5642,734.9630878193757,1017.3719398994555,0.0593043973392286,0.11086342101813239,210000.0
Random_5643,538.9076594518417,793.4997025888784,0.06608095948127873,0.12442105605894166,210000.0
Random_5644,591.499299029596,855.534415846273,0.09628172166052952,0.20298668082439644,210000.0
Random_5645,533.9905429271694,744.4014427479495,0.06737193743308928,0.13488745556543663,210000.0
Random_5646,651.5244811902888,916.2381649058306,0.09346220422820542,0.1986047784178167,210000.0
Random_5647,642.2281368809535,918.4346478432894,0.06921793058981118,0.13227794066093335,210000.0
Random_5648,711.4944253067008,1004.2761902423476,0.07474647466339579,0.1451177088677194,210000.0
Random_5649,699.4117922602486,954.889628197748,0.05657987646458783,0.10496289791671509,210000.0
Random_5650,792.7541266507419,1076.7143310571162,0.047642373032536635,0.08343202778624112,210000.0
Random_5651,597.5873870354695,834.4846088055839,0.09249132827654977,0.19695534070100862,210000.0
Random_5652,679.6631322595406,942.4802501593988,0.09573144318079663,0.20630063539262272,210000.0
Random_5653,715.5827527722345,972.2144361698596,0.05994758582031952,0.11391979617302797,210000.0
Random_5654,584.4601546630487,795.1519147892815,0.060522552846588286,0.1182388146091719,210000.0
Random_5655,673.0027989344524,933.4813990531972,0.056463916798290964,0.10402197575068657,210000.0
Random_5656,528.456568474547,790.8425238185542,0.1052518101951131,0.2217410777853183,210000.0
Random_5657,672.9351052059209,915.9183396562881,0.08752834264039808,0.18585411556385645,210000.0
Random_5658,563.6537852702226,781.0947533326423,0.06409396569412383,0.12446739255148051,210000.0
Random_5659,488.6544302690565,746.380855850203,0.08159181392138731,0.16363129986813119,210000.0
Random_5660,767.5783510507106,1041.0739914283236,0.04604074978512414,0.07949052818909658,210000.0
Random_5661,727.1517054597923,1032.856766362475,0.08325301591343237,0.17009003448616844,210000.0
Random_5662,533.3806097889383,744.7264236750628,0.07364904575777564,0.15153718218763915,210000.0
Random_5663,435.36635337676285,665.2979869092245,0.09576736609536862,0.20181607702903395,210000.0
Random_5664,711.9843064913742,1008.3107260380071,0.10766867359238076,0.23218477942619678,210000.0
Random_5665,806.0634026140273,1139.3874586384272,0.08679999809887817,0.17672374259862395,210000.0
Random_5666,630.5763373925654,861.1339923320343,0.05437467560164809,0.10255374091172331,210000.0
Random_5667,645.7520645967409,898.0660097479172,0.06751589329104808,0.13348839854584466,210000.0
Random_5668,649.9461411020252,922.5131433249297,0.07009643713838533,0.1369487921150945,210000.0
Random_5669,660.8283583583499,946.0420951072624,0.09062160836770905,0.18470884709116678,210000.0
Random_5670,587.8312126923904,864.2272935166368,0.09566002093541279,0.19965922365929012,210000.0
Random_5671,479.8282848854565,685.2520956831671,0.0778024345409267,0.15696849418341013,210000.0
Random_5672,492.2631259396745,736.7041318689181,0.07801031494627125,0.1537290918345822,210000.0
Random_5673,667.7267542389947,963.9174636332248,0.09666485199510781,0.19911645742807688,210000.0
Random_5674,468.9729266220465,686.250620750948,0.07740000724008927,0.1564764982001173,210000.0
Random_5675,443.48800620763694,692.0530458558743,0.09627208628084913,0.19933403016616025,210000.0
Random_5676,509.3219536340514,772.1898742576647,0.10720212058471962,0.22693669586177143,210000.0
Random_5677,603.650289594477,877.4596656110211,0.062263448745658284,0.11305640710680173,210000.0
Random_5678,638.4846841933547,885.5596921888026,0.09013603285284287,0.19165111671569016,210000.0
Random_5679,575.7884058905968,827.9708546114668,0.07515570635431987,0.1497174322635691,210000.0
Random_5680,709.0294687384679,961.1263860568033,0.08634628425279842,0.18321504944237393,210000.0
Random_5681,502.23786834589515,776.9667825774729,0.09306359298188722,0.18994170379812542,210000.0
Random_5682,688.0913165514418,925.9466685223349,0.06107059038288942,0.12286489811416434,210000.0
Random_5683,600.0737709762976,875.8861279065646,0.09859379050996431,0.20659440554423739,210000.0
Random_5684,674.9247631472497,944.5550092316837,0.07333442611855501,0.1477980918624618,210000.0
Random_5685,542.1896787914937,771.6082756707892,0.06767386740966315,0.13456080457125202,210000.0
Random_5686,599.7306542537697,821.6396438191938,0.06921920012339608,0.1370382188985828,210000.0
Random_5687,667.3584174844414,966.247567113627,0.09191036104637491,0.18933256070007654,210000.0
Random_5688,748.765278092622,1056.866053383695,0.09117631836436244,0.18667665032698583,210000.0
Random_5689,764.9926847478152,1038.7145652544295,0.06566257396308442,0.13085249163798782,210000.0
Random_5690,679.7911364495535,940.8229529189778,0.06655247693532708,0.1327443602468093,210000.0
Random_5691,508.5273266657946,714.7947362338731,0.089628847560609,0.19061247953206595,210000.0
Random_5692,791.6385103406573,1118.8457528000306,0.09214044416446752,0.18923935664251434,210000.0
Random_5693,741.4724116335793,1008.6490462752593,0.07649916525061268,0.15737150434263594,210000.0
Random_5694,725.2609704556498,1010.0267501725766,0.08800285981280512,0.18508879933808192,210000.0
Random_5695,639.1311265062714,916.6245999219698,0.07779524370301794,0.15492040368036034,210000.0
Random_5696,479.5124357028632,697.0632612429457,0.083957494017494,0.17521814799340307,210000.0
Random_5697,401.59710486636345,614.9996983529287,0.09267947682104866,0.19322878834433738,210000.0
Random_5698,590.0884678230249,865.342633080739,0.07974326367832471,0.1567487421599562,210000.0
Random_5699,606.545229464027,828.6069022393159,0.07921643120777873,0.16296258571848393,210000.0
Random_5700,663.0512772306,909.0470104556887,0.07594640144392857,0.15724157345273926,210000.0
Random_5701,401.3466001869466,592.7823917801743,0.08814066632042053,0.18709631424730838,210000.0
Random_5702,746.3239885417179,1042.3081360139797,0.0826480060783323,0.16814429043290477,210000.0
Random_5703,682.3846151252571,972.534941210342,0.09345189984290513,0.19281719343248607,210000.0
Random_5704,621.7043717672145,873.4118814276036,0.07545455751215575,0.15245688821876763,210000.0
Random_5705,746.6599725666615,1017.2118368165449,0.07238176770537919,0.1467455640688857,210000.0
Random_5706,710.3195150864482,992.5739617979126,0.08738183839975557,0.18323997679374962,210000.0
Random_5707,605.5510554253074,874.2760515201302,0.07747790631638496,0.15571955635826315,210000.0
Random_5708,599.5900805513166,824.5122096986287,0.07232602889624296,0.14878300134887293,210000.0
Random_5709,715.3571688736541,981.9304917393601,0.08822573924159838,0.18608200623849977,210000.0
Random_5710,640.6646709417062,881.2225071097878,0.08527049847835524,0.17963305589267092,210000.0
Random_5711,614.7385498714634,873.1521373757928,0.08349099164779794,0.170670641762823,210000.0
Random_5712,590.7067136755079,850.8996286886419,0.08247345794488545,0.16926993220080808,210000.0
Random_5713,389.55464429712055,638.3391739183866,0.10895214477860118,0.2312763229734646,210000.0
Random_5714,596.2821320880637,871.619880161056,0.083286224971806,0.16845452014948115,210000.0
Random_5715,799.3960019186342,1126.0126550846924,0.0723731337773131,0.14015720455973796,210000.0
Random_5716,757.3565127085701,1062.3080706692235,0.07706480238455504,0.15275328355132378,210000.0
Random_5717,532.8293070703004,762.7917640744374,0.09725834406498324,0.2086468976030578,210000.0
Random_5718,626.391205553089,874.1117574454272,0.0732560813674392,0.1481066279923423,210000.0
Random_5719,598.6274636946167,829.0493913372525,0.07341713040123313,0.15084555031693164,210000.0
Random_5720,559.3499291571432,798.7669918525654,0.07909317926906148,0.1609997240262548,210000.0
Random_5721,605.8498967515836,892.6187502491509,0.08425216098585196,0.16968707211532374,210000.0
Random_5722,734.3131284840345,1035.1363972707431,0.0943084361487365,0.19840098263992073,210000.0
Random_5723,667.7707862716172,947.4360940019315,0.09690859402471588,0.20473384814533657,210000.0
Random_5724,595.9946451309695,875.7276708563894,0.07558226703021342,0.14693577658886164,210000.0
Random_5725,598.6171154783053,825.9612418836465,0.09440881967659079,0.2038448714556665,210000.0
Random_5726,642.3417249899552,901.2007333451087,0.09692061183602126,0.20577529533384004,210000.0
Random_5727,383.2653321081975,612.4527488319742,0.0748554919172655,0.14625948814516465,210000.0
Random_5728,642.1018633360201,876.2025732862485,0.08929047766561343,0.19093479907024535,210000.0
Random_5729,626.2839331098791,898.400565435031,0.09837582736596845,0.20897970911726688,210000.0
Random_5730,597.7169720542236,873.3719849920546,0.09658851601730363,0.20091003918298814,210000.0
Random_5731,583.0675582008308,805.2120883786117,0.056540271472159884,0.10584765334686261,210000.0
Random_5732,624.489038382964,851.1218073463996,0.06838780471294427,0.13871205349227525,210000.0
Random_5733,678.4333372025187,956.1121181182011,0.08610498482223476,0.1775926491141303,210000.0
Random_5734,656.1299793873704,949.6268093254253,0.08527470287003282,0.17025485917467695,210000.0
Random_5735,633.7585831568247,861.9658621940583,0.06713492590735294,0.13293400320657944,210000.0
Random_5736,788.4749746620734,1056.478949513739,0.05276200408932229,0.10143727984794382,210000.0
Random_5737,349.8675129968874,557.5302785197802,0.0870759959630073,0.17797437076995615,210000.0
Random_5738,664.8483346401118,932.2089593295615,0.10002343794804548,0.21544087973133133,210000.0
Random_5739,761.437101768802,1016.3140072469791,0.06118369950784505,0.11971328653125027,210000.0
Random_5740,679.4781954817619,925.4771200343289,0.08444933631630787,0.17895546863312317,210000.0
Random_5741,451.40818307231467,652.0069979043294,0.08403345578988164,0.1739525763489977,210000.0
Random_5742,712.8131135448715,963.0080533050674,0.07689856460162063,0.15963627841407382,210000.0
Random_5743,715.7656315531653,1026.347304117927,0.08693149099733309,0.17715849719979151,210000.0
Random_5744,670.99850581403,918.0625600555994,0.06962964738601332,0.14024315276175242,210000.0
Random_5745,621.4056515529348,886.6127858790408,0.07961387743448897,0.16089449619665463,210000.0
Random_5746,526.2353438576688,760.018893331643,0.04861805097138328,0.08138685610149615,210000.0
Random_5747,617.0666182075556,876.4645495983921,0.0783625139057276,0.1590145639719989,210000.0
Random_5748,572.2170535076151,804.6263935317115,0.07233646698033026,0.14719546305426484,210000.0
Random_5749,489.74249372094783,696.6072778316095,0.09657311225266305,0.20710162622134287,210000.0
Random_5750,584.0124387279491,819.6390732852936,0.060881942341836824,0.11634917265991819,210000.0
Random_5751,581.108737618026,855.1130732766338,0.09416989986612467,0.193073962686238,210000.0
Random_5752,683.9916743640998,982.0591113763874,0.07420595440815929,0.14529809588830928,210000.0
Random_5753,720.4975122548813,971.8671475290191,0.06225643863443877,0.1252601469833917,210000.0
Random_5754,789.2720832057133,1116.148990380967,0.07914198455451266,0.15823978108066208,210000.0
Random_5755,693.91900510338,942.590666281837,0.04891123851681578,0.08617471579607891,210000.0
Random_5756,670.8966229498749,919.7267859559674,0.0834193157296618,0.17597888599864406,210000.0
Random_5757,726.9108417812109,1033.8363381599236,0.07572572501148808,0.1478225339246543,210000.0
Random_5758,662.705226851137,943.9266728143016,0.10184013761326272,0.21749876550368968,210000.0
Random_5759,343.43823798020094,531.6377662201623,0.09362469521038023,0.19879869606306463,210000.0
Random_5760,833.1921446353283,1153.289533361436,0.061012363571651025,0.11398078016269839,210000.0
Random_5761,667.6398621966844,915.0205581888744,0.05282169777161802,0.0954751857060283,210000.0
Random_5762,683.5373922755622,952.6321467043199,0.08795765368394222,0.18279071140417025,210000.0
Random_5763,627.3980070422258,872.3650236002599,0.0609434279908864,0.11625711935443489,210000.0
Random_5764,780.1300106330862,1091.4063744232944,0.07480332460693391,0.1486144492043711,210000.0
Random_5765,667.4647059218954,923.0783774168342,0.07572231915470078,0.15536913705170832,210000.0
Random_5766,806.5371109111571,1126.2321193066366,0.07990097909497382,0.1596597714212117,210000.0
Random_5767,715.6934380512405,1005.0457432797593,0.08240000574934414,0.16947156599090316,210000.0
Random_5768,731.3204703491492,1007.4022960456155,0.05920772588800717,0.1101284045212713,210000.0
Random_5769,652.5349511931516,926.746244588056,0.06328271921437054,0.11693559519474976,210000.0
Random_5770,812.599826807066,1143.2722651577894,0.08122055362174474,0.16135374549248127,210000.0
Random_5771,728.9479963967606,1038.0688596557682,0.09570039853521373,0.19994165024258215,210000.0
Random_5772,633.1226659767797,853.7775932053019,0.05868163462234237,0.11344891972835897,210000.0
Random_5773,809.7939677064674,1126.8499412553067,0.06657654306685809,0.12719436510275167,210000.0
Random_5774,689.4979773501291,954.9105925931971,0.07367885456680744,0.1468175066147815,210000.0
Random_5775,597.7822803234947,815.6010733142238,0.06161390593086121,0.12041143016992534,210000.0
Random_5776,668.2320827206025,898.2159564193264,0.06619482641894273,0.1347976432913534,210000.0
Random_5777,735.8559457354999,1052.4235116807781,0.09156666612541176,0.18948478991539425,210000.0
Random_5778,633.3969942799718,865.38405869753,0.07047193773102237,0.14248293877916168,210000.0
Random_5779,708.1319041848349,995.8073507663983,0.10481860826837577,0.22656222348132335,210000.0
Random_5780,571.109841149576,839.059887288485,0.0867284901990672,0.17751054564340474,210000.0
Random_5781,653.0925573542484,931.4871444316199,0.07476201198456287,0.1480248885413878,210000.0
Random_5782,415.02837295374025,676.0426426202147,0.10811905017875403,0.22575799952494624,210000.0
Random_5783,560.5915771289086,770.4971199296235,0.07576152568303046,0.1542820385556431,210000.0
Random_5784,482.96795686548137,680.2921977356206,0.07659312744747868,0.15486211512275025,210000.0
Random_5785,526.0462055988361,725.5152813717751,0.05919912399956476,0.11354907081709506,210000.0
Random_5786,516.5239121953865,735.8948347766197,0.08976954804559424,0.190442479976188,210000.0
Random_5787,339.9528676797382,531.5731621221896,0.10105576337757195,0.2173164578956678,210000.0
Random_5788,513.5369898177803,727.3526265524588,0.0553660787984577,0.10288976000206801,210000.0
Random_5789,728.1937472720742,993.969328022333,0.0736989043051297,0.15218676803969797,210000.0
Random_5790,660.138546882975,927.4914404925163,0.10406017207185066,0.22502333368610658,210000.0
Random_5791,628.9814017228462,869.7928208763174,0.05764774703509247,0.10740204585261295,210000.0
Random_5792,618.3083149452916,857.2802904004469,0.06313056790081478,0.12444607436030132,210000.0
Random_5793,693.0600438144502,961.0646732812081,0.07428012335730186,0.1518422139929683,210000.0
Random_5794,594.3775581908615,867.2854672880314,0.07528021907145387,0.14705683612277662,210000.0
Random_5795,695.6748654114989,943.2808383145729,0.07358128566936725,0.15120604521725595,210000.0
Random_5796,566.137349245238,826.7881267148845,0.07686807400398726,0.1496936064663006,210000.0
Random_5797,496.1592732498092,706.3783192236734,0.0957870324303075,0.2045143456324969,210000.0
Random_5798,369.20745754908484,567.6776527854435,0.07958280318515333,0.16348056417139403,210000.0
Random_5799,611.0543591478552,867.1871080399374,0.06589003268599623,0.1241409777603941,210000.0
Random_5800,721.5360466589702,991.644109067624,0.07715636900881188,0.16006004635793894,210000.0
Random_5801,697.3105507216417,986.548794784002,0.08466923259912583,0.17496619504712843,210000.0
Random_5802,664.254995270153,897.0092742223916,0.06710637456890493,0.13463615979448915,210000.0
Random_5803,435.91195808122524,641.7037037875656,0.06651109220872818,0.1280659780097518,210000.0
Random_5804,801.7245277073205,1106.229731938328,0.06688778613229626,0.13104281000665766,210000.0
Random_5805,788.5119173309479,1059.594722059727,0.04753807069814451,0.0859598847011725,210000.0
Random_5806,505.7896948438845,767.8651095639607,0.07731862043356014,0.15280806710956704,210000.0
Random_5807,721.4728694564849,995.1874983644013,0.05569057192518735,0.10062916540316721,210000.0
Random_5808,584.7646772461488,818.0902523368287,0.07174258468133332,0.1441914496176511,210000.0
Random_5809,599.1288937068726,815.4807448117857,0.07270952718989959,0.14941666583636828,210000.0
Random_5810,408.5352563561697,598.7796770009018,0.08106104739942628,0.16975603402796569,210000.0
Random_5811,687.9884569650532,941.4172094827959,0.077514186709981,0.1592883494023556,210000.0
Random_5812,543.7316529360463,786.3800410818196,0.09348623235148652,0.19522260435596933,210000.0
Random_5813,709.0943142389044,955.0485389530184,0.053374708714684645,0.09974535725400493,210000.0
Random_5814,598.802590771348,853.856233231451,0.0944220501888782,0.19766427118840824,210000.0
Random_5815,510.2515899426572,782.9625745827067,0.08437486419457718,0.16603214069088953,210000.0
Random_5816,543.2329550640571,782.2966299388927,0.0796822889955429,0.16379029938682044,210000.0
Random_5817,721.903641457202,1026.7232129176093,0.10181970884026921,0.21654707125571426,210000.0
Random_5818,786.8016683159486,1092.751760393226,0.06356116969211444,0.11920148655316568,210000.0
Random_5819,599.5562304290403,869.1798068434225,0.08768899219522666,0.181380323886918,210000.0
Random_5820,619.0440852723034,886.223147562013,0.07255567665256951,0.14310031497707543,210000.0
Random_5821,585.3366648854638,821.5449824392614,0.06857858692216373,0.1350951562886876,210000.0
Random_5822,711.2088957216649,965.5904019134475,0.08792047737540462,0.18957939179570465,210000.0
Random_5823,745.8373016389736,1018.8302120511894,0.06607177401712837,0.12851140219952137,210000.0
Random_5824,768.0442966165518,1082.3415279300452,0.06772227286041438,0.12977466889846187,210000.0
Random_5825,398.80082509642745,617.9501339100569,0.08111861490588045,0.16459087163707342,210000.0
Random_5826,752.5290584625425,1058.8956778239396,0.0912357034807264,0.18814528745081394,210000.0
Random_5827,725.4110281116862,971.9422457846891,0.06238895911243779,0.12392015721717725,210000.0
Random_5828,538.7261361681515,755.1641676850774,0.09020098987021777,0.1928148607565858,210000.0
Random_5829,649.4019024348797,932.7012976369884,0.0693663154292772,0.13224993498677126,210000.0
Random_5830,651.355911380112,937.43678536345,0.0955724219483755,0.2008518429269901,210000.0
Random_5831,668.2249641941794,956.7836905936966,0.09998853117707834,0.2122176583340237,210000.0
Random_5832,744.38320901854,1062.7529235662425,0.10529693754262057,0.2244228909891867,210000.0
Random_5833,775.0977400845021,1036.9799467239777,0.05280874708016324,0.09887717126606857,210000.0
Random_5834,642.5364569817303,880.4191514704329,0.06872494152474994,0.13900934014243138,210000.0
Random_5835,603.1978431263957,881.7018374057437,0.07993664339472875,0.15761541896120299,210000.0
Random_5836,423.72062820477225,627.4630950922262,0.055237261242182166,0.10143878376766348,210000.0
Random_5837,771.8765348999367,1073.922898920396,0.0707820698293923,0.13819090616676047,210000.0
Random_5838,779.572916441597,1064.77925535041,0.0578795942618027,0.10874332901042022,210000.0
Random_5839,733.7007068916146,976.2850567671474,0.05035677075279836,0.0948702841699524,210000.0
Random_5840,502.86973242545616,728.0417552309355,0.08508697110657325,0.17590591510717868,210000.0
Random_5841,768.0101565989996,1035.317702870876,0.06380805339743097,0.12906735918901457,210000.0
Random_5842,444.1066357269203,710.9097267055892,0.1081095348906482,0.22633357799199888,210000.0
Random_5843,758.8533725968473,1065.8048800405606,0.09290626120464891,0.19425860307492912,210000.0
Random_5844,422.32966745689043,634.8245553332908,0.07698227517542042,0.15409140149924452,210000.0
Random_5845,421.2623804519841,615.1816331779141,0.06262332966542286,0.1206860951538912,210000.0
Random_5846,539.8093040190789,771.9211507553076,0.06383484514250717,0.12260752153304556,210000.0
Random_5847,561.0817095178594,792.8223466681403,0.0939132995835368,0.1986320229521168,210000.0
Random_5848,615.3605943955986,858.0775602742165,0.08706718097712023,0.18074611696755344,210000.0
Random_5849,717.8027472415747,981.2530451976107,0.05548137425832985,0.10267831469203195,210000.0
Random_5850,495.63690053037726,714.2321275422615,0.09571481255578565,0.20441655280005347,210000.0
Random_5851,736.2396805868766,1043.0645045992737,0.07258276465580069,0.139555084886751,210000.0
Random_5852,626.0906264964436,921.2809802500205,0.09778031723030627,0.2000684945682841,210000.0
Random_5853,732.9366220065066,1037.144299827085,0.06942582757426453,0.13212525437407702,210000.0
Random_5854,727.1493962952687,976.4635965152547,0.05704857695130743,0.11139084787506483,210000.0
Random_5855,537.1027919749796,739.1372495742079,0.05709270380507402,0.10767598033371292,210000.0
Random_5856,420.8241439806103,617.5616361564785,0.06258603924242619,0.11855558418929618,210000.0
Random_5857,466.1852599549112,704.6736073182393,0.08850411846978046,0.1814155973270935,210000.0
Random_5858,651.9063762723523,931.0197881439681,0.0767615701328645,0.15158554792116968,210000.0
Random_5859,660.1057629931724,888.3411931611442,0.06540231234949634,0.1294808503314802,210000.0
Random_5860,643.420854577747,906.3862537192139,0.07824631344917127,0.15745326241051524,210000.0
Random_5861,673.4894357628217,905.9642975170007,0.05104181908094518,0.09281437438868016,210000.0
Random_5862,716.7442925682242,1008.145302416356,0.09525040707274612,0.2023514333801785,210000.0
Random_5863,764.854069253923,1094.6666045546158,0.10101367034371679,0.21070760408948405,210000.0
Random_5864,519.4269298607957,754.1430683850491,0.07053320293851574,0.1404931880593739,210000.0
Random_5865,511.3640665729853,789.0433650475869,0.10773581492143747,0.22465609184314714,210000.0
Random_5866,723.7185051428966,979.460443065014,0.05671180411159931,0.1081494823128264,210000.0
Random_5867,397.2714699546105,625.1867036236229,0.09759290161151662,0.20334596158466822,210000.0
Random_5868,592.6253554969462,851.2608390628334,0.07028666274683684,0.13654510169299783,210000.0
Random_5869,669.0316224688595,928.7137406933438,0.07284285698633468,0.14662965074507417,210000.0
Random_5870,685.0695484324883,965.8971727033324,0.0629203327460054,0.11847348647260239,210000.0
Random_5871,749.8129023681557,1042.5912067159838,0.073136893078956,0.14392504590707036,210000.0
Random_5872,708.9493095890667,955.1835628960081,0.06420733678123496,0.12648653134488427,210000.0
Random_5873,686.5287244073594,962.595747058205,0.10128698790925401,0.21821814518300606,210000.0
Random_5874,669.5478983820392,920.3358925583179,0.08376787062754068,0.1734559366410287,210000.0
Random_5875,783.0434183401856,1090.2283023579294,0.07920099567382773,0.15982846112018273,210000.0
Random_5876,636.318376387104,899.9420827168688,0.05691835628327471,0.10242812333571616,210000.0
Random_5877,691.7770104697993,974.694234828336,0.0728566652826628,0.1451024683058854,210000.0
Random_5878,719.8143522693955,988.0864296041725,0.061864717364760916,0.1186532677136113,210000.0
Random_5879,742.4663243008716,1064.019376009076,0.10079865336240613,0.2125574790146478,210000.0
Random_5880,730.2127512531977,978.3245055650596,0.05751203084207879,0.11013750567154029,210000.0
Random_5881,374.81061697400844,611.9320523314565,0.09731728118074819,0.20297053673268622,210000.0
Random_5882,715.166489121274,989.2624465158203,0.08079147188053513,0.16610387011667468,210000.0
Random_5883,518.5720684360601,771.213305963907,0.06787856720140728,0.12897318541253017,210000.0
Random_5884,814.0641726509978,1147.174425153562,0.08097401114917151,0.16137886270786345,210000.0
Random_5885,714.8558592863944,1011.7511806187711,0.08956741534558524,0.18269421804596211,210000.0
Random_5886,755.3909583769669,1023.530696365627,0.07324871427799784,0.14774605078219838,210000.0
Random_5887,601.7266843496245,827.8908149161905,0.06769335484400053,0.13245674869156482,210000.0
Random_5888,725.408934504319,997.424921178367,0.0814341553030068,0.1705573900101127,210000.0
Random_5889,825.2973690370835,1148.7200587908524,0.070624202888513,0.14080115555804582,210000.0
Random_5890,512.8806803945861,759.9312941789253,0.06331685725739693,0.11664216334596969,210000.0
Random_5891,580.3261518583347,859.4832631054857,0.07663671889539506,0.1470664370671555,210000.0
Random_5892,710.8923411722544,954.633797818112,0.05100612384449599,0.09586817985579935,210000.0
Random_5893,703.975234357236,994.3996691074394,0.08033986510716318,0.16164391513102339,210000.0
Random_5894,649.2205405472803,923.960582521092,0.08424452119781264,0.16969058660164543,210000.0
Random_5895,703.0776275443027,1013.8234301467481,0.1062952240226114,0.2255328025349258,210000.0
Random_5896,778.4445367449972,1070.2062529979141,0.07352960721637332,0.14961419395705008,210000.0
Random_5897,758.0074138154157,1037.993403517832,0.07880736354596402,0.16411262243320424,210000.0
Random_5898,653.8265697468767,887.9134942307126,0.05962066978436022,0.11790790546976325,210000.0
Random_5899,405.1190350632791,602.1619198048998,0.0674651536467504,0.13354020314107595,210000.0
Random_5900,390.0084721646247,606.5524166338345,0.1070112492192895,0.22960045123494432,210000.0
Random_5901,631.5125684847895,889.6240591557671,0.07155304040982902,0.1437669581890627,210000.0
Random_5902,673.4802837004486,954.4633287605963,0.10560912282880605,0.227571433301426,210000.0
Random_5903,771.3301872169639,1023.7389910831857,0.05080526588025219,0.09525744954471121,210000.0
Random_5904,716.3072013361344,1003.5249203083325,0.07352065015029881,0.1445743752548988,210000.0
Random_5905,476.34790214533564,698.0998745860614,0.08843131528583494,0.18415361039671915,210000.0
Random_5906,649.4903323330404,878.5772969671293,0.05582034658902461,0.10621969821397118,210000.0
Random_5907,656.6452032110791,921.491712933204,0.08710073765760033,0.18302707176553448,210000.0
Random_5908,564.1009862130666,817.9724118964474,0.06790248662741243,0.12910538134125232,210000.0
Random_5909,609.4401228131821,853.6475850128845,0.06667692782026755,0.12771970918848183,210000.0
Random_5910,741.6850192404482,1023.4122426249646,0.08011302241582371,0.16239073615177038,210000.0
Random_5911,646.6241668458756,880.850454685854,0.08022710214020944,0.16906477804420994,210000.0
Random_5912,769.3891234088067,1026.6561902163905,0.058992192874409446,0.11481365988653658,210000.0
Random_5913,838.3437773853868,1161.9055696024411,0.061347085457189046,0.11546706992524583,210000.0
Random_5914,537.2397260381942,756.7440611623937,0.0791971799306299,0.16403043154963692,210000.0
Random_5915,590.4785930415566,862.8289736638782,0.058857857156282445,0.10357836874397967,210000.0
Random_5916,768.7013632180791,1049.4532865561,0.07577119019167548,0.152968959703076,210000.0
Random_5917,433.43909213226465,695.793733569786,0.10014861639680565,0.20755075406755175,210000.0
Random_5918,768.9411198109983,1034.182379832393,0.05660639710911403,0.1076777185221322,210000.0
Random_5919,776.8356694184229,1084.210349401293,0.07479673584159656,0.15109554183702154,210000.0
Random_5920,523.0381603196732,746.2201240188548,0.08126843162148979,0.16672458814023053,210000.0
Random_5921,769.3720320572131,1092.6230244931621,0.0916294240682317,0.18707123743388085,210000.0
Random_5922,691.8798801534228,987.0653096298868,0.07714210248786416,0.15038541498732955,210000.0
Random_5923,738.1395574168133,1040.042736747579,0.0670080253945451,0.12666480367990673,210000.0
Random_5924,698.5336549551448,970.9606122673505,0.05908190095826153,0.11012353675924934,210000.0
Random_5925,483.8226045437981,745.7117901754083,0.0977134969787499,0.20138898640703698,210000.0
Random_5926,551.3587099959811,760.9927326018513,0.05050429146729658,0.0917450605769958,210000.0
Random_5927,585.8562851381948,850.7170670193121,0.08770529957959819,0.17659735713384356,210000.0
Random_5928,637.5514023159075,892.158393854029,0.07963368374871027,0.16144572950341962,210000.0
Random_5929,496.5604760990695,737.5907659583964,0.10109968950852745,0.21277017179066093,210000.0
Random_5930,539.1283414819108,797.5771132608799,0.09818902505185965,0.20416489578293218,210000.0
Random_5931,770.8521781956271,1082.7288950567684,0.07619302264523246,0.1533149065344927,210000.0
Random_5932,812.3911063844091,1140.4927808630462,0.0823517092260388,0.166478820974106,210000.0
Random_5933,792.6229226307856,1091.1030922266093,0.07334365456263464,0.14542996396240046,210000.0
Random_5934,642.3853358816853,892.5471118267172,0.06432314611364554,0.12409528782877166,210000.0
Random_5935,597.6330791763688,817.5558358851389,0.06495626249713755,0.12848737684790695,210000.0
Random_5936,673.997675209323,956.2189031392338,0.08306880652110962,0.16891049677781086,210000.0
Random_5937,789.8169175893185,1112.9603457991934,0.07533388198195487,0.14616473810220987,210000.0
Random_5938,555.6874537727113,789.2724515976557,0.08326278072264219,0.17313270609383724,210000.0
Random_5939,468.02611912179054,696.917241975935,0.07822763097812291,0.15703768272493002,210000.0
Random_5940,413.2753404818443,625.2479870562647,0.08647557812186132,0.1773599532920403,210000.0
Random_5941,716.7089452277152,956.297702963309,0.05739729809669594,0.11061276660239083,210000.0
Random_5942,616.3548942541888,870.5922008903016,0.07040749319614639,0.14018843476311513,210000.0
Random_5943,561.467631989608,789.5211787430641,0.0797752402527534,0.16117308469436772,210000.0
Random_5944,650.4159564017339,875.9404260801014,0.05664987889480545,0.1111419366643257,210000.0
Random_5945,679.6035070558135,976.046906680057,0.07248736213157767,0.1381890856046165,210000.0
Random_5946,671.9483414855141,962.1561970746202,0.09723798154630124,0.20428249736769416,210000.0
Random_5947,428.02904575955364,675.6054442158793,0.06672896408282765,0.12342550653837153,210000.0
Random_5948,675.5774930158815,920.1584019934685,0.07751120015790901,0.1584799914355139,210000.0
Random_5949,780.0589357922066,1084.4700192848118,0.07655713913511887,0.15631863331630583,210000.0
Random_5950,761.1013410581793,1047.6162015064654,0.0686215814372129,0.13676175052549372,210000.0
Random_5951,568.5995195993731,826.2904642851532,0.09959254365848125,0.2088303341062967,210000.0
Random_5952,690.3886451656833,988.2389561559182,0.09782928116176805,0.20514711487318368,210000.0
Random_5953,662.5065655485436,914.5951746413126,0.09137990694301723,0.19441500064077147,210000.0
Random_5954,783.2152289640605,1104.7487424669125,0.08146848861566773,0.1639444094007601,210000.0
Random_5955,630.64261143957,879.5363365125768,0.07595391627692448,0.15594082117339897,210000.0
Random_5956,466.9446485489819,666.405681974319,0.08268048980585617,0.1718621597847859,210000.0
Random_5957,643.6467277052162,890.163623117721,0.06983387293975862,0.13789426041504677,210000.0
Random_5958,635.9670174301102,879.7251492941215,0.05851890283268734,0.11065171486107997,210000.0
Random_5959,734.3128633537762,1047.330515895749,0.10183585618036446,0.2151806568233964,210000.0
Random_5960,650.7734891485209,880.7894909608358,0.06728765632000826,0.1368272190646702,210000.0
Random_5961,505.4585767249086,733.802923326568,0.08001006486972627,0.16241008011545083,210000.0
Random_5962,738.594067674572,1026.812598691843,0.06972870113875232,0.13462220182537132,210000.0
Random_5963,596.3847413866991,821.2002978917956,0.05638513207179345,0.10724567546930165,210000.0
Random_5964,726.8245923947675,1042.465668186914,0.10531666838965703,0.22243837556216328,210000.0
Random_5965,695.0006897695488,963.4655277639304,0.07017663812016647,0.13783883577925338,210000.0
Random_5966,485.4082802883281,733.9290421196562,0.10716243380887548,0.228817897432655,210000.0
Random_5967,608.2469687544842,830.263140089238,0.060443206488692475,0.11654991037322826,210000.0
Random_5968,600.5236781636468,859.7633129251141,0.07445843156119218,0.14528746274368443,210000.0
Random_5969,667.2981192177127,960.5377408112358,0.09801404137948815,0.20625497795049536,210000.0
Random_5970,561.3193723103253,829.7017601799579,0.059473679273422134,0.10548765542661348,210000.0
Random_5971,453.6928357989267,682.1665070150027,0.10188051422301936,0.21663144513191115,210000.0
Random_5972,760.3227493483743,1054.500960774424,0.07161043393190554,0.14235287050385437,210000.0
Random_5973,682.1335584823191,983.0796158932396,0.10433683484645194,0.21991988095287585,210000.0
Random_5974,415.9933001754566,617.3702195129378,0.04869488387321927,0.08351869211863457,210000.0
Random_5975,631.1540998110266,868.3959602990956,0.0809150199568139,0.16625422362183834,210000.0
Random_5976,513.7716765437425,741.6455288392754,0.0931778613345443,0.19601689805636316,210000.0
Random_5977,496.5150011025454,745.3839093013779,0.07462081551254929,0.14833283521686053,210000.0
Random_5978,717.8293319266737,1021.0025152898016,0.09353244063731729,0.19151618306681206,210000.0
Random_5979,602.468638573094,836.5714547931243,0.09333796616385985,0.19989572146601825,210000.0
Random_5980,754.6181607696544,1041.6201545156898,0.08708127404640072,0.18279496075828297,210000.0
Random_5981,526.2635633703206,765.0947605268533,0.0931548270125267,0.1935178368291205,210000.0
Random_5982,593.5991090484563,826.2861678595837,0.07362224563417258,0.1499603890872586,210000.0
Random_5983,584.460333355735,866.4112506960033,0.10533887784623336,0.22296457498362213,210000.0
Random_5984,533.7213637783175,775.8183353715452,0.055188931298702074,0.0971171014257782,210000.0
Random_5985,689.2718552558292,948.8616476021466,0.09331072311981424,0.2000810250282304,210000.0
Random_5986,575.6937661784316,845.0178807187892,0.09051752687661165,0.18676120424022655,210000.0
Random_5987,718.2965218125483,978.7314550659402,0.07688587179697826,0.15595550228754607,210000.0
Random_5988,735.9411690593297,1032.4219769584442,0.05608430866510326,0.09876648573023045,210000.0
Random_5989,507.72395719932257,774.7783628867049,0.08471418335454736,0.1667769242714637,210000.0
Random_5990,714.0755876498247,971.3082332998356,0.0680870827544196,0.13424490856655358,210000.0
Random_5991,474.5681662141408,722.7325133524714,0.08619296283594209,0.17693941888534037,210000.0
Random_5992,531.0077066110529,787.8163874515635,0.09712714072162001,0.20160093957708622,210000.0
Random_5993,679.9502194969476,939.8511659062937,0.0691469530991436,0.13673178626480034,210000.0
Random_5994,597.7980822168078,858.9441232292644,0.05736236299472396,0.10224228945240751,210000.0
Random_5995,686.8303450234478,921.3165088027663,0.0520953642023968,0.09744626869406639,210000.0
Random_5996,382.05057989955156,615.9736357438591,0.08134423689503884,0.163790293025467,210000.0
Random_5997,653.8930760446466,933.7593620614247,0.0873134785125029,0.17736056063523373,210000.0
Random_5998,674.2711442313931,899.9627678520835,0.04935186585314237,0.08955787408520834,210000.0
Random_5999,498.6022791075647,723.8427325574598,0.08503495391620577,0.17729622740238923,210000.0
Random_6000,730.0916871910044,1025.8786538815937,0.09153083762484839,0.19296865394666712,210000.0
Random_6001,537.1179225544038,798.6972966166271,0.07779956985067409,0.15511074831651886,210000.0
Random_6002,728.1785117387586,1037.1490333723355,0.08010853597773158,0.1589065756895301,210000.0
Random_6003,708.3070733627594,981.7613274162139,0.07253410679356609,0.14714586149696068,210000.0
Random_6004,660.7195890797243,943.582128146428,0.0781745144316491,0.15751205471351393,210000.0
Random_6005,771.559602185324,1055.846064101267,0.0754168569369928,0.1563592376893994,210000.0
Random_6006,685.1715533788937,943.2765099362534,0.06961816325551551,0.13903166714377185,210000.0
Random_6007,668.4928641191958,958.5761911860749,0.08945494054894254,0.1811960502419724,210000.0
Random_6008,790.3192476196796,1129.3079284410487,0.1036019461367849,0.21900257572971363,210000.0
Random_6009,550.2153230610116,804.390107378463,0.08961711129044887,0.18567765774010547,210000.0
Random_6010,573.9287495097403,792.8634930190433,0.08966647451350984,0.19006943828174602,210000.0
Random_6011,694.8274312443023,941.7924117476451,0.055861937275323334,0.10375112470268756,210000.0
Random_6012,432.84729263976305,699.3947147861949,0.07776640595999211,0.15126468083825512,210000.0
Random_6013,688.2818030304904,985.5935815719048,0.10319804096921174,0.21962095986186334,210000.0
Random_6014,620.3873172252579,881.322485361377,0.0837513911211872,0.16987194839870728,210000.0
Random_6015,530.689024756996,744.2638109793637,0.08357602611347482,0.17516470472395534,210000.0
Random_6016,655.3397015323018,890.6015437381192,0.05398625486393464,0.09999681072605013,210000.0
Random_6017,500.4715058352505,745.7920812304918,0.0912566513396904,0.18993476490418743,210000.0
Random_6018,521.6752237752575,763.6748548037109,0.07384599104615537,0.14415908492580604,210000.0
Random_6019,585.0289848435687,802.953988829,0.07669727805883794,0.15735505604686398,210000.0
Random_6020,520.4190987658525,737.1860442822707,0.0895465054706725,0.1889816290820505,210000.0
Random_6021,693.3592786599927,933.5093695209143,0.05778351026524222,0.11184106886758594,210000.0
Random_6022,486.7759448804477,732.8061925307196,0.08316449643967666,0.16501921588416796,210000.0
Random_6023,680.2033279771053,959.0318640147008,0.08266739608187709,0.16908095695263153,210000.0
Random_6024,809.0004219067232,1111.8176963956948,0.055985544203924105,0.10210245489978595,210000.0
Random_6025,422.8797674319765,635.7556423742113,0.07322739026548011,0.14605087249779095,210000.0
Random_6026,728.0515580735326,995.4530574879824,0.06094099063127854,0.11664827396034913,210000.0
Random_6027,765.1420167722534,1083.00745774685,0.08780475356091598,0.18065860198705241,210000.0
Random_6028,749.199624788571,1021.8391132343361,0.07938967100617707,0.16503653576173355,210000.0
Random_6029,662.8861631296963,938.0990816872902,0.06281868264575559,0.11851893796734522,210000.0
Random_6030,557.5408421307263,780.1302213915798,0.0975964813742249,0.21142316609826722,210000.0
Random_6031,503.4511451904256,765.62776466968,0.09574087508269963,0.19602065333850205,210000.0
Random_6032,630.4243224665506,909.2636693936364,0.09678664002137755,0.20222897004792653,210000.0
Random_6033,748.699611938615,1019.0407658630171,0.053656692029265415,0.09748613692430202,210000.0
Random_6034,836.7233918014688,1150.9190828214787,0.05286479337473869,0.09464484683896249,210000.0
Random_6035,706.8443632854718,995.9359648801247,0.09135635265715313,0.18839865680858062,210000.0
Random_6036,689.6699962904358,942.5973939587395,0.08053510362484774,0.16528945260215028,210000.0
Random_6037,790.221779871558,1059.858075574051,0.05384274031241202,0.10422031746609875,210000.0
Random_6038,757.437544555989,1053.6778953247288,0.08316102861515479,0.1728210321202845,210000.0
Random_6039,718.7358374667682,1028.8496768784448,0.0842738539419311,0.17076376303264812,210000.0
Random_6040,653.1458249081658,900.954130448339,0.07625076056572959,0.15775498973013394,210000.0
Random_6041,508.010730070852,729.3772715439857,0.08571708002435062,0.1782574908459958,210000.0
Random_6042,617.4640336812339,848.4208897445606,0.051813560101210104,0.0948582196136025,210000.0
Random_6043,573.1587494634992,829.7910219283328,0.08958754479637146,0.18423202594074561,210000.0
Random_6044,439.9074010362667,688.6791481376395,0.07402432612157453,0.14202578138816851,210000.0
Random_6045,628.5784307777502,915.7820564539101,0.09740962417208042,0.20169432729231362,210000.0
Random_6046,762.5964148456168,1073.6248137547311,0.09091861402842324,0.1891429445277709,210000.0
Random_6047,562.7425802732224,793.3481675920323,0.08299649368888329,0.1715305240907868,210000.0
Random_6048,675.8783218888203,964.3393648481118,0.07690072693912112,0.15006022674772368,210000.0
Random_6049,619.2906293435246,879.7401571674054,0.09441560972174123,0.19852237995153818,210000.0
Random_6050,719.2655309925547,998.6293510095115,0.10246844794338099,0.22293259030206383,210000.0
Random_6051,544.9668717296996,779.1179022554778,0.07276455224645202,0.14361339806939227,210000.0
Random_6052,793.6518920351521,1064.173726880625,0.047154648770598634,0.08386770763651269,210000.0
Random_6053,429.01022774159026,623.2234015818606,0.07093653057041338,0.14261971302297638,210000.0
Random_6054,651.0351472348566,905.6319899394841,0.05057201667452454,0.08772127348308409,210000.0
Random_6055,471.6065938997801,699.7438809059694,0.08225625789461305,0.16920757122826083,210000.0
Random_6056,532.9141226967174,752.9818407001853,0.08049661778402008,0.16735403378636143,210000.0
Random_6057,586.9013266958038,805.1737220971496,0.0737812575608264,0.15127935250434824,210000.0
Random_6058,630.4101468334657,889.7575278634431,0.07648298208148065,0.1522877332523543,210000.0
Random_6059,759.9142426906557,1026.6176115309765,0.051418258660596794,0.0940564958236926,210000.0
Random_6060,610.0463015797268,891.8996568209222,0.09954529900276876,0.20768193224855638,210000.0
Random_6061,815.3207141066118,1124.6188167448597,0.06415135955414965,0.12184416794893699,210000.0
Random_6062,661.1232680007453,905.860386947651,0.07344161373376781,0.14870690529602265,210000.0
Random_6063,468.88078269241095,736.6082528304808,0.10109715792122885,0.20884391304600736,210000.0
Random_6064,700.8411733677195,975.7059284115021,0.10245778044805295,0.22222208627243312,210000.0
Random_6065,684.9705706841646,944.9521818459831,0.07270064807818527,0.14871071707449152,210000.0
Random_6066,419.87119567535484,610.449289671805,0.054729416472569396,0.10149666868931284,210000.0
Random_6067,531.195442561981,769.8632295890053,0.1063187426531102,0.22945959568459867,210000.0
Random_6068,773.5435861153697,1073.7010744630554,0.06997941239159343,0.13634782083723235,210000.0
Random_6069,683.4828803856807,992.2038257365255,0.10213355332632755,0.2124912183926566,210000.0
Random_6070,632.4915899311262,865.1982575275357,0.08422472209196646,0.17622715485150386,210000.0
Random_6071,821.8060645403191,1135.5634468078397,0.0635446627054074,0.12073848448409347,210000.0
Random_6072,625.3042385325391,847.6287324653564,0.054987212722931125,0.1023112425267457,210000.0
Random_6073,732.4997140022161,1027.6260007895946,0.07075087928086676,0.13709143448492117,210000.0
Random_6074,644.1383539340458,871.6372079995468,0.04924314711079762,0.09010525482682608,210000.0
Random_6075,538.8005300296871,767.3755867420548,0.09634264567813068,0.20540222751563852,210000.0
Random_6076,460.506632007849,706.2267656002242,0.07298495417111102,0.14248463309099096,210000.0
Random_6077,483.4516057477878,698.3005400977949,0.08572142047249347,0.1797325468182831,210000.0
Random_6078,759.1076541940624,1056.9633434641285,0.06390283385103857,0.12096472150455925,210000.0
Random_6079,545.1146200947286,808.3003112538134,0.1024563462533133,0.216889414743016,210000.0
Random_6080,769.6634889035363,1031.8467249503212,0.06041673235438778,0.11810314934601955,210000.0
Random_6081,629.8795355063121,873.4525807581347,0.07376944037311892,0.14841980955460776,210000.0
Random_6082,706.771321896879,956.9068931993094,0.0688924671103328,0.1397996015529419,210000.0
Random_6083,666.1070247117076,897.4323196741316,0.06458495283265542,0.12784131190250142,210000.0
Random_6084,765.0434819669025,1067.9259708459329,0.09318972241065575,0.19529034723237584,210000.0
Random_6085,674.5723525508878,933.307504234703,0.09692132905632722,0.20847482161635014,210000.0
Random_6086,381.7209479679592,601.6930789541393,0.08767301762647497,0.17825941420802607,210000.0
Random_6087,464.2733524391929,673.7323666971281,0.07913308867434604,0.16393540909378043,210000.0
Random_6088,507.8233420268176,782.8943568151975,0.09422923951950406,0.19134934985718244,210000.0
Random_6089,552.0658018505982,763.4601098057245,0.06222515301115975,0.12030165164074344,210000.0
Random_6090,699.7526129443462,969.2589402886059,0.08282344519050011,0.1686349624438816,210000.0
Random_6091,736.031638046451,1012.1346713086473,0.07885242201612808,0.162315572873328,210000.0
Random_6092,532.2376456626122,795.3651136410722,0.08221636166655605,0.16555066656653095,210000.0
Random_6093,732.3527315180576,1025.4036023857639,0.06184895120324829,0.11561274128117852,210000.0
Random_6094,826.1673855675833,1138.7724554539434,0.047830711096916334,0.08006024612307326,210000.0
Random_6095,563.3018287271661,791.013954126854,0.059669021689273814,0.11113030981118596,210000.0
Random_6096,709.660875099871,993.0584208400448,0.07318779007139907,0.14433118897911684,210000.0
Random_6097,711.2152507276043,1009.8542800373372,0.07058099795137977,0.13547171425272797,210000.0
Random_6098,798.9652762947119,1118.7028577585743,0.07557911167782931,0.1500742634385738,210000.0
Random_6099,373.4237348025517,601.7356556146698,0.09920357985157711,0.20616823476207907,210000.0
Random_6100,617.7543363264779,855.4476454714405,0.07913131466678085,0.16328336931880114,210000.0
Random_6101,672.076981647319,965.882023371433,0.07767470220734031,0.15072264899758275,210000.0
Random_6102,624.5139200932072,860.8166485188859,0.06838252145288329,0.13574970292451272,210000.0
Random_6103,475.57448126616185,682.0746392208077,0.060422485779035355,0.11485862548383795,210000.0
Random_6104,502.6014229468875,765.0821205523737,0.09882325745809518,0.20518583941554067,210000.0
Random_6105,613.5820134168486,900.5261480658531,0.08897367349373132,0.17978510510715673,210000.0
Random_6106,697.1942785336848,995.6888711268571,0.08556016464759675,0.17386378326334198,210000.0
Random_6107,810.8706061140365,1140.1990517677937,0.08018263876948517,0.16158093092460385,210000.0
Random_6108,684.0075197814145,959.5723958199136,0.06920938722434858,0.13376500786653384,210000.0
Random_6109,397.7004615516497,632.872780735177,0.09191201696089571,0.18602965940989036,210000.0
Random_6110,516.8045243294172,736.1334783172505,0.06542075877234546,0.1270574001551764,210000.0
Random_6111,602.4854261317273,832.1493790398434,0.06505838426949653,0.13046546033944367,210000.0
Random_6112,691.386932885557,987.943795454593,0.07169581315369508,0.13998365138424784,210000.0
Random_6113,582.9538779569232,822.0158440603655,0.07255177675629504,0.1441734537163746,210000.0
Random_6114,449.3377527590542,656.6236472392688,0.06851553308293132,0.13318479552733326,210000.0
Random_6115,555.6402113643711,783.1934307814145,0.05923920508254174,0.10951963169888433,210000.0
Random_6116,760.0946895120545,1060.1843860675758,0.08112036787306842,0.16269608097517926,210000.0
Random_6117,558.0986891003826,767.0826606270325,0.04683854579771719,0.08194171602747552,210000.0
Random_6118,580.3959537582165,799.059362219952,0.08561173002393538,0.18098934506685393,210000.0
Random_6119,704.8042521697894,987.5885516180789,0.07487028786153269,0.15045074867944774,210000.0
Random_6120,744.6607566971135,997.9834455301906,0.06700833330779983,0.13654162679804316,210000.0
Random_6121,819.414548267001,1126.1745815579457,0.06278862517480757,0.11995599988733477,210000.0
Random_6122,636.434724739799,904.9638830690578,0.07704274803729988,0.15636410932359804,210000.0
Random_6123,603.9181749171986,845.4277194754784,0.07251733431927787,0.14346741380810027,210000.0
Random_6124,770.3751155347161,1055.2275788627676,0.04906384037457395,0.08481433670573532,210000.0
Random_6125,680.0183178003629,979.2258957903937,0.08157407621502032,0.16499581187607984,210000.0
Random_6126,679.0171233459716,934.8955765285375,0.09851686836426625,0.21380495782181463,210000.0
Random_6127,667.8004662372197,972.00837317795,0.10311873062854476,0.21621074999849438,210000.0
Random_6128,818.2735370701317,1138.6057496856968,0.07233418541511918,0.14149112843872325,210000.0
Random_6129,795.1346403835133,1138.94395092565,0.10911296125014872,0.2326035682611408,210000.0
Random_6130,792.0241939619788,1116.5924454667322,0.08718300902762242,0.17883619604022932,210000.0
Random_6131,652.3231443879992,906.9789123977117,0.07745678064927503,0.15740265608076687,210000.0
Random_6132,772.9519865542509,1032.0162322256604,0.05346977999474931,0.10397058983874988,210000.0
Random_6133,684.3353429488833,980.9687068367776,0.08467665283322841,0.1727649318451035,210000.0
Random_6134,450.5483207295622,692.8720715362616,0.08507895628454945,0.17231315159356242,210000.0
Random_6135,441.9188916414847,638.5334261417274,0.06504400851289446,0.12945194385826686,210000.0
Random_6136,785.0817966276453,1059.939418269043,0.05077279677806386,0.09168041264279196,210000.0
Random_6137,687.7342797747914,935.8342965996844,0.0770934785904509,0.1578901157362899,210000.0
Random_6138,773.2400069320083,1067.3771132474392,0.08465488641960832,0.1749503300600187,210000.0
Random_6139,684.8035566343209,989.6839438860437,0.09278298048929182,0.18835444567811552,210000.0
Random_6140,596.7935841788436,851.4842138665673,0.08856271920164971,0.18363421601949925,210000.0
Random_6141,628.2957531963475,915.1266027030172,0.08651095556571262,0.17421045236638527,210000.0
Random_6142,655.1405789682744,936.457235444724,0.07737729412894351,0.1545873229251844,210000.0
Random_6143,737.3553033697762,1026.459688323918,0.09709174118707789,0.20779009265099332,210000.0
Random_6144,515.4407092057363,756.4173361877592,0.09887606978815235,0.2091352024000644,210000.0
Random_6145,765.7210822955655,1029.0270720932886,0.05739602769615364,0.10889211861144067,210000.0
Random_6146,651.3737429656321,900.6132642586072,0.08307883570421877,0.1700128510078956,210000.0
Random_6147,521.7878249861641,727.4176816888958,0.06303603855193826,0.12136031526075436,210000.0
Random_6148,761.6472310397272,1049.8782859804523,0.0736974935253301,0.14724206963016778,210000.0
Random_6149,542.1247378248402,813.0166522456185,0.09153415406629245,0.1849538316423482,210000.0
Random_6150,679.2118855511372,958.0767899962253,0.08387422889581238,0.17258903003886347,210000.0
Random_6151,751.9433139915914,1041.6522244035066,0.06739102285598395,0.13409180917887467,210000.0
Random_6152,540.558642369453,799.1639639007941,0.09503118759182375,0.19804712595049284,210000.0
Random_6153,433.555707872948,664.7991417201148,0.074069037826646,0.14392497003261462,210000.0
Random_6154,655.311375128288,919.1812749571955,0.09588556080538511,0.2049812276265425,210000.0
Random_6155,640.5402947891047,923.9682125301821,0.07577143150488123,0.15067426654709867,210000.0
Random_6156,635.8944935307976,900.8840416046256,0.06516839308934225,0.1252061965848949,210000.0
Random_6157,626.6521622808693,892.4998876807267,0.09727673269057953,0.20553555143491434,210000.0
Random_6158,704.6611861006346,969.2643962265872,0.08405127638770302,0.1774240567253465,210000.0
Random_6159,654.692096743767,906.899152325142,0.05403052017182092,0.097835428324547,210000.0
Random_6160,806.836532182509,1106.9264180412736,0.06384026436303042,0.1215857692136198,210000.0
Random_6161,775.2757758956357,1099.1818404905425,0.08729724890322564,0.1763574040873948,210000.0
Random_6162,469.41207631439556,708.9778582923196,0.09056238841708886,0.18773023394281704,210000.0
Random_6163,501.50847290242507,738.1086052490961,0.09519871747130079,0.19859449285413694,210000.0
Random_6164,644.6317747861264,924.2473591470678,0.07685372105063701,0.15227037741505003,210000.0
Random_6165,771.5012329349223,1069.837361026033,0.06567141372407082,0.1263565518943374,210000.0
Random_6166,464.9232202798312,716.8761335177826,0.09933661670322777,0.2085394704692229,210000.0
Random_6167,436.41714741473874,695.2435160350853,0.09092946639093763,0.18177718207074292,210000.0
Random_6168,560.565255070564,833.5276059346439,0.10663035818974825,0.226393226925509,210000.0
Random_6169,624.8132955955055,902.2728884040697,0.08507738296980977,0.1708944401851572,210000.0
Random_6170,537.6764713490038,798.0899150644669,0.09487737272994473,0.19601155054951133,210000.0
Random_6171,678.3865541122697,962.9126862525851,0.06781310529588716,0.12982273783961362,210000.0
Random_6172,722.9973624437728,1008.2028978867044,0.08125934954885115,0.16700302592387065,210000.0
Random_6173,477.39233285652,681.8659697729476,0.09344927128115016,0.19973423097112758,210000.0
Random_6174,576.6136468376374,855.4157342341591,0.09509723630576221,0.19576196553322403,210000.0
Random_6175,584.4899945948555,851.4290283879734,0.09080950706506197,0.18737498432700184,210000.0
Random_6176,705.7365501926467,971.049524422528,0.07545728456730967,0.15401494408105756,210000.0
Random_6177,630.390677907209,910.6203145958924,0.08861467361537446,0.18007147511296323,210000.0
Random_6178,749.3609176963586,1020.1017833364118,0.07291536422924337,0.14796237096909914,210000.0
Random_6179,747.892606374501,1036.234483669531,0.06008890552699919,0.11295091836113857,210000.0
Random_6180,581.294065678847,822.2214339840099,0.0929883809137869,0.19527747004419066,210000.0
Random_6181,548.282436143805,777.6766265217844,0.09439344540176758,0.19929853495034244,210000.0
Random_6182,677.9510756330084,972.8924940297367,0.08787799769813116,0.1813452445381002,210000.0
Random_6183,758.7643720643943,1049.6552431291636,0.0903660157656261,0.19241864316305957,210000.0
Random_6184,760.109319444834,1047.4592674868127,0.0844278605173225,0.17735039050757623,210000.0
Random_6185,592.6002020882265,798.951313081095,0.04920050968897345,0.08896760456488581,210000.0
Random_6186,484.35189444996547,734.6117536649866,0.09201930656053355,0.18803767010866468,210000.0
Random_6187,659.3145890355204,919.8220614353457,0.0961846017591631,0.20640583458248957,210000.0
Random_6188,531.6884032270734,758.9220604371756,0.06252186988597452,0.12052504480345523,210000.0
Random_6189,702.2408299314272,952.4598333754323,0.055954113024200273,0.10694831469647523,210000.0
Random_6190,430.7466920269809,625.1054182141345,0.07406080249674411,0.14947870633063667,210000.0
Random_6191,727.5186068472203,988.3926240901163,0.08654744430118119,0.18581517645933568,210000.0
Random_6192,591.3131238227556,796.3986543429583,0.044326958657714834,0.07697755067980555,210000.0
Random_6193,708.6671057984518,1005.5882056686607,0.06739277402031266,0.12856333768654313,210000.0
Random_6194,606.1503294644936,842.5222019579991,0.06581107025886108,0.1267438002681933,210000.0
Random_6195,700.9875584116644,986.1719195352618,0.06802309822856198,0.12962177956382878,210000.0
Random_6196,794.3435796014505,1123.210473201296,0.0830223482005106,0.16811548375534036,210000.0
Random_6197,586.5498002878907,877.2754691647211,0.10953621552849822,0.2315627336726691,210000.0
Random_6198,731.0502744974955,1034.7862840278278,0.10660638952586517,0.22909897560175083,210000.0
Random_6199,663.573494398443,901.6250046265991,0.06874262605327677,0.14120108290947106,210000.0
Random_6200,651.626899868344,948.7015516781378,0.09562702252978483,0.19566537708796747,210000.0
Random_6201,611.3164697648671,895.6043160031439,0.09879449420212058,0.20347506469323234,210000.0
Random_6202,741.1851749018821,1063.12333379031,0.10162074149121858,0.21375844357660764,210000.0
Random_6203,635.2347556552182,869.3720942862465,0.06575531887907107,0.12900827074004967,210000.0
Random_6204,689.3295060726974,951.6545245100874,0.06130382377239359,0.11516381275544274,210000.0
Random_6205,482.17828993655945,714.5534621475846,0.06175507877219376,0.11423375179101668,210000.0
Random_6206,708.4228186901493,961.8476798484653,0.0688816724906141,0.14100949795198214,210000.0
Random_6207,518.923788076307,776.6236199059523,0.061934776456919714,0.11267609648471111,210000.0
Random_6208,773.9935122989839,1052.4560653830752,0.062058492065602926,0.12009243459887531,210000.0
Random_6209,634.6768352614778,871.2490519456026,0.06755246000439187,0.13344964646491625,210000.0
Random_6210,655.7479257348543,901.4765157885322,0.07962840388452665,0.16544846291685308,210000.0
Random_6211,546.9488629144914,769.5386470130082,0.08040179676858097,0.16314788448284226,210000.0
Random_6212,626.3732248168449,881.2834405286832,0.08602536225586342,0.1769024902919073,210000.0
Random_6213,767.1075676895981,1016.7616261186558,0.042040314763656376,0.07406225593018473,210000.0
Random_6214,469.3717480182838,688.7316100761606,0.07894553706898517,0.15946672831809447,210000.0
Random_6215,561.7545299578179,770.9242149393177,0.06099130953719997,0.11750215190559049,210000.0
Random_6216,688.1308333426057,970.9604505490647,0.08267568606528457,0.1664323266366136,210000.0
Random_6217,740.7520802883225,1002.8681352140297,0.07650305865232344,0.16072037286918722,210000.0
Random_6218,588.1881438541769,826.0490730822387,0.08041363558456213,0.1630731530391308,210000.0
Random_6219,671.6968829457321,910.4986438411822,0.07421863268047561,0.15471218119759647,210000.0
Random_6220,699.7677308453276,983.025715364298,0.09624491395650091,0.2039653834509719,210000.0
Random_6221,766.148898936942,1038.3957052520864,0.06305890097806298,0.1259334596874523,210000.0
Random_6222,591.4473624771774,816.444991298391,0.08362495442587797,0.17531032687327439,210000.0
Random_6223,775.1083793905032,1070.2903206290148,0.05500260472510508,0.09991087785849567,210000.0
Random_6224,781.2494677850417,1079.1022622070864,0.08210222891158372,0.17034684321856758,210000.0
Random_6225,534.4289257469277,767.2819791793978,0.09172576390019266,0.19309721253794326,210000.0
Random_6226,672.5013702964274,919.0999174403219,0.06475025294926992,0.12668176154874222,210000.0
Random_6227,799.1368537368887,1073.5969130418591,0.05098919034788882,0.09349848969810434,210000.0
Random_6228,563.4916154371015,829.1913576569192,0.06872159948429749,0.12962721943514302,210000.0
Random_6229,449.18219293684797,643.2901102790886,0.05303127922394124,0.09695988152244876,210000.0
Random_6230,740.0040888896701,1004.2806150730703,0.05406017190821842,0.10153101151887813,210000.0
Random_6231,538.3183228010578,808.255697786478,0.09600136892815865,0.19878794943894537,210000.0
Random_6232,526.0339004482066,776.4597419706284,0.08410252306060123,0.16973345458362019,210000.0
Random_6233,750.8770443789664,1063.668554407285,0.07211842211737429,0.13967541928445482,210000.0
Random_6234,558.5511948118578,826.383583770453,0.08549354044243684,0.17333232620326042,210000.0
Random_6235,748.8140874640209,1044.271492445065,0.08540673408893242,0.1764223056363743,210000.0
Random_6236,784.9763731548722,1053.7880634265355,0.057112459235060434,0.11234945026256259,210000.0
Random_6237,775.549823382048,1055.2295837009974,0.06445958939909187,0.12832995773605127,210000.0
Random_6238,545.0554365408062,787.2948486132062,0.06615284142793809,0.1260886844479857,210000.0
Random_6239,720.0283769722931,1007.3009278405453,0.08332280871650702,0.17299471922236676,210000.0
Random_6240,638.2338515164025,885.5170883384867,0.07057128489028001,0.14169094753887393,210000.0
Random_6241,468.093149109368,699.2394418044709,0.07797687085453649,0.1582542728821461,210000.0
Random_6242,760.6617180296358,1055.826796891312,0.07401465647047743,0.14986959831887062,210000.0
Random_6243,819.5976053378919,1138.1163792835005,0.068717902617642,0.13270751916927628,210000.0
Random_6244,792.1213157285762,1114.0003134452747,0.0864809174554263,0.1768457857082243,210000.0
Random_6245,793.0484290515838,1076.6074477277375,0.04958721706322318,0.08742885032147212,210000.0
Random_6246,369.5917611616503,558.7013170102748,0.0825180774470333,0.16839749519546973,210000.0
Random_6247,770.3484604644166,1070.3538123317119,0.07879998891753279,0.15768334360351077,210000.0
Random_6248,604.4026677580781,843.1314625993364,0.09092006661850675,0.19270578847663367,210000.0
Random_6249,530.2455372488266,734.3490988115088,0.07412233393266025,0.15403048627145263,210000.0
Random_6250,409.2127639339268,650.765331564728,0.10791035889883158,0.22809846877901443,210000.0
Random_6251,661.513659720598,957.9502240106714,0.09625167028397125,0.19784474878094574,210000.0
Random_6252,755.4667896066513,1052.9551210865636,0.06796878924653205,0.13064938778765056,210000.0
Random_6253,531.4104408909001,744.8041797110528,0.05863479008651787,0.1093124270351917,210000.0
Random_6254,440.6452171403281,657.6258494764702,0.08196140778740163,0.16555047083002955,210000.0
Random_6255,474.3509632422663,734.8554863887897,0.10080252319481281,0.20850223011186492,210000.0
Random_6256,685.3640219770651,955.2866513205636,0.08606007072972693,0.17596709830730894,210000.0
Random_6257,775.771157426109,1048.281328154373,0.05474264219941115,0.10135223912952576,210000.0
Random_6258,495.5966317581297,761.8618416321438,0.10527786936560332,0.22146085907183538,210000.0
Random_6259,595.8299455918636,841.8387613794246,0.07333312283679952,0.14801700378385835,210000.0
Random_6260,678.295542686215,960.7211955124181,0.08112512793164331,0.1626539058924271,210000.0
Random_6261,655.2157687259069,888.006473704739,0.05757818176641732,0.1111519206790604,210000.0
Random_6262,624.8022848552448,868.6928087682551,0.06010480372086143,0.11501477571502157,210000.0
Random_6263,695.0815443205104,942.3691737149603,0.06905877979444294,0.13831324138670767,210000.0
Random_6264,779.0817778955105,1100.801230122608,0.07949186453987056,0.16043055956074376,210000.0
Random_6265,758.6306173370964,1077.357219634197,0.0910958786272945,0.189751701420147,210000.0
Random_6266,744.6830870558427,991.5455092708137,0.05461888941899262,0.10536584817014125,210000.0
Random_6267,550.1658297550755,782.7272210748059,0.07426731115421191,0.14876436280164557,210000.0
Random_6268,554.4570953115343,824.3391513789204,0.07264688742419266,0.1401697024841053,210000.0
Random_6269,429.0662071586298,634.5576807328447,0.06086255567374972,0.11473934552659648,210000.0
Random_6270,777.768357066723,1094.5267719514225,0.07099310638447773,0.13632877584824732,210000.0
Random_6271,793.6927447019638,1081.4047667784057,0.06110560499476167,0.11742633469089098,210000.0
Random_6272,762.8450615095112,1041.533649299755,0.07186145057554345,0.1448887283469859,210000.0
Random_6273,766.3576082281527,1058.0383377572186,0.06791863111010135,0.13351841195898487,210000.0
Random_6274,670.1281732314632,937.1481141281009,0.06696320465983185,0.12784583308885922,210000.0
Random_6275,368.3616092422364,568.8313941599811,0.09793398850993708,0.20775022342274746,210000.0
Random_6276,551.6447994277328,762.7750441569242,0.06521827097142696,0.12913394983232684,210000.0
Random_6277,812.1345489233929,1116.8443897424213,0.052968536617142764,0.09399662140441349,210000.0
Random_6278,449.6155698875496,660.1832557173385,0.09369491564132673,0.1973226416317859,210000.0
Random_6279,568.209728733678,809.792327543067,0.08578036077780171,0.17452840417727378,210000.0
Random_6280,740.6165098095809,1029.7938082344529,0.0853065233664006,0.17645923372588496,210000.0
Random_6281,514.8852292635465,793.0824323624348,0.10209872042871496,0.2091039216582229,210000.0
Random_6282,639.3396600711144,911.2945183409777,0.09876158596325661,0.2098978649246232,210000.0
Random_6283,649.4833444748078,911.5660186264389,0.07836196339269445,0.15764607931475036,210000.0
Random_6284,474.3397451153034,734.6921460280086,0.10486882780075127,0.22044600076745813,210000.0
Random_6285,544.2461781717342,768.0600617260018,0.07675179027569018,0.15449931441142073,210000.0
Random_6286,454.83753837824594,697.5174798941639,0.09047852808616169,0.1846231206197033,210000.0
Random_6287,584.4603746351276,820.9815524134608,0.08011465548978768,0.16431628345256327,210000.0
Random_6288,808.3082961978743,1102.4666342025391,0.053619491439913416,0.09921264552110903,210000.0
Random_6289,632.9831285578684,870.4806391251899,0.08243588846754743,0.17201727775103887,210000.0
Random_6290,400.92355374715055,628.7578210530603,0.07216833948750147,0.13892342396851137,210000.0
Random_6291,651.0897269199656,931.2040582078272,0.06895983069831221,0.13355073923923436,210000.0
Random_6292,745.197967259728,1051.121464698233,0.09171991361840152,0.19009287240471195,210000.0
Random_6293,565.3702706392055,799.110057066812,0.07364338824903112,0.14925181691130154,210000.0
Random_6294,699.854686900976,983.1895741374209,0.07718301510448485,0.1564605250938558,210000.0
Random_6295,508.08971394968887,766.0838016474862,0.062842219151968,0.11450634429579057,210000.0
Random_6296,728.777552861108,996.4458517071204,0.0491926006237582,0.08538529112465884,210000.0
Random_6297,749.0199543542248,1044.4018588939875,0.07335016756712463,0.14462070259155285,210000.0
Random_6298,549.0537957269047,781.3778795374767,0.08530198433420838,0.17407181977094568,210000.0
Random_6299,738.2706830852843,998.525943307849,0.06825591816593528,0.13552373826428837,210000.0
Random_6300,632.3669897779085,907.882199964809,0.06555069686163593,0.12327039918492697,210000.0
Random_6301,779.1161435243345,1072.955896169155,0.05739314369046808,0.10481137494525221,210000.0
Random_6302,750.2881606787965,998.565699195949,0.046888263237512925,0.0861807154601346,210000.0
Random_6303,677.0500570577963,949.3479836798324,0.09601663221307519,0.20396682737799804,210000.0
Random_6304,733.6639385251301,984.023108607585,0.056809681906188694,0.11237253139702458,210000.0
Random_6305,719.3744827599687,1028.4143932072236,0.08912016408259271,0.18371152643954616,210000.0
Random_6306,732.0324391563372,1020.4414494764094,0.08191308068205506,0.16743153220296234,210000.0
Random_6307,689.5512740950787,951.6762734279664,0.06796328116132738,0.13245163700760262,210000.0
Random_6308,788.9109457327245,1104.3783272020235,0.06953214660679587,0.13420247038784716,210000.0
Random_6309,505.18515546197824,710.8477307705398,0.08132321417047131,0.16779794066569487,210000.0
Random_6310,688.7734230742122,939.459993446759,0.04466685934412301,0.07480153688262081,210000.0
Random_6311,564.3259569450673,785.1277415187502,0.05768205231800978,0.10710442541879647,210000.0
Random_6312,780.1402044998752,1095.806377487327,0.09743129046667684,0.20522020749989905,210000.0
Random_6313,661.4789527956098,952.0668941492432,0.0964307752209897,0.20190347090915228,210000.0
Random_6314,635.5519610043762,920.6286646023326,0.09287036685709033,0.18865002429255529,210000.0
Random_6315,535.4649579416102,767.6546550154866,0.06152444311111011,0.1160004955312284,210000.0
Random_6316,575.1045878885118,804.8883940787421,0.06823425028421194,0.13638245186094308,210000.0
Random_6317,808.9492703492176,1148.899480627875,0.0948421334256077,0.19687868767448496,210000.0
Random_6318,709.4515366444823,964.2199333602449,0.07434929545030093,0.1513518048325836,210000.0
Random_6319,766.2399786941031,1071.450272357149,0.07368198892851928,0.14821599409245836,210000.0
Random_6320,767.4318117238071,1045.526665196732,0.06932799759061366,0.13868671548152953,210000.0
Random_6321,649.9208195276838,891.0994990603518,0.09713784540972074,0.21120567458780415,210000.0
Random_6322,758.8608469294459,1019.2154395289499,0.0480383889820304,0.08598272106076024,210000.0
Random_6323,442.4769292405583,697.275210518517,0.09742639954395099,0.1999993382797313,210000.0
Random_6324,551.0091335660367,820.9239164654658,0.0733827083790907,0.14247186787836774,210000.0
Random_6325,535.2046999266045,747.354974929489,0.07128835061951456,0.14370836079083968,210000.0
Random_6326,766.8945994953399,1046.0136368361552,0.06034866681574946,0.11664795742513011,210000.0
Random_6327,397.5769408886865,620.2921311870191,0.09786049404352959,0.20628068644210293,210000.0
Random_6328,535.0915873302491,768.7506666530501,0.056393924553362736,0.10301432630449833,210000.0
Random_6329,693.8287138754516,977.6676641920867,0.08121165563959652,0.16220559665413173,210000.0
Random_6330,744.1638245588298,1056.2568492552455,0.10259604107157734,0.21757463294257431,210000.0
Random_6331,757.3410971696062,1044.3204466453367,0.06877929979149273,0.1361246117720859,210000.0
Random_6332,592.2078464527638,842.9135186533441,0.07503307266456917,0.1480428818366905,210000.0
Random_6333,760.141181190393,1040.4560214030384,0.07558127356024981,0.15198296115567517,210000.0
Random_6334,752.6795639577876,1013.0772607731806,0.06283529007287737,0.12376725376191469,210000.0
Random_6335,683.6720863929634,921.5585016847949,0.06902158505054976,0.14220500486279844,210000.0
Random_6336,616.4490601496587,891.6988623130965,0.08667790016066598,0.1748854618967165,210000.0
Random_6337,421.78581650606355,658.2772313172409,0.09537590909860541,0.19996002915076638,210000.0
Random_6338,674.2510190167935,910.4324729999342,0.06441951483556893,0.12973445785883564,210000.0
Random_6339,792.4147136911625,1113.0961806836312,0.08979435438809624,0.18391270490173797,210000.0
Random_6340,730.4542722089664,1037.8419011567933,0.0846085698970491,0.16868415911836143,210000.0
Random_6341,699.8210551318549,988.2618861353199,0.06543408888821828,0.12431084598159403,210000.0
Random_6342,471.79134392280724,687.8393026730183,0.07099824063807632,0.14296437483951965,210000.0
Random_6343,553.0354618922086,766.8256914100583,0.062396847268162206,0.11919434780224906,210000.0
Random_6344,690.8439552994791,932.0238544201661,0.06445659297052994,0.12650986117124854,210000.0
Random_6345,409.9699821010904,664.0689511381671,0.09494178642872514,0.19508937296829848,210000.0
Random_6346,683.5882371652749,937.6161697848862,0.08953019931691465,0.19139550121692395,210000.0
Random_6347,777.9980647689852,1047.1649951398763,0.0471553444345155,0.0837063742135796,210000.0
Random_6348,665.2572762101305,937.6848443010101,0.06502219172324301,0.12269775006144817,210000.0
Random_6349,387.5633411891433,626.1929625934813,0.09899418483826225,0.20464282718985305,210000.0
Random_6350,640.5877759420428,925.8518375607966,0.07397670040628043,0.1449969286785484,210000.0
Random_6351,653.2754321192868,933.5891608246969,0.10036824042591176,0.21241137839914503,210000.0
Random_6352,588.9835906262965,850.3881712381417,0.09715396573379295,0.20439103874317116,210000.0
Random_6353,493.0046352023409,699.3656893302267,0.07743369177239146,0.15710216696168494,210000.0
Random_6354,631.4071159339475,920.2735094723205,0.07847751118135926,0.15403077069763504,210000.0
Random_6355,602.8788372523935,869.2324784156613,0.08813222585095093,0.18203236522894947,210000.0
Random_6356,682.0278876685471,950.5689953619748,0.07094479172919281,0.14056931381063018,210000.0
Random_6357,570.6812806334977,798.4345053365201,0.09739070278192864,0.21062155151625425,210000.0
Random_6358,787.0271002001151,1073.1534118314667,0.05808968360562061,0.10839275800472284,210000.0
Random_6359,585.8168979217337,829.0217196692247,0.0768424961283856,0.15751920820670334,210000.0
Random_6360,598.7631288739747,865.5135543999527,0.06771114238978093,0.12948243382552,210000.0
Random_6361,817.9377606292472,1144.8465020585859,0.07453462736381647,0.14844687246547242,210000.0
Random_6362,767.7486648954613,1026.0155519767382,0.042594187695263616,0.07282419246889243,210000.0
Random_6363,773.0357790617225,1080.7673884714334,0.09419884345210935,0.1969736553566336,210000.0
Random_6364,783.5523799170169,1052.809259524365,0.0589461185591488,0.11664966471267058,210000.0
Random_6365,464.71677762347724,707.440388718212,0.09959006295004459,0.20836125202115457,210000.0
Random_6366,481.52533176548707,740.6451223267094,0.10020677509718458,0.20675880678574107,210000.0
Random_6367,670.5550304257634,970.8473445055627,0.0982989354470273,0.20619846254434174,210000.0
Random_6368,428.79283823714684,649.0314298569118,0.06787680704733788,0.1303337576705282,210000.0
Random_6369,340.44228489448693,554.0400610373069,0.10579888339147671,0.22675506804504403,210000.0
Random_6370,726.2657432263163,988.774903371571,0.0754322765736767,0.1554889080790074,210000.0
Random_6371,431.2695929122974,687.9831474834444,0.09292270738239053,0.18688496402946053,210000.0
Random_6372,746.6214943555376,1004.8872785043134,0.053528526430528155,0.10221968321957497,210000.0
Random_6373,779.0031142077794,1087.4837955202918,0.08688484851908339,0.1774694991484952,210000.0
Random_6374,760.3545434675109,1065.5612898616905,0.09579072144127003,0.20201636262700806,210000.0
Random_6375,428.1914591617955,659.1972275482618,0.09087893474305167,0.18690669746078648,210000.0
Random_6376,740.1126768100078,1022.3090281637095,0.061810716095369964,0.11653934836482702,210000.0
Random_6377,782.737890872857,1060.414993158372,0.06279451591728936,0.12483785924712393,210000.0
Random_6378,632.9237230421356,924.281516441947,0.09817406953994198,0.20122507990826227,210000.0
Random_6379,369.18685094515587,609.8959262924509,0.09524771102041685,0.19574228069870356,210000.0
Random_6380,495.667626031637,762.6012643536984,0.0666633908844805,0.12284462762046389,210000.0
Random_6381,682.6247657725941,922.2139560785629,0.056873460600549,0.10997075374203083,210000.0
Random_6382,564.2241757308757,789.862972638569,0.08397382874712732,0.17460053604927997,210000.0
Random_6383,745.0439248063617,1050.7518637766789,0.08629379618458628,0.17758900036406544,210000.0
Random_6384,375.427772672869,603.9638818551905,0.09573801500801013,0.20070650413486724,210000.0
Random_6385,658.1729926391198,894.0112642219825,0.08446415434259884,0.17941434083186608,210000.0
Random_6386,565.1465633087081,785.0771551760552,0.06949313473673159,0.14057070693929988,210000.0
Random_6387,686.5812868854317,943.1197323860348,0.09077887940370566,0.19438885867953531,210000.0
Random_6388,726.3934691153822,1019.3246049856534,0.07320780730065628,0.14577190428019268,210000.0
Random_6389,800.172387310535,1102.4031406689492,0.047625928274183146,0.07980862406004885,210000.0
Random_6390,782.6352503125986,1040.9307629736636,0.04691098834606516,0.08537182651965297,210000.0
Random_6391,700.1939260442202,938.6370388520846,0.04646242944127103,0.08345825386785921,210000.0
Random_6392,565.2022446906298,825.5184218448591,0.07273786927994073,0.14365373397239767,210000.0
Random_6393,773.1993784510715,1037.755478459151,0.061298423232302134,0.12114798825799697,210000.0
Random_6394,554.8593454575108,805.668877153222,0.09605386966520114,0.20007876721281265,210000.0
Random_6395,748.5559759973876,1057.8142782323634,0.08867355048069495,0.18364540893752682,210000.0
Random_6396,637.7925718942768,870.4393595504745,0.08466503497082267,0.17908442000481034,210000.0
Random_6397,780.8975096510408,1082.597880619337,0.08641274663492657,0.18019938483789094,210000.0
Random_6398,531.0947670335088,809.780644489259,0.10324483126221567,0.21418189509844449,210000.0
Random_6399,660.507048162932,896.2859175830132,0.07272051038828335,0.15108438730678705,210000.0
Random_6400,633.1788301935345,883.6754169861301,0.06138311505576219,0.11615107856553156,210000.0
Random_6401,744.1253723992597,1013.1709815778555,0.05067034591042905,0.09141287830843749,210000.0
Random_6402,649.8207577642179,893.3835957376226,0.07046940102191207,0.1397699887350889,210000.0
Random_6403,697.9208582057881,938.5319164949086,0.0453438412623943,0.0795496086887279,210000.0
Random_6404,569.8713238901465,805.020179849645,0.09121396546284626,0.1933045234269111,210000.0
Random_6405,672.2111799650464,972.7142251774209,0.0850438646507203,0.17272916129468452,210000.0
Random_6406,790.7334243398034,1111.750932172693,0.09161210570283301,0.19144774496046785,210000.0
Random_6407,602.7880248162683,887.8710876248181,0.09189379330940149,0.18831445746129066,210000.0
Random_6408,720.0887304392843,978.9542634720054,0.06830883338995423,0.13549274988102328,210000.0
Random_6409,554.0752824699393,765.5640753806969,0.046190006633117855,0.07902360012275202,210000.0
Random_6410,739.547360472972,1060.9259252003496,0.09822165180322943,0.20394291737699133,210000.0
Random_6411,647.6088459762316,901.449299718348,0.09764430171483578,0.20986515421563365,210000.0
Random_6412,614.2911994213031,864.9343795736343,0.0892885689875484,0.18610926234476455,210000.0
Random_6413,411.4273354895352,625.3222025768634,0.07445903869118073,0.15071925720073065,210000.0
Random_6414,794.8328817644218,1086.4437830018294,0.05588291100056213,0.10237281424976366,210000.0
Random_6415,471.37018713209346,717.9340038165628,0.08682461013345387,0.17432274380274837,210000.0
Random_6416,765.4285680628933,1072.2252239630402,0.07544010266264764,0.1474610328518303,210000.0
Random_6417,750.0577280915247,1024.4776888342858,0.058711333132760495,0.11332497991263357,210000.0
Random_6418,624.5435835613672,905.511676511944,0.07432910067063614,0.14395392548638036,210000.0
Random_6419,614.1816009217135,885.4015309243989,0.09686122593963745,0.20371833137215703,210000.0
Random_6420,810.9309894997238,1130.9279279276527,0.07888139511524318,0.1610584406449063,210000.0
Random_6421,656.5491539535885,935.3603618192708,0.06677393629316383,0.12507011469514717,210000.0
Random_6422,652.5448988401411,937.8146543104805,0.08754439754731744,0.17594307581632226,210000.0
Random_6423,776.4974475073743,1055.0025911294408,0.06907281921739136,0.13960812795882604,210000.0
Random_6424,496.9188291146201,725.7147945178187,0.07141431069462609,0.13933277942446867,210000.0
Random_6425,690.7553656922178,934.6384278752505,0.05589814097590419,0.10701610780519183,210000.0
Random_6426,426.6067885760073,625.5337929095913,0.05319009512816386,0.09596211775163524,210000.0
Random_6427,560.3053293143723,791.1895251219419,0.07060237241981596,0.14018710000307344,210000.0
Random_6428,489.65242133329264,715.5135410395926,0.08687362631883337,0.17698713131342098,210000.0
Random_6429,513.6935167053338,726.4181534716574,0.08825937568198015,0.18422208809212257,210000.0
Random_6430,710.9751902055176,1008.332613988824,0.0733579907157961,0.1436322867592949,210000.0
Random_6431,503.627577406345,737.2544742670174,0.08104634492519058,0.1619521128389867,210000.0
Random_6432,605.7956913195379,836.5372712086236,0.07056777215345568,0.14343170662996393,210000.0
Random_6433,505.3044048759503,704.2089232415549,0.06739191378689185,0.13289916171713503,210000.0
Random_6434,646.5912792725331,927.5162162066408,0.09792228019693353,0.20670618180671987,210000.0
Random_6435,704.6827634927437,999.784915280709,0.08567372189472995,0.17685526667394075,210000.0
Random_6436,788.8043729263345,1119.9099893290302,0.09073092361000828,0.18865071991291416,210000.0
Random_6437,719.010463581088,995.3197313329044,0.08136305646430873,0.16889284029567858,210000.0
Random_6438,371.31017520425024,555.6582383746811,0.05512504585824259,0.10109857477404283,210000.0
Random_6439,560.8190102263217,837.7662898687283,0.09969585674317115,0.2057719805948899,210000.0
Random_6440,669.6854325028685,890.4658705052999,0.038286320101452345,0.06294082409225352,210000.0
Random_6441,484.29505732263954,684.428477354746,0.057720568032627116,0.10979793537490885,210000.0
Random_6442,831.369653840661,1148.8294693606829,0.055186416797228716,0.09813588438669031,210000.0
Random_6443,506.30227624854615,720.2104505603048,0.09217452232037196,0.19585273130874142,210000.0
Random_6444,501.3442800973625,733.7663490942905,0.06915715607662878,0.13628450455571903,210000.0
Random_6445,790.0191824133107,1090.9366314311528,0.06823668739240389,0.13489331802782223,210000.0
Random_6446,482.4841072395554,685.5683640984096,0.06860936079570867,0.13745718004801863,210000.0
Random_6447,602.7763005179238,845.4624688547143,0.06367936159807497,0.12053331746252818,210000.0
Random_6448,538.3052826765404,763.4586964027056,0.05483916027930137,0.10023215713064931,210000.0
Random_6449,481.65701089009843,695.267751286958,0.08403860900321815,0.17198964819629406,210000.0
Random_6450,777.2402959112022,1104.3744867390371,0.10636007537071372,0.22751588127144823,210000.0
Random_6451,745.4800625047847,1069.019587501081,0.0985887383437772,0.20578450760133302,210000.0
Random_6452,533.1686471758441,771.120254433053,0.07234415108831832,0.1407784547814664,210000.0
Random_6453,591.4474460571878,855.3974064984998,0.10519488869003323,0.22485396253831,210000.0
Random_6454,616.4457178996628,905.8005773618482,0.09959359763484096,0.20827153332724566,210000.0
Random_6455,503.0778440283265,779.7858446959037,0.11149456500792596,0.2344954402041498,210000.0
Random_6456,767.1313848927724,1033.1638319862261,0.05065189308800708,0.09338907675383061,210000.0
Random_6457,381.5216639562161,571.7996931098037,0.0773828354545618,0.1578635852335484,210000.0
Random_6458,721.6764763658447,1021.893354328275,0.07709107898463556,0.15067822570852452,210000.0
Random_6459,643.9972174830051,929.3267164591073,0.07828577440392949,0.1537263580063708,210000.0
Random_6460,747.7979381170117,1008.1198533600813,0.07225964933028071,0.14999474766974166,210000.0
Random_6461,738.4393986650908,1046.291949304888,0.10018630374180577,0.21140470994595137,210000.0
Random_6462,688.9906498649566,957.2992538987029,0.08808717431612094,0.18263561755420088,210000.0
Random_6463,654.2796578652432,894.0372698316905,0.08021070863915046,0.16639635887743184,210000.0
Random_6464,654.7616056542062,882.4938320343606,0.06742709564387736,0.13511802960369537,210000.0
Random_6465,779.2042103266841,1094.0822453280055,0.06588115865145583,0.12478928331463407,210000.0
Random_6466,573.3665569838531,831.2022969084001,0.10710576785988966,0.23079621692578484,210000.0
Random_6467,619.7718948553903,838.8147896478587,0.06620090460640023,0.130656391258814,210000.0
Random_6468,596.2877247692584,861.1389696448495,0.06892327442878222,0.1329820018574643,210000.0
Random_6469,740.9144324012382,1040.2249523295538,0.08751548131343667,0.1822333052511338,210000.0
Random_6470,708.5246364617684,973.9856125274036,0.07694634653605453,0.15584127020232738,210000.0
Random_6471,747.5332247810563,1020.426326500739,0.05741904808227297,0.10988722068449717,210000.0
Random_6472,619.0706101071017,902.7924314169293,0.10592496821418823,0.22480440142766964,210000.0
Random_6473,543.6070596890646,775.1030611823095,0.10229796200945812,0.22043710817718784,210000.0
Random_6474,755.8871954768795,1072.6868836569142,0.08204274966634413,0.16627003155831083,210000.0
Random_6475,483.44753486296224,717.6853214161663,0.09281145725806016,0.1921364739347936,210000.0
Random_6476,705.4095798662065,944.2694387970677,0.056517541613369714,0.11014820404370519,210000.0
Random_6477,597.7667770632316,832.508317004972,0.07282410064748411,0.14606085549148307,210000.0
Random_6478,655.3408336505473,901.6642643254326,0.06602746036597823,0.13256997571202428,210000.0
Random_6479,633.4818363344368,897.0858458979446,0.09748923841173905,0.20574540599439894,210000.0
Random_6480,473.37327950886646,671.2169638377086,0.06766632388341032,0.136605150863269,210000.0
Random_6481,490.73941306615666,732.6711785728771,0.10007195334992405,0.2112244743805062,210000.0
Random_6482,738.8922872553457,1046.239260712054,0.09796492674536633,0.20611175618750233,210000.0
Random_6483,754.3508352619307,1069.9838569466606,0.08917900020514725,0.18301739886106866,210000.0
Random_6484,686.3061301023888,947.1201420830303,0.05282546168277556,0.09441335000774873,210000.0
Random_6485,603.6879281509912,829.2325633839099,0.05305074834446979,0.09801103098459465,210000.0
Random_6486,619.9455842991695,873.7748665359306,0.057309771292142486,0.10337056298515734,210000.0
Random_6487,529.8725599783011,801.4126439027749,0.0850379963638724,0.16838663503509105,210000.0
Random_6488,501.94992073814575,708.6835674844863,0.04987588749932416,0.08752361601153884,210000.0
Random_6489,775.571305017465,1047.4257217635723,0.0511818421619433,0.09376518920026566,210000.0
Random_6490,657.42943104376,914.6847329974936,0.05861310290633369,0.10930822572330984,210000.0
Random_6491,611.5083147719187,852.3561138599439,0.08200524875877288,0.16699946418955397,210000.0
Random_6492,542.0546211301044,799.9338104156209,0.0811578498994563,0.1643729752040061,210000.0
Random_6493,431.68542208972383,654.4645322321292,0.10240914320304034,0.21727770486985806,210000.0
Random_6494,682.022020843789,973.9096090786112,0.07545425996480729,0.14674354439299822,210000.0
Random_6495,731.0798758701984,998.3118239530428,0.07694008421260609,0.15796805217645224,210000.0
Random_6496,625.3832824517609,893.4536651792639,0.0924346159496459,0.19095499637019087,210000.0
Random_6497,543.0572182894393,753.9371444390372,0.05674124348289772,0.10844753846452738,210000.0
Random_6498,708.7446369698711,943.5612644235342,0.051665436660389696,0.09922436993531186,210000.0
Random_6499,701.6700923302753,1016.3466177462003,0.1062644555938477,0.22444956962978044,210000.0
Random_6500,785.5251082711294,1090.6833498213898,0.06943000346590007,0.13623048593612647,210000.0
Random_6501,583.72061176042,832.4529098701372,0.0654928197911512,0.12709354017272922,210000.0
Random_6502,517.5062210070607,773.8762193415921,0.0924313337867374,0.19114401435734457,210000.0
Random_6503,755.2492305584982,1048.2433595106447,0.08962548134241813,0.18693790676337174,210000.0
Random_6504,647.6361796184738,930.2261004043718,0.10482481290014337,0.22451058515469405,210000.0
Random_6505,476.8095206699879,732.0179962408182,0.103454873132874,0.21736304057520534,210000.0
Random_6506,645.0658390207336,916.5590199530922,0.09013196254041309,0.18685838479731315,210000.0
Random_6507,418.7388891189642,639.5382999842933,0.07644645693461394,0.15345072520268138,210000.0
Random_6508,540.9311824543763,782.5230814174593,0.08205316482220987,0.16531060828116503,210000.0
Random_6509,526.2879523959182,771.488794446286,0.09709735568251783,0.2051112544729049,210000.0
Random_6510,741.1409001801957,1025.722626497605,0.05391868215506272,0.09549314419512286,210000.0
Random_6511,601.4011589471675,818.017307209324,0.07077668645902967,0.1459682560509914,210000.0
Random_6512,747.0393893183026,1033.5200819019772,0.058532533169225576,0.10747184405181223,210000.0
Random_6513,707.3697545721375,1001.7300676115944,0.09247735802787782,0.19270133762893055,210000.0
Random_6514,806.8134227156753,1141.2474393953235,0.08502541989805679,0.17110796122421357,210000.0
Random_6515,791.961169712669,1064.2585900449164,0.04820863033103293,0.08732974317963968,210000.0
Random_6516,644.1796548499772,876.3114459321959,0.08290351476874051,0.17674046782842148,210000.0
Random_6517,496.64963605796294,755.4273737043387,0.08945877814528651,0.18076355239310732,210000.0
Random_6518,665.4933718586118,909.9398979428358,0.07266460396984502,0.14992215206793413,210000.0
Random_6519,759.4813311108566,1048.6070774298466,0.08433230012575353,0.17422162265351807,210000.0
Random_6520,423.25859053498306,612.5531582728025,0.057842691029646696,0.11137222589288068,210000.0
Random_6521,733.9291728288993,994.5747384617216,0.07302222870785428,0.14820712662418217,210000.0
Random_6522,595.49459509972,818.4962270744902,0.05611361987522308,0.10444062167577398,210000.0
Random_6523,758.826794337699,1042.406758113459,0.08226913943592559,0.17174474141407622,210000.0
Random_6524,631.6621478195962,854.6772757372979,0.06826498349569322,0.13678153047751795,210000.0
Random_6525,722.1514222937831,1029.8185312575608,0.0767987273685098,0.14998265405332425,210000.0
Random_6526,689.3762122559725,977.1111929430655,0.08026980342018818,0.1626615217454335,210000.0
Random_6527,717.4461900217192,968.6314012468373,0.06937255848798869,0.13868400309527182,210000.0
Random_6528,530.5668008062579,808.1947158325238,0.09849707025433861,0.2035841437708505,210000.0
Random_6529,740.1356878121235,1014.0587402533444,0.07134009414495951,0.14575254663398918,210000.0
Random_6530,749.5083766055886,1013.1731123664243,0.04786935584548744,0.08399137278242585,210000.0
Random_6531,584.9838456678717,821.9514490835198,0.06519495916387807,0.12617886570505943,210000.0
Random_6532,586.2048273715169,871.1186212049524,0.09660340421532912,0.19833499144310096,210000.0
Random_6533,454.8161404675131,652.113162808731,0.08501027277171963,0.1765996643051378,210000.0
Random_6534,674.9877888491623,953.0431436196486,0.09721021856368546,0.20454464130925024,210000.0
Random_6535,575.5136632782527,857.2212371730429,0.09504529821495232,0.19259110969731486,210000.0
Random_6536,776.2900013061858,1070.45533924654,0.06317773931317622,0.12157869139265276,210000.0
Random_6537,714.7969994977915,949.2529465216138,0.04760580077796875,0.08678703741444471,210000.0
Random_6538,738.951831844157,1004.1242541787818,0.0750331595422403,0.15398925899452967,210000.0
Random_6539,426.4585996157039,664.2695767494403,0.0749428998039899,0.14628613188797507,210000.0
Random_6540,495.46130545831846,749.0851392986489,0.11106495180438286,0.2377146472476095,210000.0
Random_6541,465.6246839835474,686.3668851346403,0.10740130707181315,0.2330593363622625,210000.0
Random_6542,652.2184638269332,943.6104521255467,0.08573555568572776,0.17315572392507922,210000.0
Random_6543,643.9925568972278,868.6490607374016,0.052763129802000805,0.09801576937029076,210000.0
Random_6544,439.6550400363285,632.3091340820067,0.05920861529840702,0.11501073388417578,210000.0
Random_6545,690.3225946411778,956.706945124388,0.08531984260933444,0.1789330766802563,210000.0
Random_6546,830.9160023701414,1155.8070451322735,0.06416117110837301,0.12158608159200518,210000.0
Random_6547,747.6063494417235,1027.0510202115186,0.06811479580744272,0.13677977541027067,210000.0
Random_6548,652.5386166218998,951.3766791395317,0.10247206254272541,0.21525296760552232,210000.0
Random_6549,693.337870563819,992.658653875862,0.08474701573004625,0.17336412320176403,210000.0
Random_6550,428.52618817692485,653.6326006763039,0.1042102184399377,0.2221490786483038,210000.0
Random_6551,470.32011113708097,685.3302812760596,0.06494842070795356,0.12643812967076062,210000.0
Random_6552,395.49155578886564,604.4453923334851,0.0741144992109839,0.14500317780513683,210000.0
Random_6553,757.3783778051644,1012.7048988070533,0.06608759119993841,0.1342109756573773,210000.0
Random_6554,742.8483901749994,1069.815964158637,0.10817635714409328,0.22977123730519006,210000.0
Random_6555,793.0542460543106,1126.877193254772,0.0929526329780308,0.19060255986689206,210000.0
Random_6556,469.2606972040133,718.819005225077,0.10759507219575179,0.22913471115956735,210000.0
Random_6557,652.1658126970937,898.714733032867,0.05954065793989593,0.11354053847946374,210000.0
Random_6558,829.8653685902236,1149.5111218921643,0.06157642595004405,0.11721254851868221,210000.0
Random_6559,818.6270536095269,1130.064977108902,0.06607067853253226,0.1290099643064862,210000.0
Random_6560,778.3657231989678,1071.805836731688,0.07102546801986191,0.14218765240623776,210000.0
Random_6561,785.4003876496974,1060.1456696813427,0.05943104612321913,0.11341652518117834,210000.0
Random_6562,795.1588267748896,1119.5341297561001,0.08929903215005598,0.18470631937695378,210000.0
Random_6563,766.4158370220695,1049.7260390726926,0.07796110910398017,0.16176294073992808,210000.0
Random_6564,617.8564553192723,897.4699001792404,0.07509520290737252,0.14616421466205043,210000.0
Random_6565,688.9521206308782,974.933702631723,0.0839497063883465,0.1717957773773226,210000.0
Random_6566,745.7660435942945,998.5295671664016,0.04186544556494813,0.0710503314183959,210000.0
Random_6567,467.931675047308,685.7242506637764,0.08326023100751755,0.1718623294964572,210000.0
Random_6568,710.9083821449848,1013.6534798191433,0.07731603833524543,0.15211585217357498,210000.0
Random_6569,439.3151608696811,668.04876044714,0.09629580385385587,0.2015352464304146,210000.0
Random_6570,684.700516934797,972.0007279612337,0.07108709654586054,0.13739545618360816,210000.0
Random_6571,622.3872172662357,847.7492189959436,0.07515081100621786,0.15635503910192894,210000.0
Random_6572,641.8321751755764,929.5854822836044,0.09366709932346158,0.19249661718145247,210000.0
Random_6573,585.0975688132088,820.1078333377653,0.08820180858417029,0.183726374722514,210000.0
Random_6574,591.5237525655939,829.3543447399095,0.08043001825358168,0.1641281304460689,210000.0
Random_6575,729.3567304898817,1010.8354295512476,0.08309107134173825,0.1733136963286814,210000.0
Random_6576,785.3404723465571,1072.6425463314852,0.054457048918618606,0.09894384295607493,210000.0
Random_6577,624.5287077668635,875.9315084797577,0.048103854036491346,0.08068788879068725,210000.0
Random_6578,736.6811631519244,1017.8766801869958,0.09547805100654959,0.20592837904270672,210000.0
Random_6579,693.4186612532309,950.8826146889417,0.08303015264915888,0.17352277976419297,210000.0
Random_6580,455.4893812659876,725.7624726464489,0.09914554058998643,0.20562838239708392,210000.0
Random_6581,487.3081740216044,698.9055499563108,0.07705926696471818,0.155792308823468,210000.0
Random_6582,713.2436673829004,987.68703621343,0.054581724088791576,0.09810649686346987,210000.0
Random_6583,690.8529215713838,945.5858687269917,0.07118891739138104,0.142793801854384,210000.0
Random_6584,344.97779863818266,530.5921373258142,0.08496006425740418,0.17494230915508524,210000.0
Random_6585,664.7518669170844,926.393127421947,0.09599695575759243,0.2059672020868487,210000.0
Random_6586,741.0737782924969,1034.0258034892126,0.08251758788791388,0.170670847122672,210000.0
Random_6587,420.889456596215,610.7380907257364,0.06183042465693053,0.12060205855704653,210000.0
Random_6588,588.1487299546254,852.5822625378904,0.0791112994577372,0.16000609162680354,210000.0
Random_6589,477.0791343149659,691.5916569840288,0.05476448660266456,0.0988102230395862,210000.0
Random_6590,709.7479931920086,975.8176054053589,0.06960006043984997,0.13625503770089925,210000.0
Random_6591,618.5684251721182,891.4304942453978,0.08233222439489495,0.16623134226063874,210000.0
Random_6592,471.6096359983707,683.1248704345937,0.0684302081126661,0.13370563612942035,210000.0
Random_6593,704.6154914414265,986.1046818220678,0.07345712345577818,0.1457486227385824,210000.0
Random_6594,782.5778386736424,1110.1280915665177,0.10273461794820074,0.21836267964149586,210000.0
Random_6595,664.5741565007918,898.2292588540715,0.06069875929317551,0.12108614963038591,210000.0
Random_6596,470.0102742516412,682.5407063035706,0.06926265102681091,0.1341595644680777,210000.0
Random_6597,610.5191813112535,881.6766050692829,0.105551628792731,0.22515919251646418,210000.0
Random_6598,798.1681288343027,1126.0221274827472,0.08812734990215387,0.18140046225122358,210000.0
Random_6599,772.52820169038,1071.302500157798,0.08218506992870661,0.17082823429193936,210000.0
Random_6600,770.6637513958183,1076.0658844242785,0.07603022047969432,0.1516024496368891,210000.0
Random_6601,372.31793440534284,565.3840500859517,0.09550437313570909,0.20256620100937622,210000.0
Random_6602,739.8639624486026,1048.4613315425672,0.0766416296341883,0.1519407522078971,210000.0
Random_6603,642.5405203028084,877.5353768757392,0.05278104366409743,0.09724267664786085,210000.0
Random_6604,689.7120125512986,959.3301147353167,0.09851117251643494,0.21237535193809862,210000.0
Random_6605,601.8732798783798,853.8192394907968,0.09434211368706377,0.19892557898380875,210000.0
Random_6606,695.0567691521705,948.6809531985724,0.06212717534634092,0.1186164192717382,210000.0
Random_6607,833.5740903104369,1172.6500877974709,0.07756914959713623,0.15375871357935014,210000.0
Random_6608,561.5369073502429,799.2423231287754,0.07344301165757079,0.1475524196846415,210000.0
Random_6609,674.2234696240914,944.7896825269884,0.09062085019098136,0.19145034841245726,210000.0
Random_6610,770.507455580539,1048.5103925572835,0.07064295649265252,0.14305621168285076,210000.0
Random_6611,723.5550508287587,1033.6724734132824,0.09270766617540428,0.1885435411906785,210000.0
Random_6612,782.2552668686824,1076.9374211683637,0.07668009328666382,0.15579275944084214,210000.0
Random_6613,726.3335387420985,1021.5222009494224,0.07983513329466388,0.15898446015514317,210000.0
Random_6614,494.26599495827827,703.0112733214273,0.079268057490714,0.161585251781816,210000.0
Random_6615,640.1225130728162,882.510663281439,0.08096742357408729,0.16756511325224377,210000.0
Random_6616,663.0752157103925,903.5972266507396,0.08662349151923236,0.1854710582732073,210000.0
Random_6617,730.8774634229062,1019.1759092893417,0.0618331401479789,0.11631885372307149,210000.0
Random_6618,715.9774197563881,972.701330032453,0.0860679494029909,0.1820958114881036,210000.0
Random_6619,447.8968027253217,674.4188617990199,0.09143819499386634,0.18782750833924583,210000.0
Random_6620,693.8537018017292,977.8671677304509,0.05569827356366283,0.09807150765450962,210000.0
Random_6621,743.6755416317166,1024.3602655801167,0.06836289042157448,0.13647598634866262,210000.0
Random_6622,716.0513428880192,970.9710173230193,0.05828641852529937,0.11361348304786634,210000.0
Random_6623,816.2060876694366,1108.9593959159504,0.04260380058125736,0.06938748328564294,210000.0
Random_6624,785.5030228221093,1100.7992581343847,0.07168392532798454,0.13836408893727284,210000.0
Random_6625,735.8890626825894,1024.968750590094,0.07408830970907168,0.14714732528879182,210000.0
Random_6626,759.0304488570754,1066.7166287134128,0.09403678418771524,0.19641046289841013,210000.0
Random_6627,668.0057205782559,927.4047965023395,0.10101986366011866,0.21946419838141,210000.0
Random_6628,524.107050292312,752.4041350094666,0.07862277522866683,0.1607823740572884,210000.0
Random_6629,789.7404183135775,1096.3201397449463,0.06235855610196706,0.11899606200786768,210000.0
Random_6630,504.2841846769104,770.6501883884928,0.09128174743461406,0.18701660246470092,210000.0
Random_6631,481.2094275847626,738.5545948905784,0.08832886661842648,0.17940456803810917,210000.0
Random_6632,685.8988567088793,983.6583395299502,0.07904732758045412,0.15442496641721268,210000.0
Random_6633,750.1871543857201,1043.744871705656,0.08066327727418382,0.16689756587181595,210000.0
Random_6634,647.5269831993721,882.0937848661256,0.08427740117158158,0.178998024730704,210000.0
Random_6635,760.6495065393582,1060.2697541765513,0.07593234050029013,0.15078110177381715,210000.0
Random_6636,645.6972476817117,929.9221576740614,0.09595604297712429,0.19821321500918804,210000.0
Random_6637,582.2480814989299,820.8852614387032,0.0915006267351975,0.19344459305505687,210000.0
Random_6638,765.3174570219437,1079.3021045537557,0.06677628604089217,0.12621662756205132,210000.0
Random_6639,774.1519220885865,1063.0417846884443,0.06011906269889292,0.11319545047221577,210000.0
Random_6640,578.3023879786492,807.8594307337461,0.08215645155635706,0.17201260481377173,210000.0
Random_6641,587.1590072822595,840.6568858750707,0.08386745301142134,0.17104611108797496,210000.0
Random_6642,346.70051116992204,538.8851938472516,0.08361835046837038,0.17427148976005596,210000.0
Random_6643,589.3389860914587,830.9910649830092,0.0957083289176945,0.203231133612115,210000.0
Random_6644,361.4826340327986,566.8674082905601,0.08616288031658292,0.17538969811431332,210000.0
Random_6645,478.32187135913915,705.8951304017867,0.06183314627643992,0.11442515842807338,210000.0
Random_6646,591.4113124546693,845.7996360998819,0.0779502181349127,0.1583555072814395,210000.0
Random_6647,761.5743341882408,1009.6478504284877,0.048579614946579516,0.08979582525923613,210000.0
Random_6648,677.3922450643099,930.7213691415533,0.07401310398720266,0.15058475556249803,210000.0
Random_6649,637.2622089167445,885.556119167488,0.08425942549346054,0.17360661888435397,210000.0
Random_6650,792.4794753654016,1075.5361715097524,0.05612773399694187,0.10461393284009307,210000.0
Random_6651,564.179539142717,840.1637197397077,0.10347475930346994,0.21730448330247537,210000.0
Random_6652,616.1260592106005,872.3791997231347,0.09486074867178765,0.19914530478231857,210000.0
Random_6653,716.0840564979914,996.2775773287211,0.0653696404565387,0.12785655082924605,210000.0
Random_6654,781.2534466964299,1046.005219523786,0.04952381958631231,0.0910641058077862,210000.0
Random_6655,721.0482755475497,994.2249777573539,0.07987751418459198,0.16551259344933775,210000.0
Random_6656,347.3948233935289,545.7016106413344,0.08075536356648656,0.1642164905490869,210000.0
Random_6657,706.8039785477351,993.1599270066872,0.07084993099150064,0.1405570982788943,210000.0
Random_6658,576.1663720772801,798.0973865211765,0.08609366661238535,0.182709201379196,210000.0
Random_6659,540.691823985985,806.7151761129119,0.08917079928808253,0.18014052433270378,210000.0
Random_6660,638.9095462005653,903.2539235798503,0.07293667762185871,0.14412029371551016,210000.0
Random_6661,545.9230027375686,818.1006088380155,0.09110909625450422,0.18389000370432887,210000.0
Random_6662,552.2808585886481,808.646693034728,0.08991990097846586,0.18646280126148604,210000.0
Random_6663,618.16336283373,887.7052174145099,0.07587078852034985,0.15058549007176658,210000.0
Random_6664,699.2177046012728,974.130650379018,0.06351470498727783,0.11924511998740497,210000.0
Random_6665,487.99081911464106,755.0671940901643,0.07656767932438738,0.14888523163736428,210000.0
Random_6666,655.6265207251248,924.629107591155,0.060340879122428,0.11227060319659579,210000.0
Random_6667,726.1356265849585,975.6560916958298,0.050101076058613254,0.09032813978501775,210000.0
Random_6668,748.5490261253738,1033.266991561588,0.08307105238741848,0.17211399846699738,210000.0
Random_6669,759.7916552088343,1078.901272276361,0.08565105859854522,0.17405766929908212,210000.0
Random_6670,356.1297284197131,546.6345690190217,0.07483484745373374,0.15213971911021554,210000.0
Random_6671,709.404922594199,1004.8501324943906,0.08082438357707145,0.16485069611630587,210000.0
Random_6672,653.457110171411,929.7532436925272,0.057517935528329865,0.10246177499286555,210000.0
Random_6673,583.6163310500343,846.8851164278428,0.07753320134782364,0.1531683741659149,210000.0
Random_6674,744.9578220409893,1001.2311242686602,0.06296686292077192,0.12661091514415249,210000.0
Random_6675,761.9328550585071,1078.7190311969139,0.0942396504455415,0.19466076649511865,210000.0
Random_6676,757.464985797581,1024.1647914657676,0.06800939817755114,0.13664474922576164,210000.0
Random_6677,702.5458471622114,1000.4882373197105,0.08676544269012712,0.17797335037383202,210000.0
Random_6678,403.443307412176,604.0901945220262,0.0832258438297887,0.17381735099003948,210000.0
Random_6679,666.7577573130098,940.5624025478648,0.08513758054371454,0.17298941824962202,210000.0
Random_6680,601.0851816337369,884.2290359465658,0.08145184220108112,0.1614297715141189,210000.0
Random_6681,745.4652442308851,1008.1172462907859,0.06351493578999454,0.12717938618926206,210000.0
Random_6682,722.838953409532,1030.6238451415818,0.10251248502218656,0.21842792884907652,210000.0
Random_6683,616.5036874852905,898.1857639572257,0.10143304452738862,0.21408062882922738,210000.0
Random_6684,720.3185044110863,1020.4363544059348,0.10011099926826861,0.21308744149593595,210000.0
Random_6685,642.0155549039196,888.1516654135463,0.09144244456313341,0.1956541936589053,210000.0
Random_6686,720.5332617862063,985.6734101313768,0.054933752890934384,0.10000588803006363,210000.0
Random_6687,666.8727692950584,971.8589022507375,0.09990065785034596,0.20796262841156699,210000.0
Random_6688,626.0659601635965,911.864576708251,0.08046541709874502,0.15788135356824068,210000.0
Random_6689,774.6835184280882,1089.3920288669774,0.07429627588971398,0.14850841856695432,210000.0
Random_6690,666.6319863218888,906.4231170300254,0.057811650831405506,0.11179139220631046,210000.0
Random_6691,495.7936450645897,691.3061579769219,0.0494959672114146,0.0897425084069137,210000.0
Random_6692,806.3129408365501,1128.336511165781,0.06731172098838702,0.128204269252636,210000.0
Random_6693,605.2532913287239,859.4156902310071,0.0711001594905091,0.13898454070404614,210000.0
Random_6694,710.7172328232012,953.3323504053523,0.058904482217113856,0.1164693407026805,210000.0
Random_6695,736.4580870206448,1016.3564892707791,0.08876847354385117,0.18689508247958087,210000.0
Random_6696,706.913019951051,1007.1362100987785,0.07480118512042076,0.14625802884188813,210000.0
Random_6697,741.9104277986844,997.4375957508884,0.0746651087901979,0.15449952656944696,210000.0
Random_6698,721.7140326187796,979.8171494741501,0.09264859388029381,0.20040865521169635,210000.0
Random_6699,691.9333108554267,959.0440760536037,0.05035944084179043,0.08704996449214447,210000.0
Random_6700,453.2518002271829,660.564668648006,0.06271133204867949,0.12068198773248744,210000.0
Random_6701,500.0885542983224,696.2092682743496,0.06036516735012017,0.11487660087405702,210000.0
Random_6702,452.88422037814695,653.5425477140194,0.09407236302278044,0.20109747311287868,210000.0
Random_6703,498.01459725547846,702.0140763562115,0.05520218348019289,0.10201049835159466,210000.0
Random_6704,468.86884086860385,672.4174855066649,0.059595037063778736,0.11202065799726937,210000.0
Random_6705,720.0767499470634,1028.0501396356035,0.09630620285726973,0.19893044754869346,210000.0
Random_6706,596.0669296702599,866.020870559341,0.09185008852960463,0.1867998758067329,210000.0
Random_6707,734.401384107564,1027.7823504157138,0.07366139926011077,0.1454165585467903,210000.0
Random_6708,533.8736343433196,766.3356277518068,0.07388884547130414,0.14732847080281777,210000.0
Random_6709,671.6903330320567,948.410809751788,0.08915163156446296,0.18552196001980384,210000.0
Random_6710,555.4286844299113,758.9061988379636,0.05615069716223235,0.1076090300613772,210000.0
Random_6711,578.7100993205761,793.7190842987097,0.07607046900900906,0.15616385494141205,210000.0
Random_6712,717.8096284441691,969.4133348406641,0.06615845042835751,0.13311653354481146,210000.0
Random_6713,459.16002696679476,672.4298929501613,0.09558042576164714,0.20189821203058603,210000.0
Random_6714,516.8698279127016,737.6382921170582,0.05833777305168162,0.1092564858011483,210000.0
Random_6715,524.4315085887946,747.0676737230817,0.07417171369335314,0.14839587728987966,210000.0
Random_6716,650.7576291130989,883.5926421522755,0.07411320718793286,0.150237848509925,210000.0
Random_6717,701.8860852249721,977.7673885618318,0.07374344185435942,0.149532243224596,210000.0
Random_6718,733.0275611356315,984.0248963379894,0.05932629452226692,0.11413463476408103,210000.0
Random_6719,698.6129975569287,1001.5418542932435,0.07706721778971926,0.15232318457772587,210000.0
Random_6720,504.77497086455884,719.3088755116378,0.07688275571411368,0.15750342763655756,210000.0
Random_6721,628.3690320363847,890.839720029526,0.09349824158894827,0.1966258470434663,210000.0
Random_6722,690.2646417474467,991.2149658759959,0.08309404856097657,0.16393687414007577,210000.0
Random_6723,745.067839605071,1069.0941744015495,0.10146794945207285,0.21295940912997455,210000.0
Random_6724,580.5462192326152,860.644952312947,0.09005533358143954,0.18423791373991386,210000.0
Random_6725,629.6890185129494,887.9379931789281,0.08471227611151401,0.1739944319248615,210000.0
Random_6726,632.9687235450986,913.1002468807077,0.08492032094244023,0.17246618939198483,210000.0
Random_6727,621.7783234393348,856.4421198996959,0.051279944360634766,0.09282070116398497,210000.0
Random_6728,680.8011868385529,955.9941155063499,0.07741374389449437,0.15352433468397628,210000.0
Random_6729,697.4537405594343,943.0855905867945,0.07510441278666265,0.15388161373172538,210000.0
Random_6730,606.6784922690335,832.9626849963183,0.07922832292169336,0.16625190788249455,210000.0
Random_6731,562.288203150091,801.665378290204,0.0535427733617657,0.0949882801107065,210000.0
Random_6732,687.4423793478152,948.3917989930168,0.06571845788852695,0.12725213919899742,210000.0
Random_6733,749.0660107927869,1032.623403904781,0.06580381317258056,0.12666909984637376,210000.0
Random_6734,761.5553429075281,1075.8584741764846,0.07173861238137327,0.13868028965284446,210000.0
Random_6735,530.9230438432587,786.9706307671202,0.0824870821572897,0.16723231540331462,210000.0
Random_6736,600.6322038776716,830.8170608077978,0.054091036045513144,0.09810824586758143,210000.0
Random_6737,513.9065665687041,730.3343068090815,0.06860499788283274,0.1373254675059509,210000.0
Random_6738,713.2993853425471,963.6038476560478,0.05645501937154591,0.10872951758244122,210000.0
Random_6739,667.1359122511429,960.2244246515195,0.09442955037954184,0.1934812814831387,210000.0
Random_6740,789.6600965885727,1069.1229586753177,0.05828986985319479,0.11142425347224358,210000.0
Random_6741,523.2535621988337,738.871030591911,0.06950089158015345,0.13765253281900008,210000.0
Random_6742,635.6209770256804,887.7525747295311,0.08496304586439692,0.17534698117751726,210000.0
Random_6743,514.5344326579619,755.0915081556896,0.06241610756904514,0.116711885793181,210000.0
Random_6744,505.1021600699584,732.0206767785191,0.06642360438309516,0.12846031884432954,210000.0
Random_6745,757.6058407371553,1024.5150602594142,0.0734422295178718,0.15333939035313693,210000.0
Random_6746,637.6661267491407,879.6944584935745,0.0927757905813065,0.1999177620410126,210000.0
Random_6747,738.5558060419138,1006.7270687653419,0.0633926569729286,0.1260485034112057,210000.0
Random_6748,685.1256343135154,949.0882063548918,0.06972166895503902,0.13959858956436239,210000.0
Random_6749,578.0753490979096,833.3961346575417,0.10319916859745207,0.22155318258123277,210000.0
Random_6750,783.9916011365765,1088.7888019893253,0.06487732905493121,0.12372548845333145,210000.0
Random_6751,465.53897041119257,718.26874061056,0.07613964964742932,0.14851278192065528,210000.0
Random_6752,469.6750085701945,664.3602481482784,0.07264013409734799,0.14837801913725016,210000.0
Random_6753,539.0240876400185,760.2176555163194,0.08113465153447072,0.16965373686799784,210000.0
Random_6754,755.8931652227492,1075.8038338302874,0.10070353095944162,0.21247539799949183,210000.0
Random_6755,611.7424719463501,847.3053893534181,0.07977581445298484,0.16364294636094995,210000.0
Random_6756,717.9364858678589,1031.5238420593873,0.10688353382037714,0.22833642339458166,210000.0
Random_6757,690.7001604885652,967.6235133804553,0.08107801326707086,0.1673119950681131,210000.0
Random_6758,679.8978542098142,923.1124979991329,0.0627001170244573,0.1252095400870249,210000.0
Random_6759,800.8155537099273,1129.0555397636329,0.08188911235466152,0.16613313460935455,210000.0
Random_6760,577.9350958268761,811.8973401362185,0.08764811960110744,0.18214627431375185,210000.0
Random_6761,534.6273771116031,764.960799497797,0.097641470419288,0.20780322544459306,210000.0
Random_6762,640.8351609599532,889.3873897644125,0.07191148080609613,0.14552335941345626,210000.0
Random_6763,471.09851694230474,668.9328908669642,0.06329556202215154,0.12484439617969761,210000.0
Random_6764,764.8415848276696,1039.6540431541214,0.06628984152308313,0.13397723112554438,210000.0
Random_6765,819.0324078511117,1141.7340901692482,0.06572191587193041,0.12500537937672512,210000.0
Random_6766,498.5907987610149,733.0318420524562,0.09377646844794234,0.19737407283718486,210000.0
Random_6767,622.8610575208314,865.3640026997251,0.07348408565991951,0.14649491919229132,210000.0
Random_6768,614.6694859133758,867.7547536085053,0.08671102431375526,0.1783159640877774,210000.0
Random_6769,517.7268975197424,743.6568946098831,0.0749451176012159,0.15127804964770963,210000.0
Random_6770,554.0643050036924,810.6838705678687,0.06681480870725141,0.12527165308017607,210000.0
Random_6771,694.750415045355,966.468333724282,0.06334770153597365,0.12082906608548521,210000.0
Random_6772,725.3676743611254,995.1311874139038,0.08493118987659362,0.17719993438756187,210000.0
Random_6773,644.8265726927536,891.8469836024825,0.0645165377942845,0.12511434025483797,210000.0
Random_6774,734.6473513801823,1032.8475418466555,0.09223853111580871,0.1924382457535915,210000.0
Random_6775,661.504255676049,909.3852578279616,0.07589735153530464,0.1561147961987135,210000.0
Random_6776,592.731248119889,841.0355144941569,0.0807717514042876,0.1660868641941111,210000.0
Random_6777,775.758750216708,1040.4271540332757,0.058771960509865,0.11640037601878259,210000.0
Random_6778,416.60725048773355,646.1387997719789,0.08510444858442506,0.1733656177974395,210000.0
Random_6779,715.4972521739078,1027.3825865468668,0.10122742987146678,0.2128043751248373,210000.0
Random_6780,735.6943282593248,1045.6397182356943,0.09170724464390123,0.18849626148576523,210000.0
Random_6781,809.0036458948367,1123.470023150528,0.07189362101751529,0.13990518622357442,210000.0
Random_6782,435.5830872233862,668.6436317242742,0.09490384457325023,0.19670401901228834,210000.0
Random_6783,534.7321163660683,760.1889349320239,0.09106396939605313,0.19169117931120933,210000.0
Random_6784,750.125016479243,1037.1202721608809,0.08490598096261696,0.174546740829435,210000.0
Random_6785,676.3175232270712,959.2197647850403,0.08870881902740511,0.18373668075575766,210000.0
Random_6786,502.2859481159503,736.2543422697652,0.07476994604766626,0.1469726293587149,210000.0
Random_6787,585.3778663598242,798.6554735025621,0.06502940046331927,0.1270005995533522,210000.0
Random_6788,739.0278239975943,1028.3881878432496,0.06416019437534044,0.12131410001987383,210000.0
Random_6789,786.2204131600689,1098.4583914883267,0.0625371636647651,0.11557637645780577,210000.0
Random_6790,600.329808354225,886.5719312936219,0.08998526525117377,0.18204463522561606,210000.0
Random_6791,574.7732346201796,811.1506694695743,0.072441176188447,0.1434064038988066,210000.0
Random_6792,605.6905613929557,829.889298022378,0.0802706090825885,0.1685933579763224,210000.0
Random_6793,725.9331085871373,978.4166512580714,0.05725967295601325,0.11155295054602891,210000.0
Random_6794,600.6487340651801,843.9862565375544,0.0754349053085315,0.15451578124019563,210000.0
Random_6795,498.8136699711865,714.7553464477504,0.09432820124759993,0.20190295861557533,210000.0
Random_6796,483.9315608215261,721.5926096389146,0.07955262019526618,0.1591849010393232,210000.0
Random_6797,456.549678729974,686.1668979586711,0.06789681863495586,0.13081700002728525,210000.0
Random_6798,570.8888776618169,853.534872140605,0.0992169142386087,0.20531571376745417,210000.0
Random_6799,584.0990401276583,815.8787386756569,0.055609867634737076,0.10139878351955434,210000.0
Random_6800,670.2654280658448,969.7482226752363,0.10023576716897506,0.20810626191250553,210000.0
Random_6801,607.7499501376378,889.0648511992779,0.10105316711502786,0.21339514671401957,210000.0
Random_6802,487.64106319081645,731.5034331693621,0.08955367572009909,0.18307726899228452,210000.0
Random_6803,513.4077613367509,773.673602375282,0.07760925168161492,0.1546410547820171,210000.0
Random_6804,409.3290323076907,613.0674102628293,0.07606660089418847,0.15347547991335322,210000.0
Random_6805,609.3802858830699,902.0887636630029,0.10459693174637086,0.21961264032218145,210000.0
Random_6806,623.914049978751,879.71223877791,0.07175596918445579,0.1415549634701197,210000.0
Random_6807,639.6133907337373,885.6858353578269,0.08950847279337416,0.19076101126950468,210000.0
Random_6808,719.0863931091054,1001.1625511720375,0.0785260952366973,0.15988355899765658,210000.0
Random_6809,820.3055984121783,1152.6598851148328,0.07548820328574112,0.14989282336523999,210000.0
Random_6810,795.9349629069937,1132.5280794849768,0.10019775827062899,0.21077224627861824,210000.0
Random_6811,674.9504442854995,972.020970552721,0.09874676949069024,0.207931929457673,210000.0
Random_6812,673.8776694582726,976.3856391662974,0.09674890295975323,0.2021239260571762,210000.0
Random_6813,659.7620550647355,909.3028590515295,0.08916376816468523,0.188542749648078,210000.0
Random_6814,712.7835048483374,1021.5299991313624,0.10539895866859755,0.22458101647810247,210000.0
Random_6815,450.01346135364366,710.7006272954288,0.07717829940242694,0.1488377877590968,210000.0
Random_6816,740.9017183532104,999.1540998852186,0.057979363722420046,0.11291514491275668,210000.0
Random_6817,613.5182908005135,882.9236729662872,0.09656115136015506,0.20239348935746154,210000.0
Random_6818,534.7018606529219,736.0316165322835,0.05190127403879865,0.09664907362033495,210000.0
Random_6819,629.0890157537867,909.8074743791612,0.08613417536469888,0.17514718329132303,210000.0
Random_6820,752.8773936632409,1021.8434163060018,0.06178642739770382,0.11865146997263132,210000.0
Random_6821,465.6494616609252,655.208584011812,0.05131353863186183,0.09303815326554213,210000.0
Random_6822,625.3438714529791,872.6879642598545,0.06939879071231304,0.1367702153173897,210000.0
Random_6823,675.5931811478138,942.6969239085489,0.09036000449692161,0.1890065756508588,210000.0
Random_6824,750.8824191107044,1006.7551701720129,0.06942125690663094,0.141015033725635,210000.0
Random_6825,644.4700080053466,890.8522059540765,0.07670166886306035,0.15828291116630622,210000.0
Random_6826,486.07502034054545,733.2023150260964,0.0739537280452069,0.14206483626761127,210000.0
Random_6827,784.3539817201479,1053.8928880899946,0.04495014455540147,0.07802313421404408,210000.0
Random_6828,811.1765622724912,1150.3561610925394,0.09269280933867677,0.1921463358243336,210000.0
Random_6829,652.7556873532246,884.4913755596401,0.06980073573260542,0.14380843845107366,210000.0
Random_6830,677.3695751397593,981.2899834922634,0.093731043178303,0.193316591672499,210000.0
Random_6831,591.5782347913025,813.4285795704342,0.062013156490799304,0.12219952045812857,210000.0
Random_6832,499.85962830830533,749.3537951522745,0.09891142592591383,0.2060632097725035,210000.0
Random_6833,552.4353019573487,781.2203344051335,0.08346594241008759,0.1746050828597771,210000.0
Random_6834,626.9453696859249,855.4295210583481,0.06634810252212792,0.13389586143245014,210000.0
Random_6835,435.11628155431106,667.4833745645224,0.0634561958499882,0.11842919515684233,210000.0
Random_6836,670.306333637314,938.8084999568721,0.08084239882352261,0.1655815347256202,210000.0
Random_6837,640.7991362752994,923.9815180457971,0.0905581023421435,0.18531485079710924,210000.0
Random_6838,552.2847121711453,766.1525729303928,0.06074906631345533,0.11629794401797504,210000.0
Random_6839,734.9372725293694,1023.1895908036777,0.07288759189338423,0.14371068294653255,210000.0
Random_6840,567.904469130978,824.1147462084158,0.10179467622799593,0.21732573231751365,210000.0
Random_6841,568.1804079256118,781.1920878954004,0.06892330703093458,0.14031688876781734,210000.0
Random_6842,758.8902197404267,1031.4517088819127,0.05426124351699704,0.10030526328506145,210000.0
Random_6843,491.0712148231902,764.244507097097,0.11224321371156637,0.23901785491704547,210000.0
Random_6844,546.284614098784,757.029861645582,0.07583098215753771,0.15735403483767138,210000.0
Random_6845,746.780894750805,1016.9439913278271,0.06951959194685725,0.14045431272405318,210000.0
Random_6846,731.7675700976221,1032.6128207434483,0.06866432646232336,0.1316092038852794,210000.0
Random_6847,663.7333203553693,960.4296063539938,0.11031621808923744,0.23705065799277614,210000.0
Random_6848,711.1976328914873,987.4906715989787,0.07027396603073434,0.14058755958055863,210000.0
Random_6849,600.0586339504224,887.9439422914585,0.10185734401856628,0.21392759512310325,210000.0
Random_6850,578.5548474732896,800.6070264704197,0.05254752055231024,0.09600356596460113,210000.0
Random_6851,657.576259392563,928.9111459832664,0.09960947710493724,0.21202697174089352,210000.0
Random_6852,486.95627591714924,751.2289225196233,0.08407249942070301,0.1694182830894803,210000.0
Random_6853,710.1500424071753,977.9712109689513,0.09490595888544419,0.20415418499961305,210000.0
Random_6854,445.54232727966763,667.3490231001314,0.07455586676596927,0.14806961268436988,210000.0
Random_6855,659.6605373010827,952.315802893544,0.07796827080674744,0.1554068810073002,210000.0
Random_6856,702.2785316671525,997.168377837405,0.10030387157390155,0.2124310736721447,210000.0
Random_6857,426.11925953722334,646.2317140230195,0.07801047362229033,0.15592821298867898,210000.0
Random_6858,776.38893523617,1069.2845009376833,0.06441555346160824,0.12606443186324828,210000.0
Random_6859,651.1853775427948,904.4776525802937,0.056531568868442336,0.10357191588398854,210000.0
Random_6860,581.0553896811477,809.6008564879994,0.07833679986746431,0.16148737727803408,210000.0
Random_6861,729.5450225771059,995.867360883167,0.05106240038804624,0.09093046627886556,210000.0
Random_6862,528.236318054019,792.2943274874323,0.08219872875432195,0.16203511425582753,210000.0
Random_6863,656.6391441381469,929.302588130994,0.08109430591761613,0.16451486053879502,210000.0
Random_6864,802.907192578138,1117.4558632095222,0.07672485357315104,0.15240158531164816,210000.0
Random_6865,768.0858512729386,1093.2961761657787,0.10727114747250119,0.2297703755583179,210000.0
Random_6866,711.672715589641,965.8602518690061,0.08322548792769252,0.17648277833872653,210000.0
Random_6867,828.1653392455596,1163.2086032622642,0.07390822184686661,0.14480665558821504,210000.0
Random_6868,587.8393043326164,872.4147318196773,0.11769578735926868,0.2541453075843665,210000.0
Random_6869,618.1791301286694,870.8130625000173,0.09092891421276247,0.1889119934032125,210000.0
Random_6870,670.5096119448779,963.5348950613052,0.06608230037543235,0.1225247867931185,210000.0
Random_6871,721.3252356456229,971.5401739702806,0.06640186137429946,0.131753223071728,210000.0
Random_6872,583.7511819220256,820.632448707982,0.07413486071015629,0.14702469161284495,210000.0
Random_6873,809.9660173672571,1130.1159221917455,0.059193627669450674,0.10709976063819264,210000.0
Random_6874,597.5886441872678,856.2462527869997,0.10444978456885495,0.2238454495889136,210000.0
Random_6875,630.6949198517246,899.0616337825811,0.10224379732713969,0.21926887051376098,210000.0
Random_6876,374.6952115675678,575.8550671858945,0.09079699090843071,0.19063822825822271,210000.0
Random_6877,359.8138843996208,555.2158672283427,0.08451153640557364,0.1763509231099087,210000.0
Random_6878,571.8062680673777,794.1235567625592,0.08448063539307775,0.17780326117169118,210000.0
Random_6879,571.2238097781561,814.2408484539724,0.07279923372955951,0.14240779277925794,210000.0
Random_6880,624.27087897088,853.5308871510321,0.06462141215809868,0.12626762231852803,210000.0
Random_6881,557.2742228190575,816.8765525409106,0.0631557622152869,0.11521059503879816,210000.0
Random_6882,711.0722688123533,967.645355940085,0.07620909929747664,0.1579004437573428,210000.0
Random_6883,662.5640944215207,959.7205947539778,0.08224260720676196,0.16604624160508483,210000.0
Random_6884,771.8246657337629,1097.6153577857015,0.09645416825856673,0.2009057603632714,210000.0
Random_6885,835.1908747948834,1159.7832647222267,0.06313762117413262,0.11981682215558101,210000.0
Random_6886,778.4460121430217,1096.74819910543,0.09285672947831877,0.19305131562841743,210000.0
Random_6887,604.1857000659804,876.0799152231617,0.07785046778241708,0.15262564449882948,210000.0
Random_6888,794.6018731991079,1053.2848503249468,0.042171292638298136,0.07348694146464717,210000.0
Random_6889,697.0320871693209,974.6633542568214,0.08650015212646174,0.17933389491067125,210000.0
Random_6890,737.3559233524021,1023.4397887951671,0.059573750298113744,0.11106831459327311,210000.0
Random_6891,610.7629260754361,897.2911911465916,0.10435129781293151,0.21830889719990376,210000.0
Random_6892,444.31245913226195,651.5757087654127,0.06497857858164789,0.12559145265277127,210000.0
Random_6893,752.3558263257645,1017.2172842148387,0.06658024821041363,0.13464404894344506,210000.0
Random_6894,724.3664110990535,989.8704379869849,0.0973676609255689,0.21236965036290878,210000.0
Random_6895,423.0433076351545,641.4636869973239,0.07889592279739452,0.1603692331346328,210000.0
Random_6896,455.82486506863546,676.1273064436306,0.09316888402398493,0.196916080957316,210000.0
Random_6897,677.3090590884395,918.8788463517902,0.059986710139831236,0.11572938124016416,210000.0
Random_6898,783.155874281448,1066.0106589717464,0.057472480839549145,0.1087239052019979,210000.0
Random_6899,617.7425439375422,908.3034590788632,0.09457773355336091,0.19323674020732123,210000.0
Random_6900,710.754765337811,959.3458312296099,0.06768689987439143,0.13645489800299507,210000.0
Random_6901,460.25929401775767,689.5481876839193,0.08061145048733742,0.16388137351291795,210000.0
Random_6902,496.55355262592707,729.0714320184891,0.10112093610037379,0.21637862146152662,210000.0
Random_6903,718.14239507963,987.4815326837536,0.08805422283131567,0.18794328936848362,210000.0
Random_6904,659.2529066587231,899.2073343563465,0.07571200171239105,0.15542700839384757,210000.0
Random_6905,488.5700420020646,699.3557270443398,0.08593658382446759,0.1772053883797587,210000.0
Random_6906,615.1864005121943,909.1839535406448,0.0993589055499195,0.2034530651720069,210000.0
Random_6907,616.5063002486577,891.7859789291617,0.0765579850185181,0.15040084720619656,210000.0
Random_6908,735.4106299191346,992.7000150990211,0.07249787065435956,0.1480393752028604,210000.0
Random_6909,748.289305762872,1064.214793416231,0.08920894491506236,0.18357760112761634,210000.0
Random_6910,575.0683959314176,806.2440759215939,0.08250878094937689,0.1718045484514225,210000.0
Random_6911,454.59585555110107,705.8510757889575,0.08073210225956594,0.16046267777161588,210000.0
Random_6912,606.7331606623014,868.8143228675797,0.08062815759240406,0.16353827749949415,210000.0
Random_6913,562.4068632472682,828.7710237617825,0.08552015013238548,0.17329789646317262,210000.0
Random_6914,765.4449036521555,1059.9702408797689,0.07429387415191256,0.14843257613624064,210000.0
Random_6915,733.8553514800449,1004.4836793113591,0.07315611479578286,0.14672326021962154,210000.0
Random_6916,742.6915226524824,1027.7227337231425,0.07136951580934867,0.14165396475733394,210000.0
Random_6917,814.3823383889915,1139.4240581445067,0.07327961216753226,0.1424585120714804,210000.0
Random_6918,575.8926324692451,803.7721893020699,0.0814767397530089,0.17095669716359807,210000.0
Random_6919,760.2847134691596,1065.86141079545,0.06037756766648257,0.10949340227633006,210000.0
Random_6920,500.1602183334537,702.4761487578293,0.07377653603638583,0.15264014694594905,210000.0
Random_6921,564.0758065533728,819.6464343950254,0.09578795125324702,0.20148344010027985,210000.0
Random_6922,546.1692021817163,769.008153754002,0.06662520348854363,0.13296013733000125,210000.0
Random_6923,541.9270779932484,811.2922399223019,0.06625914834297185,0.12316714038656189,210000.0
Random_6924,627.465932082895,922.1046797782137,0.10158740825960191,0.21096899876565067,210000.0
Random_6925,600.5889469798143,874.2816250648164,0.08326453227427585,0.16613423816521525,210000.0
Random_6926,648.768093672645,912.1130485803842,0.06487571657146153,0.1246455240859248,210000.0
Random_6927,815.0811876353956,1144.5556557952923,0.0838257826149603,0.17217963112341894,210000.0
Random_6928,679.3171204841569,981.505931962319,0.10704087086236472,0.22757833631126276,210000.0
Random_6929,473.4259354678383,731.1177085524292,0.09861979099773806,0.20573441075748863,210000.0
Random_6930,477.34311231212956,719.3731679908353,0.1055385835363068,0.224965825655842,210000.0
Random_6931,605.912750960757,892.7439380502469,0.08552215421709604,0.17040309315436236,210000.0
Random_6932,734.0698667701696,980.1525814322108,0.045500318273349105,0.08064717735084562,210000.0
Random_6933,746.5510699144778,1032.8066773145667,0.07357427363005853,0.14690884650542163,210000.0
Random_6934,756.1807307405264,1033.7054185070017,0.06616588549646979,0.12928836478984895,210000.0
Random_6935,734.7760965597516,975.4130299532943,0.04125321736032282,0.07016611938973313,210000.0
Random_6936,780.8780486912018,1069.3234393906819,0.049222835273015894,0.0858769827853032,210000.0
Random_6937,777.9928124778596,1090.3854532316172,0.054467255832466394,0.09467001036213499,210000.0
Random_6938,629.2083616455253,925.0289974581804,0.09851141698560845,0.20266915495352733,210000.0
Random_6939,725.1872736573837,1015.831147935297,0.06991489311400126,0.13681416843026956,210000.0
Random_6940,597.3866049422326,814.1201637992981,0.059942579210656724,0.11524734204449141,210000.0
Random_6941,695.8016281140369,986.6998680072227,0.09094631797774892,0.18990736617710027,210000.0
Random_6942,673.4489387159618,936.682337426099,0.08831350221732877,0.18621553490390935,210000.0
Random_6943,510.39963222020396,758.8258907036025,0.09419096166146701,0.1960218871267999,210000.0
Random_6944,656.4015735583718,928.6762892178538,0.05766872129988079,0.10385657918532165,210000.0
Random_6945,703.9028181203761,963.8282839516245,0.07102568213823814,0.14167876818394678,210000.0
Random_6946,657.69571369674,940.3910837107534,0.06573602020118274,0.12338972311249577,210000.0
Random_6947,569.0357749447905,775.3599696888948,0.05124931640006465,0.09498452743409597,210000.0
Random_6948,496.0939012425279,745.6909623215676,0.06860336133814579,0.12896081452248861,210000.0
Random_6949,647.3809268216015,876.4892663808649,0.05959285208872178,0.11797852916696273,210000.0
Random_6950,718.0818890789433,1007.179736440739,0.0877839952565239,0.18247904206440477,210000.0
Random_6951,761.0990675301505,1072.592614901869,0.07860243749492388,0.15526726649627065,210000.0
Random_6952,398.4441391585439,584.7949291448803,0.0644634783012761,0.12629180480618715,210000.0
Random_6953,676.7722440175844,900.3417085071696,0.04242851778783304,0.0733781629012176,210000.0
Random_6954,789.8505183484443,1106.257120917509,0.06935930772451328,0.13560461559128636,210000.0
Random_6955,682.746880647803,975.842494805433,0.0841644783224337,0.1675156163936198,210000.0
Random_6956,492.42303980597205,713.1887962293296,0.09417469535488462,0.19879059391354625,210000.0
Random_6957,728.5773582779602,1048.8178299841654,0.10443823537100182,0.221013589971598,210000.0
Random_6958,610.4947428498617,831.0926210787333,0.06372022801868575,0.12651106365136322,210000.0
Random_6959,773.1351249404236,1086.9959261626154,0.08133118234740319,0.1650621886067989,210000.0
Random_6960,527.7093649147359,757.7654516744284,0.06803972472783215,0.1304567398893257,210000.0
Random_6961,799.1691367770684,1094.3133774177682,0.055461278721060624,0.10246681863083837,210000.0
Random_6962,562.757864881107,789.9842885915759,0.08055799192179111,0.16677100098399922,210000.0
Random_6963,484.67329503473337,689.9540329664843,0.051907742353590115,0.09366137680919992,210000.0
Random_6964,444.3496156580031,715.6395707918233,0.10419374495270586,0.2179610189256408,210000.0
Random_6965,708.5674411099051,996.0214272250661,0.06703765994730904,0.12719253648064013,210000.0
Random_6966,769.678081473132,1042.9133698745175,0.06011496225915488,0.11734273489000756,210000.0
Random_6967,678.853075908134,955.1451048421123,0.06403203008181324,0.1200257996982087,210000.0
Random_6968,740.3085313403652,1037.0186515489322,0.07169068053040067,0.14060586305013523,210000.0
Random_6969,462.2297993880667,705.7019244995373,0.06556973826448484,0.12293958394357454,210000.0
Random_6970,542.9146628910022,760.3691740186497,0.09252087002881128,0.19843037599443047,210000.0
Random_6971,630.8496696750474,921.354686474239,0.08586425555516154,0.1731728449004204,210000.0
Random_6972,675.9467919766199,935.4896677479834,0.06646330104006606,0.13258731541500962,210000.0
Random_6973,749.8621519813977,1027.7050774211973,0.07571026023958408,0.15321060753529978,210000.0
Random_6974,445.29534183951876,654.7629121371765,0.06960190150861936,0.13857754199332945,210000.0
Random_6975,680.9989882928129,939.0819119671661,0.07812571269388516,0.16030169524688243,210000.0
Random_6976,642.609478389474,867.1329017347811,0.06610759793183105,0.1342898582005856,210000.0
Random_6977,588.3763728575187,827.077520045769,0.0877784594358994,0.18538721346825504,210000.0
Random_6978,555.1638865472197,838.0451783869223,0.09913411373052591,0.2019397393617616,210000.0
Random_6979,636.6532934233416,910.5605164654619,0.06876759730073786,0.13148064265231052,210000.0
Random_6980,466.2800619333067,689.0143651923602,0.09594119616710733,0.20335323106781628,210000.0
Random_6981,763.499933871989,1024.320123441701,0.05109519609271522,0.0961158018946258,210000.0
Random_6982,542.7993320787544,761.4200490791128,0.08790872397789401,0.18396438184306824,210000.0
Random_6983,611.6825597149682,894.3234613146396,0.10257384608605008,0.21417124828530948,210000.0
Random_6984,456.2996805514863,646.7978718603226,0.0505967565748357,0.09243430917616494,210000.0
Random_6985,822.0851299026758,1147.9642063451179,0.07254760250439915,0.14480307845935494,210000.0
Random_6986,386.16822021857064,628.4947220812943,0.09481583744936772,0.1944224349908668,210000.0
Random_6987,751.8362811145431,1024.1295796018044,0.06649690281409233,0.13339385241442187,210000.0
Random_6988,781.893639691426,1078.3736442603924,0.07884542135151976,0.16020110988946543,210000.0
Random_6989,724.7047983450746,965.5915806999992,0.05469913242902671,0.10570162885940348,210000.0
Random_6990,816.8475191243394,1139.9586672270266,0.07207011112398301,0.1417489817169796,210000.0
Random_6991,764.6153327254534,1019.126218529668,0.05770500638945064,0.11266884572827114,210000.0
Random_6992,684.2365207515654,933.0275988684641,0.08909060083083456,0.19044427667811975,210000.0
Random_6993,667.0276758591178,949.185088388639,0.09640863500328223,0.20419139776713569,210000.0
Random_6994,726.2367765211284,977.921924757896,0.06491631624475322,0.12786601435898115,210000.0
Random_6995,353.8368789742833,561.8842774518265,0.10074970163046319,0.21307688690939344,210000.0
Random_6996,482.0186180093009,693.4980897120391,0.09045412960621393,0.1892678439638551,210000.0
Random_6997,703.8182076878734,969.9371989530833,0.09539804156564133,0.2058958984177634,210000.0
Random_6998,612.0093803463218,890.273755856797,0.09876668844157672,0.208166338075087,210000.0
Random_6999,769.4126854830325,1024.4430120687662,0.04201114952716564,0.07253608981484919,210000.0
Random_7000,704.4954699444866,1008.3911301554041,0.0799865360486895,0.16107700135062347,210000.0
Random_7001,723.5435644075048,1015.9197676349255,0.07214537694014553,0.14064274537011276,210000.0
Random_7002,478.2373224998365,724.885298338192,0.08618700826699736,0.17536607774056862,210000.0
Random_7003,483.2946590232647,720.7812406891734,0.08114955137444341,0.16469401056964145,210000.0
Random_7004,665.9874117928842,935.3669397785052,0.08252231938074882,0.170435802704311,210000.0
Random_7005,758.4224732475955,1056.6030760865044,0.08713882326418461,0.18281377043019176,210000.0
Random_7006,732.3465592016518,980.4653967626206,0.056759327922678314,0.109281818839812,210000.0
Random_7007,474.6671813588229,665.7789005934001,0.05027570191384214,0.0912365897220232,210000.0
Random_7008,778.8520325077036,1038.7800075120215,0.049510826773640534,0.09183256728005755,210000.0
Random_7009,815.6784122126702,1150.4133361848244,0.08621997841026598,0.1755589829842372,210000.0
Random_7010,610.0279447863595,897.8016603154153,0.08536162836887481,0.17153697994337463,210000.0
Random_7011,389.1462899055038,643.1753736472994,0.10111212944977988,0.21059389058442365,210000.0
Random_7012,595.5016526894184,860.1197138905576,0.10125564169890984,0.21384179849535936,210000.0
Random_7013,733.9610684614212,996.9223827578774,0.07549842293114062,0.15405718287787504,210000.0
Random_7014,801.7184733237767,1104.5735354810884,0.05988357099622589,0.11097583761095006,210000.0
Random_7015,590.0612448222407,839.467648042675,0.08574070323100653,0.1777021556828212,210000.0
Random_7016,752.0987902758206,1056.989974749107,0.07575935674314525,0.14989701713855175,210000.0
Random_7017,519.4562379128565,737.7201245482961,0.08924390736389395,0.18859929746619453,210000.0
Random_7018,718.3820331460887,1012.9010106947788,0.09597776278217361,0.20153461465841876,210000.0
Random_7019,467.3122694636544,695.3366374552543,0.07784303439142873,0.1541040142137688,210000.0
Random_7020,579.3551694611904,800.0164173216755,0.06580658314803647,0.1277305626553949,210000.0
Random_7021,580.7317182973627,831.4081616994652,0.05865394984757005,0.10622273581960642,210000.0
Random_7022,735.8416541464903,993.1939970848874,0.054550820532559004,0.10287149434444418,210000.0
Random_7023,578.0919885342818,849.6573998022394,0.09769579364823384,0.20374332407790524,210000.0
Random_7024,494.1864776828034,734.7058211082083,0.10315305228632139,0.21902454020592727,210000.0
Random_7025,732.70918201001,999.4628266088395,0.08861221312808237,0.18788147116121057,210000.0
Random_7026,699.2886792506335,997.7325094456106,0.10388704893844891,0.22076780641081373,210000.0
Random_7027,766.8578072506912,1072.2839441405654,0.08875082783811637,0.18275672081976996,210000.0
Random_7028,751.9216095591139,1053.1985246925897,0.07536370639380348,0.1514696223982591,210000.0
Random_7029,534.7551542808219,764.1909332344358,0.09339426567993854,0.1977594846339649,210000.0
Random_7030,658.7676226942543,928.8286477863011,0.07959265898579261,0.1603985612370385,210000.0
Random_7031,455.5051159129112,685.525731965801,0.09528129142133039,0.20045523981275346,210000.0
Random_7032,604.8915127685515,837.245521703461,0.08459418980525077,0.17873567696278644,210000.0
Random_7033,799.6649439104386,1110.9360259289879,0.06647572061744395,0.12623086735703928,210000.0
Random_7034,667.5106870248006,914.0881313375548,0.049580531460513264,0.08841956485019938,210000.0
Random_7035,660.2992653332217,949.5813414214792,0.10339047525741824,0.21881324239860858,210000.0
Random_7036,387.01150889290074,646.9959541807841,0.11725266643077255,0.2495273006269956,210000.0
Random_7037,505.89567041303513,760.1998521176174,0.07631764087328641,0.15077526082232096,210000.0
Random_7038,696.7887568579097,937.0742987002011,0.06824195090828661,0.13670963916511109,210000.0
Random_7039,386.23790335681116,612.4425017305057,0.10092338615821743,0.2114248098823212,210000.0
Random_7040,765.5763218694979,1036.3205071355796,0.06107918125785436,0.12016203702794097,210000.0
Random_7041,496.2777948018364,712.097714235249,0.08527609036903686,0.17734719578517247,210000.0
Random_7042,747.4048601966253,1013.9856750153155,0.0706230211058283,0.14143482215287118,210000.0
Random_7043,646.2154176818168,936.9807689537148,0.09398086969496924,0.19481511383486413,210000.0
Random_7044,739.2352340386404,991.34419251705,0.054740525386292475,0.10603423794068102,210000.0
Random_7045,674.8226507806586,937.643862725856,0.0802382089071052,0.16423998908991946,210000.0
Random_7046,723.9532635143221,965.2706950410858,0.051180203907278427,0.09573740162389222,210000.0
Random_7047,678.0171205847471,971.0741442338181,0.08577061946346845,0.1714257985207117,210000.0
Random_7048,653.4192060287988,876.9406095683211,0.05795764992981703,0.11528814966260834,210000.0
Random_7049,745.0970602440783,1031.660121198754,0.09832520705342639,0.2122148659042544,210000.0
Random_7050,575.7569262726151,836.5126128748927,0.08274759893724612,0.16485761030950832,210000.0
Random_7051,378.5674445981178,570.3741237724004,0.06422619554765625,0.12591874523680555,210000.0
Random_7052,739.7274899725093,1065.6298161106793,0.10644354166571375,0.22414383806724103,210000.0
Random_7053,434.58586372573944,650.8007450544173,0.09752965074443593,0.20563745519182158,210000.0
Random_7054,776.7456950192965,1098.6306780671878,0.09778596611284017,0.2066768582858426,210000.0
Random_7055,410.84746949168004,597.0321253181802,0.047512415426799695,0.08289951189457917,210000.0
Random_7056,657.6055670151286,913.9822494780146,0.07103409896018109,0.14288311742136797,210000.0
Random_7057,558.3385336012204,769.1502975886303,0.07576760948389791,0.1561880168223162,210000.0
Random_7058,745.5342786993674,1048.8617892573984,0.06703922605031043,0.127458522719556,210000.0
Random_7059,771.8419232026771,1084.9533415533542,0.09145406785863444,0.19080923398098837,210000.0
Random_7060,567.1740290200497,845.799915824133,0.10855895103815345,0.228976283413662,210000.0
Random_7061,587.892577187003,813.4625727325341,0.07515662167410431,0.1550950861601132,210000.0
Random_7062,447.65985589727586,657.0488568983181,0.07057420928809742,0.13836707279706145,210000.0
Random_7063,436.40159900639645,695.9896413739986,0.0853789020973258,0.17023936018443106,210000.0
Random_7064,482.33197008524513,688.2395440614654,0.06185826578525275,0.12128251217811092,210000.0
Random_7065,391.38584363593657,601.8305581137612,0.07271023073264439,0.1449890849419587,210000.0
Random_7066,447.64119793663144,686.6240525640654,0.09074431795528577,0.18865332171837726,210000.0
Random_7067,471.7937018169388,728.5059943914421,0.08359633759901464,0.16486658145906102,210000.0
Random_7068,516.3579528707539,718.4889630758098,0.06856886471536602,0.13869030387382925,210000.0
Random_7069,617.4510136398459,846.8220636372525,0.05936687929163439,0.11605679894601334,210000.0
Random_7070,654.1671421830632,935.7145059025383,0.10322572871699741,0.21924725014592145,210000.0
Random_7071,713.9517009707514,996.9656747206141,0.062189376918789015,0.11740005602672685,210000.0
Random_7072,739.9843873033684,1012.9140464579237,0.06424940212972283,0.1263835995315278,210000.0
Random_7073,810.6701422717913,1137.676388722231,0.07453688410355588,0.1449109363512438,210000.0
Random_7074,469.6287746911124,728.663016365939,0.09115765143240454,0.18364770306926845,210000.0
Random_7075,680.2858735715482,957.1914737597064,0.06810465421313174,0.13122036200215728,210000.0
Random_7076,795.2279944478062,1086.8442745817033,0.048378379017330456,0.0833454871027277,210000.0
Random_7077,720.429499601859,970.7709451463085,0.07663254322550957,0.1583002697057339,210000.0
Random_7078,614.2174508014702,844.5307083223247,0.05958686081258308,0.11434222646599901,210000.0
Random_7079,581.0318091885371,826.0256647051507,0.08601036695689773,0.17741979982451558,210000.0
Random_7080,450.9760889413908,690.4417947849978,0.07606829240854138,0.14914169175284217,210000.0
Random_7081,639.5540768064698,890.0913030834923,0.07715758583513842,0.1581870170245726,210000.0
Random_7082,619.2058727306271,854.4595165281977,0.0658523665903588,0.1286108205378794,210000.0
Random_7083,752.6728223027449,1045.0585478643443,0.07250493811718416,0.14488093309764652,210000.0
Random_7084,615.6937196647368,859.4850880281415,0.09881558476291472,0.21261191544046532,210000.0
Random_7085,401.43776204527404,612.7444397415322,0.08670230663056193,0.17729467493881862,210000.0
Random_7086,765.425205137103,1042.3074800701233,0.059626650577564305,0.11552730151305424,210000.0
Random_7087,579.6618742813855,851.6766609585438,0.09950002391607332,0.20733111844548532,210000.0
Random_7088,580.1699229046066,847.8579015289746,0.07725811150824025,0.15057952044103629,210000.0
Random_7089,737.6013595429163,1019.526265125471,0.06528609690124186,0.12798261622444695,210000.0
Random_7090,669.9915870370407,946.9474173546168,0.08500869442329792,0.17205822893803951,210000.0
Random_7091,644.0684845118387,889.4555712671558,0.07748110554102672,0.16042954537537937,210000.0
Random_7092,587.83056208791,810.3071869701558,0.0771003085367417,0.15667273746307592,210000.0
Random_7093,722.4200758641344,965.5114411588273,0.06086532355642302,0.11986899182817325,210000.0
Random_7094,682.0344469733027,938.9249824377331,0.05658770965103656,0.10447315559950351,210000.0
Random_7095,548.40689628338,816.2591170328375,0.0837517406138167,0.168263341639192,210000.0
Random_7096,693.2121912455551,974.9480722161991,0.0728692683365941,0.1461141963423953,210000.0
Random_7097,776.0247420145569,1069.2511704276574,0.05990704374633835,0.1140712440887396,210000.0
Random_7098,632.6696276334959,915.4085021850095,0.0668301335028762,0.12521048289507014,210000.0
Random_7099,557.7826792902986,843.8405096988237,0.11788576944296138,0.25322432213989504,210000.0
Random_7100,703.4872709274324,972.4153036467878,0.08342542935817984,0.17269646755267617,210000.0
Random_7101,663.3404316006303,920.123288254235,0.061531226842598645,0.11832663898200502,210000.0
Random_7102,754.2591035122384,1079.0318688884201,0.10452444894233032,0.22231060577610767,210000.0
Random_7103,638.084562971367,901.8415209993616,0.06409486393647466,0.12047481717048722,210000.0
Random_7104,567.491608249229,841.6948768286177,0.07841684527029846,0.15452438078263764,210000.0
Random_7105,687.2692065381036,934.9023014350182,0.044656414825634885,0.07536877805995162,210000.0
Random_7106,701.446368783158,992.1300831924566,0.0830955109972988,0.1666055974218701,210000.0
Random_7107,623.3611453637275,856.8523105064857,0.07094656299340256,0.1438048910203324,210000.0
Random_7108,426.5529890231218,672.4158306304753,0.07840626788610386,0.1518804524725941,210000.0
Random_7109,552.4468170567138,767.1305356553826,0.04966462719082118,0.0887774327678101,210000.0
Random_7110,768.7364697248961,1077.7166702079132,0.07176362708405803,0.13891435636229554,210000.0
Random_7111,714.6262939962656,971.7068918123007,0.0741963704978938,0.15103249041480668,210000.0
Random_7112,525.5803134041234,780.8653681073669,0.09450762885012087,0.19430631094462292,210000.0
Random_7113,768.8482956548793,1070.400349139601,0.07611604892817433,0.15417116601680822,210000.0
Random_7114,698.3446365848729,983.6136815850886,0.06623836493365329,0.12629827327883714,210000.0
Random_7115,811.6887304500342,1119.2336399723727,0.05807581008272762,0.10714900860145382,210000.0
Random_7116,807.1778315647562,1128.401362971678,0.07341688365058008,0.14455206907661877,210000.0
Random_7117,456.5304324980337,679.7969850094377,0.08826656424626306,0.18371522375180463,210000.0
Random_7118,464.48968398420766,715.9121180322144,0.06485277958403243,0.1202897673761196,210000.0
Random_7119,771.0424167318916,1086.1029080777314,0.0935197944344436,0.19325703091226762,210000.0
Random_7120,630.9473529984311,879.3354057765241,0.1003635697355807,0.21723014866180052,210000.0
Random_7121,709.6953476491489,968.2779627639356,0.06179625562651404,0.12239853200009078,210000.0
Random_7122,595.0783985438525,819.8805676320615,0.08774913389911512,0.18640106826473885,210000.0
Random_7123,746.1249337483605,1044.5077825968217,0.07290076839872887,0.14602488593621726,210000.0
Random_7124,800.4251258968527,1089.0200829274,0.06209106039954021,0.1208965518312698,210000.0
Random_7125,676.2927487532777,929.5120853317769,0.05584769067048413,0.10216151598457432,210000.0
Random_7126,486.2184560301626,753.8543586597931,0.09740033720516604,0.20074700915871596,210000.0
Random_7127,744.4939169056015,1001.8307191666178,0.06781274087888209,0.13872833390834954,210000.0
Random_7128,468.34584272946785,689.0284006096957,0.08398583446097885,0.17258527986213074,210000.0
Random_7129,547.5174144526727,830.5810887945155,0.1099247505613994,0.23124732493606237,210000.0
Random_7130,807.9829313097442,1144.5721840740357,0.08968173738781718,0.18192841015536393,210000.0
Random_7131,642.7096037850363,937.4793398139876,0.10175216567975136,0.21411523033865604,210000.0
Random_7132,575.0477510134265,847.1436614443687,0.08195663987808041,0.1622196004206548,210000.0
Random_7133,552.9729463183124,765.5049663482523,0.06689035611461738,0.1306686470188697,210000.0
Random_7134,704.71808299966,968.7917852360571,0.07899689502802056,0.16488818728116128,210000.0
Random_7135,697.5913330690533,932.7904165205856,0.05607647319193254,0.10957320207901493,210000.0
Random_7136,487.5333825972354,735.102173953346,0.10525350934286848,0.22398655010658716,210000.0
Random_7137,740.4794132203012,1022.3105422689706,0.07736336016589702,0.15765060704240963,210000.0
Random_7138,553.3163631725398,770.9469925699169,0.06635638418008298,0.13011004860592315,210000.0
Random_7139,789.2954962219245,1122.0862625664465,0.10016798695710108,0.20913826214576253,210000.0
Random_7140,737.3525669011843,1019.8866655215835,0.08699694478747186,0.17991996696988372,210000.0
Random_7141,453.02725579776677,678.7072884046157,0.07062482294554098,0.13669105863929581,210000.0
Random_7142,578.344813352451,794.3931876255616,0.07885005785654697,0.16336884639899057,210000.0
Random_7143,527.9264337383607,743.4337909626196,0.049921437317431525,0.08759311656752186,210000.0
Random_7144,806.905105788567,1116.6932490967306,0.0583895764047503,0.10630992547363449,210000.0
Random_7145,588.8562652644233,826.5760111963384,0.07759462224082153,0.15942388853594347,210000.0
Random_7146,557.7620046230917,796.8414919495767,0.07644843296030744,0.15552727366981198,210000.0
Random_7147,567.8808893281152,806.2151114152192,0.051126927236061034,0.08848730043176538,210000.0
Random_7148,765.1430791420861,1044.5979166478123,0.07558308488645134,0.15298809854986328,210000.0
Random_7149,739.6584523982309,995.7465209996003,0.06422053131542238,0.1299855328187177,210000.0
Random_7150,751.6146486969144,1044.629137888397,0.06697818669747245,0.1320037025866968,210000.0
Random_7151,673.0332443140463,962.4068842356422,0.07841072657368997,0.15695064253559496,210000.0
Random_7152,662.6013218927138,910.1945975374575,0.056242513631687835,0.10621991416710269,210000.0
Random_7153,835.6828038150919,1172.5404132243655,0.0706629285517538,0.13718667441162424,210000.0
Random_7154,545.9416393438903,790.4436091180098,0.0827431448016182,0.16793284978483394,210000.0
Random_7155,736.7883199425568,1038.3664463096186,0.06294091780009825,0.11575674186901735,210000.0
Random_7156,384.04837837497683,628.8747481432575,0.09436426981559587,0.19286240377746205,210000.0
Random_7157,728.8456877861306,1010.2966534224229,0.06671551355700922,0.13077245900685605,210000.0
Random_7158,747.3647290615834,1059.4850505090442,0.07606029466914434,0.14919262834282865,210000.0
Random_7159,580.6048261582006,836.865121894517,0.0648190238449712,0.12203775943016348,210000.0
Random_7160,619.5434842080715,875.8124010414658,0.07467386194063692,0.14943218202247519,210000.0
Random_7161,762.5920037172823,1036.5673492877654,0.0590183913145243,0.11207444545345628,210000.0
Random_7162,451.5860711695449,646.6935705403658,0.060172993763472474,0.11564402166797659,210000.0
Random_7163,464.33977023838855,704.7771756247843,0.07183970504928788,0.1392938664173921,210000.0
Random_7164,710.0282406628123,971.708908882543,0.08846568587791094,0.1881316281303686,210000.0
Random_7165,551.2784204657671,761.7316003961353,0.06266959994240986,0.12144536787383073,210000.0
Random_7166,576.2380233156122,805.3466282601713,0.08505111316744017,0.17544109262187083,210000.0
Random_7167,615.646720040743,909.261167812072,0.10129120738343199,0.21060416077613714,210000.0
Random_7168,405.4910776753363,652.1946574508758,0.0747653292921527,0.14564051031419406,210000.0
Random_7169,739.4549217319379,1058.567669452343,0.0928491194864552,0.19076415481574693,210000.0
Random_7170,739.402423616458,1036.013674835332,0.09949851007147494,0.21230346593800942,210000.0
Random_7171,727.7031749320963,1024.386238194828,0.09193635600243333,0.19225715401055418,210000.0
Random_7172,629.7519970927749,895.949435028276,0.06165825739207083,0.11513918579876936,210000.0
Random_7173,547.1917205143474,755.6305826739725,0.06665936628729036,0.134408849860459,210000.0
Random_7174,710.3272010073995,960.9763590027169,0.07284694227857186,0.14929697327196123,210000.0
Random_7175,552.2605103367446,815.8552284243386,0.09923035239720172,0.2066549709274061,210000.0
Random_7176,663.4135486706984,947.2812093179997,0.0837831878862296,0.17043660637818325,210000.0
Random_7177,687.1407410058544,949.1320243231446,0.07234056987747126,0.14573173909842627,210000.0
Random_7178,621.7054598453351,905.5948783316683,0.0782896977917252,0.15257674226685103,210000.0
Random_7179,750.2787734496886,1029.046947454297,0.0631007968869437,0.1215791463217498,210000.0
Random_7180,687.9263881713035,971.2440069726251,0.06829861431111534,0.13273477658389157,210000.0
Random_7181,514.4728306090655,773.5495767356747,0.07900581497403893,0.15679614152320265,210000.0
Random_7182,608.1957519419291,873.1714079528609,0.09196177537420232,0.1903829127364702,210000.0
Random_7183,361.7727497298799,583.4231463386901,0.10813986786111787,0.23116017035522515,210000.0
Random_7184,744.5649236340732,1013.5030802527847,0.07200718964899601,0.14533821072286998,210000.0
Random_7185,714.4655237072142,1028.2359675328971,0.1036937868879668,0.21803509586907846,210000.0
Random_7186,636.5252424172448,918.7384816728201,0.08774287208320485,0.17709406792373086,210000.0
Random_7187,426.3175485969794,661.7600102874396,0.10542067874669388,0.22502990490387648,210000.0
Random_7188,413.1088442732136,667.270490181358,0.0770872283623494,0.14954759985549668,210000.0
Random_7189,591.5134057919978,857.536570460917,0.0713067824897653,0.13913232107705925,210000.0
Random_7190,783.0054533516635,1081.7084897553575,0.0675821404606009,0.13476804542869508,210000.0
Random_7191,544.5353759117907,768.6900406713837,0.09486042917231953,0.20278201671889187,210000.0
Random_7192,628.8565497289737,862.9550488347256,0.052675266115817104,0.09608845168708033,210000.0
Random_7193,768.5780100759116,1070.0385720414488,0.07055000593546673,0.1374526422474289,210000.0
Random_7194,759.5091617244165,1063.7125355025298,0.0764355061249589,0.1505142235324257,210000.0
Random_7195,570.0883747706412,785.8380640025208,0.07376466501527795,0.1519937350171376,210000.0
Random_7196,771.9677840462463,1048.3174234675198,0.059805154633002316,0.11321635163206913,210000.0
Random_7197,656.2221985056051,933.1008239754577,0.0859188684128694,0.1782530649642992,210000.0
Random_7198,523.4922560939267,761.9266860183902,0.06859964747912511,0.13298901611821587,210000.0
Random_7199,716.2996304571174,997.3034666828366,0.06652222959902578,0.12723472265370792,210000.0
Random_7200,693.9639149102052,936.8928393387852,0.07513168211247467,0.15437155233718836,210000.0
Random_7201,663.0932639122688,931.212559957913,0.07286585803453278,0.14555123352823468,210000.0
Random_7202,714.9493863928985,995.7468524074196,0.07192522287850275,0.14108527522028136,210000.0
Random_7203,697.2477743570494,1001.2638616100454,0.09993094674681753,0.20785759531504372,210000.0
Random_7204,524.0004174061083,750.1799798602025,0.0743655948131783,0.1508705628744661,210000.0
Random_7205,544.8751974644075,813.3056540099034,0.09345240911425555,0.19421193299122133,210000.0
Random_7206,713.7525652336255,957.1846764257306,0.06577385303532086,0.13311190940686862,210000.0
Random_7207,663.3304186771272,911.6033162510537,0.044771177554810415,0.0741939417902132,210000.0
Random_7208,645.9484149711253,918.043158312371,0.08435469135699103,0.16947441186251674,210000.0
Random_7209,488.13032488376047,766.029717733456,0.11209201216458606,0.23564112032152396,210000.0
Random_7210,680.1617491911509,932.5260388081233,0.0710249561005846,0.14222483152748433,210000.0
Random_7211,404.9332204603635,622.9065119006718,0.0647381709478619,0.12110128451653154,210000.0
Random_7212,706.7566815042468,995.7689796709823,0.06973203205525667,0.13715324303845225,210000.0
Random_7213,622.8156722800064,853.3208131746367,0.08224198835907852,0.17297647150089668,210000.0
Random_7214,454.87508433061015,645.0758271513549,0.05360047972895195,0.10039627372028012,210000.0
Random_7215,757.1945661542281,1055.1761718428813,0.07491725769051692,0.14970445251520445,210000.0
Random_7216,500.449728748831,747.508132028208,0.083864430263905,0.17072170290593702,210000.0
Random_7217,661.1592986662359,901.3155027533071,0.08240030036080162,0.17236832806859395,210000.0
Random_7218,795.7306267548411,1078.3058511143186,0.046318416462092914,0.08052966902865938,210000.0
Random_7219,494.7915319093593,734.351299874451,0.08775326341251832,0.1786918954050561,210000.0
Random_7220,573.2417278999421,781.088860692779,0.05511734017841387,0.10273570734499402,210000.0
Random_7221,663.2485935795651,898.7933564766491,0.06464819075436262,0.13037727315419007,210000.0
Random_7222,557.9947314358623,832.8653879684638,0.09683462311543325,0.200588571243412,210000.0
Random_7223,756.2282600144626,1046.8802646103084,0.07953843945449637,0.16459193843619985,210000.0
Random_7224,540.3978063026345,818.9875943306577,0.09833614881626779,0.20307816223719005,210000.0
Random_7225,752.487768203436,1009.5200030856255,0.054231386854779254,0.10355214358615775,210000.0
Random_7226,633.0573180056833,892.5990047000902,0.09463224575655721,0.19936664285356467,210000.0
Random_7227,671.5106172242041,926.2588480380043,0.06572371602179707,0.1283606593140481,210000.0
Random_7228,673.9430986962009,929.6355436315607,0.08403476983004582,0.1764072446835328,210000.0
Random_7229,713.9470953434238,1017.7537810685823,0.0772540484077347,0.15175912095744742,210000.0
Random_7230,591.3236235020886,848.8031643744189,0.08450958805258965,0.17299597172894268,210000.0
Random_7231,618.0583410989132,845.8287540480226,0.08496054554303838,0.17930296324211303,210000.0
Random_7232,539.8976481957696,792.4875828719821,0.09653883160581592,0.2022419966781167,210000.0
Random_7233,522.7171430717705,728.8442530925432,0.05354302465636665,0.09823806086494728,210000.0
Random_7234,699.9824136123957,953.7085324953607,0.0669124758512828,0.13521993674086996,210000.0
Random_7235,767.4082786725422,1065.9646168722525,0.08562225475390049,0.17738213683541584,210000.0
Random_7236,376.8906229340911,639.2027233745415,0.12197495828586838,0.2618482613508638,210000.0
Random_7237,645.1173246612524,917.3007545519561,0.06378029472958686,0.12034131707191388,210000.0
Random_7238,692.6786601788509,1003.4457941539158,0.09922124026514073,0.20785626170452504,210000.0
Random_7239,770.3703685167453,1066.617619326295,0.07778683215452935,0.1573913625914154,210000.0
Random_7240,665.8362152727884,941.686579063989,0.0892558851541309,0.18404729649147292,210000.0
Random_7241,387.43254104651504,577.501496379737,0.07546141877384809,0.1554414862660115,210000.0
Random_7242,440.3487931345491,663.368370497023,0.07920152113043438,0.15881624407748676,210000.0
Random_7243,546.2692811591063,766.349890406669,0.07799000014192785,0.15795372300889596,210000.0
Random_7244,398.90724397524843,624.0927487361929,0.09117775774572616,0.19006698435844643,210000.0
Random_7245,463.76363021675957,697.517484252904,0.09056512184783373,0.18776642549998593,210000.0
Random_7246,606.1939674002276,879.4909327022925,0.06555643611390867,0.12132120888798978,210000.0
Random_7247,475.6477543881162,696.991264963553,0.09996315159258415,0.21280600053142604,210000.0
Random_7248,421.5380847427262,662.9476536299658,0.0815948571700097,0.16060090049023895,210000.0
Random_7249,596.307024610768,857.0886160615231,0.09728412527571824,0.2042457538266817,210000.0
Random_7250,501.2664348851571,736.6598515747462,0.10061031033630843,0.21347043320020448,210000.0
Random_7251,740.2137710237819,998.8193821839192,0.05712245492365762,0.11141580146309395,210000.0
Random_7252,614.4176427364682,841.9272553735061,0.05500964371102658,0.1013072051470148,210000.0
Random_7253,541.0499923619988,762.8623055836501,0.07243760366680638,0.14650162249214227,210000.0
Random_7254,616.1455244610307,882.5085667127931,0.09377724860592251,0.1951827638638493,210000.0
Random_7255,659.0484137218782,899.2058521730487,0.056379470998032255,0.10508994460300142,210000.0
Random_7256,418.23034773160583,673.5502863469465,0.09023495507314627,0.18336728354267945,210000.0
Random_7257,681.3690143241752,969.8189212147238,0.09957403671632477,0.21099807477090857,210000.0
Random_7258,684.4148191670517,938.690024921736,0.09111435213186632,0.19533303872354213,210000.0
Random_7259,400.2821208721994,625.1464115555599,0.09463789903964827,0.1965177775409753,210000.0
Random_7260,570.368101464233,800.4225433480124,0.08637146987714121,0.18044281235514564,210000.0
Random_7261,652.5350528816109,948.6831661153194,0.10525783054898633,0.2227974167010915,210000.0
Random_7262,770.8847268012047,1050.680047621983,0.060377869259598295,0.11756806991147994,210000.0
Random_7263,591.8887571148113,875.520926416131,0.10388967595593245,0.21880481174954472,210000.0
Random_7264,667.2865431514676,944.824415660893,0.08714355737644822,0.17953374586663218,210000.0
Random_7265,729.1626042442705,967.7023279604517,0.044548033638689075,0.08020809900936056,210000.0
Random_7266,622.8174322490465,862.7771741468357,0.07781073266404559,0.160456690602943,210000.0
Random_7267,414.60141298727217,615.246533238676,0.09504971580107555,0.20187971871747173,210000.0
Random_7268,696.3900536911223,980.6000742262681,0.06378494475929648,0.12097252669069276,210000.0
Random_7269,510.63143912941774,726.1389869209778,0.07147740648470947,0.1445399579931242,210000.0
Random_7270,506.0930574204532,746.5472436298237,0.1004409131210458,0.21211750104917088,210000.0
Random_7271,735.5699055708666,1013.4464769192192,0.08349846517643267,0.17303802307435895,210000.0
Random_7272,797.7607863145882,1105.62706281291,0.07360890051642144,0.14606066558425718,210000.0
Random_7273,450.2032528775919,679.4355806900388,0.07448749839742516,0.14574029241370237,210000.0
Random_7274,488.2980248428111,693.6893322947114,0.07685413321069848,0.15791565276113773,210000.0
Random_7275,757.6655561356774,1062.4883679457766,0.07907919485750228,0.15754593349924928,210000.0
Random_7276,686.3017286067875,966.318811091802,0.09952119480179263,0.21316273549454737,210000.0
Random_7277,544.5337143619194,790.8093092656123,0.08866030217072904,0.1821225773802551,210000.0
Random_7278,774.6662138170507,1085.5850237270492,0.05645514879969961,0.1000247784312987,210000.0
Random_7279,694.2534402604972,995.8155898272494,0.0892469918667649,0.18437568134073878,210000.0
Random_7280,667.0235755414532,922.3907443737057,0.06412806427000106,0.12412850878684517,210000.0
Random_7281,539.2267047397794,814.3532084402706,0.08004923891767614,0.15778119656824677,210000.0
Random_7282,401.5428263410468,638.190804384276,0.10086125683155564,0.21204978674467148,210000.0
Random_7283,635.0735470352687,898.3997651470002,0.07094927157207752,0.13939243160370957,210000.0
Random_7284,553.4303016634826,766.9322027414048,0.08446967383770457,0.1773406064430776,210000.0
Random_7285,745.7278521366296,1013.2396466362302,0.0668696766361607,0.13390545872265633,210000.0
Random_7286,658.1536307018777,917.4034408318653,0.10089629369682217,0.21861266997178752,210000.0
Random_7287,615.3949089748609,863.0802755372536,0.07725766957696256,0.1570728432588304,210000.0
Random_7288,587.8385896799718,830.689254031705,0.05952073291215429,0.11042940822487379,210000.0
Random_7289,682.6168514155773,912.866057678666,0.05722179005822561,0.11397536946681634,210000.0
Random_7290,722.191484619649,1015.3534088076003,0.07461867874694203,0.1458921338875077,210000.0
Random_7291,747.0439562566572,1013.6040010386538,0.0556958448650427,0.10580660511636958,210000.0
Random_7292,670.8752275885371,953.0212432634703,0.07386696921976751,0.14573582961798925,210000.0
Random_7293,463.3610998055982,727.9451158868721,0.07458935130502323,0.1427128989214274,210000.0
Random_7294,680.3394172512033,910.768129930133,0.053461778252878164,0.10265866487048583,210000.0
Random_7295,712.3210422041998,958.2575033066925,0.05291363972768333,0.10034813168170921,210000.0
Random_7296,674.2447540182807,959.259202723983,0.08824559466779777,0.18103056499798315,210000.0
Random_7297,675.228504088458,954.4665660895796,0.08920213019400067,0.18238442869726593,210000.0
Random_7298,462.963471446263,717.2736584615128,0.07233970890626584,0.13807052276462015,210000.0
Random_7299,545.6381559101336,789.9615478818982,0.08308697377070931,0.1699038344511863,210000.0
Random_7300,678.0075438016178,910.4191969932916,0.04897956388366824,0.08968157993538775,210000.0
Random_7301,604.0943892300371,819.7413906051661,0.06758521286572264,0.13417554376066004,210000.0
Random_7302,571.6849017824877,797.8779698835797,0.08375939747801218,0.17199685983820406,210000.0
Random_7303,778.519135711362,1092.4875759482159,0.0798169196173931,0.1591526793555957,210000.0
Random_7304,655.100026825782,892.0495486937732,0.07487376410824811,0.15309258496419792,210000.0
Random_7305,721.3923798927299,1002.8213233470515,0.08480412416885863,0.17455039162948363,210000.0
Random_7306,746.4838117499728,1064.7295834474644,0.0941990494575897,0.1931468691772257,210000.0
Random_7307,399.6954921940311,610.0115025053253,0.08561735068584937,0.17689961626816766,210000.0
Random_7308,740.37423347198,983.6981879942525,0.05086932618415629,0.09649805701029585,210000.0
Random_7309,720.2369381084575,1000.581215945557,0.056913376682750705,0.10368124333753898,210000.0
Random_7310,781.8644575113167,1053.8775640544006,0.05888524362619141,0.11235359780396809,210000.0
Random_7311,783.6532049965081,1116.9367321303112,0.10565004266761185,0.22510135397967143,210000.0
Random_7312,672.0871231256401,902.9655208357577,0.05797343314676014,0.1121001248552467,210000.0
Random_7313,569.3111876244391,815.6072577032267,0.076884974764349,0.15147739759463508,210000.0
Random_7314,719.1800261208074,1004.4921872186723,0.07211460503549139,0.14197537606234809,210000.0
Random_7315,545.9677390078792,747.6975420421218,0.057984741933882394,0.10982120527267314,210000.0
Random_7316,570.5226479994808,802.1489848611061,0.08265119881414586,0.1690439141239106,210000.0
Random_7317,711.9189031193382,968.3688262467558,0.06663144308120296,0.13431506824761327,210000.0
Random_7318,366.7798032692843,559.1516802073564,0.06305195705047564,0.12287663172181978,210000.0
Random_7319,595.0362256622183,865.163047265788,0.0962887463289567,0.2007786054391993,210000.0
Random_7320,746.1065652470483,1059.63127920539,0.09359459841913409,0.19484067798430468,210000.0
Random_7321,599.5610914537193,866.8690325472102,0.0835768757360197,0.16693165405618915,210000.0
Random_7322,823.9662778476888,1161.0657239066568,0.08089922452895562,0.16139944828240713,210000.0
Random_7323,697.9247542156443,998.4285989244829,0.09703245748886738,0.2007929339672037,210000.0
Random_7324,720.8886284803382,1019.4366659340322,0.0918071174257822,0.18993947001445358,210000.0
Random_7325,646.3267745706504,918.9810863578907,0.07526092492299889,0.14780834454655845,210000.0
Random_7326,774.5030172229422,1056.7685577086722,0.046691308913274804,0.07907080344446966,210000.0
Random_7327,744.7763480671188,998.7780226698793,0.04949701065521071,0.09040711152310496,210000.0
Random_7328,589.8640843140727,867.6580768484066,0.07929375160676388,0.15456981743225395,210000.0
Random_7329,830.020753968283,1164.400996966683,0.06906221980350842,0.13279609112753454,210000.0
Random_7330,667.6713595676143,957.7770555590056,0.0837273509702936,0.16792150666323913,210000.0
Random_7331,536.6486346542389,781.5393674142882,0.08619392311339104,0.1765718453476505,210000.0
Random_7332,770.4977293184694,1066.892311718542,0.05553950172280417,0.09966222967835145,210000.0
Random_7333,698.1190892886342,947.3870179094358,0.06225039683029726,0.12018603378204666,210000.0
Random_7334,743.4971396501257,1021.7683275756739,0.04888998321013964,0.08404179473040739,210000.0
Random_7335,570.3073885875053,843.8530097939387,0.07508189085151906,0.14545087626338798,210000.0
Random_7336,556.2420329909309,811.465775614126,0.0894633289731811,0.18160060479679485,210000.0
Random_7337,545.9765956474863,799.6006688352498,0.07699158225202563,0.15105033153775055,210000.0
Random_7338,597.369987517996,826.7371315915337,0.08533484387776152,0.17774616767203577,210000.0
Random_7339,587.6806875521331,868.9090846096456,0.09532234241668869,0.19831622569005053,210000.0
Random_7340,625.7588154579164,887.0086305373329,0.08081327942743183,0.16284678657284846,210000.0
Random_7341,756.5909842768181,1072.0930103705384,0.08661896683840728,0.17742471438652763,210000.0
Random_7342,712.0011009150215,950.8011267015488,0.048442126265054584,0.08774274085281553,210000.0
Random_7343,695.872507178317,954.2819678848834,0.06369569587833751,0.1240141841997926,210000.0
Random_7344,591.1969098576737,865.4854836428862,0.08112086440072896,0.16312654070304827,210000.0
Random_7345,729.0261978624699,1002.7166414821519,0.0828881057358525,0.17370082209692705,210000.0
Random_7346,645.6671879294036,878.7158750157494,0.06422090900019152,0.12730825597766526,210000.0
Random_7347,451.8363015101625,668.1011691758492,0.06750673450954092,0.13243451822823532,210000.0
Random_7348,577.3573623676054,803.9214747348204,0.06817646984031303,0.1356428726768097,210000.0
Random_7349,742.0140069999744,1008.8012141054409,0.07151312177884242,0.14335183076446736,210000.0
Random_7350,514.5454480957825,716.7130359009467,0.0665518585360728,0.13452692015949158,210000.0
Random_7351,407.31007645366253,629.416483640253,0.06649713458276106,0.1284634510921403,210000.0
Random_7352,729.6620681554482,995.3987875981186,0.05804230073712178,0.10997564478434785,210000.0
Random_7353,363.4892629888354,598.5882023778481,0.11621259266253708,0.25070617648685306,210000.0
Random_7354,534.4272560972961,754.1391845148597,0.06702629867405559,0.1296046448293901,210000.0
Random_7355,817.8389489663449,1141.3689492516246,0.0775754033530642,0.15725350389354764,210000.0
Random_7356,731.3475436739533,988.5295164764518,0.06488201605366482,0.13081951838344605,210000.0
Random_7357,691.5010508063361,961.2871656552635,0.07839944206952949,0.1585623958844829,210000.0
Random_7358,482.05975618033864,692.702680025722,0.0840492741559246,0.1759719427595845,210000.0
Random_7359,724.2096231236243,981.5743026544727,0.07264923134714864,0.15051604266364807,210000.0
Random_7360,536.2755563178199,793.1768763516193,0.10831276767984598,0.2321811388408933,210000.0
Random_7361,781.3018743078726,1091.2773246914005,0.08080168070129487,0.16173075864914155,210000.0
Random_7362,763.5970657492437,1039.9960389015125,0.05525414959136375,0.10310206009250056,210000.0
Random_7363,550.3203254379201,760.8100045330073,0.05552494914519752,0.10360343911969251,210000.0
Random_7364,733.8016516979396,985.0084914494126,0.05771567392770161,0.1109296228358302,210000.0
Random_7365,602.5136689326879,886.9189697522819,0.10396534144276255,0.21974801607794656,210000.0
Random_7366,557.3597519088884,779.8686328730736,0.05585579540498208,0.10270567426054297,210000.0
Random_7367,662.0821606190489,927.4170187713811,0.06769324766451013,0.13025323922673168,210000.0
Random_7368,746.5285821305542,1016.9660527141443,0.06535854350075045,0.130900435171945,210000.0
Random_7369,444.89256019615794,634.8735538361318,0.0683030502504635,0.13478368212245567,210000.0
Random_7370,692.3547629593278,959.3564532998038,0.06604628156212587,0.13111188571758559,210000.0
Random_7371,707.0645759703447,995.1026089042914,0.09698794906953566,0.20469183209268516,210000.0
Random_7372,491.63402460686905,730.837874612002,0.10300707952049276,0.21887460912266712,210000.0
Random_7373,788.4758577028731,1120.8604059843108,0.09132208205170016,0.18735312265977444,210000.0
Random_7374,549.1954638155104,765.8596575563413,0.08612766216426142,0.1800186327055116,210000.0
Random_7375,637.1826014910998,933.1638430659623,0.0966960911519912,0.20075182236794437,210000.0
Random_7376,553.6328016622863,769.1748502925034,0.08588399538942297,0.18078955578238357,210000.0
Random_7377,502.30506469333824,707.7652777591487,0.09195775861030389,0.19686805102813246,210000.0
Random_7378,751.8620752637352,1041.2443208674526,0.06416815154035412,0.12388827969333846,210000.0
Random_7379,484.08121595246496,751.4316757411536,0.10004695466493951,0.20779148705752795,210000.0
Random_7380,724.7658687228943,1033.9061672609926,0.09569172144452928,0.2000639339139979,210000.0
Random_7381,589.3073417564602,856.8856060168172,0.060873163271967866,0.10963708901936847,210000.0
Random_7382,486.9686244535722,706.456430419662,0.09130947560546816,0.19171741348007468,210000.0
Random_7383,469.1819990039048,663.3337765353832,0.05910120532775626,0.11306749351260265,210000.0
Random_7384,581.9612484656228,806.6585163272898,0.0793796648273891,0.16564713026146544,210000.0
Random_7385,741.7559196686516,1028.8317306785402,0.06239120646885185,0.11747152685149669,210000.0
Random_7386,574.1765548271759,829.3544746070684,0.10295128768277452,0.2190886412395014,210000.0
Random_7387,766.0546764670029,1042.6197062197664,0.0755965421985796,0.15530513436501633,210000.0
Random_7388,524.9672711502049,746.8602243071089,0.06060394693475657,0.11388904590558938,210000.0
Random_7389,657.6763338673743,894.5428487113069,0.04194519032323976,0.06872886136830281,210000.0
Random_7390,683.1243590427821,914.237778878621,0.05984435473818831,0.12056656540160103,210000.0
Random_7391,716.7811430184316,1001.8873092172985,0.09370506054018442,0.1995325708934873,210000.0
Random_7392,457.2567433916061,726.4356248294147,0.09209619702840512,0.18523668210212257,210000.0
Random_7393,491.26050326116484,756.4978436594293,0.10768482808620616,0.22670447702588378,210000.0
Random_7394,492.78479259932305,723.6893746271013,0.08114221813176409,0.16363222467912406,210000.0
Random_7395,736.3659349897214,1037.5825987043677,0.08751367510827927,0.1774017588699614,210000.0
Random_7396,638.9361215842038,914.5240063401135,0.07759452670294058,0.15631839046647783,210000.0
Random_7397,816.2540885923582,1134.5437485502528,0.07064402320436101,0.1389068704397343,210000.0
Random_7398,387.1054571173097,609.1884076710329,0.08412934607220968,0.17053282149408114,210000.0
Random_7399,717.3077527101278,980.9736302116778,0.09186388447137331,0.19816400015937669,210000.0
Random_7400,741.8644335612232,995.8935815692289,0.06952054283058964,0.14454234529086127,210000.0
Random_7401,533.3364443562161,767.7076288639482,0.0913598215164226,0.1892017230771138,210000.0
Random_7402,757.6225701537093,1081.2384076041997,0.10723455608429855,0.22860042867139582,210000.0
Random_7403,829.6112478891326,1161.9894014741283,0.07011556620090752,0.13737370669766685,210000.0
Random_7404,756.5253429548425,1075.6827333973197,0.08547214670263513,0.17543447420037125,210000.0
Random_7405,736.2050942960478,1009.8433912964128,0.09208468864716375,0.19770784961739662,210000.0
Random_7406,797.804408892545,1101.6030494961867,0.05704268746642652,0.10379870016043816,210000.0
Random_7407,695.9776084106594,961.8356436032086,0.0680210510435048,0.1347536497440125,210000.0
Random_7408,683.1180095772737,927.6158893126013,0.07007399245192934,0.14369868068071512,210000.0
Random_7409,376.02673716500163,561.685878846404,0.07354963100394421,0.14608771556002276,210000.0
Random_7410,710.3839964122042,1011.3877768753285,0.0827023348302776,0.16797263077951996,210000.0
Random_7411,554.4475228696331,793.6306641098009,0.06289482366248007,0.11832424842671929,210000.0
Random_7412,656.6682696562749,909.5889889894974,0.07338644701597255,0.14948963850293379,210000.0
Random_7413,671.7564661862392,918.0678192098443,0.07270908695797164,0.14648411828539662,210000.0
Random_7414,618.1159209589543,850.1957212393897,0.08214206001774475,0.17025798191687486,210000.0
Random_7415,568.82289400803,838.5386332831972,0.0988470677014258,0.20635150377951716,210000.0
Random_7416,556.6821381248487,797.6232095052027,0.07632383975284171,0.15388668490322974,210000.0
Random_7417,724.8040455463633,1041.5229595409705,0.0989475902233382,0.2078063447253364,210000.0
Random_7418,616.2193047370725,851.0019081909406,0.0825165612349141,0.16985338682183557,210000.0
Random_7419,569.7868089356947,840.7060596182364,0.06966510246703209,0.130396354986463,210000.0
Random_7420,634.000436279516,916.3402863323165,0.060947835656369395,0.11003509558274313,210000.0
Random_7421,735.4455838379866,1043.2800470857283,0.08282190862155361,0.16464410042939737,210000.0
Random_7422,555.926121807937,819.7758418342952,0.09470516822991962,0.19440902615039762,210000.0
Random_7423,704.558575072916,975.4899914447019,0.06012457234549849,0.1135461912750977,210000.0
Random_7424,634.166220939862,901.023218810373,0.08903872672465038,0.18444496011849415,210000.0
Random_7425,591.9779853964588,851.959414236212,0.08111969151277335,0.16444600934773146,210000.0
Random_7426,675.3526450144981,930.5292211360718,0.08414316863748925,0.17375949464092802,210000.0
Random_7427,589.4184100721923,828.2200728157602,0.09249395138516983,0.19485747024761282,210000.0
Random_7428,643.59705912174,933.1568408726108,0.07351191878592012,0.14339128583762242,210000.0
Random_7429,670.9996374432383,904.8760579432962,0.05360979163099055,0.09895216076960206,210000.0
Random_7430,729.7744775426113,983.2575901114834,0.06058494558734308,0.12091653126475795,210000.0
Random_7431,585.4897818043069,816.1775025494427,0.0795307260969991,0.16128886075453688,210000.0
Random_7432,584.1907488521897,829.3737690559616,0.08290110964038364,0.17221822566076275,210000.0
Random_7433,582.4245994353051,798.3380243167531,0.07662894293481243,0.15609195483929128,210000.0
Random_7434,796.3292632749213,1109.5786641823524,0.07418613909838827,0.14883342966036572,210000.0
Random_7435,683.4979620508468,959.5915148643235,0.07407033103022143,0.14622898456157885,210000.0
Random_7436,626.1748176188031,906.2761647831388,0.10053532670613774,0.2114463942878962,210000.0
Random_7437,818.3774219982176,1137.9436853353814,0.06980433963797172,0.13806557604183134,210000.0
Random_7438,560.435643627941,777.8916770282591,0.08240903430677252,0.17134636374139142,210000.0
Random_7439,611.3312796920803,853.6145126650147,0.061455247101665306,0.11560112696634522,210000.0
Random_7440,648.0475899900878,882.6396092544868,0.07958734752205483,0.16536969593695258,210000.0
Random_7441,439.405224397899,689.0464221816634,0.08705848637322101,0.17611462283068077,210000.0
Random_7442,616.5121639965773,860.0335485532603,0.0777691763753715,0.15935288452542018,210000.0
Random_7443,664.8484965736282,917.5007164604881,0.08294588271406318,0.17379813930807142,210000.0
Random_7444,717.0371172183945,976.6723780736315,0.05179157434094406,0.09390602819367921,210000.0
Random_7445,476.04921901972074,707.9945293582612,0.08254543274528188,0.16660343926814758,210000.0
Random_7446,800.7863575741587,1106.1387206574022,0.059512153188791786,0.11212564291392414,210000.0
Random_7447,545.4354108526934,746.241519890843,0.055348891518308366,0.10309865382271056,210000.0
Random_7448,695.6494894338528,947.5505883301184,0.08106997281912806,0.16747696749671392,210000.0
Random_7449,816.3192996894128,1145.8861878176017,0.07101093447425687,0.13695679538712383,210000.0
Random_7450,567.6731095267697,815.2690021844071,0.08535996582244076,0.17517832835626038,210000.0
Random_7451,651.9661084317731,903.7132547815735,0.0709578046223435,0.1432740061528452,210000.0
Random_7452,637.5430500459529,892.728991924244,0.06891097252481926,0.1340435534135268,210000.0
Random_7453,704.0268270560687,955.0764512250886,0.07038948807546871,0.14404100865156133,210000.0
Random_7454,691.933568291052,969.7500536146367,0.08848751498440258,0.18365167950040093,210000.0
Random_7455,567.315861343492,787.2587812977807,0.062417091371038326,0.12280999538653234,210000.0
Random_7456,558.9293564320279,807.4789257312747,0.09161124719389593,0.1918668976970855,210000.0
Random_7457,749.3111911577787,1042.0540211784237,0.09662812735852398,0.20739606802537544,210000.0
Random_7458,373.8513294260086,569.2445973365719,0.07092785978603372,0.1403260629248867,210000.0
Random_7459,799.4899286977875,1094.4979312359492,0.06679475809096831,0.1329435799035927,210000.0
Random_7460,704.515775099175,965.1920856794566,0.08887730084360118,0.1894372680980159,210000.0
Random_7461,373.5710472864806,588.2034445407533,0.10060894192407174,0.21394879590614396,210000.0
Random_7462,395.2630375197363,661.8859607735375,0.09493717624452516,0.1905910828939113,210000.0
Random_7463,520.7744536863005,765.9750350041612,0.07502458533536398,0.14825065240293275,210000.0
Random_7464,641.132195947315,908.980703205948,0.053357759098314556,0.09247524452502387,210000.0
Random_7465,821.8424370146315,1131.2742986558894,0.05207030499569659,0.09131845130086078,210000.0
Random_7466,401.04532777002674,630.046741349377,0.0940769718784478,0.19431823720770058,210000.0
Random_7467,505.49135181431365,783.2915828142917,0.10926467084175273,0.22902002973658978,210000.0
Random_7468,808.8232465895804,1086.1001881939137,0.04063081877430341,0.06681301864443401,210000.0
Random_7469,708.8166795695867,982.3183549450434,0.0521048970053605,0.09136247121156807,210000.0
Random_7470,573.7938428122765,827.0358208991028,0.0797941565838986,0.15862405088080955,210000.0
Random_7471,830.5235282853786,1156.6336568917172,0.06086719018315604,0.11222092289642671,210000.0
Random_7472,604.7036522591503,844.5130316363816,0.0545563404323067,0.09896627321742343,210000.0
Random_7473,715.0191958632552,1022.5181899323422,0.08013166796968971,0.15977111852310144,210000.0
Random_7474,808.7452797909282,1130.9895369626302,0.069243852378227,0.13355055236892013,210000.0
Random_7475,689.6999120897101,938.31944556859,0.050825053712674186,0.09171339488506436,210000.0
Random_7476,764.6464259683041,1064.5357997014619,0.0809914015160456,0.16696569501328568,210000.0
Random_7477,758.4301335697072,1067.7371537668173,0.08299104551440718,0.1708322557887896,210000.0
Random_7478,814.2335616044877,1140.4590208768727,0.07965221713580636,0.1594992779267323,210000.0
Random_7479,773.2796088605616,1090.3649389638272,0.07398337448672547,0.14750523481739292,210000.0
Random_7480,674.8451318703663,976.8896942510523,0.09257183895162707,0.1913793640931759,210000.0
Random_7481,637.4788772838556,902.3597645799975,0.08722985871334563,0.1821687990445099,210000.0
Random_7482,782.1851337842177,1071.4362596037993,0.06842508585661415,0.13463752982322771,210000.0
Random_7483,522.9660685046795,739.8106708290584,0.0823050930323123,0.1677297356644547,210000.0
Random_7484,534.6156791461648,754.1386865679683,0.09902344281116383,0.21433018005548493,210000.0
Random_7485,655.2273887138814,918.0519938959706,0.08363126762458008,0.1704126201601285,210000.0
Random_7486,580.2674933486327,821.8432910796284,0.0974033851566426,0.2078226361323672,210000.0
Random_7487,434.0367577932887,685.2852057214669,0.06274063909458026,0.11298315705735576,210000.0
Random_7488,449.1965726396078,643.1207434027966,0.055193077794388604,0.10114518529747982,210000.0
Random_7489,612.1546682931637,899.0920144175635,0.07952276050674054,0.15841494393839908,210000.0
Random_7490,708.5979628292997,1009.4433235584723,0.07728856880394745,0.15477230247255583,210000.0
Random_7491,669.364653067237,945.9822799363976,0.10451440238166228,0.22570813498068726,210000.0
Random_7492,724.1480440527274,1018.011254407773,0.06519035712334253,0.12378011215871886,210000.0
Random_7493,634.0526922043596,917.7336693445374,0.07833246322646545,0.15233099952300888,210000.0
Random_7494,533.4614121871246,731.823407911017,0.04996785076384898,0.09199389044666871,210000.0
Random_7495,685.2720481725174,916.0363512905328,0.04996134832562526,0.09121230721720139,210000.0
Random_7496,724.6097803691107,1044.926637785827,0.1063134602274444,0.2250669806621732,210000.0
Random_7497,696.0841255714278,940.7391569781656,0.07138394770463555,0.14420420166362294,210000.0
Random_7498,729.2656021498854,1029.7490835672616,0.08082784826829523,0.16520016116802225,210000.0
Random_7499,686.9704426873623,993.9420465945327,0.09323687990838134,0.18898128483664428,210000.0
Random_7500,619.3555895209089,836.1413180834412,0.049130078838579075,0.0883753457740007,210000.0
Random_7501,526.3143261233655,761.870774614547,0.07253437461919096,0.14440488574143187,210000.0
Random_7502,556.1549378788056,801.0451963679401,0.0845800806088575,0.17398052593753077,210000.0
Random_7503,756.6488074486956,1032.0030660295943,0.07226248706610235,0.1456727562978254,210000.0
Random_7504,444.00512635441925,643.638036891107,0.07547373598347135,0.15490229920986853,210000.0
Random_7505,699.6490441268526,950.4542971735297,0.060267257875210305,0.1188656158516592,210000.0
Random_7506,557.3738616673015,812.1773565091577,0.07221924719126889,0.1387297391543708,210000.0
Random_7507,602.4125875470596,816.1432803198076,0.062459126167991486,0.12173142803904291,210000.0
Random_7508,590.6942008522345,837.0222666894492,0.10182651708858675,0.2187022940584878,210000.0
Random_7509,678.1720965787183,950.1420099369668,0.08242061403366699,0.17008818153223676,210000.0
Random_7510,778.0816691542817,1063.8773866243632,0.06510289816483844,0.12787106521081887,210000.0
Random_7511,690.9070075261945,996.0036838755974,0.08919696890702206,0.18333920006157933,210000.0
Random_7512,729.134949429299,1028.4300025161376,0.07841637831871685,0.1568645621731015,210000.0
Random_7513,593.3189391695272,830.6225504966341,0.09504507893310743,0.20299274751238838,210000.0
Random_7514,763.3712611590522,1080.1986431937619,0.10563274576713474,0.22738066896433096,210000.0
Random_7515,547.2020164148355,790.7687553191679,0.08765734660608794,0.18260889795405924,210000.0
Random_7516,774.2638303098396,1082.1187584042186,0.08155485669005341,0.16377248391009788,210000.0
Random_7517,528.0234546382812,753.9546531524959,0.08942729061987238,0.18847525905685278,210000.0
Random_7518,600.1047938408155,867.1891248421852,0.07363979912873375,0.14566460938395054,210000.0
Random_7519,420.2730783555221,682.2401182350826,0.0874733101694853,0.17469708124237132,210000.0
Random_7520,620.8256154823281,886.0298408794328,0.08129590831637035,0.16570807756147107,210000.0
Random_7521,664.9430134925908,944.3438139908196,0.09228594582735462,0.1941266439531779,210000.0
Random_7522,590.0050832260941,866.7991262280935,0.10193047585657046,0.2153389387589351,210000.0
Random_7523,729.4968554121236,1022.4503030822074,0.09695126776612038,0.20475625860634916,210000.0
Random_7524,812.2241575098951,1133.7486874720794,0.07583874629026764,0.15284655723659302,210000.0
Random_7525,709.1165971735196,991.2259684460417,0.09625070135614171,0.20583716269613903,210000.0
Random_7526,431.17746659273274,658.8552265234405,0.07705541962937792,0.1546147163953099,210000.0
Random_7527,800.8507079089495,1102.3748608522214,0.0634419781886372,0.12349935402087976,210000.0
Random_7528,480.62162724008334,730.295755996525,0.06684112801355824,0.12422116942570138,210000.0
Random_7529,749.8369695917918,1010.573580973423,0.06302715023848587,0.12631711785522973,210000.0
Random_7530,704.1922881917476,966.2179586368395,0.0717317205426933,0.14204914893502113,210000.0
Random_7531,604.7953600722982,877.2269657893272,0.08394479320319602,0.16948486735967236,210000.0
Random_7532,586.9521524056684,858.1566957933547,0.08178094568467728,0.16142220600611165,210000.0
Random_7533,548.2582707930812,795.049030255236,0.09618131767837877,0.20280644216117494,210000.0
Random_7534,441.5649842946011,700.0492456316377,0.06165238652636357,0.10931174147619326,210000.0
Random_7535,775.2291201119294,1074.4039839988213,0.06070377373198912,0.1135471291730964,210000.0
Random_7536,595.8269530788946,839.466071668585,0.09394786731701532,0.1989383054683564,210000.0
Random_7537,570.212089559894,825.7975701638136,0.06977565656681975,0.13392391579442176,210000.0
Random_7538,633.3009732703803,919.9963865658776,0.1077119832897165,0.23061322942830678,210000.0
Random_7539,666.0409103890108,915.521149221203,0.05893583807382605,0.10987125924410052,210000.0
Random_7540,690.0617260716833,979.6623601751598,0.0905758758491481,0.186563646753027,210000.0
Random_7541,474.298481397032,688.32492582537,0.06051544599767125,0.11434971990521409,210000.0
Random_7542,450.9479064467147,646.8332381567348,0.08132855710612545,0.16984880514823517,210000.0
Random_7543,564.4595339301244,823.1302977767822,0.07330453040067991,0.14187426320503788,210000.0
Random_7544,582.8758758923716,806.7200857852347,0.077957536097055,0.15916670946360217,210000.0
Random_7545,763.5339355363478,1070.1129771317464,0.0843428403531816,0.1708596318645016,210000.0
Random_7546,462.57383349260664,700.239442731902,0.06915155391063077,0.13360471811271826,210000.0
Random_7547,648.2372522369086,933.62563394298,0.07011045816945863,0.13233436113036023,210000.0
Random_7548,515.0133456031504,776.9623005608082,0.09524678887737215,0.1984781268867892,210000.0
Random_7549,700.190600325287,1006.0080955293054,0.09448742740950028,0.19692669623685294,210000.0
Random_7550,773.7526599433388,1035.1508599057054,0.055039869827772425,0.10630089132646955,210000.0
Random_7551,752.0726383571542,1037.0679412417087,0.07931366096184195,0.1624213048636137,210000.0
Random_7552,591.8534553564365,825.1836518962465,0.0784912916839692,0.15865785830038692,210000.0
Random_7553,653.7255586295449,917.7639960861536,0.05084145770843516,0.0872050410163965,210000.0
Random_7554,712.3623335848921,1027.1581951554438,0.1005428279739185,0.20863371030300953,210000.0
Random_7555,660.6184069258254,898.3976992447731,0.06947632261616583,0.138426296989229,210000.0
Random_7556,529.5944919423588,764.1346657869915,0.08362665953331873,0.16923179219245754,210000.0
Random_7557,584.4499165524136,858.9213316168313,0.10653603549189068,0.22710095840952524,210000.0
Random_7558,712.3247678602103,993.9993616611897,0.07401619226772008,0.14655310885763378,210000.0
Random_7559,774.6421935087251,1069.382434739118,0.06167355940299672,0.11805013859801725,210000.0
Random_7560,538.5569649751034,783.2303494932179,0.0815112522245755,0.1657152446296683,210000.0
Random_7561,515.2831856772452,766.9250086254724,0.07944309022398237,0.1594382875383489,210000.0
Random_7562,778.2050363105374,1072.1645745498986,0.05587515589769952,0.10098520762292278,210000.0
Random_7563,515.7929162938606,729.1357030576817,0.06599191689679192,0.1291469599160521,210000.0
Random_7564,726.1468815208225,1003.4404510112435,0.056987312238914165,0.10514242786807397,210000.0
Random_7565,527.5722644032194,747.130392563755,0.06053867158732335,0.11560168625302311,210000.0
Random_7566,752.6464881521036,1020.0234030738392,0.07879648383419735,0.1653946510529114,210000.0
Random_7567,685.9306986207438,979.8386380471641,0.06580709254365573,0.12382164043467518,210000.0
Random_7568,566.8328121437319,842.1381636112507,0.08047481888266014,0.1587360646293668,210000.0
Random_7569,493.3329876708423,756.2727614566546,0.08792376907366412,0.17929379386117625,210000.0
Random_7570,522.4521186274812,747.310013153923,0.07263805336608292,0.14247520165752928,210000.0
Random_7571,561.5361464973072,794.6316627205683,0.073628505751307,0.14705715142974501,210000.0
Random_7572,536.7033163191923,808.0324901145354,0.07964799823277284,0.15551649573179732,210000.0
Random_7573,355.9281707478633,543.6905965175611,0.07075111561399917,0.13864476137402876,210000.0
Random_7574,658.0048168796571,917.0563637170492,0.08715443281471094,0.18345205850286392,210000.0
Random_7575,708.4385952249429,985.128795633294,0.0875598796893885,0.18230303196810882,210000.0
Random_7576,681.5437255216749,950.5075414619129,0.07206742550689946,0.14144349708647944,210000.0
Random_7577,558.973289400396,797.9607863628875,0.06596191702458952,0.1275027641059325,210000.0
Random_7578,664.7935881113387,937.414528376064,0.06409147721524455,0.119902433528741,210000.0
Random_7579,704.6405764990309,963.3060827588124,0.0857431728118174,0.18173730425963802,210000.0
Random_7580,781.7187693100515,1087.857986067185,0.06908672764450867,0.13638295006532145,210000.0
Random_7581,687.0944606913026,920.6461828588757,0.05616734681911078,0.10869521899125228,210000.0
Random_7582,654.9492000318479,941.2711484791855,0.09088122416720525,0.18546132270384003,210000.0
Random_7583,644.3536475840814,938.1521604706643,0.08291045809090605,0.1648145844103994,210000.0
Random_7584,764.7227316378296,1080.8927902771368,0.07636167869056737,0.14831369450529677,210000.0
Random_7585,429.57539306557095,623.1462509955495,0.060351071644549135,0.11673632063968575,210000.0
Random_7586,688.2166341475355,992.2993624397238,0.10003635510437178,0.20734680151067822,210000.0
Random_7587,540.1776649513522,803.5680345460179,0.07566066106302613,0.14788228122152125,210000.0
Random_7588,520.6773458494438,787.5371977994786,0.09777994826474906,0.20060025461361847,210000.0
Random_7589,667.4357082818002,952.5740513003489,0.09599378728800834,0.20017604966723637,210000.0
Random_7590,689.571879511133,938.5381067612532,0.055167350472464835,0.10378252723712655,210000.0
Random_7591,607.8111764755023,846.6657469282324,0.08101240693547651,0.16521297433085932,210000.0
Random_7592,597.1546025608297,836.2759611449288,0.07790807037457212,0.15624239508974783,210000.0
Random_7593,650.8220266441721,892.8673369241656,0.08241166330058654,0.17181579262758184,210000.0
Random_7594,783.3644553913172,1094.0782574418743,0.057114399714468925,0.10174444424145455,210000.0
Random_7595,753.9609161805234,1014.2774329145645,0.057000664335733656,0.10904867342081259,210000.0
Random_7596,669.7169735378582,920.0784019735341,0.07650891018638933,0.15519509035708734,210000.0
Random_7597,657.0685948496401,945.8440634252476,0.10826260269523533,0.2319753321968528,210000.0
Random_7598,459.57639732896286,654.5559375081677,0.07121862628395076,0.14285398800406546,210000.0
Random_7599,759.4922093886795,1030.8898157875146,0.053888126551570215,0.09887634857351266,210000.0
Random_7600,600.2865865216298,858.790673690364,0.0691786819554402,0.13442808386543711,210000.0
Random_7601,613.7776735329251,896.4172536672046,0.07744658247740385,0.15357232453539593,210000.0
Random_7602,593.1180312832045,811.7977331267703,0.08259335987596146,0.1727360273080357,210000.0
Random_7603,422.3063648863774,617.2766461482466,0.07425546916655047,0.14892774350060922,210000.0
Random_7604,605.699361387321,877.7811901550132,0.0931437008704209,0.19332560757924927,210000.0
Random_7605,593.9548510041666,872.1959876175057,0.062306383943098786,0.11246831463690465,210000.0
Random_7606,585.4551483001077,828.5761454950376,0.08153920282671757,0.16515991180046466,210000.0
Random_7607,627.9218791971344,898.407891255063,0.07902147318763497,0.1594607562592234,210000.0
Random_7608,463.2311264976086,710.338933864482,0.09410088630851231,0.19385150011198055,210000.0
Random_7609,520.5495482986681,781.7918534203383,0.09298404908605143,0.1896981475541159,210000.0
Random_7610,790.6317218679525,1059.106055656443,0.04479484819335944,0.07799123749907033,210000.0
Random_7611,777.1943422323171,1071.7802839190515,0.06941897064861077,0.13573912265193988,210000.0
Random_7612,636.7500480520861,920.5938974089981,0.08567961168549168,0.1710048295618252,210000.0
Random_7613,577.4387194532873,820.604742262117,0.053834294420493235,0.09507495037449107,210000.0
Random_7614,676.9417717012288,974.0841113250547,0.08402988145375376,0.1690756163620824,210000.0
Random_7615,717.1595316433471,976.7951621941243,0.08983646262700032,0.1921795724640309,210000.0
Random_7616,785.5343613903742,1053.435723262117,0.05470946597756057,0.10353560228765546,210000.0
Random_7617,661.5624830543968,900.388305068551,0.08402005187850477,0.17651178582624286,210000.0
Random_7618,600.4121830000246,827.5062056127152,0.07023013354715557,0.1428954333998328,210000.0
Random_7619,756.7127706090438,1069.9867128885794,0.10130159721954139,0.21623834174229192,210000.0
Random_7620,522.640975637884,762.5734690028441,0.10256261865028546,0.21844236667933215,210000.0
Random_7621,793.9713362145474,1115.644502218101,0.0880244024207987,0.17866106547799354,210000.0
Random_7622,491.7996048168586,755.0755645974134,0.07628363412666532,0.1498575689904353,210000.0
Random_7623,413.6889420538814,616.6740075755598,0.05822307269200554,0.1067205351406892,210000.0
Random_7624,754.3409601730464,1074.6293512731152,0.0997530574003261,0.2112184172508496,210000.0
Random_7625,780.7390611289319,1087.8807687021551,0.08033730232326715,0.16198031179531086,210000.0
Random_7626,675.689907809703,905.3876685351808,0.05894018595290476,0.11685212765808511,210000.0
Random_7627,400.65005036821515,641.2743999144768,0.10218199058882198,0.21381116552981877,210000.0
Random_7628,755.7846427279043,1058.1205563135532,0.07112649699036415,0.14172937092665636,210000.0
Random_7629,758.7136575194194,1015.6214090843332,0.04610890602709579,0.08192086231530046,210000.0
Random_7630,729.9739671312655,1017.7863366279487,0.09967322351669698,0.21461362296232941,210000.0
Random_7631,619.6263032089798,874.2670639846941,0.06823089748881207,0.13450152779627925,210000.0
Random_7632,527.431703911414,782.6172250347488,0.07944417378092128,0.15719425342982335,210000.0
Random_7633,810.216656815823,1113.9144970285356,0.06740660668337692,0.1335272114414307,210000.0
Random_7634,632.9821935686931,903.5392164924092,0.08175609532783328,0.1643729155730633,210000.0
Random_7635,811.0263217249004,1126.170000103942,0.060097442595626493,0.11249180098367415,210000.0
Random_7636,732.5735159676107,1047.8925519141096,0.11136723236517639,0.239911734351289,210000.0
Random_7637,452.6660930182348,667.5655151297494,0.056257626208066146,0.10233512620006631,210000.0
Random_7638,703.7924744536622,952.295681515531,0.07191206644808629,0.14488177727237797,210000.0
Random_7639,720.1285009669173,1018.2155519042112,0.10022047390933178,0.2124839793294516,210000.0
Random_7640,693.6322562587961,985.516356957292,0.09901931621434312,0.20966088414066905,210000.0
Random_7641,738.3136132436745,1005.2235725695978,0.07968199486262129,0.16473902746759878,210000.0
Random_7642,506.296676795102,703.6172007380784,0.06360700660177199,0.12683844680849146,210000.0
Random_7643,697.3800412275158,954.7503392200204,0.06953231389807701,0.13843342853961324,210000.0
Random_7644,603.8275168179707,881.7328528973352,0.0875860951602874,0.17713153223919112,210000.0
Random_7645,791.7701529237585,1124.8080757049263,0.09760153855642761,0.20335797979692175,210000.0
Random_7646,666.6274476301049,938.3389733663581,0.09158539657686021,0.19107049846081314,210000.0
Random_7647,630.6300071608965,895.2908096208907,0.0678214859216765,0.12894444234320881,210000.0
Random_7648,743.0973023714836,1019.4665950590264,0.06037428917168852,0.11458350425214248,210000.0
Random_7649,417.8436595799144,684.219978868913,0.0954523148212259,0.19223206591890776,210000.0
Random_7650,736.6439362512867,1045.625981194089,0.08401539182581248,0.16827793033774371,210000.0
Random_7651,628.6213598521414,903.4065169514399,0.09314828706012675,0.19536382650212758,210000.0
Random_7652,627.55459618997,915.2357142930117,0.10516020686004279,0.22296600647659504,210000.0
Random_7653,663.7390229815059,934.975244215618,0.08702460040637985,0.18046447624510584,210000.0
Random_7654,645.9515082429837,897.2729038937485,0.06729946649125422,0.1316674089963434,210000.0
Random_7655,719.9096964394807,974.841119626985,0.0831848045102219,0.1750104126177334,210000.0
Random_7656,718.9727217205309,1021.2904491882024,0.080795928132655,0.16012032160958678,210000.0
Random_7657,683.586443283368,929.1221900753535,0.06317125787136697,0.12338505781458538,210000.0
Random_7658,743.4974046674963,1054.1942108030712,0.0741822303791019,0.14622119449770932,210000.0
Random_7659,672.0167575610241,944.6473612710917,0.06656192775784586,0.12624549891933812,210000.0
Random_7660,693.7774350400518,992.5719671487665,0.07988987693185415,0.1569816907218488,210000.0
Random_7661,551.2792557590444,825.0925788926676,0.096277371961566,0.19757877128114656,210000.0
Random_7662,551.5669667281097,815.9565812622601,0.09466896460701443,0.19569093747698296,210000.0
Random_7663,732.2278420873344,996.448514915912,0.054169122516146445,0.09912217659377645,210000.0
Random_7664,546.0173133563736,784.5109222821276,0.09498661546410028,0.20106211631405693,210000.0
Random_7665,789.5593436580466,1093.870690460175,0.07984607260314366,0.16269702626666174,210000.0
Random_7666,503.82156091856314,697.5598900740533,0.051400361872618594,0.09504038255613423,210000.0
Random_7667,742.5166798839292,999.6619949195041,0.04590537119046162,0.08084680530823915,210000.0
Random_7668,500.1252447965033,757.707191705612,0.09465807087600106,0.19477322776780528,210000.0
Random_7669,559.0579908263803,788.1971114814796,0.084380710970152,0.1752974891534221,210000.0
Random_7670,445.30786396601957,642.8745818130766,0.058516259762207125,0.11058484870256127,210000.0
Random_7671,722.6862098212653,1027.522661096684,0.08844275406041818,0.1792095562862821,210000.0
Random_7672,584.5269199582011,835.6010657952094,0.09997871306219178,0.21362405300056717,210000.0
Random_7673,705.1965741207972,984.6759465717132,0.06406294326145011,0.12271691556695634,210000.0
Random_7674,788.9992318423832,1122.5179777516976,0.09844744770170583,0.20433730087528013,210000.0
Random_7675,477.44363996773285,728.3784497109058,0.06467360710466488,0.11930037795805415,210000.0
Random_7676,404.0934415327535,637.5762895230845,0.09562631125448004,0.19868964292439725,210000.0
Random_7677,803.3886389300135,1130.4707123914984,0.07040264013967978,0.1353596557567139,210000.0
Random_7678,701.3001988950352,990.5264861285515,0.09507915949915655,0.20009015366680014,210000.0
Random_7679,323.216227812593,517.9120830132036,0.0909112733943346,0.1879774678575804,210000.0
Random_7680,651.8746200809057,924.4088819907913,0.08497098850928891,0.17524786049451072,210000.0
Random_7681,658.8009803516916,918.9122119763044,0.08455437781876551,0.17302183032095686,210000.0
Random_7682,627.2740091982505,886.2417256376772,0.096845808332665,0.206296914333502,210000.0
Random_7683,703.8470925790548,1006.3510591710708,0.10721430634702057,0.22924541488925518,210000.0
Random_7684,752.3103544018029,1012.4051633312221,0.052122839441382976,0.0959356736429756,210000.0
Random_7685,696.4964305527624,1003.7838604867567,0.0882605563870967,0.17993552563119738,210000.0
Random_7686,664.238747615017,925.6736160092279,0.08739405770025056,0.18202786755374536,210000.0
Random_7687,625.9653062995119,860.021423157083,0.08032333036959147,0.1689601296273032,210000.0
Random_7688,723.1838056670191,972.8499089456549,0.06446491455912538,0.12890604524058746,210000.0
Random_7689,426.9054938859011,613.8789354662704,0.06019013624444827,0.11445552925426848,210000.0
Random_7690,529.087043279256,742.4062979725862,0.0491209576973275,0.08584193556566763,210000.0
Random_7691,662.0294931667542,907.236958012124,0.08272690251577887,0.17195041465448538,210000.0
Random_7692,483.72561579626347,707.1688898431187,0.07649404742736128,0.15179566351235618,210000.0
Random_7693,708.5198622658468,995.4964242048379,0.061746252477849636,0.11476568433577808,210000.0
Random_7694,450.53949177022764,677.280121562621,0.08456686980607223,0.17361578223959667,210000.0
Random_7695,761.046792556393,1040.4592047744436,0.08080869426753128,0.1669439229518983,210000.0
Random_7696,625.3527856166438,865.7155735386319,0.05584993396114615,0.10302208726693693,210000.0
Random_7697,759.6492997332764,1033.1579284152292,0.05273931828056003,0.09506419324631556,210000.0
Random_7698,701.7711601172748,997.1970193120992,0.10164109711546647,0.21618146278066985,210000.0
Random_7699,435.8295702682241,643.4886900519608,0.05847720433221666,0.10926110846659773,210000.0
Random_7700,773.5480840936127,1073.317004062998,0.07454499052497543,0.14962444270573863,210000.0
Random_7701,556.9555227403786,812.2883249053564,0.06516030980271015,0.12119315080577839,210000.0
Random_7702,467.38751241645286,663.0795138101415,0.07656669995801044,0.15921414162292655,210000.0
Random_7703,677.8224664426613,971.135231691753,0.09542712158047627,0.19935688266030846,210000.0
Random_7704,642.19734020321,898.4673145331928,0.07790624138518001,0.15615696931801384,210000.0
Random_7705,589.4334586936764,857.5615423715343,0.0944911848328312,0.19678379038109817,210000.0
Random_7706,751.9056103475266,1027.5723453937899,0.04575353416985231,0.07691100017384073,210000.0
Random_7707,717.1267124893573,979.3609425884933,0.06512548348401244,0.1264797829353412,210000.0
Random_7708,573.8500383802752,796.4815108769657,0.0672053677551844,0.1330727855553692,210000.0
Random_7709,654.1324526813006,894.2968525397256,0.08827697728305273,0.18883341982511037,210000.0
Random_7710,398.245104042929,613.3365894149152,0.10481785146732923,0.22488775439441935,210000.0
Random_7711,683.9785652055548,940.1152649762456,0.08965758603063939,0.1898809421702447,210000.0
Random_7712,604.0226062532734,825.5776176193602,0.04427045057884245,0.07495251591078227,210000.0
Random_7713,808.2674729227471,1131.6640844859853,0.05905884660468032,0.10571861459814862,210000.0
Random_7714,590.2650379801365,795.3922718577272,0.038560753866966925,0.062248283748886094,210000.0
Random_7715,704.7377973275077,943.662231916842,0.05118170237493724,0.09500430631146317,210000.0
Random_7716,484.62591866264927,689.203245454784,0.06310642996651522,0.12130503077691371,210000.0
Random_7717,660.7012684467354,920.8234250563548,0.08628641024945072,0.17911796746537567,210000.0
Random_7718,729.5289144282967,1013.472820024102,0.07533847503542163,0.15178656470111768,210000.0
Random_7719,685.4336771763288,945.8273124489299,0.08870185495166762,0.18661915612620902,210000.0
Random_7720,395.90678898167266,582.3163814662514,0.06315167854271223,0.12320559903867785,210000.0
Random_7721,602.3535124445693,824.7324590205347,0.06834934758083278,0.13775836861040977,210000.0
Random_7722,689.4043664425291,983.9795491810321,0.10391668061677665,0.22067910596415988,210000.0
Random_7723,733.9371156688901,987.9477169973696,0.04941618356268445,0.09092457302688098,210000.0
Random_7724,646.9287055273938,927.2527947466606,0.07643667073407304,0.1489139460153344,210000.0
Random_7725,727.3855478460675,974.7489810569479,0.06277496662086177,0.12674019653837634,210000.0
Random_7726,465.83898056687696,730.8594383414705,0.07633469673819611,0.14786939057966994,210000.0
Random_7727,747.9340800193958,1063.4142229131603,0.10051535532681216,0.21283039418192287,210000.0
Random_7728,545.5121227710832,813.4316580898234,0.08686412127355206,0.17443306511977894,210000.0
Random_7729,524.3625178623078,773.8318150946533,0.06179254901719039,0.11379015058575911,210000.0
Random_7730,613.948278991922,856.5362901648546,0.08175346969402479,0.17011165918405693,210000.0
Random_7731,632.4717940733506,864.0093282477773,0.07717841804482188,0.16071935367696094,210000.0
Random_7732,557.2246660427372,833.4049252871037,0.0938670691735945,0.19110661105747148,210000.0
Random_7733,588.0877053420547,803.5287290482019,0.07230316987737422,0.1474484973019921,210000.0
Random_7734,758.5382063197288,1072.146163649763,0.09595322636779557,0.20207579568268896,210000.0
Random_7735,582.3979066653371,837.156902517407,0.09822992736922871,0.20846283270226448,210000.0
Random_7736,506.5985906224037,769.3020345612581,0.08798667748395446,0.17744367090347396,210000.0
Random_7737,624.9471227692428,917.8216378095667,0.0916991252936607,0.18745129885789327,210000.0
Random_7738,622.1804792598205,900.4877246703136,0.09094271922955684,0.1880519202810585,210000.0
Random_7739,731.1229767345085,1045.3165635094706,0.08640890062402365,0.17295136800271313,210000.0
Random_7740,722.4918817202305,1025.8086138545862,0.08672389322093807,0.17491808767175182,210000.0
Random_7741,667.3988667971033,911.8825777473429,0.07411735155068533,0.1505721527471475,210000.0
Random_7742,600.3084323018495,866.7858293981012,0.09006025817151651,0.1842267323643088,210000.0
Random_7743,571.9489958205072,857.6829380479327,0.09918571087439167,0.20347045276335646,210000.0
Random_7744,684.4754615280804,975.2426129081773,0.06061603065226813,0.11010569959056127,210000.0
Random_7745,480.7311537994771,714.1360961924539,0.06713890576760706,0.12835953610562179,210000.0
Random_7746,563.111374694592,802.4160229193097,0.06306711852559921,0.11862186562489094,210000.0
Random_7747,586.835472493939,803.7919788019959,0.06993345886535451,0.1391035436300841,210000.0
Random_7748,393.09965511957296,587.0542205536703,0.09994895248917862,0.21518798532959943,210000.0
Random_7749,517.3119807392895,760.7870754222263,0.07637231301274099,0.15189357159927916,210000.0
Random_7750,752.8722439628435,1048.2338079895803,0.05599810990294507,0.10102468077417562,210000.0
Random_7751,761.9200587821005,1071.1935172057724,0.07655870174198699,0.15059424147836958,210000.0
Random_7752,533.5828094191181,793.6355915739838,0.07802084858218077,0.1525732708594182,210000.0
Random_7753,733.4201320522014,977.192810686533,0.04380649177021732,0.0770646166345454,210000.0
Random_7754,404.37037716954694,664.9974373025956,0.1054136242861848,0.2209529764682169,210000.0
Random_7755,603.9814917724583,872.6958481644707,0.07048385684899659,0.13735940449415104,210000.0
Random_7756,647.4960379905397,925.2391719949968,0.08721871979176887,0.1805635639460827,210000.0
Random_7757,565.9595119212315,770.1374646496934,0.0528333944469051,0.09862600478634616,210000.0
Random_7758,566.4030733003743,776.8022039928267,0.06522204246288908,0.13200327785677055,210000.0
Random_7759,549.2196961414635,824.9335022947758,0.0901896527660322,0.18048230195795442,210000.0
Random_7760,711.0837939838419,996.1621969122737,0.07872550728876784,0.15654069600572762,210000.0
Random_7761,606.9721452277632,896.0952803787101,0.08994829768383976,0.18363528972849175,210000.0
Random_7762,728.8228832281825,999.3404489197843,0.07477971277581308,0.15081522835095046,210000.0
Random_7763,639.1864437912421,898.7243873742932,0.07104781244610425,0.1385240603797843,210000.0
Random_7764,486.7275272117619,698.366929979509,0.08841213265857692,0.18482970584316263,210000.0
Random_7765,672.3372584397057,949.4026624555124,0.09087999149076788,0.19126734190674582,210000.0
Random_7766,500.5248847013926,749.5860878987717,0.06425941136662949,0.11872535556201502,210000.0
Random_7767,575.2902207860569,787.2505978858078,0.06482073015145927,0.12763536526608057,210000.0
Random_7768,500.70717620294016,704.7064456863158,0.07205628997234864,0.1468674680222734,210000.0
Random_7769,545.1069950991474,813.9984831405192,0.08702559027637093,0.17777980027655121,210000.0
Random_7770,467.0968799510428,677.2282018350556,0.059999256513802,0.11241206945301441,210000.0
Random_7771,524.4473421767909,793.4037207736261,0.07326082946045614,0.1388773609021234,210000.0
Random_7772,601.3853252464656,835.2416423969571,0.07856824916670034,0.16238422354613025,210000.0
Random_7773,537.2327808943072,743.9016542951292,0.05186732921994218,0.09356241742789888,210000.0
Random_7774,772.8815209791626,1079.6246673924536,0.07110474881693281,0.13813120371743473,210000.0
Random_7775,704.9937754084331,1009.9435969857285,0.10429821757733282,0.2205244388764474,210000.0
Random_7776,622.7961096861084,862.6140964278561,0.08958151823245895,0.18961805846537044,210000.0
Random_7777,742.3708957691154,991.9364095949466,0.059718488609969464,0.1172520362466669,210000.0
Random_7778,650.5779025568318,894.8422439124694,0.08876724027066235,0.1897185873668611,210000.0
Random_7779,714.6309779618911,984.5919591375938,0.0715515952565262,0.14237721180169005,210000.0
Random_7780,618.0230492583305,843.0181914187564,0.06565010419939207,0.12926238742502766,210000.0
Random_7781,612.7326513157774,890.149678462101,0.0938158838802629,0.19502943642367784,210000.0
Random_7782,739.3288372395155,997.1142939386523,0.046782770159385895,0.08138659333607577,210000.0
Random_7783,681.0435107469525,932.4441377889034,0.07530941382401046,0.15369150253322617,210000.0
Random_7784,434.9829370760906,642.5199795760566,0.08420018308733514,0.17615765781340137,210000.0
Random_7785,619.6311259739333,839.5117120920023,0.05655589160254466,0.11046742944402853,210000.0
Random_7786,515.6786609115884,763.2568745618277,0.06535205477231633,0.12342562619760711,210000.0
Random_7787,733.6178674583882,989.3826972727387,0.07255307335496454,0.15071269619400965,210000.0
Random_7788,804.6970062823239,1091.529004635251,0.058299850595320425,0.11320797440695243,210000.0
Random_7789,530.5662980330957,751.5008303676641,0.08307543895973783,0.17356407384641814,210000.0
Random_7790,348.54239307819415,545.5971400190897,0.08255923614659845,0.16896319625807846,210000.0
Random_7791,691.2399705625143,927.9245971070524,0.056812823583398224,0.10881954794411502,210000.0
Random_7792,657.6186398295002,889.714675540558,0.058234949427952015,0.1104200779921542,210000.0
Random_7793,708.0417009482552,964.3514404784933,0.0837278550879905,0.17561499884854598,210000.0
Random_7794,591.4127951456474,842.0648264223518,0.08054498524352086,0.1648077549491384,210000.0
Random_7795,683.4012744080095,925.0655305224512,0.07905925961891691,0.16348252524886409,210000.0
Random_7796,665.2486304802952,969.4517904706986,0.09886196391543844,0.204370731919823,210000.0
Random_7797,607.9180128241151,883.612777781209,0.073170043672533,0.13988172478698363,210000.0
Random_7798,710.346311913823,985.8727558302885,0.06801197718588017,0.1350190928747029,210000.0
Random_7799,681.2105244817889,935.9738943832897,0.07008207205536389,0.1414864759898397,210000.0
Random_7800,472.58590396415707,741.5106420071627,0.0834395105083382,0.16302528223842444,210000.0
Random_7801,705.5269147493361,1009.9756296616423,0.09044468061942998,0.18746585789435036,210000.0
Random_7802,680.2821194947994,958.5851859771003,0.08734274258705982,0.1775967560319628,210000.0
Random_7803,628.3951993136366,913.2512689703636,0.10597407007898385,0.2245800145922915,210000.0
Random_7804,634.484160990862,873.7307522382484,0.0910576849093496,0.19379121982164402,210000.0
Random_7805,606.572473781884,842.733030884786,0.07232220199274308,0.14659147363523664,210000.0
Random_7806,772.81044837165,1094.8616632913606,0.08615523375671422,0.17736022460262307,210000.0
Random_7807,695.7539150920703,1000.6589456976908,0.0946805110676244,0.19660707102152003,210000.0
Random_7808,729.851772962154,1005.0875837985949,0.09511766423546462,0.2044568085343942,210000.0
Random_7809,527.0333031275351,756.6212684072277,0.053945141650464865,0.09550881220034105,210000.0
Random_7810,687.2695386401084,973.7774071797234,0.07954453265802269,0.15758481199001123,210000.0
Random_7811,732.1489794838867,978.6358892312373,0.058805499993632396,0.11695290296086845,210000.0
Random_7812,494.4652856360268,754.3731446348876,0.08132617304000357,0.16096044010782196,210000.0
Random_7813,590.9406587202569,806.5874741081952,0.07377321902081828,0.1539359758594239,210000.0
Random_7814,739.1528251777388,998.2389555363696,0.07818069929600474,0.1627162445528904,210000.0
Random_7815,544.758561215385,784.1370640507779,0.08476629240468407,0.17221424465278928,210000.0
Random_7816,403.7750472098537,626.9213885265648,0.06015220000177366,0.10998501039398234,210000.0
Random_7817,611.9648468698826,853.698522723323,0.06254999301914395,0.12151647971629885,210000.0
Random_7818,611.9147658506536,865.0139512035569,0.06686774522034176,0.12839461399075766,210000.0
Random_7819,551.4760194614631,766.5789284345769,0.06626957577002447,0.1291487967467677,210000.0
Random_7820,368.35256961869646,561.41913182792,0.07338610133256399,0.14569028391161756,210000.0
Random_7821,476.9073846888948,725.774358465377,0.08353198601532492,0.16966025705374568,210000.0
Random_7822,681.0226606470293,909.1786314630137,0.05394116302006646,0.10284123675433221,210000.0
Random_7823,578.9013047176529,791.8516983857578,0.06731876965936373,0.13534830515760504,210000.0
Random_7824,520.8095552917353,733.2594736841677,0.06846328972458653,0.13721694488039338,210000.0
Random_7825,680.1124492135331,981.0609496762457,0.09748439802644546,0.20403677880741433,210000.0
Random_7826,746.8298083930742,1005.5722624014657,0.07638313937993016,0.16071268579055414,210000.0
Random_7827,622.0076131278947,855.8580158837361,0.06854932790488215,0.13532157708560671,210000.0
Random_7828,779.5115039315325,1084.5475181801296,0.0756132810053846,0.15093405971665258,210000.0
Random_7829,750.4031100081958,1060.9333891765048,0.09055164217570476,0.1863934074015499,210000.0
Random_7830,752.1439766311839,1032.0104177113192,0.07308447004981222,0.14633817163415708,210000.0
Random_7831,762.5585433039195,1052.6288083160207,0.054880393704274985,0.09921967211890605,210000.0
Random_7832,604.5153836455105,872.4785994451889,0.09348987464747102,0.19237026656671566,210000.0
Random_7833,634.6627506458365,858.4374194519407,0.055307031088152395,0.10570769450142892,210000.0
Random_7834,491.6116841994088,746.2622217918382,0.10906524802236645,0.23188657081746764,210000.0
Random_7835,745.5132223695924,1021.3649799928829,0.06186848720784303,0.12029882515349324,210000.0
Random_7836,688.4026853336566,965.4665581547049,0.07342712972102552,0.1449970355779172,210000.0
Random_7837,455.2255066080402,668.7081705120196,0.06602131685986012,0.12922009227087738,210000.0
Random_7838,748.4786636421504,1057.843932741473,0.10436883471462492,0.22404246633276753,210000.0
Random_7839,640.6011422945875,916.4998028704046,0.09181812740953085,0.19203469460877176,210000.0
Random_7840,453.38878137750436,712.4885024560452,0.07601167093788411,0.14720237113306267,210000.0
Random_7841,765.4738383619276,1083.907700445488,0.08204126131785061,0.16386271734390373,210000.0
Random_7842,510.53906233444604,716.3882466067636,0.08925468139669346,0.18987693062535052,210000.0
Random_7843,702.1207000869092,963.0542897808947,0.08771919418560609,0.1873598255373176,210000.0
Random_7844,691.9297219756734,965.527900276491,0.09596128844971129,0.2058003120397974,210000.0
Random_7845,683.9018109142238,935.1895342999813,0.0675718905409535,0.13369791866990816,210000.0
Random_7846,666.1626537921908,968.2968161325479,0.10201056001505776,0.21399005798526516,210000.0
Random_7847,408.0340967133137,633.7713524166944,0.0969020503192455,0.2029297716295976,210000.0
Random_7848,733.4974207868682,989.7743153899723,0.06469261282409644,0.12696064326233136,210000.0
Random_7849,510.2510768086537,748.9416948289958,0.06474922257432436,0.1219348875597544,210000.0
Random_7850,590.491842165182,839.5457481031933,0.07385523496457766,0.14500637672050087,210000.0
Random_7851,618.4644313261667,846.2309237945477,0.04908154797381127,0.08654912932868153,210000.0
Random_7852,567.2226400468383,830.6025571344517,0.07885842731799309,0.15542605099548837,210000.0
Random_7853,611.6326729439959,847.8885999871541,0.07868792230782816,0.16082997318967926,210000.0
Random_7854,375.5046320220376,607.5766308645736,0.10764824889455737,0.22965909760754735,210000.0
Random_7855,589.0871957615923,811.7791618141947,0.0657487977975538,0.12854362370359293,210000.0
Random_7856,732.7617759140757,982.67563809102,0.05141130431564847,0.09461347312474538,210000.0
Random_7857,593.9290874899872,872.4318988257659,0.07340049269067295,0.13971763657292213,210000.0
Random_7858,476.0455207283997,699.7047331245165,0.10173818188931506,0.217997845205405,210000.0
Random_7859,800.6883217636641,1079.6226485390569,0.04859411436029498,0.08597490855537514,210000.0
Random_7860,665.6694903869729,912.0091496560885,0.05670241406495262,0.10747629257279301,210000.0
Random_7861,660.2354600372922,951.8267377350793,0.08746247913060734,0.17688161380359682,210000.0
Random_7862,551.2449247273879,759.3324406204171,0.0577975526130798,0.10882853587379387,210000.0
Random_7863,777.545575525364,1059.9464776968973,0.07394412362505114,0.15167710615859173,210000.0
Random_7864,588.7875131262751,830.6228120416322,0.08986148720637126,0.18688909688556332,210000.0
Random_7865,710.9109403457579,969.5149537346904,0.06245587156021118,0.1209804259668735,210000.0
Random_7866,817.5152672649865,1123.6546226735873,0.06396910951429548,0.12464390294643345,210000.0
Random_7867,485.65898923127503,755.7143724025672,0.10010888961728327,0.20680653336687446,210000.0
Random_7868,396.9535580586946,611.2068144928566,0.09243024013622696,0.1943871721703068,210000.0
Random_7869,607.7437769490518,884.221371424213,0.08856126738175339,0.18294252294233443,210000.0
Random_7870,781.8941488191343,1072.3577035190215,0.06202489160502071,0.11820060557159484,210000.0
Random_7871,719.7884118118628,1026.1860274714809,0.07921704992964787,0.1555178019235649,210000.0
Random_7872,782.9036201907425,1084.2357787275457,0.07967212214249214,0.1624313740191237,210000.0
Random_7873,706.7650982265899,975.2199921162888,0.08718040997872994,0.18180327174165684,210000.0
Random_7874,612.4549858042892,842.548515274724,0.07074311142543524,0.1435439651510703,210000.0
Random_7875,736.6959114129594,1053.183181600544,0.10817467065689705,0.23142034610863077,210000.0
Random_7876,488.3463136437309,691.0646571164489,0.0765803849571821,0.15583580378148873,210000.0
Random_7877,529.9122130114898,800.2104753155104,0.08715843786126692,0.1770973116001665,210000.0
Random_7878,673.5292945259164,927.5533096198476,0.07572735841954317,0.15648589417181186,210000.0
Random_7879,542.0196670760095,791.5352055874363,0.07605875642402803,0.14819042651082892,210000.0
Random_7880,627.5819706389799,869.1965248536333,0.07385651054194489,0.15078921040543208,210000.0
Random_7881,819.3816174098238,1147.8014024596537,0.07056923515211516,0.1370721216522106,210000.0
Random_7882,709.6928778665637,971.3324012783189,0.09655946563539262,0.21030511669702004,210000.0
Random_7883,478.1036895264068,728.6691154808517,0.07800908441318379,0.15251789329979856,210000.0
Random_7884,747.872387004633,1038.0132616866247,0.06063631290534469,0.11231601451642312,210000.0
Random_7885,501.0724800104673,715.3088477679156,0.06385399915253166,0.12218670723803007,210000.0
Random_7886,607.0944451222598,878.138766776794,0.07466399699163692,0.14745477101890486,210000.0
Random_7887,593.3629746686352,831.9070977712772,0.07478001969623971,0.15321077875957662,210000.0
Random_7888,565.8011177195865,840.813089603279,0.10430825559677868,0.21892392507984992,210000.0
Random_7889,798.4091647519613,1130.296416356283,0.09508211700346961,0.19725872870699346,210000.0
Random_7890,809.4075018879857,1119.9270540578625,0.07059131733336399,0.13852835627790963,210000.0
Random_7891,422.40102396617385,614.826849002654,0.07942159693030605,0.16387378418596008,210000.0
Random_7892,639.5310356210485,891.315011304132,0.06727677316919628,0.13300806849129912,210000.0
Random_7893,836.999596844738,1175.3897946075426,0.07267596797234446,0.1419886837291831,210000.0
Random_7894,733.2563382026487,1009.4026807903563,0.06017311714955605,0.11277928242721799,210000.0
Random_7895,721.0763358157169,1003.1266620967823,0.07846615844273695,0.15952082375260285,210000.0
Random_7896,443.2991216701918,674.8241418115504,0.07388508493108864,0.14316326056250633,210000.0
Random_7897,483.57648511528345,735.0172491573938,0.0860140460121849,0.17327209968809773,210000.0
Random_7898,552.3169981361893,770.1130398358152,0.09922203030488967,0.21540141103385557,210000.0
Random_7899,669.4154968599356,950.3193810043347,0.07259439137875401,0.13963092631199692,210000.0
Random_7900,714.779885253469,991.3770738485347,0.0827228324083479,0.1717802083294299,210000.0
Random_7901,729.3834772949796,1006.1478353653803,0.08917776721216207,0.18884161880255482,210000.0
Random_7902,765.1237830010431,1054.333930694355,0.08445904761508086,0.1774097538908162,210000.0
Random_7903,644.374141857273,889.6975474822796,0.08083886322087748,0.16830758326813988,210000.0
Random_7904,764.0098400927711,1064.1595061845803,0.05722327939898808,0.10343310286121571,210000.0
Random_7905,487.8961277228214,741.7120582905468,0.07366505473836359,0.14109089987365728,210000.0
Random_7906,563.694809871149,805.1639578084634,0.09345332043123872,0.19831910834985733,210000.0
Random_7907,383.18690901081357,628.6257346138663,0.09567294057218323,0.1988229713308208,210000.0
Random_7908,641.7290013614429,880.9087417732459,0.0540156395598045,0.09887948129232824,210000.0
Random_7909,750.3252284047666,1037.579018000974,0.07802847984097966,0.15987779865483212,210000.0
Random_7910,739.5874136040851,1021.0104292509714,0.08158981490017081,0.17041577926368567,210000.0
Random_7911,587.0588282227004,833.2633754022329,0.06699716366977151,0.13084230184698176,210000.0
Random_7912,427.73894630983983,648.1732194182371,0.06349720147515729,0.12010637272117097,210000.0
Random_7913,520.0609236093105,783.9342578537044,0.08093722830108559,0.1588523536405616,210000.0
Random_7914,627.7907901677378,908.0782324627336,0.0928247699774474,0.1914959692437801,210000.0
Random_7915,663.5154218432017,953.3026697375295,0.09050492424628033,0.18582705709568276,210000.0
Random_7916,687.9712710968746,973.2521681573895,0.09722299613476763,0.2060751724814952,210000.0
Random_7917,649.6003087709294,879.493750122483,0.05635396063869063,0.10965375299379901,210000.0
Random_7918,814.3048801322777,1095.6609073372292,0.04534398236121322,0.0789242344928107,210000.0
Random_7919,616.860342462571,904.587796368743,0.08643561161001503,0.17622371190325475,210000.0
Random_7920,763.0425150877235,1051.3881587110022,0.08515873970083765,0.17945572157870937,210000.0
Random_7921,624.5414323692975,914.0856877333086,0.08513872223152938,0.17309156582841692,210000.0
Random_7922,443.46465756627344,669.7131107198733,0.07837852057148353,0.1552547406588113,210000.0
Random_7923,767.7708963275098,1082.623975882038,0.08423289471693535,0.16976298868639136,210000.0
Random_7924,473.9304684443567,686.9021706511691,0.0680899877142785,0.13414786322601296,210000.0
Random_7925,598.3772487909749,813.771630518142,0.0710557460108106,0.14338854871384218,210000.0
Random_7926,525.9731673230906,746.2974431548186,0.05236627495490677,0.09333464601044936,210000.0
Random_7927,798.0136631367931,1102.8973075452727,0.07312715089997474,0.14621581533438127,210000.0
Random_7928,388.3479769604669,640.8004438037744,0.08956080185819948,0.17921660148767782,210000.0
Random_7929,770.8672463655175,1050.9619203560596,0.07491778872468084,0.1555040731643425,210000.0
Random_7930,825.4997588947451,1153.6684127310293,0.06799852555845019,0.13189189295371362,210000.0
Random_7931,777.2423105009107,1034.071403857806,0.039255803131821546,0.06494159312570943,210000.0
Random_7932,790.7500950025981,1060.165716817892,0.0442884638639771,0.07701574223909344,210000.0
Random_7933,525.6973273452262,806.9846351131852,0.11456778696151085,0.244452835130566,210000.0
Random_7934,679.6406451782718,962.7882595262629,0.07035069402529015,0.13682859148831897,210000.0
Random_7935,657.6406117521628,948.2908938519006,0.08788952732425882,0.17913683253883442,210000.0
Random_7936,747.9189524568786,1029.6525113498355,0.09066503785941435,0.19302015094004063,210000.0
Random_7937,482.0224354604334,708.950123897017,0.08352290695842104,0.16925609975852138,210000.0
Random_7938,780.068729889637,1085.2753219829478,0.0655068171009807,0.12507854961534376,210000.0
Random_7939,734.3910728113943,990.1625637529002,0.052195202163709084,0.09661929945450556,210000.0
Random_7940,781.0212883574685,1092.7116929348836,0.08262521899455447,0.16579028290518255,210000.0
Random_7941,461.27051923452734,695.965449324667,0.09989438957731663,0.2120642774663416,210000.0
Random_7942,676.6086332218014,944.1624100959162,0.07425343437000553,0.14769365932785466,210000.0
Random_7943,584.2550106701984,823.483139921409,0.09905290205545973,0.2120692337047961,210000.0
Random_7944,655.8675010638717,880.2303735456802,0.05531914130649101,0.10740189128740177,210000.0
Random_7945,520.3202928177404,772.9197637269531,0.0810773410114278,0.15966056823634595,210000.0
Random_7946,403.88426004592884,609.2314981414729,0.09305970432051913,0.19661526458298842,210000.0
Random_7947,727.5809518433961,1011.5929954166945,0.08315339357771313,0.17228388954164403,210000.0
Random_7948,787.742710769157,1099.5589494525136,0.07110760571745671,0.13990965417491072,210000.0
Random_7949,526.7911327191404,792.8359221808013,0.09517941388055128,0.19761036129236398,210000.0
Random_7950,747.0832932083434,1063.004766277069,0.09357041489163836,0.19344541621763628,210000.0
Random_7951,547.1691133780215,785.4629149471118,0.06896819030678807,0.1336794301160468,210000.0
Random_7952,572.2743455629455,790.6297691576284,0.06340002813338905,0.12435737708732261,210000.0
Random_7953,488.5274507739084,727.7982985309955,0.08797723981461915,0.17842803730704426,210000.0
Random_7954,622.3392473257926,891.7166712785931,0.09818163707137088,0.20729821397550063,210000.0
Random_7955,655.2277005377456,943.8379470940502,0.09959630686806469,0.20989264608469216,210000.0
Random_7956,761.3133191195119,1027.4400933004652,0.0589189067577391,0.11435474029485772,210000.0
Random_7957,712.2437548979607,1004.4153601676974,0.09478231155138536,0.19782595351188814,210000.0
Random_7958,690.4878633759565,966.22871482463,0.10286813582421768,0.22267727753852493,210000.0
Random_7959,704.3893302564463,999.497139992927,0.08542047525941908,0.17572978925837168,210000.0
Random_7960,730.5134042875667,1014.8240165132161,0.07168965751790424,0.1408633239589888,210000.0
Random_7961,511.05694166279517,729.7112671111224,0.06986105054017404,0.13687484665542804,210000.0
Random_7962,759.3816787339953,1044.8260003957014,0.07736744338931942,0.15733991124919305,210000.0
Random_7963,500.8150939766402,719.0914357753015,0.08994977807914259,0.19036219289101455,210000.0
Random_7964,760.4875625177646,1012.6708524247466,0.05503182458978739,0.10678014966080193,210000.0
Random_7965,483.32712801526213,735.5736684292226,0.08677826399013878,0.17809981627320232,210000.0
Random_7966,722.0529889308968,1004.9226378018783,0.06927227022779615,0.13458528649365395,210000.0
Random_7967,429.1898371781714,625.7389510240072,0.08253480008254455,0.17258745289426028,210000.0
Random_7968,511.29909392415766,720.4045772371186,0.06515277604894637,0.12877477599252482,210000.0
Random_7969,664.1953586036344,923.9318108141572,0.07492830061274322,0.15025685929382204,210000.0
Random_7970,483.83201279845696,757.9661987310648,0.1006565917050645,0.2089551393802746,210000.0
Random_7971,445.67020815406755,697.6273668092034,0.09401742830242085,0.19205578211888152,210000.0
Random_7972,541.8256618508443,803.5435672360128,0.07593000110082303,0.1483824982744401,210000.0
Random_7973,702.6378263145732,950.9906385108834,0.06889093424788775,0.13726219394129566,210000.0
Random_7974,656.9414125913005,896.3542455545595,0.0825028002055467,0.17155527671793647,210000.0
Random_7975,623.439888202978,863.7790564375142,0.0708495993301202,0.13986582110061585,210000.0
Random_7976,781.0206503105319,1080.786831356642,0.07629242466265553,0.1542735963842315,210000.0
Random_7977,437.8606502819052,648.1391616836411,0.08812126646464422,0.18440531784437925,210000.0
Random_7978,573.3239579081779,824.81127621076,0.10690660629920498,0.2308816610659436,210000.0
Random_7979,785.3040115631825,1089.9925737815993,0.07082056599161939,0.13739686460173214,210000.0
Random_7980,686.2393708829197,977.4936363740022,0.07727261889184477,0.15448650403989797,210000.0
Random_7981,622.8535489145725,858.0331746503485,0.07357595919150108,0.14875380739486352,210000.0
Random_7982,706.0758377598959,995.9308759756697,0.07300438186822063,0.14193998266076258,210000.0
Random_7983,547.0058975045529,759.0512566192373,0.05960680242149068,0.11447340573203277,210000.0
Random_7984,612.0944359937578,901.2653013597156,0.1018208782131704,0.2141930669263487,210000.0
Random_7985,815.1187131578854,1139.3051604845825,0.07422194380500131,0.14819777577226678,210000.0
Random_7986,726.1937850741654,968.1414076462778,0.05569143527797801,0.10713316355345207,210000.0
Random_7987,796.8392559790009,1123.2939272442297,0.09317565452927717,0.19605499317666206,210000.0
Random_7988,723.6847908216142,1018.3437293869832,0.08825870091112441,0.18111444321496034,210000.0
Random_7989,680.5169819461529,942.3317656170224,0.06481429505700131,0.12765627136803254,210000.0
Random_7990,630.6597853821961,879.277083686443,0.062919685386748,0.1203135375500096,210000.0
Random_7991,617.8576244136356,835.1400086701667,0.061791993554979566,0.12429032863349365,210000.0
Random_7992,720.2326897609669,989.7542768496436,0.06193348768245804,0.1190043959914657,210000.0
Random_7993,719.1471744743119,989.6671820513097,0.07451811899385918,0.15159867399696994,210000.0
Random_7994,765.2718859538569,1065.8543752687297,0.09006746328405191,0.18827771505143023,210000.0
Random_7995,647.297378781176,921.2390868103136,0.08121402542339656,0.16318310868118396,210000.0
Random_7996,641.9977793350746,897.1300556481539,0.09637837195543222,0.20504320786034075,210000.0
Random_7997,659.8703003651393,929.361858837136,0.08216408296304076,0.16815341996784666,210000.0
Random_7998,633.0488011821068,875.8736818625102,0.09422992784809163,0.20268227709634193,210000.0
Random_7999,422.5688936709897,685.4765721817777,0.1148651576741373,0.24504381177291354,210000.0
