label,C_wt_percent,Mn_wt_percent,P_wt_percent,S_wt_percent
Random_0000,0.20629379965820233,0.20225993572422307,0.011797633765857959,0.008190500617248119
Random_0001,0.05689224082008395,1.64297956264597,0.046243904903325764,0.011786401514087143
Random_0002,0.24682759566993562,1.7907961169112532,0.026135552306247065,0.010553619441683062
Random_0003,0.24815127084873634,0.5061496304126814,0.037331885559500774,0.025567667978997552
Random_0004,0.2785851412649243,0.5406255583521957,0.04015713130238406,0.021208436437255854
Random_0005,0.07330890932103491,0.41521758715741464,0.0253916594563919,0.023726260983997476
Random_0006,0.05937970629140152,0.12830034184444128,0.024085528215632583,0.029401489799147206
Random_0007,0.2759871450731953,1.2885146108973817,0.04593900605483252,0.03472291979265722
Random_0008,0.06935214760874645,1.7456421184026616,0.036806844882191436,0.011836746321658185
Random_0009,0.24012784818912203,1.7439212544030993,0.015672456886235406,0.021554641277181583
Random_0010,0.026088607953902086,1.2081529792870103,0.012657413581851261,0.03083358219804229
Random_0011,0.05622133267174375,0.694210286876457,0.0017092493627132816,0.0022695249426569856
Random_0012,0.15152704332962544,0.9897938154104946,0.007256825821731409,0.01104493769147143
Random_0013,0.005938427241526926,0.8240287208500562,0.029217781117811363,0.017664652080035054
Random_0014,0.251355192456028,1.2713333776793607,0.014038111688552464,0.03262986234140524
Random_0015,0.15234859133939008,1.5417396099073488,0.028738365230009225,0.018060174100733104
Random_0016,0.12186556110313991,0.14224704704776978,0.02399818862023017,0.02531877768416612
Random_0017,0.2841034591981689,0.9271195523144249,0.024796428750919863,0.021245490615200327
Random_0018,0.1255343390976742,1.1997118658173698,0.00444718299051054,0.020046969416925735
Random_0019,0.18499272434901104,1.5133703039073474,0.022061685701278085,0.012809283176172987
Random_0020,0.006737559828653572,1.5373100432773188,0.004801222539730246,0.02010953346869764
Random_0021,0.09478652355082459,1.6975621081350858,0.04757331725025412,0.01343610857064094
Random_0022,0.26984164523324594,0.7413051961596502,0.04079349341516525,0.032154900324305444
Random_0023,0.1983091272182683,0.5345365640736502,0.0077460487723711524,0.017550474418153442
Random_0024,0.04970393214069552,1.759218602697298,0.009777211116902274,0.0021814918028807604
Random_0025,0.1699786547544313,0.914731881368837,0.04307127365640836,0.0072724236456307816
Random_0026,0.11130434132058319,1.3169688799819028,0.046622888130976245,0.011210239861526892
Random_0027,0.20798903200664484,0.3832000394751889,0.03726759369763274,0.012434070037821324
Random_0028,0.07690480584827016,0.5366607319053424,0.01916190709321069,0.013813648411764752
Random_0029,0.18572929318635453,1.1349592603641085,0.03773251213965453,0.012503217131615566
Random_0030,0.28836334987063394,1.132617241340201,0.03429178327206636,0.027842110691214738
Random_0031,0.04992784886105381,0.3755464579475395,0.023640147280439217,0.021355407803160677
Random_0032,0.0852532021825506,0.4422297991937072,0.025692133272419298,0.026725895587939107
Random_0033,0.07248256375956885,0.5149946386410946,0.04779005388918775,0.029270824432405328
Random_0034,0.015129370236301166,1.9650723649641018,0.001416312148302544,0.011333513384400348
Random_0035,0.27561062470270775,0.25273666114062576,0.04288106950679607,0.006642418497483169
Random_0036,0.05787611793010435,1.5908795992685263,0.04487577877399263,0.018968638716819603
Random_0037,0.016352686249654993,0.6990799944038222,0.0017493692349282246,0.014617773720112956
Random_0038,0.19949645557165563,0.6039106511673699,0.032948923083606294,0.03717172766831744
Random_0039,0.1425109337824081,0.4935081652645127,0.04621299798734911,0.037888407826761346
Random_0040,0.04479716790610071,1.8093132141593558,0.015315309175082129,0.005998842285589589
Random_0041,0.03983262361880844,1.5429551464618427,0.005333683206523171,0.03076291800064717
Random_0042,0.07568747342592556,0.895689200853549,0.008007867579793344,0.026454122087775186
Random_0043,0.14004684842202847,0.8482772875416781,0.04042898373839253,0.018901589306137518
Random_0044,0.20901265950804643,1.5857792464771547,0.031129181653836525,0.038494244896046866
Random_0045,0.16750902398938997,0.5161238018149178,0.027552112303750452,0.010537722252495121
Random_0046,0.029581470077109605,1.5370879743125598,0.013960379876554595,0.013231977044637556
Random_0047,0.2965611431444675,0.8610598800308521,0.022624292695507375,0.036903350467573856
Random_0048,0.23806958159275157,1.7330159665477,0.023949478982707342,0.00928763937539305
Random_0049,0.024363450867770833,0.2516466362446762,0.00771248809811174,0.011504608042601509
Random_0050,0.23432531534905848,0.5360994167124206,0.021667885492041624,0.018867324863995335
Random_0051,0.09635736768109371,0.43632071507916514,0.014133508581450606,0.0342418208675819
Random_0052,0.2982513210405377,0.8042810661919496,0.023625794529414663,0.014064553592845079
Random_0053,0.11280441797499852,1.4056296395021894,0.037030989388002325,0.013364465983100537
Random_0054,0.047780925342141185,1.4442994049788693,0.022530158870928848,0.036735515747449814
Random_0055,0.12575356219156422,0.15265851327495095,0.03658079335143219,0.03944549372093894
Random_0056,0.14257673892613845,1.9100338387590765,0.008966895710211354,0.009301527833859829
Random_0057,0.1057460523248274,0.8712974684857664,0.045073451230070304,0.03892788102835749
Random_0058,0.1555126077246849,1.423814126973582,0.0317533297550011,0.03456077742091633
Random_0059,0.036795550842076294,1.1671821747317166,0.04060814093483304,0.03119485756201221
Random_0060,0.23140127608801597,1.964280066078698,0.0023868869772681726,0.0051378117622762655
Random_0061,0.05023212286573195,1.2036754462671415,0.022111026857832988,0.003501046986564701
Random_0062,0.08735902131648964,0.8424444832564143,0.025787689741808416,0.030473816792290186
Random_0063,0.14926199232991186,1.668882421638426,0.027482938881233925,0.014930144867437524
Random_0064,0.24276335686035377,0.45411923869654114,0.0445751625575253,0.02726313459215387
Random_0065,0.28624628934715163,0.49870169202976344,0.012404539499485803,0.018805792331861877
Random_0066,0.048882964535982586,0.1754805681717369,0.0182434974459452,0.030291864041796283
Random_0067,0.2672505849953649,0.5433288418921617,0.047270880871593375,0.0040902915642116195
Random_0068,0.02809599084048071,1.4402231165978097,0.0043223394275090045,0.03885524836401412
Random_0069,0.08589189403171896,0.34457524782087745,0.03865426877837326,0.017475583599556737
Random_0070,0.27052223876411585,1.0356712271447375,0.0013911977745298917,0.00737038180473067
Random_0071,0.034318727392272715,0.4445640377268991,0.014257840308238002,0.003939758919042713
Random_0072,0.2642829933331551,1.379256331101517,0.022754889239751084,0.03604981929672294
Random_0073,0.18544198516896815,1.3952713847069067,0.035919632522954256,0.018139095548025445
Random_0074,0.09148345075624552,1.7848412998790932,0.019085231018961674,0.018034974392778964
Random_0075,0.08650066819752289,1.1519247302177786,0.027369005290935406,0.01783761763216175
Random_0076,0.10921717127516384,1.1293118479512128,0.019720839151132253,0.03138486057902945
Random_0077,0.05025660197634404,1.4688773948994827,0.011224732518929637,0.03734896720848401
Random_0078,0.11857255520696851,0.7151822824778262,0.04514784011519102,0.0028476676264804247
Random_0079,0.29340230234381626,1.8645052697404123,0.03356680386214703,0.023214431951262698
Random_0080,0.15968409018027166,0.2584912255082731,0.005448324431844309,0.027935159643900313
Random_0081,0.2876004648306221,1.0694736200583634,0.0010499039986770222,0.033324835190283474
Random_0082,0.2500054921901092,0.7393725912936195,0.034311112937782745,0.006521762317288317
Random_0083,0.05315520352913971,1.4517218211299787,0.025986434599064277,0.023968098517608238
Random_0084,0.15949322551043818,1.8868884837880782,0.03964591680251662,0.036065811597110524
Random_0085,0.09102600631145763,1.9612601760949357,0.041120110275444974,0.00488308256514637
Random_0086,0.030696547033719202,0.4638899718742697,0.017482357370713963,0.009558071673423485
Random_0087,0.02029284286943132,0.9455249460931033,0.013863081140390782,0.019044127477660246
Random_0088,0.2361288051500984,0.7113680769547931,0.0029748464347354583,0.033546980957847014
Random_0089,0.14964395944947226,0.5638828310971785,0.04648460838835035,0.029672607048546795
Random_0090,0.12940266945445625,0.7595350958410529,0.004481537649822072,0.012140439862879368
Random_0091,0.21616968216675564,0.2437062619659595,0.019447419524123495,0.024071290176535896
Random_0092,0.22328717453641397,1.5113627701921826,0.015337785981165402,0.013840453407939188
Random_0093,0.05141777807637129,1.4856468982203759,0.0140080086022473,0.019736510306499463
Random_0094,0.27041912292649695,0.11221502861313705,0.0429779795717718,0.02985410471331338
Random_0095,0.1953199524636803,0.873446760230301,0.031576902981203095,0.037995278582567286
Random_0096,0.03310842399445354,0.22876669545812806,0.017684354732930563,0.005019205704733528
Random_0097,0.27573820708475466,1.596018606864011,0.008762497027934656,0.015571449682760388
Random_0098,0.12754043105884774,1.9134035256351678,0.017131767903016768,0.01972813231705317
Random_0099,0.16104384179410883,1.585426219869438,0.04353418772967569,0.027160205719989595
Random_0100,0.11218211940408267,0.5351874057960009,0.02050570171178782,0.02345767151367048
Random_0101,0.23124202308677913,1.9230443260325616,0.043796715598369784,0.031723257783515056
Random_0102,0.2706946284389902,1.4224956355958378,0.04732902117894204,0.021028390359018732
Random_0103,0.03186732955460973,1.4860915976743907,0.04747541585589452,0.002210570576747811
Random_0104,0.18851737456321455,0.6790601634679112,0.020804941077094203,0.03680585420565749
Random_0105,0.10364490839829443,1.2890446374143867,0.02174653868829157,0.03714645304680088
Random_0106,0.11375946709712412,0.2888211928581288,0.021530937675033855,0.016799643431693396
Random_0107,0.26618675249539275,0.7296872721397145,0.015406217750063327,0.016874227757252603
Random_0108,0.20884787281619557,0.9023951731254782,0.026580601349370805,0.028698486839235326
Random_0109,0.012905420850644046,0.35300254369096207,0.03653065833062998,0.03637984331889512
Random_0110,0.2607730126523866,1.4436852242548386,0.04911087832306218,0.03426331471204074
Random_0111,0.20965703585743264,1.316231222745117,0.04280344969613138,0.03532609043526893
Random_0112,0.08584120482113515,1.72263635697637,0.029822133330448756,0.0010072688113134775
Random_0113,0.06314432816764233,1.5812365104299964,0.017767334359701674,0.03387937744292035
Random_0114,0.18278839425462542,1.9746443801962217,0.038428857391932865,0.0046287326823209445
Random_0115,0.25214742770756315,1.361433096173444,0.0117860149868063,0.021155372100689386
Random_0116,0.052303778063033976,0.808787545419165,0.03749463547290844,0.01868128947615032
Random_0117,0.20013014471510188,1.808755773385406,0.03537472935710122,0.004590211295436368
Random_0118,0.12667967056130794,0.7006523840648514,0.024444147814997465,0.03597706573808897
Random_0119,0.10615559283454198,1.5087165897822545,0.023945556488168578,0.03367102593876345
Random_0120,0.07453161373187729,1.0945656701028963,0.03195877535161136,0.015691289317262283
Random_0121,0.17123328194941204,0.6638034096425369,0.049383862735632854,0.027803167110915784
Random_0122,0.19069071563887244,1.8756402963930754,0.02259297699936306,0.0392695047044138
Random_0123,0.031554119128954346,1.9776019021057123,0.03626491224322775,0.02361765535834699
Random_0124,0.110163528695812,0.4858647067850087,0.049145335870980855,0.010173645241587627
Random_0125,0.2646317667638476,0.20839011596678825,0.040261951397747436,0.03491379524690542
Random_0126,0.07724916581576119,1.956211034994812,0.019219723620800995,0.007175879738004171
Random_0127,0.12874959620064533,1.9474187168798078,0.006561070215197993,0.028025919286395355
Random_0128,0.045147149342221395,1.402064589458842,0.008556776781825128,0.03780624308779151
Random_0129,0.2745447894611325,1.9703854722384335,0.04404236214848909,0.01605087570668793
Random_0130,0.14241178804669713,0.6963911367233259,0.025116134495524953,0.010278121349129081
Random_0131,0.2882173311612661,0.8939220412783964,0.01746503040743625,0.037475730157942484
Random_0132,0.10752161441673008,0.9008472589574987,0.031768491894688805,0.02949170548939064
Random_0133,0.13057200993921877,0.522289963986149,0.03147281115334488,0.0076352883264772286
Random_0134,0.18757044030993583,1.3208738266395383,0.03230585628857645,0.014727320004720434
Random_0135,0.12191464045343225,0.603529363141663,0.0396790081504353,0.02893332884065848
Random_0136,0.20897408316143468,1.9454983838640731,0.04445409331541502,0.017737260960679662
Random_0137,0.22858192846503195,1.323695539050659,0.027314487156117707,0.006461569722219546
Random_0138,0.15062634915572748,0.5122182288096511,0.040614450315165244,0.029832530860481953
Random_0139,0.057831932182430316,0.27162418764055596,0.006320733154458975,0.03155989219352575
Random_0140,0.2827472344763067,0.6504812040412317,0.006353004254697341,0.028601083433875803
Random_0141,0.15916602387847753,1.250773887882649,0.02558924972528403,0.03257989273884019
Random_0142,0.17754460631184862,1.6242044108629206,0.03323021105958356,0.027713173983291543
Random_0143,0.22229128643478627,1.1985564109254108,0.018628289160346836,0.01645426377623895
Random_0144,0.011586190728157182,0.17063859706858248,0.023776209514747213,0.032276955531290376
Random_0145,0.2136317918222568,0.8312900597462057,0.02449695407494769,0.03368645438113988
Random_0146,0.23736939748886995,1.259422151213984,0.04260409067704842,0.039189098846513955
Random_0147,0.18877507677652805,1.9427751325323357,0.0048224437831807165,0.031258375250248105
Random_0148,0.0333509173912691,0.5212135039706813,0.01761933438460815,0.005551330756764121
Random_0149,0.21620903372074138,0.7639273471939101,0.009263023033546581,0.009374960990891669
Random_0150,0.012306350616291258,1.9250168888739512,0.04760792255086741,0.01092320476195419
Random_0151,0.21128570264734625,0.18821958282982615,0.01812900157089559,0.027374382455161737
Random_0152,0.07216462529788108,0.7443829365021138,0.007425683208629987,0.0069013490480338046
Random_0153,0.006832002255998013,0.7433987094266794,0.021861211910965593,0.017481390272063912
Random_0154,0.08905036821368187,1.110290008347369,0.0022435308932340957,0.016825202976800745
Random_0155,0.18580503408488358,1.5517438803625718,0.049643632837013806,0.018135622081000655
Random_0156,0.28235563908301997,1.8411067893601536,0.007820351354892976,0.02053288919354171
Random_0157,0.07116280628982051,1.6068472739217128,0.03702323490534166,0.038964805781615965
Random_0158,0.02250359531265604,0.922766019984172,0.0188620579963444,0.02657144607748595
Random_0159,0.1615922359441133,1.1833574933457665,0.007960080484936098,0.03770407147140868
Random_0160,0.10086961093893197,0.8471086995510099,0.012201250002587156,0.012831092768650534
Random_0161,0.11672971542805645,0.5951486574056988,0.023221428708964004,0.033490495943393546
Random_0162,0.25388150932044423,1.2634026849520876,0.028082764792212767,0.024489024345636882
Random_0163,0.15375043329550622,0.23490390935243424,0.005997802871803297,0.019668020292987802
Random_0164,0.02678334322056953,0.34646248550743963,0.0316628412179498,0.037877773836522764
Random_0165,0.01525507853539795,1.244398583501519,0.02317198430865616,0.002540831460735193
Random_0166,0.2352097532871184,1.438893199263544,0.04678256699375066,0.026893677675984978
Random_0167,0.21607380843132523,0.7841998737837047,0.029375827426301637,0.025198452078567066
Random_0168,0.03936913261838107,0.47851063473998035,0.012568216845733896,0.024785329414290336
Random_0169,0.16515098605145231,0.7132171311254659,0.039699682728956284,0.027980740219912977
Random_0170,0.04609806195916517,1.6006243736621202,0.01616810792875841,0.0191786872823602
Random_0171,0.05861587357635654,0.8662324853442248,0.01225115256198504,0.029601392281132118
Random_0172,0.1785327023960989,1.7747497973119701,0.008744949442530086,0.023412967830492317
Random_0173,0.14426219140888033,1.004704699921023,0.03801684758496142,0.01717249201520254
Random_0174,0.2101050104720211,0.6295518480076011,0.007226721697341283,0.031921457209051936
Random_0175,0.16012764299579943,0.5707367790521126,0.023137916286395388,0.025673213205201564
Random_0176,0.07784592835507742,0.44318882468476894,0.049537964554311975,0.008192994024787932
Random_0177,0.10360820888369872,0.8568580661499001,0.04319682143021326,0.011851118081115865
Random_0178,0.07037737309929626,0.3406975341393863,0.03826913965562453,0.02304213510196131
Random_0179,0.032812242536776906,0.9644020853148504,0.049433807344226394,0.03699980541308422
Random_0180,0.17090323847350963,0.546848498412466,0.02985997624236375,0.020995467598358842
Random_0181,0.29114413343651696,0.12857687370813725,0.01625597831689198,0.01672277489520195
Random_0182,0.22044128918903313,1.5234658476656604,0.03697558328944422,0.023186585905988297
Random_0183,0.16774627393354646,0.6514819341408745,0.04357437710758723,0.01764818179527394
Random_0184,0.11047338817976468,1.6107380986623498,0.03651238680936855,0.013423509842295834
Random_0185,0.011987955999204158,0.11592790364978275,0.042690469550052366,0.006890816608726302
Random_0186,0.18272144872040288,1.222390138676061,0.012042327562707806,0.018377814684487348
Random_0187,0.12861179672884568,1.0551450796617834,0.042994084881900665,0.036722893319327994
Random_0188,0.03053816388709937,0.915257127768571,0.015432309657891323,0.03172611383503639
Random_0189,0.10702512972372459,1.021700636285722,0.03562225953329771,0.025773551579353553
Random_0190,0.22431360221560173,0.9187483183409236,0.027524835347625298,0.011613618729981293
Random_0191,0.2342430497508813,1.745951092782889,0.01580434506509957,0.020412541728266054
Random_0192,0.035858607631878474,0.31228080561817245,0.008086808447619909,0.02556630886472683
Random_0193,0.23694789188267515,0.34546189984685016,0.049874359062232594,0.014800792235847071
Random_0194,0.2685366700616142,1.9992563854781267,0.042211912299825176,0.015833788355646874
Random_0195,0.012128213960684787,1.0651461702776244,0.024909222989997187,0.0011372153033116599
Random_0196,0.2612524565034876,0.37774973587879934,0.03172326344362824,0.011238080415483423
Random_0197,0.12721631117664173,0.9927855711650176,0.02979552032991514,0.021261254728482382
Random_0198,0.11250958499641993,0.17687840909635938,0.007203624992596,0.025335648037609494
Random_0199,0.18377524212934174,1.369717211736434,0.00493847431213234,0.010742070869382017
Random_0200,0.07428675730449832,1.6477991820487201,0.03823027585196639,0.030314019042418396
Random_0201,0.2917113371150841,1.8401174581030018,0.032559671013864214,0.020844913880734287
Random_0202,0.24620794129678203,1.1443589305582411,0.03861331853976433,0.00802666806968081
Random_0203,0.15633666560423373,1.018850647691606,0.02474788100529598,0.021260628700108454
Random_0204,0.18612714409671863,1.2502944427206686,0.047676696150461426,0.009562386840465682
Random_0205,0.04745565694930284,1.4858984450262016,0.012930524847523325,0.011939612663792554
Random_0206,0.057933062888643465,1.0073028387806178,0.021065083994715537,0.03903152111108698
Random_0207,0.20417933697974527,1.211257975662747,0.029289797521130676,0.012115132804149636
Random_0208,0.2667194921705842,0.321076021982813,0.03704218639771716,0.005836507141103682
Random_0209,0.15202514430364863,0.5111557132304789,0.028137316554373296,0.008654140182206874
Random_0210,0.153346335153028,0.15910720705242962,0.013091666522963508,0.029680401441662008
Random_0211,0.1583084382368285,1.0407570222687732,0.03218794108103983,0.021484938049967633
Random_0212,0.08260475563296471,1.7909454319748297,0.01634492482772997,0.00171100212338317
Random_0213,0.060903243033562454,0.8772352907338241,0.0014782713651947605,0.022282468116756243
Random_0214,0.2862164645516965,1.163438559463004,0.01114629223032158,0.0035028613949531274
Random_0215,0.16446837143500678,1.4023524423690183,0.03243640093916527,0.02313189090321948
Random_0216,0.11353099413043972,0.8378847712512634,0.04325742615486739,0.002885227267956503
Random_0217,0.09315381742953914,0.6457661949107144,0.049087602840229956,0.020569118319723866
Random_0218,0.058458688517821426,1.7111190479685483,0.0193135786868795,0.016016607138011636
Random_0219,0.10446119978362856,0.3854855596518211,0.022884724713155877,0.022419260818979304
Random_0220,0.13858681054282823,0.8244946009307706,0.012255022043552423,0.03448940826351482
Random_0221,0.2595943889969685,1.1691642656439205,0.035798118977394544,0.03652821507696538
Random_0222,0.05233520019698071,0.34196898716410246,0.010718737998312963,0.02406345828691376
Random_0223,0.026636122311784315,1.4942745602305214,0.003445236572841207,0.002000446773060458
Random_0224,0.2900572306483814,0.7712210717597004,0.028409960777445176,0.01983384166200043
Random_0225,0.1959251997771441,1.8901259990195776,0.028298340863001974,0.0135836538302587
Random_0226,0.01694290745786486,1.3252353514757125,0.021605412537797977,0.03825943450813347
Random_0227,0.1776351179402415,1.3046713500531073,0.03242798738836509,0.02217677048442119
Random_0228,0.11946093006683345,0.9759278678555393,0.03446057772034166,0.010314810872142456
Random_0229,0.05884940341808137,1.8085949738270213,0.034457776389513334,0.03498067976496953
Random_0230,0.11335855228824751,1.1941472652739247,0.030610827190293118,0.0358901483089867
Random_0231,0.26384252000727293,0.5945128982378302,0.04845955523348946,0.015517012020909642
Random_0232,0.1848525068318397,1.9871400582715677,0.020951756720254233,0.02603317591797061
Random_0233,0.296549976602933,1.2956560552753382,0.033223326449213754,0.031738267478953856
Random_0234,0.23743353583296367,1.9012294960936438,0.03279674063032548,0.010791476626001842
Random_0235,0.023048144270924914,0.2514644315804243,0.04815274987145956,0.03310896627348031
Random_0236,0.18004608647566644,1.809945823966861,0.04363649156242068,0.015023473142440565
Random_0237,0.2437883312976362,0.4782011735496082,0.04920806569163174,0.013328649564195168
Random_0238,0.08747923749991857,0.446400456875495,0.02821188735532782,0.0361521907918855
Random_0239,0.1685108635348978,0.17406969584337156,0.003613644893507734,0.021212829078289336
Random_0240,0.2675334558084316,1.2083608822065914,0.03757491701561255,0.033632682245689
Random_0241,0.04380188392088585,0.915012298535926,0.0011869179540380556,0.01733455219624671
Random_0242,0.2582445431180521,1.5961893987627789,0.017390461911345804,0.028802438425093977
Random_0243,0.21519904153154354,1.033712043489713,0.006089649145083762,0.03712082101813721
Random_0244,0.1739112188912534,0.4389785029915251,0.03402183052514439,0.031070868563941003
Random_0245,0.037877747311007647,0.9074802924133628,0.04753303766130167,0.023908003537250505
Random_0246,0.23652392330561312,0.3877560700582715,0.01408736582353282,0.038562097148880564
Random_0247,0.02883206849979126,1.7987950865710916,0.004114405936368186,0.024182510053706138
Random_0248,0.00907070410626505,1.8144320869164063,0.027200617507496243,0.02195617807066868
Random_0249,0.11960909972952406,1.4248304221856616,0.03368985625966412,0.024465485442950567
Random_0250,0.14114788113164914,0.46006270429121543,0.02939607622876776,0.037622828376303666
Random_0251,0.09322634309519445,0.9749051166700743,0.0038206902710404664,0.004326784791227441
Random_0252,0.06383614537049162,1.2973115808203595,0.014350065393452183,0.0380428345033987
Random_0253,0.12777944337489533,1.2860179576380746,0.028709794841927934,0.020383627948849674
Random_0254,0.12290719461387555,0.9476693090589547,0.049804822389266694,0.00459096410502644
Random_0255,0.2900131394605419,0.5815139324673065,0.040104366184269345,0.010006454997488527
Random_0256,0.12047440905204664,1.4537970480480114,0.046300297929703284,0.018015860069886314
Random_0257,0.18484530708659025,0.7601646040949451,0.011262985356354876,0.0376734871299837
Random_0258,0.2820193199731951,1.9544663800516133,0.048932873728991876,0.03621421182270895
Random_0259,0.17040710497022563,0.687464926887103,0.020187342143000005,0.012412523371362685
Random_0260,0.09869993673836139,1.556073628261382,0.047049181961071655,0.02322876476488581
Random_0261,0.21540963929540585,0.6207524174823492,0.04485607069743675,0.021692977679746504
Random_0262,0.2003639014437889,1.741632985841733,0.0164954680467438,0.008336089600050767
Random_0263,0.16935727632410766,1.653329953372958,0.04305730143817206,0.0029562131469967937
Random_0264,0.2388198918120932,0.6229885998702547,0.006199727776112654,0.012576767513817796
Random_0265,0.04090815176834787,0.8094783290087588,0.02475790501614361,0.03699219712173993
Random_0266,0.26309388306142156,1.5292623609461222,0.00579689523345582,0.018560563116517766
Random_0267,0.10256025628339516,1.9580219927097258,0.0458240349663106,0.03664088628997238
Random_0268,0.25232342926304724,1.5236612592286076,0.035827262856575885,0.021550595308409606
Random_0269,0.17677209267695723,1.0124952148126274,0.025790872034349988,0.007280795913220664
Random_0270,0.07675258916534242,0.5449251514758188,0.017705629653065495,0.019200545127080526
Random_0271,0.13577459230716957,1.841300917926498,0.009038300805565943,0.017878359874886833
Random_0272,0.07886270837424934,1.94173921226818,0.0257875739520345,0.024305346533006787
Random_0273,0.2885029614334795,1.4076132111769446,0.02609459979331893,0.015233944000464343
Random_0274,0.23346024128174322,0.8770820003322287,0.03809098733666317,0.008820699425102177
Random_0275,0.011992878658384536,0.6982722504939567,0.03622010299202363,0.0397430432125073
Random_0276,0.0653407814224743,1.6454475275825655,0.03051704510583691,0.019424555337674967
Random_0277,0.2750830139243765,1.1439887060659353,0.028126942842712867,0.0024802033708368016
Random_0278,0.18895040778398706,1.5749702063904065,0.029588007730619124,0.03245229987452905
Random_0279,0.17866142325025952,1.432319232192158,0.01481072231579451,0.006928842441854426
Random_0280,0.17172104068051428,1.492309938730545,0.027859981197218515,0.00792636571176822
Random_0281,0.2430049908281513,0.43445582649403724,0.021338392862120494,0.03458164190646227
Random_0282,0.06511146738484117,0.6764124745731714,0.047857803867322773,0.020380253277943714
Random_0283,0.0826264667444841,0.11041607562298003,0.025852868901484014,0.0348446013719643
Random_0284,0.0804242012925129,1.251357655779186,0.003329847826525407,0.0011216645730422203
Random_0285,0.16867797422036945,0.3101063195540894,0.04888876594712559,0.02614360898252946
Random_0286,0.15023729030887117,0.9330108430887929,0.005880594516730884,0.02910179478453291
Random_0287,0.29012347647890785,1.1587153440862885,0.02877103633255947,0.008802159631422744
Random_0288,0.06447984835426544,0.13754282622608596,0.035730344696735916,0.03154943198405456
Random_0289,0.18358533246211217,0.26796108923528406,0.005530024884866442,0.014167637005385258
Random_0290,0.20323233795974227,1.641079482795236,0.032758373800670655,0.004340614985749988
Random_0291,0.12769614674377727,0.3151353411983793,0.019855982155862862,0.03603782605100662
Random_0292,0.24935844768377854,1.3007548985951543,0.011330140456606453,0.004978672447186441
Random_0293,0.2554315146535237,1.0547673090229988,0.005036006280755753,0.035249557686670395
Random_0294,0.16536086931774002,1.878819698192505,0.0028263206652317267,0.010122399149737546
Random_0295,0.10303374041544511,0.321622888477314,0.009807332220366095,0.022463495345124873
Random_0296,0.09789964106556834,0.9859548585593149,0.006833455166703338,0.03872588478542507
Random_0297,0.1575768679157,0.7258851889836817,0.025840058244449265,0.027421476659630503
Random_0298,0.13460387955616798,1.1196045394897676,0.025897832636411062,0.02677570656542844
Random_0299,0.08807286481399511,1.5580843469295294,0.022441627338395956,0.03427687851166823
Random_0300,0.11133766551395094,0.47838457612580276,0.014409500368205042,0.00426068024950497
Random_0301,0.1972439822144783,0.5561109417127976,0.020578525734469545,0.01247793987095968
Random_0302,0.08144383158485198,1.8500541781837376,0.04889543113496205,0.03061909232542964
Random_0303,0.2755845678684431,0.5270044292006393,0.001438637792115482,0.013973543573185709
Random_0304,0.05962753044954532,0.3974758880866329,0.04934580315236174,0.008139266584242012
Random_0305,0.11134897040964367,0.16602232701582018,0.0353130849654895,0.02002405561168306
Random_0306,0.0422123440352932,0.6108014216509847,0.0036880341998268566,0.03909159581451734
Random_0307,0.0953403373435618,0.2195376201412202,0.04369870840570439,0.022322333274016493
Random_0308,0.17324039801553048,0.8286448750944965,0.0333485371774239,0.012837867755286354
Random_0309,0.17970523430416357,0.571804884672099,0.021828945940415095,0.010318137135311517
Random_0310,0.2768325826527736,1.025289033502126,0.030331439147912545,0.024515686295423753
Random_0311,0.2650470145607978,1.0537838456325785,0.047823411661866426,0.03231893731023513
Random_0312,0.26739728857971373,1.2138921759501864,0.015630955904973407,0.007657342810312343
Random_0313,0.20455735124465194,0.18904536295631585,0.029506806677388253,0.017785027829581166
Random_0314,0.06251622959987466,1.7615325615634454,0.01452603930229112,0.005363567031799091
Random_0315,0.08572550543562055,0.9582863806920998,0.0286826427127778,0.03804522494187864
Random_0316,0.11044820206141368,1.6603525525887202,0.03935978777567312,0.013288098027973972
Random_0317,0.19893539720391154,1.3825059468459566,0.010691094410090616,0.03740137831187165
Random_0318,0.02378315560557906,0.2174328538943771,0.028125770841500246,0.013217296234646035
Random_0319,0.16808635596111315,0.663451128756542,0.044446659352138596,0.018725507752216285
Random_0320,0.03828721938683933,0.6188686633202952,0.008868401479171992,0.03956507694072549
Random_0321,0.23061537385559108,0.5536348964498972,0.0111191609699412,0.02868015001924958
Random_0322,0.23616233658229507,1.0468110099572658,0.04620814667198773,0.017889587769380346
Random_0323,0.18101779434712617,0.21818332029298027,0.027463373105060467,0.009928092521946135
Random_0324,0.04093106752458442,0.787946879105,0.030220416669106458,0.0339858263178537
Random_0325,0.10327363754693639,1.0797153096230472,0.033724065464322835,0.0014199644149144601
Random_0326,0.17167267063420452,1.246261565993946,0.006931374024303465,0.01838544046447718
Random_0327,0.1350061702706952,1.516775246423444,0.016440619229401276,0.015176942349102888
Random_0328,0.02282419158094538,0.5691591237830075,0.0330566794631911,0.013298594154431326
Random_0329,0.1802252118923576,0.7870830454777147,0.02988730891674892,0.026405398841594447
Random_0330,0.1245188251846415,1.782397875818142,0.0012911520042843817,0.006067314212790108
Random_0331,0.1686296172310051,0.40127428507399665,0.015588202612592764,0.010328169701892872
Random_0332,0.24488268152415427,0.5872211304832342,0.023319259017637338,0.03480416006991858
Random_0333,0.14487770003199002,1.771666336586878,0.03105605725066629,0.03241905760152535
Random_0334,0.12003942532999884,1.1433356649923059,0.0019237324851431317,0.027467305780438805
Random_0335,0.011234910356024294,1.519808112802046,0.049663510377720405,0.03831986698302304
Random_0336,0.190526333452804,1.5911712291241682,0.012339195602833891,0.019014699082165902
Random_0337,0.22334073023682877,0.3485385749104223,0.015201324543772057,0.007730532773171481
Random_0338,0.08126114911465294,0.31230434583894134,0.011069557329296754,0.02522777489809615
Random_0339,0.28741486110400716,1.1370324794711728,0.04634170351046943,0.015261764446835042
Random_0340,0.2149458626682341,0.7459943165622793,0.026074127689433044,0.006807959376657686
Random_0341,0.23141362597775036,0.598163206379708,0.02403850745381477,0.03894425125868194
Random_0342,0.14352466103179523,1.828492987388026,0.04239265339609046,0.02058723560057246
Random_0343,0.04464250931813905,0.4517348118614519,0.021693561704741356,0.018024032095012757
Random_0344,0.23172421682965857,1.5147740982111633,0.004954740466084312,0.015331600114921823
Random_0345,0.016575890714377636,0.5324040061235025,0.04784293174437771,0.011426855556220101
Random_0346,0.037258081903701244,1.401375710986732,0.0056898465259965164,0.03670637046709011
Random_0347,0.18987465620657692,1.414448301268929,0.02809499389230633,0.015077848019491656
Random_0348,0.013960293753726857,0.6443121120053368,0.003935153445914209,0.031077534411223844
Random_0349,0.1318761463927247,1.3824564959391044,0.04191899507709228,0.012530530616436504
Random_0350,0.26301192832417086,0.33742588283251473,0.026819486023779347,0.03131841834686074
Random_0351,0.22325348278804757,1.3555468791449865,0.02869139021167217,0.009593573686667838
Random_0352,0.0753446536785758,0.11770149146602366,0.02296457603706352,0.011348760968037174
Random_0353,0.0760405044840529,1.3132072708345373,0.008686043685001331,0.010223694220439672
Random_0354,0.22521301249189157,0.8543554942934255,0.03862205238495656,0.008039453206805585
Random_0355,0.1178605165952268,1.281331940247282,0.029518987676293632,0.012544753969358446
Random_0356,0.2977622248467214,0.8405974913486942,0.032293475388274505,0.007512348433511035
Random_0357,0.05615748178618516,0.12610574726364168,0.012641452743042552,0.008785922409671904
Random_0358,0.23955094634649637,0.4375549271472208,0.01916532160518212,0.03712696917736933
Random_0359,0.11801227406981908,0.4000032724959921,0.044511327168240675,0.007346267020666353
Random_0360,0.2834139211898665,1.9007639928823674,0.01121972122425986,0.01101940090051668
Random_0361,0.20579574956903088,0.7496979124031075,0.007614715389587145,0.020296771912877043
Random_0362,0.006671893748258418,0.5658146826736105,0.03133214112868423,0.03904816287948733
Random_0363,0.02247760947655984,0.27271079893253486,0.023698946308066775,0.033073106646688846
Random_0364,0.05542083673685084,1.1926918695377835,0.01742187807708568,0.019279532784429256
Random_0365,0.04840960470555595,1.7097825709716503,0.021568709140240186,0.0020467390803011404
Random_0366,0.18564440464970802,0.5892847698335635,0.03825505959284007,0.001460784268057343
Random_0367,0.12782090387815861,1.3152556804371918,0.016797244265971876,0.015602386042589327
Random_0368,0.12008980642734852,1.3943545253020069,0.04654444268314964,0.03723290080257899
Random_0369,0.06995814710139955,1.1412015729646041,0.022916766005823933,0.009816065765722838
Random_0370,0.2038640077409112,1.7141865398058405,0.0349413535057483,0.010434796166011447
Random_0371,0.25984052901793553,1.500977693445017,0.02018215639190219,0.024865935783495934
Random_0372,0.2182092271168882,1.4857656506720411,0.019722632338362626,0.005417457080249612
Random_0373,0.20019837013634265,1.1430342575187884,0.029351870430174874,0.03330357819216495
Random_0374,0.2605137139340316,1.251748003569715,0.03745148521713932,0.02767760443421846
Random_0375,0.15386573005672172,1.212819534909718,0.027686062372469313,0.02068366336473617
Random_0376,0.11347263912287997,1.4426860879148955,0.004992891249881383,0.018878285617945238
Random_0377,0.16577382010575203,1.6961963166441787,0.021041938407499117,0.01871606450100376
Random_0378,0.15295857844944122,1.776320908809316,0.03524080595764149,0.020277418144268946
Random_0379,0.0849375820006084,1.9626555779068229,0.019509520128116693,0.014814792820583407
Random_0380,0.11059410212132083,0.41069220480278634,0.025717276836827535,0.00712959696567041
Random_0381,0.08255616149223809,1.532753579781081,0.007990448871035196,0.0029078755410741467
Random_0382,0.269602219304291,0.4154535478842115,0.006181480250854848,0.023513222772087686
Random_0383,0.1511233731398132,0.6115209233069212,0.00467808230955841,0.03222500779550371
Random_0384,0.19317340745904094,0.37472277094576656,0.01518078227648647,0.03333155597630503
Random_0385,0.27233859084687856,1.116477617108504,0.010230490271988534,0.0015474068766222623
Random_0386,0.04095589404294597,1.7219321368764096,0.03723326779360391,0.010972685422298147
Random_0387,0.15147539365910448,0.36918345118272555,0.00643318312769081,0.0018853139651374812
Random_0388,0.15455194241723236,1.4534098002338858,0.004006265436263317,0.016825442218034375
Random_0389,0.17473006686366863,0.9123834776557088,0.0029194851472749243,0.015005879589965312
Random_0390,0.184221602157388,0.4989629357919553,0.032241312594291784,0.019251140387277214
Random_0391,0.20204137760495852,1.0802587829327968,0.0018449733053468457,0.03964509267371611
Random_0392,0.2007990029821408,0.15053555616985867,0.017140663351739076,0.008947133064332098
Random_0393,0.15996971888082462,1.0913706550824802,0.01872607640990364,0.02835592103257087
Random_0394,0.25889528389708444,0.638632151871646,0.005782373886796711,0.03990783829548036
Random_0395,0.2526237142439522,0.64933262449725,0.030467149598109894,0.004035269634716553
Random_0396,0.2878579426716768,0.6610869773115264,0.014397325185048975,0.009390690579760087
Random_0397,0.07361913995533602,1.8091281476239893,0.013829164374411042,0.017766162851798162
Random_0398,0.15525295552146223,1.5758441399495442,0.04836965267314257,0.03622759483351678
Random_0399,0.1588652996413978,1.4336041066277643,0.013178021053847175,0.022384831998960634
Random_0400,0.060989739497459866,0.320928718625784,0.004775444024904197,0.03212627131511191
Random_0401,0.09569233693067941,1.8739479433453567,0.03576437823473545,0.024530727950671453
Random_0402,0.10604629666196086,0.8406195262193732,0.04088819349675902,0.022397252305673233
Random_0403,0.2052919765445553,1.102963168493047,0.04620367857205828,0.019122076362375943
Random_0404,0.2343000367653369,1.3613365522084229,0.038084709453100406,0.016112894586760323
Random_0405,0.10506838720917873,0.878090473615625,0.0034452052070307257,0.0036172667514535973
Random_0406,0.2621914553703725,1.4575116256374987,0.043703531161891754,0.01936446964220802
Random_0407,0.10484413011803992,0.4672676212403045,0.001444946027663329,0.0014674133247131224
Random_0408,0.24843790615930927,0.16568916073172107,0.007128032866704446,0.03871576382370403
Random_0409,0.033101010829082796,0.3148417139892763,0.0434348434907612,0.03441280024696499
Random_0410,0.19207727446069264,1.0914528899201799,0.0021629022538446284,0.0027386163101328813
Random_0411,0.03964318564582222,1.6967763219784844,0.028231543364857666,0.030484964801257737
Random_0412,0.18880377195417164,0.5311796793583621,0.03052672248696971,0.004116975970732932
Random_0413,0.08629653763447796,1.499080639507035,0.016521270527372317,0.016156923221871212
Random_0414,0.09771871015142608,1.4398161864835202,0.04981425741989478,0.03272117873672011
Random_0415,0.013862108257452602,0.7536504440098508,0.034427583893566434,0.019625792803029764
Random_0416,0.03709843559960038,1.8656144895277238,0.0067253144932402885,0.024831952555742023
Random_0417,0.28375960973581044,0.511049749568355,0.007767454355940369,0.010045709113914756
Random_0418,0.23902247767363258,1.5908549650654207,0.04814881802921204,0.03914350984600969
Random_0419,0.08070378212572286,0.5804772214721795,0.043077715316252506,0.010668412522963626
Random_0420,0.24853629493389923,1.1896177339544882,0.026428993661133535,0.03433592465058845
Random_0421,0.17245228987068012,1.5668235138760847,0.04242418797869287,0.010897718833817634
Random_0422,0.2784330605656991,0.8643710239314525,0.020840440695157447,0.0359655964211148
Random_0423,0.12415580496134547,0.5679026050063298,0.033504599878997655,0.03208454999549778
Random_0424,0.04095225126979322,0.14694485893216036,0.017857078487556147,0.024972879328265824
Random_0425,0.07764934710784238,0.3207478146863483,0.003903709706981088,0.03751167718120866
Random_0426,0.05835447803113239,0.3964685194592841,0.017084028038693147,0.025377199440644163
Random_0427,0.2882168461026148,1.9628628611112326,0.0371921672779101,0.02590723535012895
Random_0428,0.12934840690203953,1.317956517978901,0.008614519609870266,0.006385541962079144
Random_0429,0.1352945251556409,0.4977022340924151,0.007824455613900862,0.025203287638193565
Random_0430,0.0914653080878196,1.0064639211243074,0.025215745169365998,0.00806852807282802
Random_0431,0.005137593705230083,0.5187828224884209,0.023807848553168438,0.016079997709029917
Random_0432,0.19997926633549568,1.4550315029336327,0.04559268247955229,0.011070047601471813
Random_0433,0.25478194410012805,0.9367804281653455,0.009891145320465655,0.023023960131486974
Random_0434,0.18242679111775362,0.3025368566587794,0.017522116743636563,0.017026429386355235
Random_0435,0.0935617538092576,1.421145561905171,0.0077610776943820734,0.019322464706397077
Random_0436,0.007425204480350082,0.6571762541736736,0.04864778879996464,0.004552024294277425
Random_0437,0.2316754902626863,0.9952331574662886,0.012783220424709491,0.025953920444263753
Random_0438,0.23268119435495166,0.3686631772326818,0.04284399928079231,0.010654715748133568
Random_0439,0.233607252864912,0.18455801222989282,0.014396507609726657,0.02261634457653013
Random_0440,0.2598088963808794,1.571016880633625,0.021421917606160544,0.02927962296638612
Random_0441,0.16409058079481392,0.30655180092022705,0.005045360868049238,0.0129477734643332
Random_0442,0.11804976117328514,1.7355949572244787,0.03431886535724312,0.029308820754303504
Random_0443,0.2957011947758602,0.17911181061057235,0.0035914046794856243,0.002472495219976613
Random_0444,0.22215781146463875,1.921745058139942,0.0016617812124464426,0.01623742314091855
Random_0445,0.2760944178563732,0.5446900404497194,0.024592628753231725,0.018800562118863894
Random_0446,0.20392907258039375,1.5759636508206367,0.041394531444499796,0.028741769362938964
Random_0447,0.048545655818085585,0.12186272149740139,0.049526740265526566,0.03318415135959429
Random_0448,0.22600277853464046,1.650828712832284,0.023556022827575445,0.012587854803895349
Random_0449,0.25711010280575447,1.122871548419062,0.04811993612764019,0.008880074899479222
Random_0450,0.12262985280055826,1.8059512541884213,0.011659019606389293,0.02897043589367562
Random_0451,0.2536541431230761,1.0674974323081416,0.014614690904026891,0.031045018946583135
Random_0452,0.27016853172535044,0.14300264912470315,0.035370271223841676,0.01986632269917748
Random_0453,0.17563765736627834,1.7305236764798841,0.004084505367954357,0.006304990650407416
Random_0454,0.15949158703034566,1.0000417083760138,0.01625838262946056,0.014273361725714518
Random_0455,0.11840231448955821,0.6469567231066601,0.013437408890301036,0.02369474378785991
Random_0456,0.16161881216472748,1.877281372597909,0.0011357741983168729,0.01222085183990014
Random_0457,0.0889776415412624,1.371447693296281,0.026381796409445726,0.03338393486959018
Random_0458,0.12537157491988601,1.373398578603613,0.03576412962637327,0.03910454102702477
Random_0459,0.043556229589506876,1.5173885386750288,0.004173290735560155,0.025139143343291124
Random_0460,0.036644626171577814,0.2175240466225145,0.031122524038769323,0.03395987798264556
Random_0461,0.0456798278915222,1.5239922360951803,0.016186857709860464,0.007156375340310967
Random_0462,0.2747962187276108,0.9741710110657598,0.03465517859432566,0.02491352313040519
Random_0463,0.17372727611918878,0.45052469616059243,0.021558804954888086,0.03225659286812542
Random_0464,0.08168327572309277,0.2565083928792546,0.0345421376523508,0.030349432613871193
Random_0465,0.24950790208204418,1.2735521564120065,0.015582416018862417,0.0077842680468735714
Random_0466,0.09519803505074362,0.10386781180212554,0.013486030632944086,0.01976795182848253
Random_0467,0.2512336835282267,0.591769819132901,0.006481284309687377,0.01309691998044005
Random_0468,0.24355062624680032,1.907143941520099,0.004706604372496835,0.03155209284212658
Random_0469,0.14087572963794587,0.9705822698418931,0.02600418583885204,0.03056596652520543
Random_0470,0.27535817756610137,0.34411664358967264,0.013670591781349755,0.02817383960473004
Random_0471,0.006722876055174343,1.415369812360021,0.02352121989241693,0.018570417212914893
Random_0472,0.22336347728692796,0.7878429051811915,0.007723239718339805,0.02641908640632597
Random_0473,0.2359568346966961,1.909246201643568,0.015202665431261971,0.027855231310556953
Random_0474,0.23213168976823956,0.9709188531824551,0.04699955720832584,0.030763997023930834
Random_0475,0.045380387704691,1.157639961330095,0.023770210176471303,0.010501255173361267
Random_0476,0.044801533503203476,1.1278602999320706,0.04592613230921069,0.03077452025178338
Random_0477,0.04979815247925676,1.708495735312039,0.011869343657038556,0.032856782543556264
Random_0478,0.2778323462772433,0.9658903152309122,0.03551011524251861,0.019647965594703522
Random_0479,0.13048683950272685,1.0027790744252467,0.017495763760190762,0.015297595882901735
Random_0480,0.0605926444823362,1.328789926744427,0.04879541674151748,0.0073805956407022736
Random_0481,0.12026090937551659,0.6375609659141934,0.03887825466890991,0.01506723096208493
Random_0482,0.006274822142501362,0.6953595989530992,0.02431923329524145,0.00719009056848251
Random_0483,0.05626764020478757,0.3758771521907722,0.04292799944454684,0.008229853805570921
Random_0484,0.1549299318825861,0.7748449857078199,0.04932159863140624,0.028884345870192358
Random_0485,0.1467843728945589,1.8265069778443794,0.013018022196321168,0.0025382615100650605
Random_0486,0.08533888694959757,1.1366132896329335,0.0483913243250973,0.015946950233010404
Random_0487,0.18871679369421532,1.1301383956644717,0.03479576728647391,0.018668414309325195
Random_0488,0.08611278788919137,1.1105870878692075,0.020949971912340368,0.0025466077932378844
Random_0489,0.285940122096055,1.963695687709731,0.008923427869426181,0.03673591548830754
Random_0490,0.24480783113265367,1.5861853500125513,0.03486768240819963,0.026284788372774086
Random_0491,0.178802566165039,0.4984465531483723,0.049367270400401966,0.035333879358204985
Random_0492,0.01207143147445727,1.962102905057433,0.028376188823552275,0.03090175387008491
Random_0493,0.25266306556175133,0.6261090714650112,0.006527114252859274,0.021261503729027808
Random_0494,0.16735667545261285,0.6114512498662922,0.023338558452995213,0.00546646490809839
Random_0495,0.24024257409913974,1.8998648805457072,0.0011029318532480418,0.01369963277772232
Random_0496,0.12121847078436737,0.4244679320425956,0.04892447693599227,0.009936106531743299
Random_0497,0.228037220403994,0.7979661084842828,0.034955234581049356,0.004392673020908302
Random_0498,0.09154022615579499,1.3643173956987271,0.010140413306846337,0.01653677554139781
Random_0499,0.2954098862695075,1.2425382458309255,0.006189847968684914,0.002700058416049919
Random_0500,0.10757663659167563,1.8958355442819719,0.047987996431286185,0.009949404023674342
Random_0501,0.14968252513960062,1.5270760242063455,0.04678180228959015,0.009401436302143743
Random_0502,0.14499601492817937,1.033762399751636,0.04800023874170309,0.015919441221264673
Random_0503,0.10005908856143916,0.899350763588525,0.011869653565681784,0.017130994245123286
Random_0504,0.22944220900203335,0.8764232324006567,0.005683011749634124,0.00627059434201678
Random_0505,0.1715209675644002,0.7629567134532247,0.030356679846126965,0.0065727376026774795
Random_0506,0.10901923629813776,1.88751218966236,0.003164405575153258,0.03163328583593368
Random_0507,0.2534007198872548,1.1284230577722312,0.03948404765892139,0.026600930460322744
Random_0508,0.044041823111691907,1.0903907010440708,0.008577934688868652,0.0033543997141096374
Random_0509,0.07312285045754055,1.2084812582045366,0.017225046297062892,0.0093866335652362
Random_0510,0.11717722803492567,0.4653102112125591,0.008539188791539976,0.015364119044235555
Random_0511,0.01237216260250446,1.419281523335928,0.03089427731066061,0.02695230601636169
Random_0512,0.22914508488433105,0.558767727230927,0.041719913758239656,0.013638717511403019
Random_0513,0.10497319640839461,1.622008122756986,0.03556530778584333,0.030574726237953716
Random_0514,0.1936211563049603,0.8172040188747893,0.027175024853109287,0.020808890365100457
Random_0515,0.05846637927698571,1.5144966199325807,0.03510756371961813,0.01600621543708379
Random_0516,0.28076578738413893,0.8424882836153269,0.008040115748197373,0.039858321841340215
Random_0517,0.23131963240109554,1.2003541292616804,0.030860250454088474,0.013176081964056424
Random_0518,0.179193369917072,1.7703329479293088,0.012109007159807991,0.00732672614897876
Random_0519,0.23500953376754444,1.394976319050487,0.011135657147415011,0.027287223672258092
Random_0520,0.21748103036367158,0.6347552259266829,0.015996678786164373,0.006874037621383633
Random_0521,0.1695260687661283,1.3319344670991946,0.02830069916382061,0.01182611289827451
Random_0522,0.1499248249346857,0.7296159987935936,0.01745798897556518,0.018244395081156158
Random_0523,0.12630551237899973,0.7292104646885996,0.021360464243571884,0.004258203096810044
Random_0524,0.06989235322765393,1.9997213368211133,0.03188774147179914,0.019310095725292336
Random_0525,0.011975475136487631,0.4233450034388998,0.0030145542645567047,0.012132763402357031
Random_0526,0.19470221602000284,1.1613618581475007,0.0019937931698842744,0.0244370657197674
Random_0527,0.011504672705616885,0.40210729820776636,0.009172398173040205,0.03453036294136057
Random_0528,0.06654429000918416,1.7455251993342473,0.029473881760785057,0.027181819806199294
Random_0529,0.16759152183727344,1.293098436611937,0.004647112306322879,0.01709417753266896
Random_0530,0.08237833679013529,1.490540501746604,0.004709077028705301,0.031124708986605056
Random_0531,0.026899778661576387,0.7848500879624806,0.02629114465503837,0.036422978278132075
Random_0532,0.23265795138488837,0.1846728734633623,0.042252804960116096,0.029923180864279978
Random_0533,0.0636439934926053,1.4124880583304058,0.029428142569394068,0.018185611507688156
Random_0534,0.2496838133587141,0.6272204125723688,0.005243052424375151,0.03708049170435209
Random_0535,0.2661938777929335,1.7126788574278047,0.01845125352997407,0.029997207470605785
Random_0536,0.03827058658622407,1.9495340365845126,0.025133392468432967,0.0312514630723447
Random_0537,0.1996050579003776,0.6304846035788395,0.0054727357946306645,0.02681682577700502
Random_0538,0.030085040063001174,1.0481417058845153,0.026321511623466836,0.008738068759382218
Random_0539,0.29784529446599023,1.669880565883373,0.021617584988465624,0.038930421742468274
Random_0540,0.09895332351507863,1.8836866502458112,0.003856721897851242,0.02563531372878709
Random_0541,0.24281969319824268,0.3625508070072917,0.03300584047989085,0.010587690551617148
Random_0542,0.13339738998689202,1.1243450845319802,0.018009809744426484,0.027630214008996287
Random_0543,0.042696037489824354,0.8350931313038001,0.019058995191241948,0.020992111120641924
Random_0544,0.10665979120224521,1.1852940196691026,0.0453658266470508,0.033494163101341096
Random_0545,0.2696819927248479,1.1291282264958142,0.006392316913961144,0.030832747513309354
Random_0546,0.15740923497898135,1.1769934882163768,0.0024296297522734384,0.025252681400336742
Random_0547,0.04665238284657069,1.3796020850038377,0.011725360435850776,0.0027177989981457505
Random_0548,0.05434362600601547,1.0098763513120934,0.017848658825662285,0.02454342877953128
Random_0549,0.10903817187886947,1.5809204774295427,0.03804019434453158,0.021819264313955793
Random_0550,0.2177241287787957,1.0848722786567515,0.00294936391677023,0.004464614493280852
Random_0551,0.07406257662386226,1.8298448614198042,0.030179602536333977,0.017227674052916
Random_0552,0.279958263311762,0.2316387693615576,0.024161873591840584,0.009372466842733882
Random_0553,0.011254028970935557,0.18020126463449887,0.03188855676502064,0.023091425347400416
Random_0554,0.26577712488511357,0.9791780156177232,0.04261169878822886,0.032074719271445576
Random_0555,0.14170359390568016,1.1468863217195127,0.01782927672007287,0.031048631451083497
Random_0556,0.17938789261476204,1.3692417487785007,0.0329963689225496,0.013181640325738632
Random_0557,0.25052877324911976,1.463935862692421,0.009803170663563007,0.02555975429650662
Random_0558,0.21748846187415874,0.6105521050228842,0.005094686896495141,0.001162201336500686
Random_0559,0.22272288277384733,1.6529468388280073,0.03648782371771561,0.005413337238046153
Random_0560,0.19349362349163307,1.1224632123392666,0.042073303502853876,0.014247066350184339
Random_0561,0.00708352396009148,0.6297651925015374,0.04329591379708063,0.030180772355682214
Random_0562,0.1564602497032736,1.7418240888951326,0.010593211394511848,0.019841809529439355
Random_0563,0.01649684199788233,1.1239858930935345,0.045559236312713,0.009448125735235065
Random_0564,0.1378142555879102,0.7290391785534595,0.04206867840180216,0.028154692455557892
Random_0565,0.14726859626334082,0.36416984357840754,0.02783000548442691,0.015384477516186358
Random_0566,0.10031817252535488,0.580779326236173,0.012259843641072868,0.025186045853106857
Random_0567,0.15773717039642596,0.6691051349259914,0.04395206863802906,0.009687619745640395
Random_0568,0.15755861124355108,1.701020398803907,0.029289062933246544,0.039165738260806125
Random_0569,0.2972089611897537,0.2403889714837938,0.012030169906273758,0.014009110169316198
Random_0570,0.11716113496151079,1.9974941142530227,0.013980278852386445,0.010919742109756377
Random_0571,0.2475802810433167,1.4420461111335958,0.02568237962510716,0.03664729134952176
Random_0572,0.02382843439473871,1.5271625492591636,0.0261911068996098,0.0036243123043897753
Random_0573,0.24028040198507616,1.8374544474676366,0.004145776722410871,0.027031153954099857
Random_0574,0.03845709192760612,0.34147495776926473,0.027192107400527465,0.0015859527541190067
Random_0575,0.030416155120407844,1.4304164076382726,0.019131689499045257,0.03794331821609764
Random_0576,0.20282942058007877,1.164373574399556,0.011502587519044323,0.00620156344658949
Random_0577,0.19029326676713915,1.0800294945907158,0.04616176687833452,0.012325689875119644
Random_0578,0.1896709240494147,1.007665903271089,0.009632102661482293,0.03951837226366134
Random_0579,0.11416769185289821,0.5613928697061942,0.014439278756188577,0.025171618385030837
Random_0580,0.1363178338863667,1.6247957624024723,0.015103088268925698,0.019177535360260074
Random_0581,0.22077977184553726,0.23809820257023057,0.03208994435854723,0.007688824220996353
Random_0582,0.2537054267100109,0.7795965534614545,0.028497241513764607,0.017424543711478113
Random_0583,0.2920962624849273,1.1195103642779964,0.003766036311570917,0.02394034735336376
Random_0584,0.16554774882698964,1.167690810270545,0.024013748450066586,0.0309689319159164
Random_0585,0.030960270882065228,1.0282145891248988,0.03408106671419934,0.028805690778056885
Random_0586,0.049678644683718395,1.3250641652789354,0.017021453952986945,0.032137830019756064
Random_0587,0.062397196940896585,1.9720821637872537,0.037458994898453106,0.010929478368009216
Random_0588,0.19360715402809178,0.4722745341041713,0.023607387489372068,0.014399930630653219
Random_0589,0.19287524610824683,1.6822989058217772,0.011187147677680833,0.017857195871568806
Random_0590,0.11779608733474341,1.7750965100973586,0.025505252229963426,0.011732277214105195
Random_0591,0.2993041455332145,0.8660967094494697,0.011484259620028092,0.03348248301845349
Random_0592,0.12861852542040964,1.136431165298776,0.008799129499579072,0.01546014232265644
Random_0593,0.18343562889518092,0.4391561857868975,0.031369683673040036,0.03426906583769754
Random_0594,0.11710682232442493,0.5009076060655768,0.0033157638871328483,0.007028910786956635
Random_0595,0.23970167837450243,0.6267789750789854,0.00544271181362163,0.031057593723396348
Random_0596,0.23378747231661984,0.8550052151193208,0.016740008901137245,0.0019980186367846015
Random_0597,0.14564757263823366,0.190641184214534,0.049550228471722975,0.012030410163490136
Random_0598,0.26171804580669855,1.5905699802080409,0.018031270470045848,0.03416287719453952
Random_0599,0.16089045096734517,1.798850924497471,0.03994505057212199,0.009528264752086596
Random_0600,0.2768375515142667,0.7529018670461879,0.03574814491453768,0.011762862173411
Random_0601,0.10902219120442781,0.13380197228157903,0.027125666578213622,0.011230862021832579
Random_0602,0.03254049689273541,0.1524533704876497,0.014629126287731269,0.027487081553193998
Random_0603,0.24764941792641182,1.2011341151527137,0.011526080360857002,0.0010687481684209764
Random_0604,0.1732305553923313,0.8903858655365096,0.023042273749666164,0.03394214870088929
Random_0605,0.020295406913810588,0.39994550616716773,0.03134908893796394,0.0010743827028058318
Random_0606,0.14763925044495252,0.32917258386412984,0.03668192245275423,0.006326832766175487
Random_0607,0.24442604576765434,1.1906129824738676,0.044925058240541875,0.006296198403177222
Random_0608,0.07998750869456712,1.1570593657354091,0.011369190999203214,0.01949084589809528
Random_0609,0.07866539454532993,0.8913875435469752,0.03387811026792553,0.02050853197386352
Random_0610,0.27268558697805956,1.363889907786386,0.016447609170760755,0.03032483475847953
Random_0611,0.08958331653472956,1.9555705755675497,0.005176583581506562,0.017991821484765323
Random_0612,0.08759631341840231,1.3226851605225927,0.04200381006422265,0.03860301000028463
Random_0613,0.13107381971264262,1.2787150176173496,0.04654960318645365,0.02201270646537198
Random_0614,0.04200966120151123,1.5996703947932096,0.04956361515892367,0.0010312953595952793
Random_0615,0.17472914286922334,1.6286175240085328,0.034145821413602034,0.03389250167372584
Random_0616,0.2064112705789425,0.6631973797117691,0.024535947018987488,0.03593126715199886
Random_0617,0.05357912070218591,0.2679037039129384,0.013407966822917835,0.029158894477015206
Random_0618,0.02155330993334613,1.582685016412083,0.04837516900383536,0.010271966234399937
Random_0619,0.2501183091348847,1.1710397367864749,0.01366572082115218,0.02929774554308751
Random_0620,0.09220860186847832,1.740840659075328,0.023100506263768108,0.02680900962703219
Random_0621,0.23809931665319226,0.4896989529077195,0.0031633778035629785,0.024854560267854955
Random_0622,0.12656160534309574,0.29838997921655663,0.011973655798484042,0.02559272622702237
Random_0623,0.1558661042768591,0.38583752299054197,0.025256726789915855,0.03148540602024407
Random_0624,0.24640043560298655,1.984154577819982,0.014785728277423891,0.013068938843966295
Random_0625,0.18423760827713592,0.3672064476888197,0.0245336449443762,0.01184380688633353
Random_0626,0.16663386731436888,1.6399365981807232,0.03420930556053852,0.031473014644609165
Random_0627,0.1480976883585356,1.5443334566831652,0.038388887465408014,0.02074568206205197
Random_0628,0.1070324870651491,0.8393730036375188,0.024089439229622377,0.028166813512949744
Random_0629,0.1825945133233575,1.537106022955622,0.04925640969010008,0.02382202568781265
Random_0630,0.2915847466732214,1.7319058468481237,0.03836632545081849,0.03281776389479747
Random_0631,0.02763041183341952,0.5255298885681041,0.03836599356298964,0.024375384677033436
Random_0632,0.0644014578347448,1.5286557736156015,0.02228832274956981,0.012799165268481589
Random_0633,0.28881328554853386,1.3777035985093686,0.009632367117193681,0.009497908237629304
Random_0634,0.22938340421167347,0.1418911949911108,0.0413399014102913,0.001596700909010513
Random_0635,0.13306275763118067,1.72990368625236,0.02211766445340413,0.017987831430053065
Random_0636,0.13752186163559108,0.6387489204407716,0.037090595697749175,0.011065757740838598
Random_0637,0.23184648558480644,1.8485252897119833,0.004143423552376166,0.0014905216360259002
Random_0638,0.2260905353357422,1.5478266241633996,0.012473432420698646,0.01386246191511489
Random_0639,0.06806914702977958,0.4054005065159323,0.01617643813162711,0.003914360174183576
Random_0640,0.1302467140152368,1.5558042195128188,0.035196171742562364,0.013921655908364368
Random_0641,0.10661431725230881,1.8287992236169899,0.033751002083612563,0.013297847697935333
Random_0642,0.10195416245373196,0.2805994660840746,0.02029602756139392,0.005889895919972246
Random_0643,0.04369343147207308,0.2890220109969991,0.008770004540724251,0.014077780751290063
Random_0644,0.044599374354169885,0.9047637971953288,0.026455077057586818,0.024048148253370105
Random_0645,0.019831822754295705,0.24717171392274162,0.021965618281372282,0.0048089514808351465
Random_0646,0.025241409932614225,1.9953474300547869,0.015999240421908315,0.0071279531499713455
Random_0647,0.22531812135940457,0.9659157367095773,0.04797838061716142,0.006927663601010328
Random_0648,0.059077960788901006,1.8156349853560054,0.04907133619761499,0.038288872407917875
Random_0649,0.2897715644454011,0.10851303340918422,0.03779613819390042,0.003679523297067794
Random_0650,0.12940227314881472,0.9712917032516971,0.014639873091452128,0.02686467798935212
Random_0651,0.07140777400025161,1.0998353327682329,0.018112220567371294,0.025032773384538666
Random_0652,0.17105729115344795,0.36469696499011106,0.029040475614957238,0.007285393769774951
Random_0653,0.12766844241788683,1.2820018259105048,0.040034741221521404,0.031042257749042387
Random_0654,0.2705878303004424,1.4049327503729327,0.016065544625052396,0.017617732717491643
Random_0655,0.13077391965862742,0.8139942426019539,0.022853877824919537,0.0306717990229456
Random_0656,0.15950155800022803,1.994943472018555,0.043405440279582895,0.023199187717087916
Random_0657,0.06508953079597372,0.8352054271312823,0.007899706918640576,0.009599842622630899
Random_0658,0.23449545526008875,1.8597519157836637,0.035902248027344145,0.005030191451577254
Random_0659,0.16190168226049304,1.7555385910740255,0.010018379959562361,0.010685089831644734
Random_0660,0.2789140381638813,1.6413745254436047,0.041026693080381434,0.021393301346741136
Random_0661,0.18269570341698482,1.7699273554212307,0.035972740525919734,0.016186242229018464
Random_0662,0.16672899003893374,1.81745806587615,0.03566414635199502,0.021525879834219067
Random_0663,0.04228973421390783,0.325493683871582,0.0035497105691288523,0.0046513593103764
Random_0664,0.11397254571844499,0.9568466203328917,0.005603323902204591,0.00999200952571866
Random_0665,0.13841028159976582,1.7307763152697164,0.03732127464620782,0.03855515668508654
Random_0666,0.1722877096193683,0.6837076904631949,0.039349639618049735,0.028161426443924498
Random_0667,0.21277788076424184,1.1506362930806218,0.005830868860509512,0.01038951011960865
Random_0668,0.2874817879843555,0.3993572081216037,0.023302242589778376,0.004251268777921778
Random_0669,0.16725631088217302,0.9808285983198824,0.014296979509037008,0.01840771901214711
Random_0670,0.07284258736644818,0.5494419596709028,0.04881086473295505,0.0321403404176645
Random_0671,0.07218292490732606,0.20410316107489923,0.008931686695875612,0.0020943789338882966
Random_0672,0.06014132613100055,0.6867513104095808,0.03784700477980977,0.023276920243370344
Random_0673,0.031372424153632,1.8637548654316236,0.03647114335505888,0.021037697253364008
Random_0674,0.17506966359216683,1.288063250441486,0.030667484076624712,0.034472653107098655
Random_0675,0.2128499358484752,1.4178788158092896,0.033214757513889186,0.028964116807722082
Random_0676,0.06797229825135681,1.5345985963784874,0.022442127794051147,0.028820321875675216
Random_0677,0.2978465337007518,1.8020208372982651,0.04498350624318168,0.020786464886519057
Random_0678,0.039446219732843985,0.26479143583932235,0.04847813338320562,0.023925732195991662
Random_0679,0.16205964462554243,1.3675635788137763,0.023005238864025414,0.023310078804470787
Random_0680,0.23095824747846264,1.364422833740261,0.010736702991500771,0.02993684827465682
Random_0681,0.24945499175171731,0.976603975350234,0.021854090437249434,0.0198327326502704
Random_0682,0.07023165194862217,1.265766540641575,0.04739193164813005,0.019017404510002615
Random_0683,0.16738134243323813,0.5686240840431019,0.026807881817362798,0.003978381590444498
Random_0684,0.15262969970463305,0.3718685260264907,0.0057644484628533825,0.019140936234427718
Random_0685,0.29512522366002314,0.9142339265398169,0.004094455439187437,0.003001167403390316
Random_0686,0.25203627342671137,1.5504675484239734,0.03865302675993294,0.003147635047444898
Random_0687,0.29063421191096206,0.5651908797807723,0.026077347334583816,0.0047959882346067725
Random_0688,0.01773799851006643,1.6027857501922813,0.007353104821359294,0.02932092716129509
Random_0689,0.011854717968944953,0.1788333123258945,0.027465852710910624,0.033681763461616304
Random_0690,0.27366309546428175,1.9902004365470471,0.003113365037470787,0.0359472246026633
Random_0691,0.29167734591830835,1.945253640651352,0.04276220757677833,0.02767110182924367
Random_0692,0.06204654461521913,1.352537884442842,0.02948315506177978,0.03883187444025002
Random_0693,0.23065088373516215,1.5414324800376171,0.01788705831152781,0.008588842473386864
Random_0694,0.20729958358224004,1.591549561657363,0.046648344134303237,0.03526710892806141
Random_0695,0.05602985980289767,0.630621782978348,0.007409436638130745,0.014429472443868878
Random_0696,0.08221231024179433,1.5151931340429816,0.0010895931913775336,0.005701488126449988
Random_0697,0.09108103875773291,1.8618733078577785,0.016753250734602976,0.021711578380788254
Random_0698,0.23132039119655642,0.8883125460478907,0.03497866048031584,0.034063512675507786
Random_0699,0.18165980543247887,0.3747140304745925,0.04621091789406059,0.01983804281551789
Random_0700,0.14437021136114755,0.8701040676918347,0.01075656722473807,0.013231265871964503
Random_0701,0.22038277860771846,1.3252725637826865,0.0019172784221015704,0.002972009237588091
Random_0702,0.009560320894592635,0.5390226658309901,0.02645234950202233,0.028064868862859898
Random_0703,0.04517504654580874,1.9535653634711676,0.0035290701642700095,0.03205985540869828
Random_0704,0.2586025893824556,1.0042045145365235,0.03960737559105162,0.03507591049396601
Random_0705,0.2858052212288849,1.2357808508325905,0.01923977349104876,0.001284845629732034
Random_0706,0.29124879912444385,0.5385145535650262,0.038981362668952815,0.025311617452605052
Random_0707,0.2894217996097097,0.9744781063661583,0.0229990249338133,0.006685340332099891
Random_0708,0.05504592043434709,1.8618315990979697,0.02685110616112679,0.0011036344117156876
Random_0709,0.16072859242940493,1.8471803775457927,0.037256606809386875,0.019202347652549176
Random_0710,0.1871320373188844,1.8487963150553834,0.01706020335751268,0.011345637304063572
Random_0711,0.20261035425841084,0.4413571887871022,0.01380796089930094,0.022349171891181494
Random_0712,0.0749295732629995,0.4047968885911113,0.022841837858112772,0.0033767039077743535
Random_0713,0.2642451587253842,1.5695480795743741,0.015300069668759238,0.01807733486595034
Random_0714,0.10220205388858317,0.4770488183544701,0.008620878198342952,0.008169319056994494
Random_0715,0.03338171792195959,1.1279479358724451,0.011668233500341074,0.009520242553965521
Random_0716,0.248553803664758,0.5504444652358124,0.00854367525912728,0.014054055023436575
Random_0717,0.2848558086766492,0.20324606640605694,0.0019644744767054133,0.034491067281968844
Random_0718,0.2625886846158373,0.6467783226922318,0.004146135329283334,0.01430911123183766
Random_0719,0.2334869503837461,1.116289035415237,0.02091455814174837,0.03608593401446174
Random_0720,0.18097484422554985,1.0165783724864181,0.039440381822308045,0.005685899923184263
Random_0721,0.0568808878027783,0.8498240265357675,0.019286358603011183,0.022130457768576518
Random_0722,0.2841006352573679,0.8963645949700237,0.0012214730582600399,0.024264260068078126
Random_0723,0.05107732722468736,1.8257932839429392,0.029939890153500223,0.025383168799551884
Random_0724,0.18748531347289893,1.6938813186292196,0.009063362859445742,0.01653696299164804
Random_0725,0.13133838333456055,0.6953786662775148,0.0011502168026564568,0.011451306786186548
Random_0726,0.18558088428570646,0.8755155766269328,0.04138009676610334,0.029431682296687547
Random_0727,0.29271092190299813,1.224175797701534,0.038149051791453,0.008158898545547374
Random_0728,0.019170146585620242,0.5688459523255393,0.01742542720173057,0.003465926812706836
Random_0729,0.248415922484025,0.5542345052848007,0.04879218275930825,0.019496590729982662
Random_0730,0.2740181285487638,0.7716141356702068,0.029833579536525736,0.02294847460205093
Random_0731,0.1368662259475172,1.2712030139460455,0.020254135480757978,0.006350452351213892
Random_0732,0.2981023203427067,0.3130335160978598,0.013398269383394522,0.003825445387655719
Random_0733,0.2118716669223352,1.1157956377170497,0.034375117420680126,0.03608369480837577
Random_0734,0.11268118816130841,0.8953407467817093,0.03320826991544331,0.01687031697219015
Random_0735,0.0398689108830587,1.8534093344606886,0.03570582081145721,0.01158042211588697
Random_0736,0.27588351336637895,1.7122624816874283,0.009096157647478079,0.028882420537737735
Random_0737,0.20962403142057906,0.6498279065548092,0.021029847078135527,0.0047237261042734
Random_0738,0.2820596124464512,1.4143871118759654,0.024735253678959894,0.02967989049030464
Random_0739,0.2570080960691131,1.9593063085148816,0.04578794899106733,0.023015968066106913
Random_0740,0.033230100359270334,1.3094835558621805,0.009028743543645808,0.020852889502064813
Random_0741,0.038817290955099726,1.08501350320004,0.016424659255539306,0.005682498787572346
Random_0742,0.21604251926667056,0.9255299326803758,0.02436914145029382,0.037745218341982224
Random_0743,0.045987379658068206,1.9305331907979209,0.02473701123874403,0.02514172145465467
Random_0744,0.07729863795575154,1.3567010280942848,0.021284448249078654,0.03268552364672704
Random_0745,0.14756997034802646,0.6716143075174688,0.029185545030217065,0.03849566455792144
Random_0746,0.29276680947745526,1.0708018862663768,0.01860183554233863,0.03597892794898686
Random_0747,0.13763365586470805,1.414572515663112,0.037919461683955526,0.0034610720483769066
Random_0748,0.12524063314573758,0.616335091491254,0.002079216170999331,0.0023161488560098815
Random_0749,0.09132764099287911,0.9699342401035654,0.0037778803828455608,0.03536020402824167
Random_0750,0.15886950242768214,1.0789100817923314,0.02843819696882814,0.008846859183210862
Random_0751,0.17168153585522705,1.6808370763776153,0.033914018888425664,0.0017802934051385478
Random_0752,0.2483604667385034,1.111993824479227,0.024571702567372032,0.021718740385215846
Random_0753,0.006462730264140949,0.31946806746138545,0.009462820540196478,0.023039860787056995
Random_0754,0.2855777530760661,1.2464036216938172,0.02543865145206716,0.0020641282400742787
Random_0755,0.2235204197826934,1.7293603237056687,0.010095335106859199,0.025532689897798142
Random_0756,0.19243537058291393,1.8180084327422488,0.0015691119135786925,0.016781321355600388
Random_0757,0.17376363973411862,1.1222709733618077,0.01765205073283417,0.03687115955527615
Random_0758,0.23028749506650995,0.3799010894134893,0.03120710382023824,0.016621823082674295
Random_0759,0.1797374143593555,1.173979216315328,0.038020667924714494,0.036190226905475076
Random_0760,0.18466938909041175,1.069758004618627,0.01515157345025235,0.03296149741912219
Random_0761,0.2933032354897551,0.7171204583870544,0.01794570658284754,0.011974135690987722
Random_0762,0.29550288790300805,0.3231769858780552,0.0340811809688437,0.023457106732490303
Random_0763,0.21203948573362635,1.4666942168213741,0.040223064246840905,0.02840552901539862
Random_0764,0.059701537437310236,1.6216865831822251,0.031209724991563007,0.03812548497961798
Random_0765,0.04256122169177306,0.7526940582471692,0.007151650587659927,0.02881643489216007
Random_0766,0.28499427875911354,0.14492482717039268,0.023772182161781827,0.030487925078236673
Random_0767,0.07395229402878756,0.5273291844356817,0.010257614792890706,0.007607683242650582
Random_0768,0.038428554329277255,1.5503070581257097,0.014992655663497119,0.01713955944362489
Random_0769,0.21538369285168762,1.1723882698692925,0.03847893314784571,0.0011582505752760078
Random_0770,0.09064188884775927,0.44790183248529913,0.0017987573912131528,0.02240764970638528
Random_0771,0.005077971189132702,1.9609865343542383,0.026144465594219513,0.006286810055546321
Random_0772,0.20491966634031547,1.4613247087160728,0.024547779314172236,0.027030357549593976
Random_0773,0.11906552069892275,1.213592471157646,0.040062814976079386,0.01721386480556827
Random_0774,0.10820570725344042,1.0973838351865148,0.043889463660140356,0.015886815522404483
Random_0775,0.10901453329743609,0.291853789216461,0.0036027790690449503,0.025896459727575687
Random_0776,0.24329745311804424,1.2612529088166435,0.035693700027559956,0.017778941744762477
Random_0777,0.22938943357038846,1.178026834574285,0.004449373670853537,0.0073651716608769706
Random_0778,0.03164645981679194,0.19867582082987736,0.01876151268825077,0.013108081850641166
Random_0779,0.012079395110602839,0.773103243919948,0.018511818946672903,0.027698047555000237
Random_0780,0.020162665726908068,0.6373781837547943,0.04566807620565942,0.013712532009193378
Random_0781,0.2745696562091729,0.7669077933190371,0.02884294650451318,0.015429743847116085
Random_0782,0.24578116704479983,1.4286797116678678,0.0427445997891227,0.001241684770482396
Random_0783,0.06252382202025983,0.929330027441527,0.03361637763870491,0.025161514588102726
Random_0784,0.26455045444345865,1.597659436057766,0.01538260779407559,0.025820216000387863
Random_0785,0.2346472335419253,1.8634005183673896,0.04747120392611402,0.006623288619498195
Random_0786,0.17207025849249755,1.483330709689729,0.018593682415974935,0.03080339818728721
Random_0787,0.29252512100092865,1.403443941845134,0.04674716757436556,0.03297196706935763
Random_0788,0.050530692008148526,0.7852556172192175,0.02154044802360955,0.008497059454770119
Random_0789,0.2037590944076013,1.925508566858557,0.0065286719074617305,0.036015168812138315
Random_0790,0.11380448786094974,0.9474049556902305,0.024920974978134336,0.03621691787645849
Random_0791,0.21788160530264616,0.24931292072852282,0.020873524840383163,0.03396804254200039
Random_0792,0.2026787880615621,0.8362165089490299,0.04485761327211906,0.02584197369225981
Random_0793,0.04653327710063821,0.7548020354934935,0.029325355250727027,0.02107563259447745
Random_0794,0.19586984846519945,0.8102930645239803,0.022030048168146046,0.038454862484318876
Random_0795,0.16794427059226638,1.886395542437326,0.03996307885152428,0.01600078330067582
Random_0796,0.16138934310624356,1.670283851120543,0.04784249923759143,0.024528916040280516
Random_0797,0.28905814485147446,0.16542204628457488,0.01651713620254321,0.028442670177762707
Random_0798,0.023993300934434074,1.2264384696457287,0.018327557915460663,0.028557697665369138
Random_0799,0.006270856802108352,0.3915727114056474,0.047059447197146935,0.008525514612954643
Random_0800,0.26112652818108834,0.40817178216015615,0.02195520267759453,0.008233795885090696
Random_0801,0.20064444327907746,1.7785634616499977,0.008009324238256494,0.008318292930457535
Random_0802,0.017429898239504756,1.4907365104471213,0.02042019928475228,0.007490629570000037
Random_0803,0.22684265454131125,1.4937559502709372,0.012368238780046004,0.0048509460809137645
Random_0804,0.013420322732560146,1.7007542474795387,0.004011197431450094,0.02645358040306489
Random_0805,0.27115268940184795,1.0377822881822756,0.02529387588733028,0.014970519835399473
Random_0806,0.08595160864970204,0.37488112474991653,0.02965165540742374,0.0036371276939303476
Random_0807,0.03368202789230617,1.0301511480154901,0.006737984617062122,0.006870449736295114
Random_0808,0.27187834920235565,1.7993613700705646,0.023552488898567307,0.005356537738661636
Random_0809,0.017416444334497398,0.21966030212538845,0.017087165943512464,0.03388056791296366
Random_0810,0.10731846867935206,0.2669671655523599,0.005825224992336044,0.02268644081409734
Random_0811,0.12923160086777194,0.4423067827448244,0.04257318227692168,0.021788913921931715
Random_0812,0.2974674420687286,0.6415265502622642,0.005285802345009033,0.01895325215548331
Random_0813,0.14444235177950354,0.6700981485764834,0.0050590934095889745,0.017614368015973086
Random_0814,0.2820637759734156,1.188995572255605,0.036039964019565704,0.023218869328207246
Random_0815,0.26952506157128886,0.8758472721927839,0.005021374072537068,0.021641376606783884
Random_0816,0.27695281836798863,1.4677724365955487,0.029796791922924008,0.009030176200343278
Random_0817,0.15982215395373967,0.13051185307370444,0.013248770981126628,0.025175009456651652
Random_0818,0.020379032884148277,1.6899783624015483,0.04351624561571931,0.002354467604949185
Random_0819,0.17934074680932766,1.016871126569131,0.04517182570269799,0.022113905925294355
Random_0820,0.02596349803216821,0.16395235120911944,0.03123689585188645,0.025695011365966747
Random_0821,0.19967501297502768,0.6214803953282133,0.04126660917264421,0.011743908633425098
Random_0822,0.29668675573518305,1.4786735831059614,0.006503547134412103,0.0011272741634376787
Random_0823,0.11236942938801447,0.5403129681804069,0.025030464206054683,0.01434457926678553
Random_0824,0.17694770017377248,1.5955101971580234,0.016497695583402076,0.01910759359636979
Random_0825,0.016050324679177143,0.9610489800225035,0.018772978715827563,0.02238960867536534
Random_0826,0.01639664740682925,0.4478255672856125,0.01756562902000677,0.017211475356782305
Random_0827,0.03388776660222027,1.7909742826555675,0.025126777139767582,0.03813421242919332
Random_0828,0.06375602841459577,1.1144646915012424,0.022134547726432106,0.0050857429991381575
Random_0829,0.21924679535944108,0.9430939284074149,0.04177163865625606,0.02170272700562736
Random_0830,0.25455391979264724,1.6593626947805782,0.008998386664878951,0.014533480086255702
Random_0831,0.11805006601773169,1.389056249325011,0.03384042168372327,0.009642901072123098
Random_0832,0.26568058988523136,0.8735575226675616,0.03639300116149767,0.03871273297416255
Random_0833,0.053829557059942135,1.8010877060591766,0.02714446730033822,0.025813592908932686
Random_0834,0.11469533862292525,1.7771354951646825,0.047103100752066,0.028412793225097602
Random_0835,0.05073304908015869,1.6397537487820117,0.022303327110846708,0.035397623066894285
Random_0836,0.1763890926411901,0.9250847767758638,0.04373805313648643,0.02148892314601016
Random_0837,0.05913703996131843,0.9553150673552737,0.04462265525578742,0.015917794136065203
Random_0838,0.22481528060075337,1.1415762682354391,0.01203236860534742,0.037426234559371975
Random_0839,0.22243399293796928,0.9923379809382279,0.04959342474563392,0.03941026368129202
Random_0840,0.009394912577107947,1.4165713011089085,0.048626969009768616,0.011775098340905638
Random_0841,0.11437886065706895,0.8280325006702318,0.03240325605452597,0.015870123353689262
Random_0842,0.236237207476649,1.1530537783602532,0.00907479906836784,0.03810829912652102
Random_0843,0.1616494967273811,0.7654562811360309,0.030145408011949336,0.03575789915640579
Random_0844,0.2317553100366503,1.089925340806944,0.023082002347196696,0.011442248962649816
Random_0845,0.23412363778962353,1.1619164616947382,0.03295416458270454,0.028115859287355157
Random_0846,0.2676687581265341,1.8313614971537453,0.026755978246447813,0.03226882350201798
Random_0847,0.014563279329798094,1.6180032637692172,0.019188744626588684,0.00442293477404285
Random_0848,0.11631751829924149,1.4465733420959326,0.037909109504026636,0.013465797148132171
Random_0849,0.06429055036463038,0.8795542789094232,0.03981029773978269,0.008956810896601209
Random_0850,0.09804918574725897,0.5402226435197504,0.0022196912013846713,0.03799410750044079
Random_0851,0.07477116657012463,0.36279029763296156,0.03412389542632501,0.03783235843253806
Random_0852,0.14505237582932273,0.6122228142909184,0.003164665934871665,0.030245558753858842
Random_0853,0.052019906159929484,0.6793731960330087,0.014396264374545664,0.01520506341686811
Random_0854,0.14992125587462338,0.4791863668297993,0.00670954620961759,0.010771316745843803
Random_0855,0.13138811310708187,1.9984656133645933,0.01975305386469161,0.032617963196792873
Random_0856,0.058764419206312285,0.47974873781962757,0.02900121982906828,0.007272727605712406
Random_0857,0.011605820511272928,1.384487812819371,0.04123090777160069,0.001552421819714823
Random_0858,0.1102676660457746,1.0150647549098903,0.009095505647425842,0.00616540559342084
Random_0859,0.2114541722877898,1.8717677783133273,0.03564615362051963,0.014085690825424182
Random_0860,0.06331640728216721,0.9517237474119533,0.017476507073602845,0.01732882410432942
Random_0861,0.19149283098552786,1.2768708132215825,0.010952266508365224,0.03569169814224246
Random_0862,0.043660259554110264,0.9634561241733886,0.020241145996418082,0.02029368938824525
Random_0863,0.0113879639657639,1.1393333905150527,0.026670066441643322,0.01081431723693636
Random_0864,0.14435634815298024,1.1701051204310706,0.04303137176903651,0.026068289684101447
Random_0865,0.10744588401212234,1.4781105803341152,0.03362328697377623,0.03152121064731878
Random_0866,0.2104532438814433,0.49629810629272575,0.014730017608635317,0.03653334299131718
Random_0867,0.024194827058685472,1.675452307554826,0.0345049705883022,0.037050190335170964
Random_0868,0.015447789859166276,0.7050688688419098,0.04470382492791422,0.019944921593539285
Random_0869,0.054823945085719736,1.6883931282265912,0.021316612801016842,0.023756508346143165
Random_0870,0.0387746226298391,1.6329853613756635,0.011530453978649574,0.015129013590596645
Random_0871,0.09049760266330048,1.7947937088714194,0.021188614401362698,0.020496819396741178
Random_0872,0.2996553168403254,0.6560771175914761,0.043604143285040566,0.0355620316468048
Random_0873,0.28644773369651194,1.0518111489277888,0.02599964061137481,0.01680479488082887
Random_0874,0.14100261477059753,1.9747974594022975,0.009635002621599442,0.02305830920087439
Random_0875,0.2961048118994993,0.8634809311795762,0.021883356420320237,0.02436122726276133
Random_0876,0.09463108747904408,1.0120947059419763,0.03549715679627596,0.019200028052574272
Random_0877,0.08848890739889052,1.609462022041968,0.028937290398030918,0.01596382620498665
Random_0878,0.08093811665791861,0.9411315656970957,0.04854678299745114,0.024196413014434155
Random_0879,0.04486613853344634,0.20990108676616726,0.014742389066497632,0.011536970816215849
Random_0880,0.03631231499470194,1.4127833224357234,0.02244513754341582,0.03529865109575838
Random_0881,0.17483136415539785,1.654505008452139,0.029302631929509947,0.012235954651645974
Random_0882,0.07121286857421315,0.8278854019660562,0.03188611850992896,0.02830365012116369
Random_0883,0.274064518799286,0.2720007297206099,0.00895268288783923,0.035087007179677734
Random_0884,0.042744507353356866,0.7082094728176637,0.03880796356542373,0.0010683110001437194
Random_0885,0.2639185196612489,0.317339883554969,0.03629527489317148,0.022034993245174873
Random_0886,0.25816738735950356,0.7995071802535159,0.03851956204664774,0.01770401026950139
Random_0887,0.26501839753519973,1.6720331618978512,0.03447110560796539,0.011687744135045808
Random_0888,0.20308768223172638,1.4612297113101127,0.02522557598768052,0.008774188346239775
Random_0889,0.19029187693976263,1.0905337186836266,0.040103426325881666,0.011471965287412345
Random_0890,0.2754661265388643,0.8705002939326171,0.005229175828254558,0.039605731462514844
Random_0891,0.033989141191611505,1.3102948810604353,0.006980113460071003,0.0017059601333769471
Random_0892,0.1315458879733248,0.9452347484861754,0.0478939907256455,0.033244791730684106
Random_0893,0.22781054854344562,1.7145145056155384,0.03500502123088028,0.020635548545998177
Random_0894,0.2167308339047587,0.2973449291126692,0.021312271892889038,0.01899924907599988
Random_0895,0.17822042102324065,1.1784135658078512,0.018579039763692046,0.0264635667510841
Random_0896,0.2872197890896653,0.6531286623351181,0.023529357932713345,0.029695477695440255
Random_0897,0.09763552788045446,1.479579044093066,0.0446392371350826,0.03486826472895703
Random_0898,0.03502760006553246,0.9228793655179046,0.02486210414931524,0.008945043946912694
Random_0899,0.25479079107271685,1.0072937710972727,0.004403800840888991,0.023219413318025434
Random_0900,0.04026637492266586,1.2503135676017645,0.02552373174825863,0.013349388262670295
Random_0901,0.04047869887979164,0.4788829848215497,0.0045217769604779575,0.03647005011401008
Random_0902,0.09961910800593714,0.8034092903773945,0.024544173059907932,0.02469217700848441
Random_0903,0.08495419161255129,1.6555020002053094,0.03391582081390445,0.024606075679677
Random_0904,0.18009895933374806,1.6710993765078885,0.020105030995355707,0.024640117163007083
Random_0905,0.24795064009587603,0.7132533147986334,0.02773951136986104,0.032671965916533256
Random_0906,0.06347599028511884,1.9231109548020522,0.012031930852845568,0.02208451735469133
Random_0907,0.02833472199893529,0.6374944577583743,0.03281539245810556,0.011869600422848504
Random_0908,0.16499157938083353,0.6782008781970613,0.006748927028255147,0.022465356224389367
Random_0909,0.145080767376313,1.041528121683017,0.04324689503574732,0.029014026863204565
Random_0910,0.2927848100987268,1.3394541597128422,0.033761028697096185,0.0369568032640744
Random_0911,0.05663437379732842,0.80224699125407,0.010457070849490997,0.027314992489420747
Random_0912,0.07279577730554154,0.3978071457582427,0.024405855408684,0.03268579047563951
Random_0913,0.11977356265163504,1.0716447775362514,0.04395105883165002,0.031104236356150367
Random_0914,0.01373119016801454,1.5123699599726959,0.01624628751772549,0.0032208523579623184
Random_0915,0.19921140091175474,1.7208256931019115,0.0017604403920243603,0.017139862830400917
Random_0916,0.13490513073066032,0.9897686131595164,0.036543930113055095,0.009354933104545039
Random_0917,0.1713377127778961,0.836462979240542,0.025092640205782456,0.03199218848843608
Random_0918,0.18663992222213752,1.8389275663196878,0.042870290066108506,0.02438932604836319
Random_0919,0.1895613397617389,0.47420296835732223,0.04035575323365385,0.030793391173096273
Random_0920,0.08918977571880839,0.2949102202242352,0.018493751668587008,0.008761407249101105
Random_0921,0.2674423766439838,1.518706435824177,0.02392833740223393,0.006514578851367713
Random_0922,0.028593960435137893,1.6515197810344637,0.011847805406756451,0.03312631325159783
Random_0923,0.13934318941215773,0.3302005526691702,0.04927984362618719,0.028945669603663397
Random_0924,0.03741296500943757,0.3631396107767212,0.017319646212682897,0.03513557374388777
Random_0925,0.12506237586278682,0.24933519831200035,0.03375225606656061,0.01223398412287335
Random_0926,0.10198326887887886,1.387000837186061,0.016171492818875227,0.0024681136989258123
Random_0927,0.026143994621564158,0.18881520965472204,0.03505961879224285,0.023429267873869716
Random_0928,0.18525721551492572,0.36108574105508706,0.0066355323924884736,0.017249324187809598
Random_0929,0.25764408580831505,0.14086120528305232,0.027198483645017868,0.03362393221420086
Random_0930,0.24631414462472406,0.76945410989357,0.03656139564518898,0.03176149328878851
Random_0931,0.13277315419134839,1.8654356878654927,0.043008912672510766,0.0193211581997195
Random_0932,0.03543021262446963,1.7798175532444025,0.02355224881871206,0.01010480237647764
Random_0933,0.02052810411911758,1.0383990325710946,0.019938253668685766,0.016271990453144272
Random_0934,0.29549987914848425,1.5069366062870913,0.044451846723477066,0.018072682944745462
Random_0935,0.07644369442390637,0.16065019112863338,0.048384164649477764,0.03847164917970324
Random_0936,0.2207768358960403,0.12557731506543987,0.03176153776414898,0.003590998120242886
Random_0937,0.24687767865224333,1.6970853562118675,0.03332573749758903,0.00313356629188371
Random_0938,0.01707131663953099,0.7849593284402537,0.04262941862728372,0.03233004516347292
Random_0939,0.031081037516021166,1.4586443131375741,0.0206295376405738,0.03651872967141786
Random_0940,0.11877015412756997,0.20991884989489012,0.02631855713128812,0.004393851585307616
Random_0941,0.10596995479447201,1.695253104411029,0.045595171682963814,0.013313857070554151
Random_0942,0.2994819445857437,0.9282454821640418,0.004502930581071856,0.012280485505840124
Random_0943,0.07557696371765536,1.3360877213521,0.026704153472293244,0.008740971642070619
Random_0944,0.05685864626203498,1.7360643752816127,0.011602483003543131,0.027209026261065195
Random_0945,0.03512574869239947,0.5141983472797415,0.04583960775877164,0.005106126744233423
Random_0946,0.11079610489796994,1.185604214364858,0.002226899185002405,0.028586749207555148
Random_0947,0.17281793283312225,1.4538849184440639,0.01577570566906914,0.02068323533622232
Random_0948,0.007947675632668839,1.4031364327311053,0.006101730359743905,0.015580304224050143
Random_0949,0.01756319548143621,1.4167720464199323,0.032205311335422204,0.018865528829365097
Random_0950,0.19166494973146667,0.42358983534433325,0.047179886345678754,0.03353296820826022
Random_0951,0.21551993604996214,0.34410400809208885,0.003967697308491879,0.015193875467029765
Random_0952,0.17137674509167855,0.22790450554215458,0.026786827089299057,0.01712969345620803
Random_0953,0.14465934990196275,0.22059393174847236,0.040090605264675394,0.018406731626357444
Random_0954,0.1443616020700873,1.9155800772715332,0.0372556296921754,0.01796642364059935
Random_0955,0.25178422757909835,1.4963656809347992,0.025280958807973652,0.0027420696465146367
Random_0956,0.1439451837480024,1.9932576534967108,0.02456189815499469,0.006523318154116452
Random_0957,0.18204027686926866,1.6159237112366982,0.02305536405685318,0.013345629131310398
Random_0958,0.2791774778498925,1.2274282239173102,0.0020658476158074033,0.012038891068302533
Random_0959,0.18612588535395216,0.6612626601312199,0.004358656940888765,0.004544463440623273
Random_0960,0.2058965664479719,1.1915198818734336,0.03818281570206896,0.00127520451816293
Random_0961,0.23767456063082926,0.8600911703623484,0.005365986434425219,0.02126473114737651
Random_0962,0.16974801028235934,1.912111637801585,0.04708893502404021,0.031307734744725486
Random_0963,0.11662290014971853,1.3361967141080695,0.035967977520457134,0.02435672779235662
Random_0964,0.05758750322085849,0.94672808559144,0.019896929098419527,0.03292336720082369
Random_0965,0.06897181612361997,0.8956628287616764,0.041791867456131775,0.024741599469128576
Random_0966,0.19589486175138998,1.2167411241420223,0.03675231786435507,0.03705354851862239
Random_0967,0.27442847066104625,1.704364543889512,0.003230374793308897,0.018539959958912656
Random_0968,0.20844579713580574,0.8716518653807069,0.04141142292646357,0.014119069163756735
Random_0969,0.07486831980064756,1.1229229060533612,0.008021907582417841,0.016545525596656667
Random_0970,0.12620839442036674,0.5620030535291728,0.003100423928993505,0.023272247747350122
Random_0971,0.09575571711258771,1.2633817523171997,0.03791333507908208,0.013510305599357765
Random_0972,0.123762823635521,1.7758247723862155,0.01433162197014504,0.0011260901227070042
Random_0973,0.08358965575193482,0.839399166578689,0.009562605003393503,0.03198466914817916
Random_0974,0.2923188970517643,1.1359425818180224,0.04003407752463367,0.0038894759875961545
Random_0975,0.24923169034853737,1.1821797109235708,0.008811308046199666,0.02453911772570931
Random_0976,0.2575503223810538,0.9232983798664413,0.0062406346945991726,0.03217301381030462
Random_0977,0.19989569776653776,0.5461810434282786,0.03521180744369014,0.03177550931159145
Random_0978,0.21210248575165447,1.5484551416997745,0.02774931745425678,0.035898954603934885
Random_0979,0.16543372333877457,0.6444718023005301,0.014581061504587975,0.00507568355547048
Random_0980,0.1265142668414305,0.33647951924309416,0.028490492065969115,0.03981679992783081
Random_0981,0.2511899835970202,0.7492271054589056,0.008354685053366877,0.022152123698532127
Random_0982,0.18322151720690866,1.1127365359080932,0.04327955309661855,0.00913694333540635
Random_0983,0.29364289747097755,1.1852559041716901,0.043932233246876284,0.020728649369368003
Random_0984,0.19997115867938714,0.663845682093929,0.03783761588808592,0.014372737991346259
Random_0985,0.03417509294220517,0.6253907124834697,0.031216744550226286,0.03707810728013481
Random_0986,0.13862015269209865,0.6290721992172033,0.04006246122518013,0.011254580853129144
Random_0987,0.24742057470006287,1.407441747667759,0.04008768663038697,0.026321264786442148
Random_0988,0.035800240533337066,1.7423820262771224,0.013321404361967177,0.030386230189873853
Random_0989,0.1918420743099422,0.23688617776478715,0.043491231906736705,0.03645066747536748
Random_0990,0.15686497586346235,0.43411592970838075,0.012960143386792394,0.03415027337440405
Random_0991,0.12148896444985803,1.364295310587594,0.0053829298996086565,0.0367817136540254
Random_0992,0.05632205660578673,0.8824806714604272,0.0336089602232437,0.02715051563609081
Random_0993,0.1522184168068283,0.746772751458364,0.008256303186575754,0.003332286174021541
Random_0994,0.24934323227422492,1.8021410410858434,0.006305188696766163,0.023630623357886727
Random_0995,0.1170679929958371,0.672269534171548,0.029076882779324537,0.03128561937240303
Random_0996,0.19627510831013592,1.5842982303536217,0.038085680079191206,0.029145655755487495
Random_0997,0.1740457667994992,1.468161346745764,0.043496978518595956,0.015360339919196695
Random_0998,0.18607225050169868,0.19957576172139938,0.005589443874495739,0.018117624545208814
Random_0999,0.21024068090050443,1.805541209395264,0.006521459515544793,0.028329821301939666
Random_1000,0.21030304291989044,1.8036994243976903,0.029994143497800368,0.026727513325235007
Random_1001,0.016473776315788946,0.6739803721090541,0.03443867691714261,0.027788260642224387
Random_1002,0.1128895778823648,0.8538989253112729,0.01819128112586999,0.025490272980122103
Random_1003,0.2840062182832905,1.5243887176512656,0.019758354986514123,0.024016941435899237
Random_1004,0.13980180909612766,1.9625606857235756,0.03868739778661328,0.004262488479466347
Random_1005,0.19533004526721892,1.6277553379723235,0.03149939222437916,0.03235329726034622
Random_1006,0.29643644914973266,1.552834934278302,0.021767588773414264,0.034565903953785226
Random_1007,0.22111527281499177,1.9580516355650173,0.03675044352689188,0.018592550735506207
Random_1008,0.09067453936538006,0.6817916642945069,0.042630763015308215,0.014728883314811432
Random_1009,0.2569914501342777,0.44872918452719934,0.007332307581716825,0.014033898123507842
Random_1010,0.2927270817688946,0.6187668839717625,0.04123395322877644,0.015001568664088135
Random_1011,0.006043216710304073,1.6061594577429843,0.03666266812267888,0.013682437728456655
Random_1012,0.2788283748669192,1.2488609312409107,0.01669962628363485,0.023393819717493144
Random_1013,0.06625839770866994,1.7412600807870495,0.011710628533792192,0.03927793361725347
Random_1014,0.20826353946448847,1.6148647469847166,0.019275859393545685,0.011307572099395351
Random_1015,0.17743449410121623,1.2052815735846583,0.029675824586370605,0.030810744491798412
Random_1016,0.007069252560442157,1.3185202266139617,0.021395708911143375,0.004443106371391075
Random_1017,0.04900851549028899,0.5449463849663928,0.03674752314019222,0.028637389568890594
Random_1018,0.039148128839344175,0.7613120982888065,0.012844627469252225,0.025633761872190085
Random_1019,0.024415750860732267,0.1063310127478425,0.02707162924906458,0.016823290958336207
Random_1020,0.258702330805867,1.2691082151931519,0.044992703069395096,0.032672829935207
Random_1021,0.23207159777516864,0.34620367793842144,0.04853115144180422,0.028248532234353647
Random_1022,0.02567390801387818,1.3036297587441592,0.036109506001249826,0.032032073548436533
Random_1023,0.2645164706020441,0.7400179220597758,0.02166424377072161,0.027767524828062697
Random_1024,0.052310090684055253,0.8539289514438502,0.028471083787292028,0.012913065601497534
Random_1025,0.11196498369779842,0.5013298621042146,0.047834178815227606,0.03807122406921891
Random_1026,0.22619754357913208,1.366927681948997,0.03035321989824546,0.03268419398157692
Random_1027,0.01390703925008277,0.2901427708690064,0.009918900993241359,0.01651756621711636
Random_1028,0.19146168312717918,0.16038967588791347,0.017484736958846035,0.028112882876370798
Random_1029,0.0926765214036858,1.8469832417927936,0.012149319026657234,0.020600968372777785
Random_1030,0.19091293804626064,1.2360554085992188,0.015768286016139797,0.02897814612287001
Random_1031,0.04814539425754371,1.8237104213541357,0.04507161180329226,0.012803942333433752
Random_1032,0.1685944594019566,0.10647183562342627,0.044395109075349,0.014231991940494702
Random_1033,0.022401693712736363,1.205144601314648,0.023129403840468788,0.011868714575709486
Random_1034,0.2766118706983362,0.14446830663517912,0.030270812085649426,0.03389204167552533
Random_1035,0.18013199463771587,1.9903076679831158,0.014894327267315273,0.0023616409123328242
Random_1036,0.2564871458900911,1.6735515108612002,0.015681184555877095,0.029593476613659107
Random_1037,0.09214792279324045,0.3377034188892326,0.02239241610914129,0.03615387973120323
Random_1038,0.2922745265360289,1.6101505338388054,0.04029116253146864,0.032036565648391836
Random_1039,0.1687530301528522,1.5577608088209318,0.032526475800591155,0.013004751149596015
Random_1040,0.0410981512024954,1.1525834370278742,0.018493755330852676,0.030658199462381866
Random_1041,0.04228255271062435,1.5982202221994783,0.02324862627811859,0.0380421116155994
Random_1042,0.12239596607724641,0.3915729685207028,0.043718364657095395,0.03661561906293726
Random_1043,0.27256284878319614,1.9647153269438338,0.03529562620299434,0.0034168909282546725
Random_1044,0.1403877596913485,0.4566042160597745,0.020236543362521696,0.014178784113079195
Random_1045,0.04898124674213816,0.35292798463934205,0.04821686381983273,0.03753831923001917
Random_1046,0.07894539003260916,0.10501483589157101,0.03826390438021422,0.01790541445525237
Random_1047,0.20331530859188124,0.6932412457794935,0.04268195150106057,0.015293928145265215
Random_1048,0.01654035987798699,0.7641183195502832,0.04515940129013724,0.0015052276776910574
Random_1049,0.08440184107931233,1.9344486550172446,0.036122541080464844,0.021833350234749378
Random_1050,0.29491144526665564,1.9648310492717034,0.022481907812850862,0.033009385798128024
Random_1051,0.17361250038215975,1.113034481332694,0.003956532059714912,0.021864826111333013
Random_1052,0.22083910187148334,0.4498945066071821,0.04056012604413172,0.019051298955386608
Random_1053,0.15124179037733557,1.4558502855847195,0.03292271089128041,0.03595645561731215
Random_1054,0.17974552589890067,0.5201148685469213,0.018377753747696672,0.03712567433811274
Random_1055,0.19556034816996248,1.4388007699478351,0.018585264454089256,0.003405520622293553
Random_1056,0.2796268285051618,1.2725255627667444,0.03547243911428891,0.038984556621958016
Random_1057,0.20126737933175554,0.9103932333315649,0.024734046823381307,0.00395548796964807
Random_1058,0.036551629177250786,0.9363168452731331,0.014317581346362969,0.013303808955002442
Random_1059,0.08475347872504584,0.688882582217373,0.02199807654972625,0.03716506147909926
Random_1060,0.08538145464898697,1.1126906047646221,0.023475293000362094,0.0153977817912304
Random_1061,0.25853410965075213,0.2627760936456697,0.006242098583850114,0.02817818798022508
Random_1062,0.16574877509067995,0.10479798203369932,0.013734319448025587,0.03395045245852365
Random_1063,0.006157011316839839,0.3332688000250501,0.03553317390618049,0.013642873874696763
Random_1064,0.11584139583865512,0.1488747750832471,0.021183797223289235,0.026688130890773813
Random_1065,0.25919891005974605,0.404708714280107,0.0023302682900800094,0.01706081690689899
Random_1066,0.2808741319431761,1.0687159107409685,0.03258916137854185,0.00438838866431257
Random_1067,0.03542675553082746,1.4489305315503194,0.04269310047587801,0.03323568177229745
Random_1068,0.03409896050404382,1.1030008413386778,0.045332308554798535,0.023947817736364018
Random_1069,0.19557925699183124,1.0112093337131254,0.04142202368473193,0.004429070055558865
Random_1070,0.057611928539942917,1.0063658918058707,0.02069647562976732,0.006873776207180853
Random_1071,0.195012025925075,0.6640314818243559,0.004326416415291426,0.024528544440583073
Random_1072,0.1778425282946166,1.6725965280254587,0.02045848801046068,0.00834863643455699
Random_1073,0.12499991551351075,0.7279289150691571,0.02949365597971589,0.00911217779061221
Random_1074,0.07504544520507381,1.8304149193810368,0.04184614047581642,0.010927199653068743
Random_1075,0.005375288757471733,0.9984039582556116,0.04182821274497752,0.023928620399596173
Random_1076,0.17707509756282683,0.7212047894985018,0.028751174376755156,0.01747303407741493
Random_1077,0.11354593185381189,1.8535936684928618,0.02449925980640506,0.030937105194333448
Random_1078,0.08390737295637438,1.0534503374774364,0.01588592159787832,0.013743276276682054
Random_1079,0.05493487063917218,1.7043684255825216,0.01793313026172082,0.0020865119252089608
Random_1080,0.030740005306357853,1.1739618827218659,0.009308899153662089,0.03683413929569896
Random_1081,0.24948515312264555,1.7728012688188488,0.025046454658618936,0.011717224255357653
Random_1082,0.07106489226024941,1.261598375375626,0.040599880666495454,0.0027844301872923223
Random_1083,0.12790976791298436,1.2630949142038896,0.04701084355773299,0.017238354423002537
Random_1084,0.16797286376073814,1.7498355415064262,0.01856059950772125,0.03815173345511243
Random_1085,0.19594298116234507,0.516744663045277,0.028600492791534066,0.01817727259086719
Random_1086,0.042077875612121826,0.3357794808815566,0.022718595650039763,0.007813374582555068
Random_1087,0.10269544621299564,1.2141255562993138,0.03918718186084992,0.018627088959080537
Random_1088,0.1728569802662984,0.21541462242906426,0.0012958577984588397,0.017427541750464477
Random_1089,0.24032099048014519,1.2868177694911387,0.036248699948933705,0.03229107520368366
Random_1090,0.02514851026073794,0.18371113629994817,0.04648572494313179,0.021838388663715673
Random_1091,0.13192203032398878,0.3765160215296143,0.023251917635211894,0.012568289123622029
Random_1092,0.07906288921169916,1.5243264003338934,0.002588673183627887,0.01996306655078095
Random_1093,0.157252639407646,1.1324917308527347,0.03843471770744216,0.022167096698678296
Random_1094,0.19301013864646674,1.7346446558583826,0.022957756101236043,0.029766739877157857
Random_1095,0.23568227672816205,0.4002837902950376,0.024381582274267077,0.03454244672008772
Random_1096,0.15797689196271797,1.3948483927497535,0.04588607665825684,0.012921150093744435
Random_1097,0.28061511773658787,1.7850211417757187,0.0360635327309355,0.01897174164290245
Random_1098,0.19067443399886919,0.5755897061258977,0.0020226284264997273,0.031579594129074184
Random_1099,0.21554134513065212,1.2060040944462396,0.02417473739875676,0.010520392522160315
Random_1100,0.026710077792922622,1.7918756678029717,0.015512206135112935,0.004534583803653002
Random_1101,0.23573859345663675,0.20304504120628258,0.0120168295395747,0.01037343225286044
Random_1102,0.13887286225595952,0.4595950195837821,0.021932977489078742,0.039936863815103155
Random_1103,0.1629932858170563,1.456707818320493,0.010567831550445668,0.023223263386464875
Random_1104,0.19966923473429543,0.37832010843397657,0.030609464976307715,0.019511732271977767
Random_1105,0.036524599063291335,1.7617916796976016,0.04590488746415238,0.02557726907584235
Random_1106,0.0914694501479825,1.4050322492150826,0.0161317788703127,0.02584732311183852
Random_1107,0.1825622323817166,0.5141028083805396,0.008992684441411592,0.02921822629080798
Random_1108,0.2936826339438048,1.7867328475898132,0.007846196270841228,0.015040055883234333
Random_1109,0.08960777219693591,1.2450352732505983,0.014595381703891953,0.023987788370453237
Random_1110,0.17702977658612315,1.0842038534208436,0.04064096322647178,0.023328691640240203
Random_1111,0.29367509404490094,1.3807087466578158,0.04171379788107846,0.019148125912611263
Random_1112,0.027535162574184237,1.1535847509677006,0.03537348408119989,0.007285118486163553
Random_1113,0.02703314385707673,1.3938379219880477,0.02950849505539839,0.0156959609707493
Random_1114,0.021821804544489197,1.7532021138407765,0.046410577767957865,0.013156929600181094
Random_1115,0.05330731441411122,1.6757896569833812,0.0015068260293459323,0.023568541481170168
Random_1116,0.0948264397138773,0.757404266372342,0.001657915292770576,0.023980781936711486
Random_1117,0.04098385026101168,0.7335792509567303,0.005397322589252751,0.017226575352891543
Random_1118,0.189540269736742,0.6571818965463742,0.01082253409323819,0.011197742844777234
Random_1119,0.20057113982369595,1.27100101478943,0.025007858348238,0.02194991030722965
Random_1120,0.09561157705249176,0.5389166224685592,0.020536849569610632,0.009360816225864318
Random_1121,0.14167095384711162,0.9919311265024334,0.004580396524103025,0.03945549429623898
Random_1122,0.005616958311145467,1.6553238992271786,0.025685468588168833,0.015728762283007663
Random_1123,0.22511576958368867,1.0159438235447338,0.013533198215686385,0.03387495943643752
Random_1124,0.09372411520273372,0.1649296323394101,0.03341713518210605,0.031113612461266267
Random_1125,0.21369028461350548,0.5509228861158116,0.02518043823545796,0.02381305449881456
Random_1126,0.1445805230305101,1.4987275982692485,0.0017450354657031378,0.010851939238416583
Random_1127,0.2888912757761919,0.177993825435177,0.019514152875547294,0.007118701686811114
Random_1128,0.20971171965759552,1.586064668251438,0.012541898663873275,0.029476386730141073
Random_1129,0.03171412188971361,0.10822517711215657,0.010838167220233938,0.018864631715069646
Random_1130,0.19994996090106248,0.9351175574915699,0.007485830456030246,0.0020975276404192012
Random_1131,0.2100450730257812,0.7852257587532724,0.021584942032878418,0.010730318206319398
Random_1132,0.19163616903292835,0.5035664817986351,0.027636620654096056,0.028719138087395547
Random_1133,0.07253609215892726,1.098387514956485,0.03325442817577331,0.03226198075727689
Random_1134,0.27290382177891903,1.2248859518942796,0.028549452853021053,0.0316300733469797
Random_1135,0.07328038150000424,0.9856798485967331,0.01435529262620221,0.009970206896733218
Random_1136,0.22359487701193353,0.15113738569484425,0.023901440263476376,0.023473533364128794
Random_1137,0.19475590558800057,1.6823107768201269,0.040109058299513584,0.008136906572272604
Random_1138,0.08721705598299323,1.577901948141978,0.049633264670287267,0.008897181238822487
Random_1139,0.29557379936329986,0.42115304430947964,0.026012980622537537,0.005768499517890705
Random_1140,0.22791151774657412,0.48604981466621644,0.02002753760406406,0.00928474833915498
Random_1141,0.0629828664358846,0.28255388188961217,0.005546411544339151,0.03898135970235704
Random_1142,0.24296330383443196,1.3469196467035476,0.028461825137608192,0.007650892958780859
Random_1143,0.045993085623498756,1.719895715395951,0.04229739589740121,0.011572315741818471
Random_1144,0.09774770853809946,0.3019859310524019,0.008662917895429096,0.023453587647068314
Random_1145,0.06318921712681548,0.41747965043658486,0.03400005451307065,0.03380751212565821
Random_1146,0.0709593351527693,0.7804731478631829,0.035474357201131894,0.010456309649544845
Random_1147,0.10230203301770405,0.25298010144816335,0.027704172587052857,0.03805197369521443
Random_1148,0.13768151039152732,1.4784703311571181,0.038588797888866565,0.001851904964105164
Random_1149,0.13492909176228704,0.3306535869764099,0.014557452456898674,0.035006372348372325
Random_1150,0.0500418491443667,1.7236708545519652,0.002224196146785341,0.01826811317089897
Random_1151,0.15754637447042158,0.1467091010203605,0.045217938854433634,0.024615861840337254
Random_1152,0.15645877032266584,1.2718403190521421,0.011551844876865482,0.026358290881830355
Random_1153,0.1888221501563056,1.5563007169626224,0.03880019066711378,0.02516953568612014
Random_1154,0.14164275388731026,0.3959476325010428,0.029089006358704452,0.0011283795001509156
Random_1155,0.26610271330271196,1.1709862649807825,0.016872626777441696,0.027882450562851074
Random_1156,0.11000520561681691,1.061280464311152,0.018037361619702055,0.032654525572394594
Random_1157,0.11010197679881283,0.4066272476817381,0.007056992808332385,0.03473611863957033
Random_1158,0.25957703218077427,0.7773584702635499,0.020435375074510976,0.029183906948863005
Random_1159,0.12620275366071115,0.9593836686623958,0.02321900222120098,0.021387039167341686
Random_1160,0.11313413230928027,0.4702231548093114,0.02381433183104241,0.03399709618538252
Random_1161,0.25168598886700316,0.6124671809137697,0.034683804480854744,0.008909865104894422
Random_1162,0.12616873371006262,1.5081607438307643,0.013377083804568164,0.029387904922143576
Random_1163,0.2533729860223447,0.923229815217904,0.005599477509290708,0.033807037141283615
Random_1164,0.04245542259350244,1.3288438040960473,0.03916518408352044,0.030538053712319473
Random_1165,0.229239148932361,0.31785873128147424,0.002233208517058266,0.013320423655121337
Random_1166,0.2043092993138658,1.8354064863977109,0.001418188586778369,0.03347641114420557
Random_1167,0.13956177377339182,1.349022698929804,0.02433263850522447,0.008803329711022302
Random_1168,0.13049142489884064,0.31700798423450716,0.04345566803825939,0.015492056767911828
Random_1169,0.2830777918323585,0.7040701878066481,0.00836247539139421,0.027278550125843015
Random_1170,0.1801537835983673,1.055703511030618,0.04907321732921173,0.033081007917455225
Random_1171,0.10996388781482375,1.9732851710203023,0.015005409522622942,0.03818527377810085
Random_1172,0.18418130953556913,1.7562739094288036,0.003212077891038029,0.006783486430332849
Random_1173,0.2643914698430621,0.8300262556248603,0.03046031346634514,0.030466643169219494
Random_1174,0.10559716337284923,0.9649506875110991,0.005406244427786484,0.006659765153635793
Random_1175,0.22152119763405664,1.160599385267225,0.04554080618977758,0.025237703703576347
Random_1176,0.17008755112773602,0.7504116071186668,0.03726152784031741,0.03232227721279442
Random_1177,0.07347035524382717,0.4531076518809879,0.032811538880628766,0.012524734639549853
Random_1178,0.13690915203657852,1.8419491450471972,0.012942907606148104,0.013578404478266453
Random_1179,0.06944167285203652,0.10298052931302878,0.031085149329818516,0.02029675744334271
Random_1180,0.14901916991979058,0.8269639506241966,0.01798225330277283,0.008342233860384268
Random_1181,0.12196319167291911,0.3487798602822675,0.036079622251542987,0.01435706392094075
Random_1182,0.14184096830097165,1.2771221037640752,0.04431480161918458,0.0027723739970403165
Random_1183,0.2131247806277396,1.8274691873155862,0.032372712041213614,0.02295752374016015
Random_1184,0.19781948971651386,1.0829516355962827,0.03450571326652411,0.021931148471104896
Random_1185,0.0817966993105368,0.993822187783446,0.0168344113310179,0.033801545003106455
Random_1186,0.09296517523378191,1.2453125570852766,0.02773524113521421,0.026147420923488592
Random_1187,0.22400726061783768,0.2862019687992837,0.04228123818263261,0.020688040472038347
Random_1188,0.0626377280407163,1.4328142173931744,0.03815941701248044,0.03637709971532083
Random_1189,0.22912413520780725,0.9055769600892777,0.01916617740025266,0.00797526028537092
Random_1190,0.09917102708096533,1.8632058941071123,0.0072503155813066255,0.016171175556429485
Random_1191,0.012252374922157673,1.103031063572069,0.004833790640700394,0.026710251866562715
Random_1192,0.18276787758759844,1.6890586431961512,0.0348434556829747,0.004608929176155095
Random_1193,0.2971619629466256,1.924929826336828,0.03473580863664745,0.0346522865586237
Random_1194,0.015667675509846737,0.673148052894581,0.04464490124767861,0.008708628530965275
Random_1195,0.26142610378800374,1.0248664025938423,0.02373745372753371,0.015283246873363562
Random_1196,0.06336888079696644,1.8663327989296317,0.047153398624209746,0.022649194744585967
Random_1197,0.1168948379176582,1.6605990023352541,0.02673588715453177,0.029478944141616326
Random_1198,0.21998837765388007,0.3971890420810218,0.042657654433586434,0.022236407442912127
Random_1199,0.2547864143835422,1.8179438403137025,0.018662636998161144,0.03561957920793672
Random_1200,0.1267441826321359,0.34694563705388226,0.01527239392271983,0.028398973103771
Random_1201,0.2247679720706521,0.7265095077788204,0.048292957384731335,0.012183901959412345
Random_1202,0.23079585866891014,1.407508753586347,0.01699252366303628,0.01006083045311272
Random_1203,0.23421386516135126,1.234557308924457,0.022368765975901757,0.013892309655323103
Random_1204,0.15836891608800954,1.414331992367951,0.028545612080853967,0.02911149747133734
Random_1205,0.2679954406909008,0.7847742874807895,0.0013251165984599794,0.030570818868711314
Random_1206,0.025867409239770132,1.9418645029183497,0.02672851771065893,0.034068917850668415
Random_1207,0.11967839451951814,0.15161710775440324,0.04386943812429287,0.02952507016836572
Random_1208,0.08823563879961273,1.511339948539319,0.04879043927681602,0.001129407847637221
Random_1209,0.08254665166174077,1.893660187625991,0.024339221951407367,0.006672686039820097
Random_1210,0.20642827852515377,1.3737567600564036,0.0034202560554042563,0.039748375325442606
Random_1211,0.06472154237770338,1.7301760995448958,0.009065875664891653,0.0020705336648516306
Random_1212,0.17173398778795723,1.543470080349777,0.002204519792658707,0.03953384150098084
Random_1213,0.25524364856474113,1.3091910472616821,0.04668497196905491,0.01922022891417743
Random_1214,0.26096263746091497,1.1347451050476023,0.04168268059858911,0.02887146592898888
Random_1215,0.02670548556826155,1.0258811991326127,0.03453871330512948,0.01287922426522222
Random_1216,0.1532105440861185,0.18954428056181355,0.027429830915464228,0.005060011538771868
Random_1217,0.08642203832422152,0.14103122889564051,0.03065326557053962,0.0035707744501108332
Random_1218,0.288431725955431,0.8957336381900793,0.0255967343190604,0.002290355834608376
Random_1219,0.28414058879798354,0.5097812222102933,0.03943306212241902,0.014567980765897551
Random_1220,0.15271147773797208,0.6637230897644446,0.018913031500734066,0.03057055097199609
Random_1221,0.1387598541715425,0.31704629655454997,0.04479739848196482,0.012045826571370565
Random_1222,0.17093134979496866,1.4575272503295789,0.0187496754088312,0.02122665949265578
Random_1223,0.25271368227722957,1.1879626050073746,0.024340094104288983,0.0273818209276215
Random_1224,0.11403545830304287,1.3807516944583937,0.0058400068337680685,0.02751484701451915
Random_1225,0.22289196921892293,1.7451802291546399,0.022645544922116387,0.009927826531638588
Random_1226,0.1565344724692369,0.19000132329035613,0.010865775654510995,0.0228119381018624
Random_1227,0.06047919305201905,0.9696483695474872,0.024652594554070303,0.009420790850949233
Random_1228,0.16124591862948298,1.6905915448241924,0.012454337227077963,0.03971373030620978
Random_1229,0.14320484732825306,1.8328684922096028,0.013728598309695885,0.03978791195541166
Random_1230,0.15487409102475214,0.2747090462407931,0.01610523866959292,0.022339768304161865
Random_1231,0.22477055372806978,1.225881294655539,0.02513584431730499,0.02057126106333261
Random_1232,0.10894113810936629,1.6543115845490097,0.043940424864044286,0.03131575628508673
Random_1233,0.11760032141885417,1.1796404367961,0.026452636751119446,0.01741238768119079
Random_1234,0.11042469736631705,0.9796438445841035,0.04848036327804466,0.0031746678900427447
Random_1235,0.15381129205796426,1.8071737766386264,0.016184011222867233,0.017946451410883812
Random_1236,0.27180010564749324,1.9966309508567437,0.020690481595279708,0.03223869963009511
Random_1237,0.0528213541230766,1.1623357070851248,0.029160657787120212,0.029721084103843203
Random_1238,0.02981293846320517,1.619226409697303,0.030375805134235642,0.022312508683667166
Random_1239,0.08685246448494792,0.13647832429816364,0.008952292029809131,0.03625939037979861
Random_1240,0.29962966009381414,0.8967218050028082,0.023494084081043518,0.024583855419588865
Random_1241,0.15453268992041755,0.10203151358379796,0.01444872872215541,0.0351796931929238
Random_1242,0.03263877227447449,1.4593680916311642,0.01465691624643448,0.027502744539354203
Random_1243,0.014579410420716025,0.34374556820639646,0.011197518387536524,0.039967633170753816
Random_1244,0.2646908657800438,1.339681285428864,0.027411963807901674,0.03614407423994233
Random_1245,0.19357082627250735,0.8658434320279498,0.03104723298232509,0.03670884764924932
Random_1246,0.23445639317991102,0.8942512759385701,0.02224284228018806,0.015725318378303085
Random_1247,0.11453107201226749,0.6056309619408686,0.0179321261970067,0.03961796253426439
Random_1248,0.044708424453218876,0.7543710571353452,0.03883099208183576,0.007119902508097402
Random_1249,0.058670749146042256,1.1716737188684803,0.01470511322708451,0.0017961567315205214
Random_1250,0.17997057303217803,0.7715943756388195,0.01747755931722365,0.01658961572264647
Random_1251,0.2750604089294764,1.6623273445048674,0.02454048430457609,0.03726227853773341
Random_1252,0.2855295589429407,1.7407571453226445,0.03844109966103465,0.025889457272835325
Random_1253,0.28720414138704226,0.43839899511483615,0.022269754921606065,0.006361701479413698
Random_1254,0.25211169203694783,1.5610002087198274,0.012967501515793511,0.03279810391705902
Random_1255,0.1452170750608012,0.6935891936451182,0.0183262035337211,0.011614314904181862
Random_1256,0.23275892665676934,0.3094110288797106,0.030231005485857547,0.02785339331437691
Random_1257,0.19715705094019556,0.46449025902660024,0.0029233967651832726,0.03854582010890642
Random_1258,0.06081219839052037,1.830196010422934,0.00932001286508604,0.02821227713831672
Random_1259,0.2501193746230492,1.0211655629793528,0.032097047809252204,0.03465171854240211
Random_1260,0.2623717548569748,1.7367005768847907,0.02034661177413235,0.03523276964004178
Random_1261,0.08959991989294533,0.34891514060477624,0.02305906842012434,0.03602849470865585
Random_1262,0.17909340601856458,0.1870923032659853,0.025181696581929324,0.005523747849027127
Random_1263,0.20867381426556697,1.2307362194633715,0.018119682273106393,0.02268670944377948
Random_1264,0.05132706968057488,1.957128163153723,0.026362448722147495,0.0206028851922136
Random_1265,0.0858937882072658,1.0763965393217239,0.04516940789770485,0.01568400105742332
Random_1266,0.13672098235503055,0.7138060727920835,0.013369594840945132,0.033117179661609014
Random_1267,0.2634675747365048,1.353979114452627,0.04015248503697172,0.02651798719918186
Random_1268,0.22876275501743795,0.3860442273940007,0.0175882560476001,0.02587956766108058
Random_1269,0.2101036005670208,1.8183320262549205,0.02201150115278215,0.03406332546187997
Random_1270,0.09755459031456384,0.555812478644439,0.042976452552033195,0.02088281013484207
Random_1271,0.08409360010178289,0.3800959545787771,0.02123494841253382,0.010731770614177301
Random_1272,0.0071858659706108595,1.4060827524854431,0.017274128530155364,0.005937524295012331
Random_1273,0.0072358063424110535,0.9349520734691057,0.016051081806385703,0.013797806011127636
Random_1274,0.12776915821812307,1.1672661304205227,0.02062970731649279,0.01731312472095812
Random_1275,0.1433833795341296,1.465223971395357,0.031911048777988726,0.017899514054539344
Random_1276,0.021931482091185128,1.3162116362731238,0.04987397651278275,0.026319096830700987
Random_1277,0.16016870687245227,1.044462813802776,0.016136285422926895,0.03331669630626503
Random_1278,0.15255177208649517,1.8849792084309402,0.029457089954367032,0.014673960076612674
Random_1279,0.2299565470268316,1.449298547037862,0.019102109072090114,0.010999495645412194
Random_1280,0.21197684368864295,1.666144378794525,0.03581523902722387,0.03838105441922331
Random_1281,0.11509659803522228,1.483112304858981,0.034889646007170476,0.0019329114894666155
Random_1282,0.22714149351304122,0.2533858418677917,0.006036921631800506,0.013862052617847377
Random_1283,0.21227454400541518,1.042141180639473,0.027924497566651607,0.023462889890152588
Random_1284,0.14157869181829824,1.0966708692800502,0.029468683824411153,0.017845388963580226
Random_1285,0.1522431574762735,1.0113792783543214,0.03533462722654536,0.023100343158028808
Random_1286,0.012701177996917452,1.208268063756975,0.03612265640590365,0.014099021178857443
Random_1287,0.03975757592796314,0.7873244112574288,0.027434985026871684,0.02993662050581999
Random_1288,0.23957746910142932,0.22213786473517871,0.00946940182949509,0.012650651713253771
Random_1289,0.047965283560781204,0.6876531552549447,0.024326369681464937,0.032474240160830496
Random_1290,0.036911261429721384,0.3437536984395335,0.041110457495419715,0.0014582224042943293
Random_1291,0.1263425598742537,0.3180219123256388,0.03640580879900721,0.026100552402289853
Random_1292,0.10305930829681735,0.7010349372554472,0.03054203984890564,0.01846823980646151
Random_1293,0.17237459774082892,1.6961406729009436,0.03629194828446656,0.0038687758168804084
Random_1294,0.09631613417110846,0.9144362853838877,0.011157613251495477,0.0022746474418963176
Random_1295,0.29316962471194974,1.7816575951239282,0.0042514919204501645,0.006486871518354491
Random_1296,0.24356754408037215,1.1485696269781793,0.00883487100806821,0.037062358570499075
Random_1297,0.17632305278637056,0.12331240147762372,0.012830912826547369,0.0045716107467752435
Random_1298,0.07455379262273139,1.1562020604505168,0.04704219204862552,0.01827979020942522
Random_1299,0.12916668833280467,1.6641980352118289,0.0011887806248732926,0.015778251582531964
Random_1300,0.2602931841096825,0.8470190991367025,0.03100142176972137,0.03069503205799296
Random_1301,0.11632688108880597,1.6298816251134554,0.04238290323536806,0.00874531905638732
Random_1302,0.006220260025584947,0.29402133856115265,0.030976372728545244,0.017393934367813904
Random_1303,0.16601060846753973,1.1244846913896034,0.02735313169597154,0.006121256826833954
Random_1304,0.09726060990176723,0.7121054351597188,0.022607918232882843,0.002554268494090419
Random_1305,0.15169341847778944,1.3186887055691785,0.042197064546874156,0.027490085194942976
Random_1306,0.12840847699113944,0.8934581412130118,0.03146068360538846,0.025348527804493547
Random_1307,0.06615560571928117,1.9177258644332829,0.015575267781053625,0.025203013181234163
Random_1308,0.2903266384791616,1.5057602367156846,0.03103508266768606,0.0033624588175915175
Random_1309,0.2880721492043278,1.0793256956476822,0.041770294146076074,0.026913712590500374
Random_1310,0.28022719128088536,1.2689133375665305,0.025099191721084168,0.02781631724430234
Random_1311,0.015724745685191062,0.13719746345135878,0.014731152227824812,0.022963864017111986
Random_1312,0.09605233470990844,1.2278575987939981,0.02034662061172611,0.028702882775173376
Random_1313,0.2888798712488042,1.7463225934383508,0.049458990267223564,0.03454773813414069
Random_1314,0.17250652749169737,0.3284394152327531,0.03380255583373062,0.036877801302463604
Random_1315,0.1920288240163987,1.058131740779394,0.006094569838426561,0.025938761022989268
Random_1316,0.0957359012226035,1.8612205448299772,0.0363848718113445,0.011094020457288557
Random_1317,0.23003058113243374,1.3849562132589415,0.004283873645456758,0.0038779743652911447
Random_1318,0.0693247872122791,0.4365744359926026,0.04916515654294581,0.028060511061478447
Random_1319,0.25983688265072735,0.6392542306656821,0.030312689921748518,0.03248884049013682
Random_1320,0.25133279375858397,0.9039421078197363,0.004398508243550245,0.036059459553839705
Random_1321,0.15397613035560387,1.6692070280639526,0.047355478133231696,0.005546114383624021
Random_1322,0.07529658073844722,1.7108363472606012,0.029594862746508237,0.03585285659248615
Random_1323,0.1773405813825944,1.7217500827389516,0.014539252292479151,0.006432603448112125
Random_1324,0.26720111043662853,0.47890842506783227,0.012833467716495666,0.021497266468445627
Random_1325,0.02580007987268392,1.2958284720310926,0.005605088610681584,0.02191642961115164
Random_1326,0.24733854344850364,0.22303805946619037,0.035136379074769505,0.03187458340421797
Random_1327,0.009591688590083653,1.9359608906812253,0.016494572127312986,0.02221673335929998
Random_1328,0.2970358673796661,1.9864630763425055,0.025173874165748827,0.027952464135264206
Random_1329,0.29506207582278376,0.7371637031584648,0.005294891731091398,0.034952530685122045
Random_1330,0.0060489257358715826,1.6895495801872453,0.04585691662122957,0.009968401658189047
Random_1331,0.21183075704600327,1.652560068212905,0.02194448495190587,0.025450192412191115
Random_1332,0.08146555823774018,0.4056421287945865,0.0011553432239966035,0.023808285477433213
Random_1333,0.040298727135117264,1.6502360242280303,0.02611474697728465,0.031829657412920515
Random_1334,0.07770998661964168,0.27744984671450323,0.029877432382333497,0.0363357634018601
Random_1335,0.1266394053733343,1.3419072974728545,0.025763310363986828,0.026118689996580916
Random_1336,0.2406719597156682,0.21480608454364933,0.03766600721006712,0.035855001688614004
Random_1337,0.23581119313653648,1.904958527129436,0.019417651406782352,0.018638146355991963
Random_1338,0.22407050808134152,0.46645296639039147,0.011992911273806067,0.018363272555300104
Random_1339,0.1660442246217214,1.4517532269894253,0.016485515673313154,0.01993088568641022
Random_1340,0.09793920323355466,0.7391215420191366,0.002495649931314301,0.03245703479577315
Random_1341,0.19756464386284772,1.269959102031789,0.023185707785140817,0.026895633096759245
Random_1342,0.07185257827327592,0.8681541130514254,0.004108656243882984,0.0025584241389117217
Random_1343,0.006872022387984165,0.9349466107489522,0.04789292024916525,0.00527162580308823
Random_1344,0.20999047776346746,0.2741579713666717,0.03608390264065228,0.038366080095093236
Random_1345,0.19258273808328874,0.3385736044991719,0.04496186809227752,0.014484868121972777
Random_1346,0.09153234056602344,0.2619868425826109,0.025746562813640572,0.014614550246607308
Random_1347,0.24989107890309067,0.14398744532995808,0.014484649817300417,0.03517552675290574
Random_1348,0.10868939536470325,1.5851882123421384,0.045991073067480376,0.02281228347812734
Random_1349,0.22824115655752378,1.3027377459189233,0.021600794990085048,0.0025598697019344006
Random_1350,0.03523579065707194,1.2934388321426633,0.018260683372285286,0.012126240250188176
Random_1351,0.2741449314999031,1.320184846285089,0.041831903670533965,0.004239000382190036
Random_1352,0.0665537996112923,0.6723667806108872,0.03545695204367326,0.03248807000899564
Random_1353,0.15524188579419515,1.5197393613876626,0.03192718562835509,0.01792326546991976
Random_1354,0.2821987656201523,1.9828080780727138,0.03266398242914479,0.00507581300446657
Random_1355,0.1706508677783889,1.4098259117325245,0.031447520403391375,0.01836615466581969
Random_1356,0.1427025014658803,1.5281551072385893,0.046362579097415126,0.005945364618280973
Random_1357,0.18487730902259933,1.2611740695246423,0.007166093697976995,0.0017908311740273942
Random_1358,0.06174320469901627,1.6659041691584744,0.035300377849446916,0.03290641929894262
Random_1359,0.15391163157621338,0.5816571627595902,0.049382409654020805,0.03985537607679271
Random_1360,0.08688281458709136,0.6849948607836183,0.04929981161542583,0.03657142875515333
Random_1361,0.08070171809841431,1.720597551971936,0.04947428257711738,0.03319244630262627
Random_1362,0.024847537339284655,0.9980576785856751,0.04093602516934969,0.001778083783332236
Random_1363,0.2187727101460063,1.199388863347158,0.028602390666139156,0.02237312164914201
Random_1364,0.1636711384670336,0.9703299256147497,0.0030312005881609058,0.03136750538126346
Random_1365,0.05372295288810897,0.9712660660964063,0.04339684590527527,0.012510375914933088
Random_1366,0.17949824604730533,1.2298596498280987,0.0458198945514428,0.002803494479218613
Random_1367,0.17520152829546642,1.1808193592969984,0.009237856659936122,0.01420216223171919
Random_1368,0.16245626106445013,0.8012652127274658,0.028004991172427572,0.0358342344672269
Random_1369,0.2065908241665024,0.5472480078638979,0.017484663611149198,0.015858620800428432
Random_1370,0.08518680864398352,1.584826417788088,0.031455033384593,0.011634934678989985
Random_1371,0.2577858438803501,1.032233340116021,0.027682205790276023,0.005889437279995428
Random_1372,0.08465715888373478,1.909212601479853,0.02677492161914431,0.03858815224962659
Random_1373,0.21527502699699255,1.5481381992390855,0.040461362856605586,0.0027409355178576937
Random_1374,0.09911982702387363,1.5357286023006227,0.03605430703592528,0.03970555564501183
Random_1375,0.23156898558358374,1.8018196865658136,0.016249096712951105,0.017042788747853067
Random_1376,0.1843316140911902,1.637056145726708,0.027758804737497814,0.026783319748521987
Random_1377,0.20574654441590914,0.6705579334014358,0.032527683645391665,0.0224805632087325
Random_1378,0.1624571421046089,0.10478370466697676,0.029672204986348327,0.03359396416279388
Random_1379,0.22325976292143174,1.8508039867660253,0.02894381517463349,0.02662693145075475
Random_1380,0.033523570680696335,1.870110424428898,0.03765038435968937,0.01133742998402696
Random_1381,0.021437519692220713,1.1767495134422146,0.0011101062439953827,0.003621337146618953
Random_1382,0.04978392787326122,1.0145672257284293,0.031061974030515676,0.022371520215319664
Random_1383,0.26666054873979017,1.8542528371638547,0.029267888812606026,0.01677629288808011
Random_1384,0.22306236440186183,0.1360379076075354,0.04709212899676423,0.026083398056492974
Random_1385,0.015885699218113343,1.6921599276869712,0.006374034414819943,0.03308482559479441
Random_1386,0.27814018096479926,1.7654375234101078,0.01801939688884783,0.014609116872034263
Random_1387,0.1916324837635977,1.8091367751109755,0.035742715557782134,0.0045740032394644865
Random_1388,0.15336825396590326,0.4713898298042972,0.029125211816466542,0.011165886888657262
Random_1389,0.131966605739796,1.266838143409507,0.009864816220531265,0.03426738949708213
Random_1390,0.09215236935396473,1.6705141588282253,0.007917780641481846,0.028831252997929806
Random_1391,0.23967839296108853,0.23510766431785252,0.02733535482357567,0.035431588100320585
Random_1392,0.1534920818910415,0.3536204611507824,0.013496975737934486,0.007079895785371171
Random_1393,0.010649061102990545,0.6864483618450794,0.01227761167499775,0.029540775229191997
Random_1394,0.18953883910169095,0.4783034074752094,0.033618779564414086,0.006307640844286926
Random_1395,0.021825905620189875,1.1870395190620104,0.008749583638700598,0.034524751170729305
Random_1396,0.10727648083888466,0.8407639913514623,0.01068578815343332,0.03611717155951904
Random_1397,0.17024620633961876,1.2916829758162758,0.013368851764152128,0.01777351444075081
Random_1398,0.09427013487375091,1.4322267075820343,0.004942891863914816,0.03745560799763892
Random_1399,0.06633135789491043,0.6579616677752368,0.03838449716435876,0.0068189580457047195
Random_1400,0.016567343720834505,0.49540579877447444,0.03289634205649234,0.00443192028360604
Random_1401,0.28134553373800497,1.5923608442308177,0.04694062352206579,0.011226153012028634
Random_1402,0.13429496063386995,0.9850990145943661,0.01301661823765141,0.03716691738079826
Random_1403,0.26777439805205006,1.4681897660729073,0.04007166150119123,0.02411448862364352
Random_1404,0.2176150515597341,1.9509090176650639,0.007965652451443301,0.00786322587165913
Random_1405,0.2386207748085254,0.12188003007198447,0.005132750649132384,0.030316685356493296
Random_1406,0.07421266063444913,1.5628728058954826,0.02112552869037712,0.02157150552808953
Random_1407,0.25780627783324,0.8633341577287555,0.02872719652826391,0.02339904351345897
Random_1408,0.15296633776905147,0.5000228992879289,0.04890214625391654,0.0037239665631902947
Random_1409,0.28104685199923096,0.6834099480285273,0.0067476669971832945,0.01495091640940676
Random_1410,0.27489369540864095,1.3333117116988509,0.03708914114276421,0.006363188305459446
Random_1411,0.22174322963611198,0.2036664758061225,0.03657221352847575,0.03696525263611856
Random_1412,0.08650322478265617,1.517649956561392,0.001276634974553272,0.029583482667182477
Random_1413,0.2516089540111512,0.21486611184092907,0.02931927899295856,0.008034317840377971
Random_1414,0.2096162046956564,0.6794695854766772,0.023853412079634866,0.022356078028371938
Random_1415,0.07987347405212737,1.5494428532232762,0.0015613524568787022,0.0037646876419043193
Random_1416,0.08169348126689044,0.8206552123275953,0.029777085632107715,0.023688371523605506
Random_1417,0.09232815023900412,1.6918348851748557,0.017274537570062722,0.01873826706381923
Random_1418,0.053560022084419796,0.48160767645307767,0.038730383821488544,0.01282503379056715
Random_1419,0.053748647578103215,1.288430555376169,0.010813357939128524,0.02456133238138529
Random_1420,0.20747225036534817,1.2142664174044293,0.02719205754567794,0.03995515617046413
Random_1421,0.04810327761611398,0.3981872105177584,0.04234905377489203,0.0018827687426309437
Random_1422,0.014735010853097578,0.9794879028236413,0.01840866376996254,0.006180608731614183
Random_1423,0.16129452890998228,1.4784464703800968,0.01648643039367456,0.03111217501887873
Random_1424,0.1700586482393092,1.486858283231143,0.011508180477870826,0.019506226364735146
Random_1425,0.08879842869375132,0.16278025874353952,0.008819654379883211,0.00946764895496724
Random_1426,0.06205749808472513,0.934784604826892,0.02967259112370208,0.03679130823452481
Random_1427,0.02909633936527023,0.5236703546201077,0.021393749731127374,0.02283783442231549
Random_1428,0.2744275638447027,1.9036275288975224,0.004017289434900331,0.028809523739000458
Random_1429,0.13934357074708123,0.18793725520825388,0.04597933515631545,0.022372665298956873
Random_1430,0.29106367009740114,0.8955097703756604,0.003403088079092643,0.0029551848115513236
Random_1431,0.22974747772863857,1.4687884880270545,0.0145531595161973,0.0032253784372582588
Random_1432,0.036589970856068764,0.15574139035208856,0.0035543454791967287,0.008071426737094699
Random_1433,0.1696504799743125,1.7310533071624252,0.003182255045656511,0.02600155983019211
Random_1434,0.17518745131345853,1.011276657496578,0.007059410675724044,0.017518239185782863
Random_1435,0.019757968655059945,0.6655000218051779,0.048948043622632526,0.009290140860506686
Random_1436,0.1655056919512599,0.87025717898413,0.030415308863981947,0.008986254727684672
Random_1437,0.13230921659312198,0.48693529418272274,0.01966357931613193,0.0031861864947752474
Random_1438,0.027361451824132594,0.6673006405248688,0.0018486650408806892,0.006993383403733221
Random_1439,0.29329621791883465,1.6045752589394666,0.03950598599966972,0.0035807245022644344
Random_1440,0.27784529734599034,1.5656898363125153,0.01084469777851648,0.011937827622815245
Random_1441,0.1787509772022861,0.7904317504245316,0.0073296934353818555,0.025421148477969304
Random_1442,0.044526900964266876,0.7299438754758875,0.045655869414986554,0.03692987543642303
Random_1443,0.01641011258820999,1.1225583319533807,0.016120700245814454,0.0029128918852799656
Random_1444,0.169853458257847,1.1154603261351383,0.0022137030661590488,0.029032730785519142
Random_1445,0.13229779926999014,1.996920425233393,0.010658427827239733,0.021100503855071766
Random_1446,0.24427331187626677,0.7360398581691551,0.008324566872580708,0.02793856460942576
Random_1447,0.2638855910738663,1.3847845725342895,0.04060870425301243,0.020616181076314386
Random_1448,0.1537076295397368,0.9437189625332002,0.04657830469947423,0.00528692852241634
Random_1449,0.045656900435299776,0.8806820111398503,0.020253763650867455,0.03980286328450872
Random_1450,0.14548144893344178,1.3807085381386812,0.04227189809802418,0.0025127079570601164
Random_1451,0.14900634631747478,1.3614665289755408,0.007747502491122852,0.02392080282252429
Random_1452,0.2842932826976331,1.1755020389678523,0.03356262908057935,0.02044634759302658
Random_1453,0.045387831061363626,0.451931166942522,0.004313570702078528,0.035696699716002
Random_1454,0.08794945696638103,0.2762471150108319,0.005226393794130465,0.0034973025186146854
Random_1455,0.16143542973095998,0.14485989642922742,0.02085937526855236,0.024583279482957226
Random_1456,0.06979442868718458,1.2247320956627132,0.039677876902389886,0.016019557374594887
Random_1457,0.14588221750957764,0.5858155253548586,0.03521472112535244,0.0230921247289026
Random_1458,0.07933247136344579,1.4759410149628163,0.008587942722462175,0.019370345993935712
Random_1459,0.15739612177158813,1.1174443914837524,0.008286188071260338,0.01421609217769873
Random_1460,0.2744102930376247,0.5926521850310332,0.0190096402521749,0.015094566390961933
Random_1461,0.09856374997407545,0.32287148381719366,0.024688756112878713,0.0020170171647325573
Random_1462,0.18649625442825554,0.6793328322335589,0.04700679712259181,0.01532940836072897
Random_1463,0.08702210656425327,1.6220121664062888,0.01132280395651852,0.038561539482572266
Random_1464,0.013801476174570577,0.6257785941692809,0.03697247744421382,0.0012538950226605766
Random_1465,0.13358412784902046,1.8759108060510488,0.029515535957238832,0.01849963366108673
Random_1466,0.19712405938699706,0.7049939712227957,0.021287563933623087,0.02001384319273575
Random_1467,0.04723162710677486,0.4527077277344752,0.04865397223003992,0.002362301405099088
Random_1468,0.06225741716107697,1.5133411952614428,0.01779973196550139,0.039601827187349815
Random_1469,0.013675694692544975,0.8535192889913634,0.003057660891412384,0.022863196379785303
Random_1470,0.036049886165577215,1.2445066322176699,0.0343396291788357,0.016333512493277955
Random_1471,0.12993732286784057,1.5861094936790812,0.008885521819587464,0.03881355231308889
Random_1472,0.17166915635869617,1.813312875619177,0.04824426772215219,0.023683238981456037
Random_1473,0.14493980076746807,0.25415706036999186,0.008391660241539338,0.03869410276759848
Random_1474,0.023339991331912707,0.9873849410090949,0.03701674209033963,0.020087977517169484
Random_1475,0.010584813384147887,1.311411054646648,0.007033562349045933,0.020035752247194633
Random_1476,0.0638576463705152,0.8004547219461877,0.04929821641250967,0.001167319638125675
Random_1477,0.049000358827383454,0.22555997401913827,0.047872950464456845,0.023000331572103048
Random_1478,0.1707161951447089,0.3287097554733339,0.004504731102738333,0.01850604831168308
Random_1479,0.28233447017206226,1.783457314082139,0.0066746099598122555,0.00940847133593
Random_1480,0.08724977041377022,1.3169787391345524,0.04037898010048803,0.01801000860555711
Random_1481,0.07950928811584625,0.8746814676240863,0.02197558719045108,0.004099674932460504
Random_1482,0.006076010714986636,0.6991474003129212,0.04848547186125845,0.018780352196472075
Random_1483,0.047959921652755706,0.11704107223985546,0.038393970026785997,0.001947072965814383
Random_1484,0.17245773171729872,1.9175127128052996,0.04897413198566998,0.015914330616138655
Random_1485,0.06260452385165827,0.4205473675891118,0.0335464761613925,0.01268536543002997
Random_1486,0.029783554928076657,1.4147980637794102,0.008474744192643888,0.026181874319880283
Random_1487,0.1946044538555353,0.7080087616284335,0.045120090049004184,0.00850930978714768
Random_1488,0.2207127630067656,0.14509538017070103,0.0026400135904130415,0.03183637040676115
Random_1489,0.1517812483554884,0.4309223535700718,0.02359622629274266,0.01759267197731985
Random_1490,0.005006409125582783,1.4380695960796022,0.007753055525902008,0.035867523861650714
Random_1491,0.1419046693306988,1.2465813940596124,0.005934409810217554,0.0022605250162211436
Random_1492,0.11345522760373644,1.287026843312027,0.008349073483579744,0.013030091617548974
Random_1493,0.10039777685510473,1.408390890865964,0.01577003268367627,0.011749353935094065
Random_1494,0.10471419782160683,1.4186174637809297,0.03149401332381566,0.005300981168122642
Random_1495,0.27760384966292284,0.7357446043636582,0.043341217388536676,0.025391673473713645
Random_1496,0.11469002628348902,0.7831218308686891,0.0286262315310585,0.03762416319709425
Random_1497,0.28436335485418035,1.6544325928751031,0.025537058994825654,0.026690418789479763
Random_1498,0.08531028443008226,0.22548946513754664,0.017873401976492516,0.003788834759728511
Random_1499,0.2848475273587633,0.1494105510705508,0.007688767769864332,0.014460524059914274
Random_1500,0.1596533841814726,1.3352862622909745,0.042945599246752654,0.032660867798927275
Random_1501,0.2961925721113174,1.9925328894969854,0.040612861033326224,0.0198551902786194
Random_1502,0.0804301195009279,0.9829794451275508,0.041504412313454454,0.018457484878580947
Random_1503,0.05691287466701094,0.7123743773371142,0.02786744855808247,0.005985576339603165
Random_1504,0.246114075362235,1.348641166940729,0.017901946845159313,0.018677600700739937
Random_1505,0.008671339943122736,0.4679502850926086,0.006278313832266478,0.027491207371599713
Random_1506,0.23635104288893638,0.532457664987055,0.03406925703025869,0.0027031069579270053
Random_1507,0.2294136483640669,1.8154137683501692,0.019393616945082407,0.008093530122450905
Random_1508,0.25734430666823516,1.5148006037869204,0.03992070056492395,0.027951830508812434
Random_1509,0.0065976096930292095,1.456267377773167,0.02547666184027462,0.024192827974677727
Random_1510,0.21772044721385567,0.23101101853504563,0.0437923826216714,0.02909964539999262
Random_1511,0.25699622953639334,1.8367964558294232,0.03934521006556769,0.03865969930155416
Random_1512,0.08929633214831935,1.829424518747509,0.021789467125813932,0.02479533980629584
Random_1513,0.24410618444746093,1.1263487779904464,0.005016361922392855,0.03482063509356094
Random_1514,0.13520230354802174,1.3832825118439056,0.009121172845015884,0.033551879737869834
Random_1515,0.011355196263775444,1.5430786871824296,0.04229873024747764,0.016262513802675176
Random_1516,0.2307175561602067,0.1103559115807232,0.042194875348623505,0.005618733589357534
Random_1517,0.14171995709175556,0.4410438109147631,0.04534718621381197,0.0012929966235628578
Random_1518,0.09236701000423486,1.001407843511066,0.00899419882473974,0.00640057066164559
Random_1519,0.043458372968234155,0.5980367378077526,0.046167292272522094,0.025254180655481136
Random_1520,0.053148164621002116,1.1986362271481186,0.031188927338868792,0.010084361816997983
Random_1521,0.24562623651810198,0.8721132818433416,0.02669111692092882,0.016617882647018
Random_1522,0.26781304916493043,0.4452708338105785,0.03312803588018408,0.015133402721561627
Random_1523,0.10036500241100155,1.566194257917006,0.02490109086279936,0.004716200658761176
Random_1524,0.11687889161310593,1.776140241492643,0.03565089822426792,0.0033151741982074268
Random_1525,0.1223891986143214,0.5791302090910622,0.012081988906479033,0.0034417092251196432
Random_1526,0.051585946507122345,0.7529861563329453,0.036031237579636916,0.005409842082449662
Random_1527,0.27620973123684417,1.0903907221493745,0.03824815129216227,0.01389494302633688
Random_1528,0.23098544722526046,1.8118297264639607,0.00599681389720194,0.01545402628702058
Random_1529,0.20379830344021466,1.8603732474884538,0.024952739357893536,0.026487059942513366
Random_1530,0.1252868596905137,1.2625503975279972,0.028871845758936136,0.03744869081358907
Random_1531,0.18839929989671503,0.4183134316986369,0.02574426127126753,0.03777209989044092
Random_1532,0.2131991998312348,0.6054813629142273,0.04069733131905227,0.027304326056914997
Random_1533,0.12501128572566164,0.2790167965109399,0.002833660722469796,0.03940548794522685
Random_1534,0.1896095509849458,0.5102540360617658,0.014131375164571525,0.0118977409890631
Random_1535,0.21616036983565387,0.7189835351289096,0.03804562112629439,0.03620660480146943
Random_1536,0.1643683455107907,0.16268767860754124,0.041744971961872254,0.0224928361712715
Random_1537,0.04914018557930715,0.6321230120579006,0.013351955888652907,0.02805561159927448
Random_1538,0.18669771813638028,1.81350403411668,0.02224109795547839,0.009579200768637271
Random_1539,0.05747198709836635,0.9101875704359851,0.0272898734286746,0.014778707005991185
Random_1540,0.22071133987497038,0.48464581583807087,0.021519245292999197,0.026990736025064056
Random_1541,0.009602368116465212,1.910003258180787,0.030798836103261798,0.006998166199305257
Random_1542,0.025999466162263667,0.6548966614584495,0.026070328782471845,0.03883933962501073
Random_1543,0.27611887175844413,0.14277040930588103,0.040911965854480904,0.0256864992296113
Random_1544,0.2903760291176589,0.3482047571503658,0.015538453760221952,0.007753390928687677
Random_1545,0.17617795209320375,0.1903456999370563,0.049591343641986814,0.004126895865036438
Random_1546,0.07250363658657259,0.5835190261296754,0.03578837302869709,0.017911848392022388
Random_1547,0.10617561346644257,0.49649350072504594,0.00610725327845777,0.009333730830043022
Random_1548,0.06055999877570917,1.2525120023699914,0.0327712687033869,0.03206528232714462
Random_1549,0.03549336599835577,0.6166179332339123,0.012694405193034199,0.020441269892620077
Random_1550,0.0682595201252157,0.5208941453108274,0.0064628049416154245,0.0020831697084823814
Random_1551,0.21420576505799863,1.4010332277979094,0.041169944038577676,0.015360655467865334
Random_1552,0.25552598721284797,1.1610415530101554,0.03161669329742762,0.013922451883642335
Random_1553,0.06428565214501662,1.8083696421395328,0.03922680537985178,0.022464978798727206
Random_1554,0.10170389929894606,1.4489742671484909,0.0397075489599519,0.007462095080879283
Random_1555,0.16537302697013856,0.8808192936153076,0.03697245284126089,0.02338523105802682
Random_1556,0.08769184732839524,0.18801696377829086,0.033250071421734285,0.014241033170090917
Random_1557,0.15169299737163852,0.6437653313681658,0.028623831099258458,0.012785219531640666
Random_1558,0.12437420600067921,0.16525322472001924,0.026188840858684663,0.030210127317399166
Random_1559,0.2866191262487573,1.479960267252929,0.03179564474767514,0.020932671927859827
Random_1560,0.011302824072134603,0.6362594411561187,0.010568956369976068,0.013432257534358817
Random_1561,0.20177509463512985,0.2577372689049914,0.01262667903806165,0.016861686342744348
Random_1562,0.27531342260434805,1.0817802957091955,0.03451371366980224,0.03388951069691794
Random_1563,0.23852499605424582,0.521233466376468,0.01145843454298126,0.0050412289219493225
Random_1564,0.27475160509957364,1.4766094150221347,0.04982231142240096,0.01005125851075668
Random_1565,0.17983820366622255,1.087574707054084,0.010700736557870141,0.017813186433671028
Random_1566,0.07471675080937783,0.47851049572269544,0.04496726224066104,0.022370525171677452
Random_1567,0.016116817664212794,1.9042360470920259,0.004105700003295671,0.013266265109464596
Random_1568,0.2669029663300079,0.5818707002890264,0.011252881141251,0.03878651154459832
Random_1569,0.08888377401018892,0.25922981174204907,0.01515973530973402,0.02639520933900884
Random_1570,0.17952740540277273,1.1279389527719819,0.0049021300857813735,0.009908732834044226
Random_1571,0.18253776865524493,0.3076864193445938,0.03403202440601813,0.01654313713151505
Random_1572,0.22764963303998637,0.30634975550151,0.04734290440095167,0.008258988451250643
Random_1573,0.0970466976126145,0.3157786920780461,0.03916222826933656,0.03861717268845347
Random_1574,0.2076034039458974,1.6559595730223602,0.03346759226648114,0.014670267474626932
Random_1575,0.2491805989747368,1.2458497092331804,0.02074057741577227,0.030298423845015014
Random_1576,0.16453069518515648,1.5787233431809597,0.03923709129031099,0.006671399300374036
Random_1577,0.16251906617115713,1.1157896928371007,0.018811847744066218,0.03211627104673649
Random_1578,0.2872215904216018,1.4986538336796604,0.022488515986847417,0.025214590541088537
Random_1579,0.07462516880780169,1.0320096801735659,0.03242149760823901,0.008124251189471559
Random_1580,0.1567284649354594,1.7859538893553086,0.01760329100303917,0.017485012168267304
Random_1581,0.1614422993502988,1.612687048805668,0.04465216868225346,0.02155085148207239
Random_1582,0.10064064232992546,1.7396403120149728,0.04004138685903398,0.019844058946438956
Random_1583,0.23932613190413932,1.2339724002205557,0.018441293115756468,0.010460731251364569
Random_1584,0.08516848155497632,1.4897540954562603,0.024447887650689594,0.036117761945044534
Random_1585,0.08801858656622576,1.1962793618994176,0.03508774349549832,0.011658766516182802
Random_1586,0.06419805393754918,1.1254626709523603,0.02340400240577506,0.018470262834174755
Random_1587,0.02606652640912981,1.3352265388755742,0.015848902444904736,0.018681585643390407
Random_1588,0.2339677151782757,1.7086371210524631,0.029034301976116547,0.005291689592923569
Random_1589,0.1684661210772593,1.3925969320441187,0.03484465619135748,0.005189090560367136
Random_1590,0.12658684754992117,1.977269020753889,0.013067455208745297,0.03245903766548802
Random_1591,0.0779020639718202,0.2507978644313013,0.04660300075586879,0.028331376480701685
Random_1592,0.249538554538063,0.8847752171791625,0.007904067486525942,0.039575640209700676
Random_1593,0.1949509731778481,0.802518040089916,0.008017116389709734,0.01755876033548294
Random_1594,0.29055795796192657,0.796298809066229,0.03483146409993797,0.009368038443161551
Random_1595,0.1682193642679532,0.25865427574944283,0.033082106825950496,0.024330846949814116
Random_1596,0.08424795287022573,0.11321554833186631,0.0180933493112448,0.03451512785523117
Random_1597,0.19546145806494833,1.5329372187473296,0.011374080007932112,0.006761894574296867
Random_1598,0.2110577325708274,1.5365039955512363,0.022480546815509882,0.012476692340799074
Random_1599,0.2006304783177449,1.2180195635083753,0.04968542417438462,0.03189725573348754
Random_1600,0.21277600125000057,1.5082600503461912,0.0059373824658203855,0.01726597103025579
Random_1601,0.2668453021279892,0.6226195068429358,0.004795204079811843,0.002229810589553215
Random_1602,0.16512177902516204,0.761772840986198,0.004504703017302779,0.027471591089965813
Random_1603,0.18484889556950804,0.44339312499164985,0.04709586265130889,0.03834659301157169
Random_1604,0.062103063929319025,1.6329783517888745,0.031087647717550317,0.029400244152185083
Random_1605,0.17655937913397848,1.9007817468398165,0.004568358849115344,0.03019351073983199
Random_1606,0.2575778608739161,0.2606329860768738,0.020804963019028615,0.004380541293504939
Random_1607,0.017600382448384414,1.1382277818134434,0.0014947383883532745,0.015029382257411
Random_1608,0.05595643795055179,1.1693354930787414,0.04853643067181873,0.02370384222054085
Random_1609,0.17566506147314098,0.8064040044893002,0.0209395597770111,0.009517728665121378
Random_1610,0.2235554654563606,1.2521330503371666,0.01528378945108027,0.021347215804882063
Random_1611,0.1591447316685712,1.8736907275328247,0.0031930469463820497,0.032543115908961535
Random_1612,0.27479443978342,1.7490702795848483,0.006002899884922963,0.015647169744268663
Random_1613,0.21366482451962382,0.29400088669209756,0.041990875679082926,0.013313149118547925
Random_1614,0.14370149413780853,0.7177866205662722,0.019456594225310084,0.007104656308990524
Random_1615,0.064346988356077,1.3470054254586448,0.016996107932719037,0.0015556311986241224
Random_1616,0.20527415904230567,0.10401285565012393,0.00442883981523537,0.0384061891674309
Random_1617,0.20184984141056414,1.4437833735432255,0.018672556347238453,0.028951463338302938
Random_1618,0.2852792773507538,1.425309320958437,0.02614048644846453,0.026533507117923773
Random_1619,0.12323599267097404,1.440948951441424,0.015948737195282375,0.03435822651612655
Random_1620,0.17174173207400506,0.2198886497926235,0.03940066700462126,0.02016138152647802
Random_1621,0.05362512014183101,0.503930066456486,0.01125018373440274,0.00807487144183085
Random_1622,0.08135260294008172,0.17044222930550962,0.033996854294997554,0.02730468181944384
Random_1623,0.16386034249747064,1.6291442693159703,0.021365784087861866,0.0038996441036554612
Random_1624,0.055951376982366206,0.8975474329068539,0.04762592035965418,0.02020714650676695
Random_1625,0.17641064970633447,0.9272838064348248,0.021491483631302884,0.0219493017096556
Random_1626,0.21619756003837923,0.8056944990842783,0.020685251942896127,0.012304037195599207
Random_1627,0.22041333255854142,1.54198055702281,0.02087871680884108,0.0064441014224549086
Random_1628,0.11676452734000216,0.5679408033043284,0.009622369171820539,0.03109585030992576
Random_1629,0.1305787610215201,0.9869756277193379,0.035669071358895243,0.014345488562247214
Random_1630,0.028619090135615283,1.9702657193079427,0.022707620169829287,0.02650425070605565
Random_1631,0.018294912312720027,0.12686502265656108,0.02268766250360168,0.0013536036959848551
Random_1632,0.1296171374512027,0.3161676663078702,0.007723599105531571,0.03229777230924844
Random_1633,0.10814438974173585,1.5360126047738099,0.024198044236524663,0.007313100285459872
Random_1634,0.0480836460230821,1.8528969439184257,0.02351083757175112,0.010806099432700916
Random_1635,0.07988519558322478,0.506955221368958,0.04957747016187539,0.028553598469169567
Random_1636,0.09440640639786685,0.8259066726047002,0.008938492288480114,0.029627154100469226
Random_1637,0.1151098815675516,1.2760302726669162,0.029123941196807043,0.0233809124207357
Random_1638,0.25394070080118797,0.6419367047690602,0.032446972894629195,0.0024140281804663952
Random_1639,0.1655505517967911,1.2211659976380407,0.03666358456748169,0.030082696859840243
Random_1640,0.1779575781697275,1.6629863519395591,0.02813180358220922,0.026960448329265353
Random_1641,0.22469528372347486,0.9971883002733397,0.033435281096092076,0.005318526672974561
Random_1642,0.07362117960975355,0.5316607653216548,0.0030152524159204556,0.01703123208581682
Random_1643,0.17848687512349024,1.0467646581035621,0.04824598286804042,0.004704670237705259
Random_1644,0.14254244679439657,1.501045254399309,0.03739914913985048,0.037225054969165325
Random_1645,0.11396205357677007,1.7129016594576196,0.001872710958344594,0.02878638502194989
Random_1646,0.2960962606627506,0.19927466092655946,0.03235809966620777,0.012532073147034577
Random_1647,0.04083874595761169,1.0210808587134046,0.008455857270525929,0.030087000900489873
Random_1648,0.00572000875278468,1.6444118237009209,0.03779091367404257,0.018472777003687994
Random_1649,0.26611691174280666,1.3122389588219452,0.025827478593011863,0.014949779652997892
Random_1650,0.029466710986557697,0.29515129745185836,0.046069790707734815,0.016552820114211143
Random_1651,0.2798348475411171,1.3477910399871913,0.026441984198876257,0.026571614716375848
Random_1652,0.1535352324817393,0.24238555254752997,0.027195728686650395,0.006354342026662904
Random_1653,0.14134146281078575,1.1307556971634234,0.045475322508885634,0.03532811990487595
Random_1654,0.2093990440141749,0.8616174209720969,0.04720298380550258,0.02396534775677803
Random_1655,0.05591878900219263,1.6528328097743055,0.026200063126003686,0.0259742588203367
Random_1656,0.13521781940750502,0.12567346255629683,0.01008239586844948,0.005002254317252197
Random_1657,0.08087920126116879,1.250493335440019,0.01104591757990326,0.01948135884477359
Random_1658,0.04787727132435398,0.30936106919718287,0.04555187695765483,0.01337717805402908
Random_1659,0.0740477015613973,0.39152216143122465,0.01257662579080444,0.03470202342766903
Random_1660,0.026619075657613567,0.6190508295157345,0.037083722772533134,0.024034938573646466
Random_1661,0.1909448873132808,1.6310730196971683,0.0074820985833082354,0.0039927965536336145
Random_1662,0.23998222324330384,1.6767838727007456,0.04292341053526175,0.014702649532168953
Random_1663,0.20870119206238527,1.267400207002279,0.029834307226995645,0.033654109082328576
Random_1664,0.25042019438172175,0.10194736446892994,0.024217010464777484,0.0338083486538749
Random_1665,0.16554171267112736,0.5126373646137083,0.006853829132969401,0.03496559141935601
Random_1666,0.2707802456707304,1.5822454396238905,0.023621991541535884,0.005303397888293779
Random_1667,0.0137818809250971,0.19067688428956442,0.013115987836774846,0.006629130664930726
Random_1668,0.1350157493641554,0.6785467217252359,0.014278322867055087,0.038715907396206
Random_1669,0.1041361204179134,0.7372235642319281,0.024598273137556158,0.02296962817392392
Random_1670,0.12487609903045194,1.9884456578459224,0.02405706349821934,0.01579258496088722
Random_1671,0.09373789960604158,0.49679857510045844,0.04426534281352319,0.012875541633923779
Random_1672,0.029292585083951696,0.8597279812415543,0.025942747075831375,0.022825273170067894
Random_1673,0.2709949976526613,1.9388132679876906,0.0064332316782113996,0.02303369803679357
Random_1674,0.2662716787533528,1.1420397110320757,0.022639715328694226,0.022605286807725652
Random_1675,0.14313917091606063,1.5121830469636046,0.04303497365641243,0.02330643002132145
Random_1676,0.2181283733384223,0.3501641458472772,0.023088653032708458,0.007743823256995837
Random_1677,0.05376551628510411,1.712812644326933,0.03715367299498602,0.005072936684879691
Random_1678,0.10285898154802735,0.7091561457330341,0.03260584127244565,0.005008105130770351
Random_1679,0.06932125190099135,1.01803156025275,0.03476030860257017,0.03214845890155513
Random_1680,0.05400659703835964,0.37001896664434053,0.047426082603580326,0.019099733991917375
Random_1681,0.10649485455706026,1.0311035136260192,0.0473180281503607,0.017274589385430673
Random_1682,0.22587494506803005,0.356041788758793,0.04998060362255142,0.03529590936585383
Random_1683,0.07582174690818723,0.22396888787828423,0.009748276967089308,0.023150699867172487
Random_1684,0.28714924836211675,1.7422786564376727,0.012415954710310578,0.03291462093859072
Random_1685,0.18390903842401873,0.7157506797861783,0.002189594559055463,0.031737500145984816
Random_1686,0.18950513819471984,0.887983349231664,0.0348905045746403,0.024152226485170913
Random_1687,0.26402039596858756,0.4422857980604922,0.012676582554735482,0.003652864453134734
Random_1688,0.26653226681092623,1.3747162564574233,0.018733609327732433,0.01916821407821556
Random_1689,0.28834901187238393,0.8380098258548351,0.04837442466156135,0.021870591990623568
Random_1690,0.06938236570088958,0.23485370745965162,0.04396706221325398,0.01397085981830383
Random_1691,0.2652723035214975,1.0292620715103542,0.02943576376128296,0.00436713148577152
Random_1692,0.12708029481553076,0.10967308030918436,0.031180123388945134,0.037993793222708794
Random_1693,0.09480201956184191,0.13933617524068684,0.018324581049526157,0.03552921867730565
Random_1694,0.03762611875070258,1.152684415919532,0.01898400233157923,0.030699852456501326
Random_1695,0.035322984733918025,0.28742120836844376,0.016420230286414983,0.018083474685285154
Random_1696,0.15101315872696489,1.9447984389302184,0.030086343924316427,0.021050457454063674
Random_1697,0.10396687188975993,0.6704259360555106,0.04949489318290053,0.011737494255939184
Random_1698,0.030050134005701175,1.5345734559629556,0.005244566441583252,0.010986093023033577
Random_1699,0.07219180957132952,0.5941443705572415,0.011013613781907367,0.031063059387267774
Random_1700,0.048737764000553095,0.8856367393702634,0.02441160443397803,0.027432393853179395
Random_1701,0.060795224034942606,1.2094564898952138,0.01888834077561519,0.010115225324463892
Random_1702,0.018025912544614983,1.935548693685211,0.014019907069862655,0.016141313947667633
Random_1703,0.0142825992979926,1.4849498764443405,0.021755249895680503,0.03264696459855518
Random_1704,0.1498556015163133,0.2152184364614996,0.044979644979839535,0.02368609912920377
Random_1705,0.0670164090691054,1.2967682751368677,0.009253183069865726,0.03330045214862989
Random_1706,0.21991263006382253,0.8683638161279467,0.03608389247173806,0.026411513540752884
Random_1707,0.07876290278823901,0.6940752065183575,0.03301378861702652,0.03161257067494578
Random_1708,0.21709917978032314,0.9984969566159975,0.04611281429581091,0.03137169329811026
Random_1709,0.006409221023872734,1.2535394035545744,0.04601326814018956,0.017000822444925564
Random_1710,0.11994523426752544,0.21964752948342722,0.004009814896909159,0.010151295694130587
Random_1711,0.275819545641973,1.0154781160982684,0.02658289223158807,0.03426949488190498
Random_1712,0.03758871099889892,1.3878624364121352,0.03391142959133781,0.022360513906614348
Random_1713,0.17041695497287845,0.8280374933155041,0.02774763298023034,0.0334616838594714
Random_1714,0.14124685593856087,1.3092630252438635,0.0406718387923949,0.03224051500447148
Random_1715,0.05484107461712237,0.1070772736971916,0.006176127233118308,0.011968951266766593
Random_1716,0.008053188630363984,1.171875556442171,0.0031565128263262828,0.026978596134388893
Random_1717,0.27204055394302307,1.9435298181922664,0.022060721838358957,0.03331484912005257
Random_1718,0.1914383296607095,1.724512628230703,0.010138332196389033,0.027462333114934043
Random_1719,0.0170118078176881,1.8385060674823026,0.0017542251326457584,0.034526342982589414
Random_1720,0.09033192628342261,1.037570779725003,0.03142862483235626,0.016527670555562757
Random_1721,0.2003109753941229,0.9066317869329084,0.04668698542459298,0.034582480508606524
Random_1722,0.17197779283839024,0.3356758709413351,0.03394533321150331,0.03105511249508374
Random_1723,0.17834442800893874,1.2662907360351192,0.001431817117264806,0.0040063867640560274
Random_1724,0.15826773064606744,0.5717079547264147,0.004645911755449591,0.013385583897917778
Random_1725,0.0898193343609945,0.8345154888480952,0.0410263971675272,0.0030595250028423913
Random_1726,0.02711414946216074,0.4031215768410975,0.00749796488028995,0.032973643846293046
Random_1727,0.05822531581630822,0.7593283103237054,0.024544698507774368,0.032392610482287976
Random_1728,0.17993893034888575,0.8974206512197918,0.021858441961678965,0.005322770413698614
Random_1729,0.13594856103100733,1.5249541922977996,0.03249818792603978,0.010298445905455724
Random_1730,0.044642267198803195,1.9663369488831666,0.0369632166709861,0.011981216790068909
Random_1731,0.1783540336931451,1.4824844923126965,0.028968687556741736,0.003004758987052758
Random_1732,0.22961592735520814,0.21883896986526874,0.0012136552507299285,0.012948662298119869
Random_1733,0.028120476860642868,0.4316097261639943,0.007424656550982316,0.0035073292819887145
Random_1734,0.09370587881102414,0.27254694043676697,0.024348715952376733,0.03241125473102028
Random_1735,0.18903670125851135,1.0649259272497336,0.04924645801069424,0.01987168218836641
Random_1736,0.2857176324126369,0.961177963936928,0.019360576217082016,0.0076625797036505485
Random_1737,0.0973822916084582,0.39231927685068313,0.039510732156020606,0.019094129523998256
Random_1738,0.05659781694105489,1.2871460832773958,0.0474150361979789,0.025595682938880163
Random_1739,0.10836126089111267,1.0851119268942218,0.03424900627962849,0.00257539674690829
Random_1740,0.12510863418545895,0.6051753957651542,0.01517507053271901,0.026193074116491313
Random_1741,0.12270362940116097,1.1943401310721093,0.013559376656467021,0.002883727074614195
Random_1742,0.2775993047353309,1.0991162303313975,0.03880654186247145,0.016559519157379108
Random_1743,0.29228740611620285,1.8123804847175407,0.03651387240290093,0.027781031661045577
Random_1744,0.02939153694708643,1.799619007704515,0.0255768809074731,0.0327529923818235
Random_1745,0.006440698105299898,1.8187136084920148,0.010576931811805738,0.016769072980461517
Random_1746,0.06397130763181019,0.23786304981288273,0.043207230815777486,0.004706257521012612
Random_1747,0.22513176606367427,0.6234697544509759,0.03064564961812092,0.034027361292597855
Random_1748,0.183570392826726,1.6293522945326648,0.03206818500272951,0.03957814939036336
Random_1749,0.22135180626876563,0.9320063127801741,0.041081607009669514,0.027132424504730128
Random_1750,0.20271297912935435,1.5853889707489657,0.028030688367444753,0.011489512417252528
Random_1751,0.26228940472519896,1.1062533567849484,0.026326862234222172,0.0020257276286168475
Random_1752,0.26115590292112306,1.7136564377134764,0.019994272639796327,0.0391809092263663
Random_1753,0.2533617735140735,1.3325924922555836,0.0035788314519723708,0.013346900109429027
Random_1754,0.10982951626107086,0.8017730656319253,0.023592872524872834,0.03136635740196871
Random_1755,0.22990088478068021,1.937051082323947,0.0436476153326832,0.009317687508994588
Random_1756,0.2596999239670958,1.2317326137763334,0.021984910868460134,0.03502752390619626
Random_1757,0.044558480805406565,1.1521339258112164,0.029357345598132387,0.037683966510672406
Random_1758,0.006760128181214559,0.8302714890343966,0.03701065474466965,0.032086363113280156
Random_1759,0.20549776236638884,1.1777123134812526,0.03273355233177536,0.013272109175295189
Random_1760,0.23449840544285055,0.7578811976543579,0.018892281945565168,0.012108236397286296
Random_1761,0.09289986167141662,1.2636370925394045,0.030522116503535545,0.022364172005574855
Random_1762,0.15812381010234478,1.2986670353273002,0.02019630518060362,0.023498303663621593
Random_1763,0.25100496117247356,0.5304899872387754,0.039535834916107446,0.031147526838100466
Random_1764,0.17644414402437106,1.1581286347839144,0.012812478796488974,0.026671885704888265
Random_1765,0.28058581200801797,1.9191230655897595,0.04704755108039162,0.0175718602555761
Random_1766,0.13568895704432407,0.2795002729504502,0.032361283664157574,0.029652424228929494
Random_1767,0.07338216856253883,0.7837738251512723,0.04497829682870648,0.01635445553020452
Random_1768,0.11722967248013547,0.9128457387310919,0.031625028878318175,0.03875647624554475
Random_1769,0.2573069928046491,0.6837383083497396,0.008173671478612681,0.02857926997831668
Random_1770,0.03678146565738016,1.1656624611912152,0.04242550309853838,0.03803040679285508
Random_1771,0.18127442237409172,0.6636874698449776,0.02534246349666993,0.02782636248563707
Random_1772,0.11046704056889542,1.7282543151992207,0.009686553694850893,0.02893696511925932
Random_1773,0.208014274061157,1.7554221815390922,0.04456191349836912,0.0133888360486067
Random_1774,0.08589916369932785,0.25048061383024556,0.015623687443083348,0.01897797819010456
Random_1775,0.09703767126799853,0.15165080687334526,0.01799455145437224,0.036050821297208206
Random_1776,0.12498998386347049,1.450086420019588,0.01952104209038369,0.008758785392726887
Random_1777,0.24297003306144424,1.01388944709322,0.001171704598391496,0.01842778175617845
Random_1778,0.07633449665129977,1.7108629209003297,0.020965831261294553,0.024802822567212213
Random_1779,0.10965505245938753,0.7569918585147901,0.043398478659406825,0.03164110342370443
Random_1780,0.27238105256006695,0.6592603328549341,0.046440988401567906,0.016075220598134158
Random_1781,0.11158001725909873,1.8482490221790933,0.03289563349232905,0.005615484077394617
Random_1782,0.11620575443908089,0.770148474401076,0.01471998760203886,0.029243903936895594
Random_1783,0.010136452053459939,0.7601188164874895,0.021048242080794536,0.015965657413179023
Random_1784,0.11881431986515077,1.3854260956629858,0.016934650827760404,0.025941194085755702
Random_1785,0.23449703043287365,0.6639471634762465,0.027201391604676883,0.0016199959272568533
Random_1786,0.08869264614632616,0.8727492553323429,0.03151281810856634,0.03240061724796831
Random_1787,0.04704360463479522,0.5863922583272762,0.020617478728139155,0.036354154348116584
Random_1788,0.11631401640692014,1.3244043402248389,0.021430162692990824,0.037170280626871895
Random_1789,0.08961001654924233,0.4381368536751101,0.037013154052941505,0.01901995715811435
Random_1790,0.12402569934211664,1.1068172755361176,0.016320936752571968,0.024293103313625972
Random_1791,0.19475640047325982,0.22264010423939978,0.049905366842202425,0.017204918979678064
Random_1792,0.03645429186670836,0.47772421349962846,0.04761301085210725,0.027051011350242602
Random_1793,0.2132334728547541,1.8430755349135484,0.04015661321434452,0.02923361264647525
Random_1794,0.19550716409372668,1.8452387593347677,0.015711899135364433,0.036695317206328126
Random_1795,0.1826057352317216,1.4339594841444625,0.04844547626843278,0.004905526926619016
Random_1796,0.09665318145448411,1.4650334397836546,0.007768279552084505,0.00839195537429252
Random_1797,0.15321006629800507,0.4545150966147391,0.02249859284828702,0.0013560490073750485
Random_1798,0.012928912001147055,0.6302204623187502,0.04072938490276143,0.025564739028056102
Random_1799,0.013972265054764978,0.32035920334458323,0.0016942887309904198,0.006553342340335522
Random_1800,0.10791580202800428,0.848376742591814,0.010217788218384836,0.03563946297483655
Random_1801,0.1388840912031385,0.9796996942938255,0.004811442073200599,0.03290624584889986
Random_1802,0.2772898259186854,0.42562945528577223,0.01895919896349162,0.014962793398019932
Random_1803,0.019179183621593713,0.5278690847538003,0.009587131215479699,0.003919564732522793
Random_1804,0.166975748173116,1.3669518207154885,0.04033001193474675,0.023850860714846298
Random_1805,0.017565972720931775,1.616114716304658,0.021312290412548066,0.028282951288554316
Random_1806,0.0358649240193517,0.9411426087408797,0.041429694833033874,0.025602317556000433
Random_1807,0.15969090220523893,0.9844412072084407,0.02985459808236154,0.031963463603036486
Random_1808,0.2763226321077844,0.5095765441173932,0.0018882210015001488,0.009120701614767832
Random_1809,0.1890494162078282,1.0274079785943895,0.030265565082616686,0.01145952589967051
Random_1810,0.23639842396276145,1.5701948314591876,0.01567851498347545,0.008578860683888034
Random_1811,0.21543827912739277,1.9454918486085109,0.016589473730380184,0.035426022335831836
Random_1812,0.1596212412161818,1.7102320646352311,0.0027078305461333487,0.0010238667207174686
Random_1813,0.028586044430222383,0.3850265655758913,0.021531674658391953,0.03657687060555676
Random_1814,0.022500556515071584,1.9997638918268397,0.038389482536430444,0.0375511079590362
Random_1815,0.1504723511078251,0.19462279883095712,0.01783764752343456,0.034889355326475385
Random_1816,0.032075291072076476,1.234620817544427,0.04905391903674196,0.01782383710011724
Random_1817,0.010114417809979757,1.758467130546977,0.030787360067062217,0.0030489502208172294
Random_1818,0.04763566394460327,0.844415581371489,0.041597979761208895,0.005193435466171767
Random_1819,0.29078059931239836,1.2838862688914632,0.00589326085246037,0.02550730997556154
Random_1820,0.2642614921832168,1.3573406524812137,0.03828678561304984,0.029631638172963003
Random_1821,0.12031869877466853,0.7429326769257522,0.031653195096753746,0.004834553937891058
Random_1822,0.04500461327537749,1.8682015902341618,0.04110605660768688,0.004024215061027123
Random_1823,0.06244394991045132,0.2717393452781549,0.009922916094366473,0.010863610431360332
Random_1824,0.06405869397692217,1.8210109210104395,0.00370171237602465,0.011666340411600105
Random_1825,0.19075204211625435,0.6940400527398575,0.011149244214160622,0.01343176754858054
Random_1826,0.18200711147155335,1.359853498418598,0.0331201093465198,0.030856876430749546
Random_1827,0.09285054781719725,1.1150594615953062,0.034564049945955376,0.037306810575055416
Random_1828,0.02537985819167949,0.9947827821558556,0.029051576994329316,0.020042302845153126
Random_1829,0.06643547345671431,1.759389659436823,0.04957787876390384,0.0026097893187906765
Random_1830,0.09446734696646113,1.4075456926815513,0.009119017933661506,0.00880486219966689
Random_1831,0.09097874478638988,0.3638256838326074,0.01430926281851751,0.005481045265352955
Random_1832,0.25890319154193975,1.2245901095048968,0.030431491975190423,0.02181393377409981
Random_1833,0.15813004802980643,1.7088661614509806,0.03661577353586182,0.00846925310758367
Random_1834,0.2699498506854263,0.9567368728667477,0.04909886958137326,0.03534642315982936
Random_1835,0.0477740534928206,1.5154195856967716,0.011249341995549039,0.005242784710703355
Random_1836,0.1363303298838653,1.2539154807225177,0.02771975540719976,0.029932235009629615
Random_1837,0.046887858447718776,0.7215937499694035,0.03556916719068506,0.007122096881993679
Random_1838,0.2681425934299706,0.5281189266342908,0.035649985180936775,0.03864569985431919
Random_1839,0.098223358165103,0.7812571926448411,0.027087799345599628,0.030052371776697857
Random_1840,0.14991945172473223,0.8223923800991155,0.007770164071877137,0.024983459711045933
Random_1841,0.18307033389039867,1.689947311768712,0.04156571506692573,0.009910972015270001
Random_1842,0.20197286372458437,0.2748923062432228,0.04367771483244525,0.01374761112718242
Random_1843,0.011620428231326994,0.5996276044980575,0.036902733667889445,0.017614210848872693
Random_1844,0.05122320783281516,1.942736867514344,0.048795100562379824,0.00891315573345072
Random_1845,0.2910532392398369,0.6753891956498889,0.03521568713966542,0.03940113753212786
Random_1846,0.245650826300244,0.4103823440136445,0.04803193394781805,0.0300682037266047
Random_1847,0.04134594797964547,0.2074459332427849,0.04730748702862463,0.03200696735365146
Random_1848,0.12084869609304343,0.30594106755109085,0.027822059808701467,0.02149933539976236
Random_1849,0.1771328667367112,0.5994063955328931,0.028271038594494563,0.02564231296519809
Random_1850,0.08904177192718438,1.163992150122196,0.02659388943966375,0.03459855270896315
Random_1851,0.05104581552912214,1.6972721884050095,0.004544195484687486,0.009800232020464424
Random_1852,0.08519424520674808,1.4317959782479581,0.020338021154584218,0.003886219497363565
Random_1853,0.13591663002264792,1.4859971273282742,0.002226082106452319,0.026594015697198114
Random_1854,0.23488127085436566,1.8457501240614402,0.03396247153650501,0.017313241937159315
Random_1855,0.032307387287964666,0.19500831134704572,0.020613736721952665,0.021581247941340226
Random_1856,0.0832364152073852,0.9493430602222928,0.018739647071572163,0.03739753188058707
Random_1857,0.16509619859509103,1.2615268082924413,0.012036521880495827,0.03063236940909044
Random_1858,0.022935902907479905,0.4867669513149253,0.04674327320650296,0.03382864303479664
Random_1859,0.2193754522548377,1.7574972645340579,0.012046288213132025,0.03318412295632919
Random_1860,0.13940195851389114,1.5269603797517808,0.04399318193513751,0.00486053376122984
Random_1861,0.1624995020486678,1.65010427448305,0.028257541337848108,0.032714163524424106
Random_1862,0.1897605052572636,1.4971268357866405,0.024070649272052984,0.031028713753736597
Random_1863,0.20259541916401003,1.0636412715785382,0.028532365181456663,0.002265103125878411
Random_1864,0.23537471881354502,0.6105029298977892,0.010576027407174601,0.0269420675927642
Random_1865,0.0445360553052298,1.4570640614354555,0.024741822944732875,0.02320733797113349
Random_1866,0.19213617084123238,1.1789651483895554,0.0315824997927751,0.007826026207992092
Random_1867,0.2557181827341255,0.9473996189160864,0.04130393468526279,0.020338070143793803
Random_1868,0.2610175721189174,1.823742919992314,0.042623136213715974,0.03502253072609036
Random_1869,0.18832036220997195,0.4620598357294041,0.02498682351095405,0.03166273321910037
Random_1870,0.20844204031822827,0.6167560113951973,0.049436010117488084,0.03518796577503843
Random_1871,0.1872293799286513,0.673904491775998,0.026343543301390285,0.01559136591815495
Random_1872,0.2560455579058511,1.046262888332994,0.04728683918505822,0.005206780369358131
Random_1873,0.29655894665385985,1.8869152904840178,0.045164475298562365,0.015959190738719608
Random_1874,0.1714513124200566,0.355966451237149,0.03668254038494927,0.02064182117971378
Random_1875,0.16632228989166337,0.7759731063673292,0.03588325810381626,0.035303576607459766
Random_1876,0.03877110779670408,0.5100785378158744,0.03089896712033583,0.011841930361457129
Random_1877,0.17179821349877575,0.6252535278229986,0.01524344034581247,0.019442451370568884
Random_1878,0.1458123421631718,1.1821116328375871,0.014670770694661814,0.026967855320093256
Random_1879,0.23337532794524432,1.1825875394287053,0.014814808034277406,0.029894202295362382
Random_1880,0.13363300704712142,1.158661840722325,0.02352331828392247,0.0059257459026155765
Random_1881,0.08560152008176668,0.5624317330096287,0.02834505842626622,0.016199006682573427
Random_1882,0.2243004013453638,0.6074872829801801,0.016366450044379838,0.03542975746527687
Random_1883,0.13710150145937453,0.9461712467581713,0.018670283964838958,0.015211901017199617
Random_1884,0.28777944935093175,0.5094045824497578,0.04787251896865635,0.007367816335184528
Random_1885,0.15959880211625738,0.5509396105170145,0.00705615325121778,0.00749920583841149
Random_1886,0.1852662656898248,0.3154945095856204,0.02195395176763766,0.009896122346627786
Random_1887,0.14601111552823612,0.2908336290137413,0.008164319378675575,0.004912680662868287
Random_1888,0.2887093919897533,0.33179146452365127,0.023451327549108326,0.023574371231601766
Random_1889,0.08710538298741143,1.879672428862271,0.0017646770622029967,0.024172613511063947
Random_1890,0.2821209541548802,1.7134284996505387,0.028094846995309283,0.02712299544352411
Random_1891,0.2449073982574084,0.3600139018650621,0.023832449573833316,0.019469558322431222
Random_1892,0.11706006410257863,0.42253636236757575,0.03534043025598922,0.03459610152548023
Random_1893,0.18614390593971322,1.3662164317892758,0.02871792703568079,0.01219684907627579
Random_1894,0.2063698594582861,1.0513877353977907,0.023107109379814358,0.03839845249831038
Random_1895,0.02821196077030645,1.189123902604347,0.041796918949191166,0.00787281108683417
Random_1896,0.10367350665191065,0.5388931801507991,0.042503676685956074,0.02828414358339881
Random_1897,0.12551506432862997,1.7835007486331589,0.02054308552634335,0.030093942697171538
Random_1898,0.05623807356292971,0.9564713205221058,0.02187911367543356,0.026218252045177703
Random_1899,0.2983763471833145,1.2847150897790254,0.021381003046757132,0.0021843963303061417
Random_1900,0.14740382252590675,0.9044352173236142,0.04764744344162011,0.017225291344138877
Random_1901,0.12797853491158698,1.282164551786619,0.04595264036719384,0.006375129465883347
Random_1902,0.015288340660035683,1.4174176081296854,0.028046387977348798,0.02401665960408418
Random_1903,0.2058114061745568,1.7551732005415415,0.007741756882566805,0.025017150580674587
Random_1904,0.2237404056444767,1.5739837625726147,0.009555267775660955,0.018910290425165517
Random_1905,0.08481506442255383,1.2391751762430425,0.03561902171173014,0.024833767783965788
Random_1906,0.18533823063465477,1.7495320623672326,0.03655683503272291,0.025000912012382696
Random_1907,0.0575035876253853,0.3188320990309811,0.013294902640611221,0.011827949537109986
Random_1908,0.12913646857272962,0.9219791551495236,0.018323338039706732,0.011001640681044145
Random_1909,0.1926222554683622,0.3128131058784459,0.0034265757821398822,0.01769819371133634
Random_1910,0.09682046973510412,1.3452271547861656,0.012899769046809468,0.033849997789328526
Random_1911,0.0948938717481546,1.2224620776916038,0.038150221632406535,0.039505325899345196
Random_1912,0.12179627541407183,0.8552040776359525,0.02019894721314076,0.011388196748385374
Random_1913,0.013521123964846511,1.5054295963932744,0.03586867473620415,0.004752538171892548
Random_1914,0.22995703964288877,1.2676922085146483,0.0477611713552866,0.0035585677979492127
Random_1915,0.28620454881409774,1.1870324906530083,0.03893599151864073,0.028718000153701576
Random_1916,0.051884502964488516,0.9091250896333054,0.029317314099126364,0.027693015842930293
Random_1917,0.1816237739129412,1.0834425330179211,0.01921076512500199,0.025802638337294122
Random_1918,0.06811380647829816,1.344072797853345,0.014459356565497416,0.002987615737493816
Random_1919,0.0896638513290703,1.291323824897503,0.04364300754952629,0.017187664985075318
Random_1920,0.2786213719361418,0.9623768920357749,0.041014215183741196,0.031364015271414476
Random_1921,0.26912967418882966,1.0049005183836737,0.019656084495562193,0.008356214454662895
Random_1922,0.15360863390823765,0.9123481662840617,0.032194440034602013,0.005648401660213435
Random_1923,0.1978834070038953,0.3180120754916192,0.04536046603129993,0.03268947189001335
Random_1924,0.04767008305270523,0.8975429620807527,0.005922657633796667,0.029082425601092154
Random_1925,0.11785172334876226,1.7829957069834494,0.01535003091230321,0.0022949123988364696
Random_1926,0.25453997238256876,1.4377487598059284,0.007005039357265538,0.02629974282015089
Random_1927,0.12598481615464752,1.5761341987780895,0.009390024357248321,0.009528237287872367
Random_1928,0.24109388365624615,1.072319572133896,0.015165281276938766,0.020795266579708382
Random_1929,0.04668509543573076,1.1660038981867877,0.048979257830422535,0.01686744959303774
Random_1930,0.11041958880363678,1.3471608170133715,0.028675746807620608,0.03101816229618655
Random_1931,0.23295384602051963,0.9177754469231363,0.028826451159623172,0.037933094809648814
Random_1932,0.10567351556650542,0.6863693707385877,0.036797097335346786,0.010053740555945032
Random_1933,0.040293542592267854,0.40621996766535606,0.03138251471354169,0.024306243085636132
Random_1934,0.040852969107444535,1.8405517663654598,0.04071462270431132,0.023942317069016207
Random_1935,0.21716798623674724,1.3620355716596493,0.007034033876303911,0.03919943773058722
Random_1936,0.29120326614388403,1.436889029500792,0.03736791353098653,0.03817603860195475
Random_1937,0.24887551966241175,0.1480661754634634,0.02209238052884233,0.029599892090281566
Random_1938,0.03157478288342884,1.9325679744350006,0.026237135663002085,0.006642771578647667
Random_1939,0.26093318004128313,1.1071554229013656,0.03416689285505884,0.01175742279963124
Random_1940,0.15535370740150134,1.5602766956729566,0.045627440660166135,0.0017003537325987138
Random_1941,0.16962666513263208,1.152301171739527,0.0371750551796782,0.014776107254723662
Random_1942,0.021818741885987068,0.7339215038029154,0.02430602128800453,0.006566946466071328
Random_1943,0.2585018119614981,1.5082846573244981,0.037323791016861875,0.005836294723582605
Random_1944,0.08484063135541535,1.1037898163819637,0.02839247520198464,0.03577263582152002
Random_1945,0.07214442835356663,1.9159378676266623,0.022460182842291673,0.01827968756054639
Random_1946,0.08905727450042597,1.9738014475156984,0.04301241113874923,0.014301697830332812
Random_1947,0.14894120794985957,0.5069007302140237,0.03904190156470062,0.027705134884198162
Random_1948,0.012782256685794035,0.11297071175264688,0.0319711012917615,0.001759324691787918
Random_1949,0.008812246234069985,0.7351641116236454,0.042750680903804655,0.023811794913399676
Random_1950,0.14638188237551863,0.477121087349917,0.00932449333270589,0.039844788013636126
Random_1951,0.028414237494283862,0.8960140137220303,0.029816652434785464,0.02179773375216662
Random_1952,0.28616678304515264,0.8449769106558773,0.010968271625367693,0.001200213892431799
Random_1953,0.26472336501679067,1.9996405490806097,0.003329762494875806,0.03357485352076622
Random_1954,0.16251269861131512,0.5171862597918694,0.044044385471554155,0.03122926946792947
Random_1955,0.0496451159589812,0.9434674765932225,0.0041055001176515515,0.029031388811274438
Random_1956,0.027036622367183807,0.6839205774547314,0.04048213492406743,0.003913090008949106
Random_1957,0.08505423383674152,0.9325982930163412,0.018761068981596137,0.026372970528279076
Random_1958,0.17189566019284452,1.139228799910068,0.041828534781317206,0.011037814547965229
Random_1959,0.03526095699344191,1.090147263847713,0.023181870330403132,0.010022192094176843
Random_1960,0.2081250464939213,0.7508825031171397,0.005253587627624911,0.003756642988221261
Random_1961,0.07595829834055286,0.8142294060704817,0.0466743900223561,0.0016789796733294002
Random_1962,0.2325384971069663,1.1398365607980152,0.007283727281862784,0.02538827471787312
Random_1963,0.049732201651921375,1.1207634934426887,0.026865986058541326,0.024921325116293785
Random_1964,0.05688903865932375,0.6849843870677833,0.012452780810192778,0.004354117856540318
Random_1965,0.17613710827592932,1.9932567710026385,0.008344778084333329,0.031103818937319377
Random_1966,0.031905370198859,1.0872825607643128,0.04870581493218705,0.0066180900526616035
Random_1967,0.15778664630364708,0.6679265125439218,0.02540586788201307,0.03148055000264288
Random_1968,0.2896986443638008,1.1249654916924796,0.0013571213123423748,0.030742416658968715
Random_1969,0.11522184576018933,1.4676629682870002,0.012828185666702446,0.01763120489833523
Random_1970,0.04475421823002341,1.5936194444135232,0.007298263953961419,0.005963254746312505
Random_1971,0.2184493891655376,1.9546586173875828,0.004627299346995937,0.0028791165997330095
Random_1972,0.17914743387448823,0.17128035481102716,0.019249021787254506,0.018558974525589012
Random_1973,0.1778356936631943,1.2561160585056381,0.04448321449697245,0.006084740409059595
Random_1974,0.13103730083498952,1.309880962145705,0.002920298776923423,0.03458972104437361
Random_1975,0.09384230823913613,0.4487211900879591,0.041882176513198456,0.013664083811044316
Random_1976,0.1245768119486374,1.5218316631075421,0.043138454540224816,0.01875740843468871
Random_1977,0.016504720691698404,1.9033687229345786,0.008955973363811907,0.034817902563033305
Random_1978,0.16668393027194792,0.1397781481538613,0.026383891612539043,0.017685446141539496
Random_1979,0.19328965551073493,1.369517713303615,0.04356893884742405,0.022198663926814178
Random_1980,0.05474727161553788,1.8758839656431514,0.017603451374412583,0.01634703532802202
Random_1981,0.2323396329961182,1.7308825283844012,0.033039917025525514,0.001927072839748465
Random_1982,0.26970284384844656,1.1423849605202336,0.04662562712272105,0.004668613211409669
Random_1983,0.25169457146051416,1.330786642279177,0.033564785045178194,0.00617255565360977
Random_1984,0.11858122224029889,1.0594878492546944,0.016919377807437627,0.0019993687878857853
Random_1985,0.23865613046553294,0.8391142018336618,0.04153028510928188,0.021352051094384875
Random_1986,0.13948624640398966,1.0757194056296178,0.04933758289646157,0.010114627575517572
Random_1987,0.022212607630314542,1.5524722345794422,0.016610819060419287,0.01860202135709788
Random_1988,0.13435242704036565,1.746937888802746,0.01114377077722966,0.00437051888607588
Random_1989,0.028772579863134196,0.49023737570843695,0.001322956749901786,0.025697749868533667
Random_1990,0.07846895296330976,1.3670551284319135,0.030073128873646826,0.008482323655746509
Random_1991,0.24435033852435808,0.916041122712327,0.028536433638366058,0.011006330303901898
Random_1992,0.2096952144776101,0.3309413609381999,0.026980221549682375,0.013810097678094227
Random_1993,0.24981090948377474,0.5550316952759059,0.021298117035203387,0.024498085263383873
Random_1994,0.21822898419578562,0.655262719624381,0.049539130068359034,0.02536100629757052
Random_1995,0.16691030698192555,0.806570909779275,0.034758174567736895,0.007846386643381175
Random_1996,0.11878697095478416,0.6154732551715926,0.0369606705068099,0.010446106598309007
Random_1997,0.09614359864870935,0.800717877925993,0.0035285408765732174,0.01633105259263637
Random_1998,0.04097419586328889,0.8071938089843645,0.035668600665908996,0.011446358515977435
Random_1999,0.1336892385737793,0.7064551881062296,0.03114609934401512,0.034809094169947666
Random_2000,0.12384161671449806,1.0952780711700953,0.04403009229316222,0.027819319064999938
Random_2001,0.13949306975940567,1.262919342586792,0.0249239823812488,0.01960906029342078
Random_2002,0.10317573821364664,0.4463410561442718,0.01731598553666336,0.03223557002199012
Random_2003,0.054272965517149274,1.9695642195240812,0.03828935997792729,0.011044153004470675
Random_2004,0.10231768603235454,0.22161281539205008,0.045429945659377316,0.035891491293527276
Random_2005,0.12134215742429864,1.2569128784108752,0.039223934548469896,0.010618315029054047
Random_2006,0.03211460934010418,0.5889182519712679,0.0331144667081772,0.024725569313711313
Random_2007,0.04893696402930766,1.0401741289336346,0.013358825978185766,0.03336880121766218
Random_2008,0.0325164776692383,0.8305510459746861,0.04615984067774785,0.027119761972338674
Random_2009,0.2772217014921225,1.4718156793800876,0.04848648058273387,0.0029292429553878707
Random_2010,0.14033858986749242,0.5093774417682891,0.03972115012473323,0.016817117276970155
Random_2011,0.15517033868637703,1.7318376376994986,0.0026415527005015666,0.03964779636174528
Random_2012,0.1895210413000167,0.2936084297539222,0.006902643204874314,0.004116752507684571
Random_2013,0.12465905567822955,0.6722546155947049,0.016362120801908037,0.005491147995574338
Random_2014,0.2710909026559983,1.7308390671541654,0.012948090265053641,0.03657386442130948
Random_2015,0.10276346756355219,0.4474564997109527,0.008637332094061326,0.0016499612349471836
Random_2016,0.20174844656785998,0.9368037257769152,0.03469456709418022,0.0024467254945359966
Random_2017,0.22024794658543811,1.4875037464208252,0.01473937834598895,0.014529381867006079
Random_2018,0.2300942196223597,0.8623141691610053,0.019738655360247208,0.006308528702087426
Random_2019,0.07226692123849235,0.7370645576893691,0.00723007647759514,0.03804481731330079
Random_2020,0.27187027990273793,1.566730561065561,0.020281045346255015,0.026541950705754113
Random_2021,0.27848854852426325,0.3580692560422576,0.029952153809936384,0.0066391256750924455
Random_2022,0.22872059832216757,1.1391877304694789,0.0043258047835501145,0.029116940928460212
Random_2023,0.1000557785059279,1.2921270976019217,0.04128347020610543,0.012875292121667832
Random_2024,0.2625854338934507,0.670461319210957,0.029071988771567935,0.013344103648151494
Random_2025,0.21640326905120894,1.9446018287142928,0.04631528355051167,0.014351528544443739
Random_2026,0.014602466408936005,1.9113722108896132,0.02771819601393612,0.0052655230449310825
Random_2027,0.25310240950441565,1.4610779779525034,0.0014820988199815285,0.02211539303610465
Random_2028,0.03375743376596472,1.5430859559100458,0.016451385316298982,0.03420055719791261
Random_2029,0.16151436613250694,1.6643159193488228,0.03650204034422656,0.026295985341266044
Random_2030,0.2489286667615736,0.5919693075285783,0.015562267132471497,0.002903015861335503
Random_2031,0.21128762549825622,0.8289197677960171,0.032780996850911535,0.02516182555303053
Random_2032,0.05156296747097508,0.8806574886888345,0.012438233656092687,0.010093580737353454
Random_2033,0.23610035782533073,1.756035668134261,0.02885395751072001,0.013764633199360537
Random_2034,0.04689547704417189,1.3400917126399219,0.03734895498872635,0.015059892282015364
Random_2035,0.15542693102879093,0.4418316834618109,0.032929836413777495,0.005838440106015286
Random_2036,0.20821140497308363,1.2967265279891274,0.042636924975368445,0.029680199060056124
Random_2037,0.29601822125886124,0.9465898722882848,0.034009504850643295,0.005685956744208803
Random_2038,0.22573036573330435,1.972697982673704,0.04842412955283545,0.03774567464232114
Random_2039,0.17488615253527715,1.6020311680276262,0.015521960107155966,0.022758710343712105
Random_2040,0.1393950349489884,1.3388328919391432,0.04490121808969327,0.030333465284360848
Random_2041,0.19777125053281874,0.45596371368001354,0.027720639885158323,0.003061056260550676
Random_2042,0.19957313643755642,0.5864397904682372,0.03355880686629698,0.024778847236388048
Random_2043,0.2367678591352243,0.9000009643532461,0.013047909286811377,0.03554629964511716
Random_2044,0.18368048218977556,1.352382307566494,0.005511297838687516,0.02725668513868661
Random_2045,0.039958535889406066,1.8097950701892715,0.03960636407350888,0.021228450620320947
Random_2046,0.15787639913320795,1.877208539448181,0.02218541461550405,0.015119323526482067
Random_2047,0.13250238302142403,0.5698319724680587,0.039529225040369514,0.006391040439309705
Random_2048,0.26712019594507824,0.9952159982086106,0.03314192839202525,0.008145376609777717
Random_2049,0.2525908374894981,1.7998784090655624,0.018140619584170247,0.020482231392605087
Random_2050,0.1509044334460816,0.9997306232249,0.046774235663170204,0.0334963381166066
Random_2051,0.2920648711876216,1.6715968519901054,0.022444010192746947,0.012992393468663408
Random_2052,0.20749306789740868,1.4588286238649302,0.015426890185674495,0.019016348229917743
Random_2053,0.05246619449435058,1.753871137951237,0.0221142959358346,0.0326267873451876
Random_2054,0.2791684539475161,0.1348673782150863,0.03347656549107315,0.009495682473985727
Random_2055,0.1544096135691484,0.9441821419455746,0.04195073337844767,0.01522699080764325
Random_2056,0.21623872536170283,1.954184049120177,0.03593220212881359,0.023021313621816857
Random_2057,0.2994485172143931,0.3915031071621593,0.012523301648208796,0.014060699900715627
Random_2058,0.050994364683054606,0.3645842574508118,0.013747414873659894,0.010387611238809345
Random_2059,0.04726342307325571,0.2383513482764714,0.033881903284972176,0.029386334453572267
Random_2060,0.17413705162959506,1.7924846914530448,0.0226152754225946,0.005674547600047599
Random_2061,0.08793948130822768,0.36222336173812475,0.007889933763397156,0.0306295650225954
Random_2062,0.04197852181066508,0.7510217083953599,0.00803598284474311,0.027902961860425003
Random_2063,0.05844138454267869,1.5813216632597504,0.027175091827164013,0.03351421866238442
Random_2064,0.25573262585159395,0.153209913806244,0.024539788605862273,0.03282859717391402
Random_2065,0.19270751438156747,1.7184883557496038,0.040705187263634805,0.004048356949903085
Random_2066,0.15479349213332302,0.17421910094655552,0.04433107835563247,0.016895610224976633
Random_2067,0.1247833643445511,0.5305766503035664,0.048930394000916644,0.012870103502855737
Random_2068,0.2980026940976238,0.28750919184492996,0.009783913962342045,0.001366821933701812
Random_2069,0.03388628682531692,0.9480666801382766,0.0017932863756655022,0.0066741481622672755
Random_2070,0.08903278193538666,1.8121813337306496,0.046985273296600565,0.016873472538909383
Random_2071,0.10379108392206822,0.8613449970562506,0.00374357142227239,0.003460695256427193
Random_2072,0.11966395145271543,0.9232598862203154,0.014361040569823576,0.02439751632110162
Random_2073,0.048435597247366964,0.7291794751919031,0.013028763116765887,0.030032797029616344
Random_2074,0.23326012381002875,1.1770410000374643,0.02734916170798626,0.011788507490200294
Random_2075,0.21469830973402013,1.4267403765536297,0.02392348279569477,0.007860492827599432
Random_2076,0.10723360745600477,1.9776058657364193,0.025285390952950678,0.03494322965719337
Random_2077,0.14712295861623575,1.6518294536666727,0.012765142436250286,0.021144595754429937
Random_2078,0.18678653300726691,0.9292883299671472,0.0150260949416448,0.03392263951870571
Random_2079,0.1160903601729191,0.3414489440948205,0.028407044960990533,0.035690527953913226
Random_2080,0.2827313247487543,1.1740620161153301,0.001689067952516055,0.010804104593084049
Random_2081,0.03729820165314279,1.100888186394405,0.04094081099146405,0.020524600826871242
Random_2082,0.11818077668934589,1.6339075111791355,0.01717623147267749,0.025026303163515517
Random_2083,0.2708524822276183,1.742710576053638,0.017225779432149608,0.011780721597704876
Random_2084,0.16394968927880318,1.2584825385823313,0.02278483859979824,0.0038896746414202894
Random_2085,0.19730478439152282,0.31414880791948385,0.03495090347716715,0.016925862008737014
Random_2086,0.09860997759614325,0.9704362458195072,0.044593032683140466,0.0026548961258213277
Random_2087,0.07559149048980694,1.788012130682208,0.04475096901398965,0.010543241661814935
Random_2088,0.29930531823600665,0.4518291175441924,0.03443755041533302,0.015047913027305758
Random_2089,0.1993075311661038,1.6270457369539593,0.04494249460544881,0.0020230635588253778
Random_2090,0.18026152916573251,1.590171758917391,0.0350171729549834,0.026063796955587713
Random_2091,0.020312761587251132,0.17434396298735466,0.01369800521731622,0.03886268428789798
Random_2092,0.16519202598215998,1.2365889308301317,0.03180768021496172,0.014686644448660129
Random_2093,0.2569175251570488,1.3806623002131704,0.03804875634396745,0.003716114926603556
Random_2094,0.2793511649468922,0.6938670669733769,0.004918113309239142,0.03809026534089106
Random_2095,0.05261150490731231,1.0053810050081982,0.012616705408362322,0.0366237296375302
Random_2096,0.008840880355284247,0.6664131560189411,0.005744971320390533,0.03698353148536993
Random_2097,0.23929640882363376,1.60105332915728,0.014825949615567217,0.03761992584245914
Random_2098,0.0644166041312685,0.8863447241212002,0.03506058993837303,0.00740612988742187
Random_2099,0.21075840424733877,1.9452929590217949,0.012050696083528472,0.035446404611501635
Random_2100,0.12329361203124843,1.5928678318199303,0.016299898433921305,0.006222735527308191
Random_2101,0.16537170646420785,0.8560518535760095,0.021573960022012895,0.03798515219029443
Random_2102,0.09672853080092843,0.31934203512621273,0.03646196380200393,0.022704070699504513
Random_2103,0.24638160582018595,0.23957460223930366,0.010424926263407477,0.016749336202300426
Random_2104,0.011169828106054023,1.0352997206793195,0.040588769831669765,0.02749984234689243
Random_2105,0.03750501947848178,0.6771176715965275,0.013718093275685083,0.011674567551790582
Random_2106,0.12930379231124542,0.8860502852936445,0.016339934258410408,0.016840273678585104
Random_2107,0.11955886889111254,0.49232403426086147,0.0070224216463488625,0.018464471961025946
Random_2108,0.0960528133330828,0.2835381368947547,0.009423049001177037,0.018879265320967415
Random_2109,0.058976407620681216,1.3845205624047328,0.035099502640839615,0.037425375592345246
Random_2110,0.03272962706878739,0.8450960704720675,0.016173781819862093,0.009619057055950137
Random_2111,0.18993022219317365,1.193640139340611,0.008972511473099617,0.029059185559990684
Random_2112,0.13957912436383152,1.2046620510909611,0.00851518747757398,0.026859209215880295
Random_2113,0.21283744842327157,1.3472362836589005,0.0158079891441335,0.030061460799600925
Random_2114,0.2701881430849708,0.8947860502601854,0.023622672114469803,0.01965791206540222
Random_2115,0.22602929189623625,0.45775932134540775,0.0449999031468427,0.006215027858763643
Random_2116,0.22158510195104159,1.4416588288441696,0.01724102404603307,0.03781048643060587
Random_2117,0.2427385902503981,1.874663271431125,0.0457675208094109,0.014303458803887746
Random_2118,0.13051036699732294,0.1330515305722833,0.010629520301606885,0.026038394497472837
Random_2119,0.2793919587822504,1.425035945287886,0.032386784019402946,0.023145785001361663
Random_2120,0.013155028580243262,0.6936960877188652,0.009851912081094656,0.01388748621433486
Random_2121,0.16237639935961218,1.348721880913604,0.028040314767218775,0.009805380889332069
Random_2122,0.11121227286617633,1.103358161437557,0.02470543310253959,0.022873602105087706
Random_2123,0.22116278787428048,1.903269081819291,0.03562688343174555,0.0155353348507263
Random_2124,0.165295508355334,1.5920352017762902,0.02842237697967154,0.015832765411832008
Random_2125,0.01331450316436645,0.8940759562637237,0.02143916093730021,0.03696350223380032
Random_2126,0.21022956609711463,1.4068700647987198,0.04641837789806454,0.0393290078575967
Random_2127,0.2609570075997259,0.48142905054960816,0.003729741645684514,0.007555764983940947
Random_2128,0.027166768992097266,1.8085931834129902,0.026852768794270697,0.03799332614271821
Random_2129,0.1982768960820845,0.7945231120208803,0.018059703539884148,0.004495005254879635
Random_2130,0.07767016459294632,0.7511097088455753,0.02671441174330907,0.029074473564609144
Random_2131,0.16101862947323037,0.7328997764218217,0.009586676657888513,0.029024072847011844
Random_2132,0.22582043668370422,0.2658051983051335,0.048613808174742756,0.007875397139824636
Random_2133,0.07082656449460646,0.8274050028456974,0.04486282400360727,0.014773065464157638
Random_2134,0.05436530321953445,1.8999621657886752,0.014042969243153475,0.01504619951952035
Random_2135,0.03285346763611269,1.7881720477284484,0.0019526131703793363,0.02698358396200976
Random_2136,0.2320979934438592,1.0991959672332836,0.02909888159376062,0.006886694803646467
Random_2137,0.24490715712797317,0.6783653107722353,0.008938112946753028,0.001879231324598061
Random_2138,0.23674224154049378,0.40810699327528166,0.037761579385973576,0.007290299992235534
Random_2139,0.24459641427169945,0.7522767572783008,0.029832203281801944,0.023000382652451724
Random_2140,0.1793877633277141,0.7872079941776705,0.02896136326286842,0.007056491521760513
Random_2141,0.016659408024179433,1.2194515130341734,0.02564072171618087,0.02561367385112117
Random_2142,0.29970160461997075,1.165100487732092,0.03899609430932724,0.011284147334032473
Random_2143,0.0652860731185134,0.24968038012620622,0.02223019431264968,0.03536735690424105
Random_2144,0.018807150103072313,1.3926647752401844,0.011179189649591446,0.021033026138062093
Random_2145,0.09182213300806154,1.5905810256408779,0.006148848295396916,0.014767647200821587
Random_2146,0.24439918024230342,0.21376065864682442,0.03247177950677403,0.027565958307202647
Random_2147,0.04509463275225327,1.8185433976155376,0.032724824065101195,0.031338756609726175
Random_2148,0.06535844167304808,0.5720253859205019,0.016963403416881337,0.01893604297645423
Random_2149,0.11808284173956544,0.44407123028651163,0.028751934042876726,0.02457087284460876
Random_2150,0.013586245205150307,1.3484281845006318,0.0463842475703102,0.008862508383181103
Random_2151,0.0943484884834507,1.710614254130861,0.019695867931977053,0.006684881025254768
Random_2152,0.21517004218069546,1.1082301931995342,0.03604023038820988,0.03067279786820407
Random_2153,0.2708656417000344,1.0045250602529943,0.049360411261134544,0.0033544556052178395
Random_2154,0.12170783028850024,1.981063823306755,0.04699008131095496,0.0010925258258596016
Random_2155,0.14850883156678021,1.761853965103004,0.029919217725533853,0.016029566895566193
Random_2156,0.2907879625203207,0.5439683879965239,0.04099557183339949,0.028718696627396307
Random_2157,0.06684537361517597,1.5258360769365653,0.0420706484992103,0.023026500440312476
Random_2158,0.09600547229432696,1.138093725692731,0.023616925532394837,0.017421434127209142
Random_2159,0.033505661954186756,0.9669785240295875,0.026753329784130985,0.021367417297137873
Random_2160,0.08315484935550958,0.19925638278125002,0.0056970486876771415,0.01732271651857204
Random_2161,0.13392196943566223,0.49793167507856106,0.03904610176361515,0.02253333572297302
Random_2162,0.07376252505875591,1.2270232850956584,0.00555383194210158,0.0041788007412887586
Random_2163,0.20513333827681632,0.5668301349185303,0.005745484830296693,0.03231472172991422
Random_2164,0.08340997588136687,1.318069012083553,0.002523436877588113,0.008014965585790883
Random_2165,0.06124061756997736,0.24358269450890024,0.039400632263655026,0.03086105637264918
Random_2166,0.060000803217206085,1.4226079777525225,0.020489950591396168,0.025444468166914005
Random_2167,0.2695889817464111,1.6205637464400082,0.03552586483383329,0.02515377383335101
Random_2168,0.15100464250730422,1.9240428146101167,0.046881200337586346,0.024356414138634135
Random_2169,0.1428637852643222,0.8789644482394826,0.012019755702746028,0.01523787539110123
Random_2170,0.05150563914318749,1.3301279189686857,0.03526283375816623,0.008056118928324363
Random_2171,0.21412127228117533,1.6888528485483412,0.0025948672942389525,0.023423784946055994
Random_2172,0.0951920095678012,1.0691941418706137,0.016618259377217864,0.008529964909300941
Random_2173,0.29308929740447187,0.12430451394610458,0.030099943292154364,0.005115675928141692
Random_2174,0.27143376298877187,0.8688512688890518,0.010468230713850939,0.02262150356968304
Random_2175,0.1306070077457591,0.590549703680369,0.00778795305848791,0.010801066776737558
Random_2176,0.21749754236655092,1.9970059141174548,0.0010984235889665275,0.0021649545631417765
Random_2177,0.2670537325544785,1.5583593180434097,0.028221977066939845,0.026215565763116486
Random_2178,0.01989823436222074,0.49029633000124695,0.025829129207084064,0.01633360511882624
Random_2179,0.17669627822332878,1.7486314664701963,0.04429400595557345,0.029673151269054936
Random_2180,0.24471520332250224,1.2675022374036709,0.02770387127800517,0.008191820802055634
Random_2181,0.09351149372131612,0.928370873080473,0.0037868274992496555,0.019327646596348204
Random_2182,0.11779567260735971,1.2938533383486164,0.03766878801075876,0.010378669475040677
Random_2183,0.2273445134086938,1.9203618039688768,0.04984838440890364,0.008061077103931003
Random_2184,0.29837616678712303,0.36608554662619075,0.04124558400692247,0.005218504850071778
Random_2185,0.19246138873118065,1.2908397494465151,0.017338030348582525,0.03906885094275681
Random_2186,0.10197398889599915,0.8290341552941651,0.003672600833033644,0.012106909491629604
Random_2187,0.08118535072997649,0.2502065815706045,0.03984698718537837,0.007353414141633797
Random_2188,0.07865767558024622,1.89459787946534,0.024745152762591732,0.0379738041997205
Random_2189,0.025048334427428317,0.952697857956176,0.023051588848044226,0.0066993932263431965
Random_2190,0.031422404587739476,1.90664206665744,0.04281762722929207,0.008978282428725892
Random_2191,0.12626667417097673,1.030379561213458,0.026303973354983422,0.028870322571876755
Random_2192,0.25546815442698484,1.6757421989345296,0.027224522761352076,0.03748871795547231
Random_2193,0.09232974946189383,0.5668647176209125,0.0340532392391198,0.02370810944743025
Random_2194,0.043437307576276264,1.6734260959906573,0.013408584662357642,0.008507385381842796
Random_2195,0.1925218131502995,1.9878664162964108,0.007902791286728893,0.02484784971618101
Random_2196,0.06405412005690125,1.9184676920157548,0.014144351978609304,0.02586292353895253
Random_2197,0.01900353724833701,0.6881017560927184,0.0378203279281918,0.007380612478641149
Random_2198,0.12840697171347124,0.46981160199546246,0.023181550616537108,0.03657874106096844
Random_2199,0.28100453530728775,1.6784313051921511,0.011795574106058526,0.029262367287778757
Random_2200,0.023116553917341617,1.420431683907634,0.012610263091550288,0.03339009736460752
Random_2201,0.22332869570976233,1.5841897974407748,0.003068898854074155,0.012632227270682653
Random_2202,0.2993012041680782,1.6558223745402534,0.04954982379705047,0.010291447621728653
Random_2203,0.20463089245184757,0.671306288897492,0.04300594367579935,0.02338351262884353
Random_2204,0.24575455798775245,0.8461570591596691,0.01901766861495398,0.03535615012501979
Random_2205,0.26877381189948496,0.8903309561822067,0.046411956824066916,0.01034048955311601
Random_2206,0.006464122987642106,1.8951053750055062,0.04509282616842015,0.017863875743702594
Random_2207,0.28813602628805424,0.14187748662284008,0.03377966663577823,0.001439373277596881
Random_2208,0.29629851204225544,0.7374888212340796,0.04687185173760254,0.009048468517498593
Random_2209,0.12489055064863412,0.17356727943862818,0.010315058137277244,0.011199325274211656
Random_2210,0.09992062767600267,1.4392185063444916,0.025658640547108334,0.03139227622934791
Random_2211,0.16831188847403258,0.24238786325405018,0.007890481096043764,0.023886581901926662
Random_2212,0.10409844745301043,1.3784626186222262,0.015398101431435794,0.023177600779447905
Random_2213,0.2186898065002113,1.3918550059408237,0.01589750741441827,0.023257195781158754
Random_2214,0.23940604050844913,0.7333744750352263,0.026726771021876677,0.03079662901870306
Random_2215,0.09759479923546467,0.3566370452543176,0.004528573572323823,0.026608549041244073
Random_2216,0.22945676129115955,0.40496827091347876,0.013735313787164933,0.03508905260098748
Random_2217,0.13918854348690562,1.9509629489159928,0.03305323750455065,0.0010605921090938975
Random_2218,0.1614856931871964,0.3441885531108159,0.02607757494091691,0.03711812080324094
Random_2219,0.28009947680282676,0.9078881475891803,0.029578505882664235,0.005507697186813166
Random_2220,0.06006206896298338,0.43753996483162916,0.01807087909003114,0.03654778407749817
Random_2221,0.04102187942108228,1.2568470281622854,0.003648233585926032,0.004373364377984731
Random_2222,0.17727790335346308,1.8664588335530834,0.011027841347464998,0.01137175105661569
Random_2223,0.09496862661490947,1.0611346645140194,0.04402279820895647,0.03400831531888519
Random_2224,0.2652963452286372,1.8296616752873416,0.03994585927292461,0.014416216939538581
Random_2225,0.17752087677973638,0.5168869543605752,0.04287614349386751,0.007578590893172527
Random_2226,0.10838761791320785,0.18974999517165747,0.028469620160457967,0.017780993021948417
Random_2227,0.22818991926049786,0.3448574116742874,0.023484540837701153,0.01765908343479965
Random_2228,0.16387296610801633,1.4842695210155223,0.03196865910304801,0.014827312351987667
Random_2229,0.2835669800324307,1.3013294961275919,0.029996298505968015,0.024493484890932022
Random_2230,0.20397077287731002,1.7995772647317345,0.012832101976747695,0.012225553150687636
Random_2231,0.14289493764045208,1.266005469097575,0.03242465343257804,0.03496420601806249
Random_2232,0.027131809239117465,1.7713007427626246,0.03542207642199492,0.0011213721894316254
Random_2233,0.0959841016001997,1.435505334814045,0.029235360892379884,0.019051205062645984
Random_2234,0.2845210439287481,0.46130639055991485,0.03813056130089308,0.036316662763077025
Random_2235,0.18296733023129,0.9698288845149181,0.03055736651535605,0.0051862458640645455
Random_2236,0.22614332703380724,1.9946835482488172,0.027295378669902767,0.00432452457971328
Random_2237,0.06243515042697774,0.6007125121491188,0.0054619278899718255,0.03384025947074971
Random_2238,0.043099098950668456,0.8786664490758606,0.04516076172136772,0.014792329248071556
Random_2239,0.23525973239475237,1.7126623197461588,0.04788371592581299,0.02414492089007093
Random_2240,0.20847753578681658,1.3359253126457633,0.029142231893604223,0.03810260504040375
Random_2241,0.2697787066650488,0.4854451070795288,0.03204434383440515,0.015251321223919853
Random_2242,0.11798901027826489,0.752864416469927,0.02511099282733331,0.027232098105027386
Random_2243,0.23993074140185539,1.0030879115740359,0.01371461095896143,0.030351264169282657
Random_2244,0.28211240302850105,0.3263080529663942,0.04670057895648102,0.01289100307722282
Random_2245,0.203385541384905,0.21223827597805958,0.021129530280081483,0.004200465563616548
Random_2246,0.09799807127695942,0.6168634124776068,0.0020998144208098602,0.012003614861939377
Random_2247,0.11008698817050536,1.9145308537872172,0.005791817997204752,0.036769102261545845
Random_2248,0.09665796559294934,1.3753762227436201,0.030080861783550475,0.03795709198547344
Random_2249,0.291411733787326,0.27957195654218053,0.033252284757988526,0.020385388615205863
Random_2250,0.027748159692569115,1.358696658382617,0.035007391309245316,0.025718975290117407
Random_2251,0.051036300044129256,1.452611649081502,0.0380673387616813,0.008420756899261623
Random_2252,0.046330609930572385,1.7781037836573896,0.0054695809877571555,0.023703135708495863
Random_2253,0.1249145401605827,0.4081674729373811,0.008189089184441636,0.0312330582347521
Random_2254,0.12956633933727904,0.4300673713415508,0.004726102544879526,0.02375712670064973
Random_2255,0.29547504668838287,1.0540437267812781,0.027906395546112437,0.00799609056368657
Random_2256,0.08685070566321627,1.7047589805727301,0.015077828883696513,0.005051619883393517
Random_2257,0.0684751548602053,0.6630970161701436,0.015334990734897469,0.012105275321165627
Random_2258,0.22685130193022107,1.1674056438097913,0.034443804199366254,0.008739543267797752
Random_2259,0.1257003364469292,1.5734947502458665,0.007085693585036117,0.023919001136809153
Random_2260,0.22476014379875514,0.473113615283709,0.032330603203119056,0.039717427426194385
Random_2261,0.27580323235669474,1.906966478703166,0.040783369833855714,0.026621593713894262
Random_2262,0.014928796313662666,1.2239515051727223,0.0333349849446249,0.039953636215661885
Random_2263,0.1982373849977315,0.38205250383812317,0.02828888272824441,0.020653955489401948
Random_2264,0.16212226373212849,1.5408187809525578,0.030702626522270536,0.029210962755288075
Random_2265,0.2711336435616121,1.9894407077293574,0.00626972994477423,0.014281399036409827
Random_2266,0.29696347072948265,0.8986454357507535,0.031100391399108012,0.02301529854660972
Random_2267,0.06503248512503752,0.9663725069655504,0.04175507499213385,0.03785254695427935
Random_2268,0.10805125595386897,0.5749090741669897,0.015727303593333526,0.03015384039620006
Random_2269,0.2432766936362477,0.23980530172067924,0.02356249178972059,0.03668849195551139
Random_2270,0.018623227694719444,0.77889356433548,0.024227353017190353,0.014343600605707506
Random_2271,0.19385077821890925,1.606108538676435,0.027615057148729766,0.010758430884956996
Random_2272,0.252946569023083,1.1213604979099558,0.011269546380304845,0.023620541716716258
Random_2273,0.020249114560140113,1.2295728194680275,0.03137091729009518,0.009057369537333167
Random_2274,0.2743430760281328,0.6893983247383879,0.038975008756409496,0.03396030129110948
Random_2275,0.10065262016257694,0.8482825278387549,0.005519665474944565,0.006079526882105421
Random_2276,0.1570376489824524,0.42467560324492937,0.04379469937096481,0.011702430468963416
Random_2277,0.294470560981446,0.16070347187067535,0.028598990171505884,0.02670424114217058
Random_2278,0.08307067458198662,1.96341586832072,0.011894614356305434,0.025157841094844997
Random_2279,0.11847750840355666,1.661797351234677,0.02402236625681032,0.027992792615078223
Random_2280,0.23375394128534885,1.9450629441960805,0.009547661859022644,0.019221674182555406
Random_2281,0.2918338643393141,1.9512175683065847,0.014868355409473285,0.010214473377602232
Random_2282,0.1406831414837898,0.7500870141238889,0.04848921899996103,0.014068365213213647
Random_2283,0.28896445783417857,0.9722709511323051,0.01249660821828015,0.022996294477578606
Random_2284,0.07556786170561104,1.9659304259675237,0.044847126495196364,0.00840853275612121
Random_2285,0.14826478770608087,1.325031550496325,0.01616988270500082,0.007049150957859953
Random_2286,0.208686032549404,0.23993136109990176,0.00674941081429953,0.03602673247043828
Random_2287,0.1687405273687976,0.8973233277728846,0.04999367787947793,0.029926246702966147
Random_2288,0.23686528277336677,0.3490838792868546,0.0038441708475235366,0.0202223067438068
Random_2289,0.172444306055498,1.7587979935718516,0.021935925559283136,0.011785469341075345
Random_2290,0.055299622075206244,0.11363089472849335,0.0427167331128723,0.009853289656807315
Random_2291,0.1353534285773882,0.6271559602091792,0.024703145033673327,0.009354226651665604
Random_2292,0.025937116682429637,1.1285979194894198,0.04496317119426286,0.018878114733869023
Random_2293,0.20518805312087432,1.6117284049393497,0.04146798366195323,0.017218891398412154
Random_2294,0.2578457045273214,0.8578160395352042,0.009424051166925476,0.020987264777339715
Random_2295,0.20459394028582523,0.813501538572092,0.015105536172862581,0.008506198210559257
Random_2296,0.06453724988722745,1.7213097437668967,0.009078969655257296,0.028665582388158282
Random_2297,0.2557082279537701,0.4112830480993591,0.017402963461057103,0.033873960101729404
Random_2298,0.28436415276378374,1.2806822440640369,0.0445843830624488,0.021837773645826154
Random_2299,0.24479058528230765,1.3822684508798948,0.04432585330361995,0.023449083431557546
Random_2300,0.18131810326718614,0.9957217835017528,0.003250488759632401,0.016776418301837747
Random_2301,0.026797701801210917,1.3457281671451946,0.018043879640606355,0.03001416935723121
Random_2302,0.023258607564503733,0.35460579890000243,0.010455305485220133,0.01717809318841554
Random_2303,0.08252700652442456,1.2549728003868887,0.0031241714247916496,0.02235893826150241
Random_2304,0.18770920569826882,1.8563434166882102,0.047772980490074606,0.006777672485322969
Random_2305,0.2646110307943163,1.8231923075210161,0.007909082052362987,0.00905421835497926
Random_2306,0.2105650584945566,1.308752153336533,0.031438406606115125,0.015056112754222698
Random_2307,0.10748199642140822,0.36483897480235083,0.016581459970696738,0.005377744940476933
Random_2308,0.19641580012642992,0.8917879722113808,0.001726123827146969,0.01419843889597834
Random_2309,0.2662099020444536,1.3350261064134943,0.012380141287407793,0.036650026824297646
Random_2310,0.1749396010975144,0.7120664614860468,0.004235522793547731,0.03252178537419647
Random_2311,0.009972814557007645,1.46441307851751,0.04008548652798641,0.027183763320700147
Random_2312,0.18537528449006,1.5534085731881853,0.04206207384514938,0.02910360449417847
Random_2313,0.04490535231970125,1.9939466305340956,0.019672414483971827,0.002252970295870496
Random_2314,0.2107525692932678,1.2510281689525815,0.01847496192933331,0.0047271177142259755
Random_2315,0.1616467467810516,0.5223130066139072,0.0332061269264719,0.037688624053524626
Random_2316,0.28605936969622453,0.2730626218566546,0.04892131193777395,0.030997156358976777
Random_2317,0.05903186739073217,0.5065709412883806,0.01315865657097989,0.03384909726824983
Random_2318,0.12202720205643586,0.7588921862548536,0.021166660972980585,0.01126666108178119
Random_2319,0.012375779033342676,1.0426861552317717,0.04954913787817122,0.039707770177397836
Random_2320,0.23363499982973687,1.3285077329769606,0.033995138638267454,0.03607746682640095
Random_2321,0.23432305787917732,0.44178698970050334,0.043638210170203855,0.03685894009165958
Random_2322,0.11618147911425326,0.4305826399424644,0.03269544287699522,0.01911816829932908
Random_2323,0.03267015722249305,1.5615452180142249,0.015333537978410989,0.03745238230049031
Random_2324,0.1421348430495661,0.2501132122139417,0.010555155573196712,0.03992026293784527
Random_2325,0.09115422634318346,0.451433448216918,0.0375321675577271,0.03475903407042508
Random_2326,0.037048465042597206,1.1595005161558893,0.025425271813264937,0.01091396989260763
Random_2327,0.14368601324002986,0.6209097395265818,0.04722001241882672,0.031463241109220275
Random_2328,0.18812232982764998,0.7513018257639114,0.006900734263048311,0.02589341677360755
Random_2329,0.02147080730805125,0.6214002499174834,0.03584770460217782,0.03516063954149181
Random_2330,0.28048886617245994,1.1640511095599093,0.04346018169125831,0.029292327753558407
Random_2331,0.16926022795435952,0.5878762666223537,0.014692387715438213,0.019893036835907606
Random_2332,0.03299152135426253,0.30871019714392,0.029368401133981654,0.037202081359123694
Random_2333,0.25650566703607963,1.8569857334917725,0.029591964835589957,0.0063399211699737175
Random_2334,0.2577673041461275,0.3303881013256186,0.03779909016222692,0.037063541703984744
Random_2335,0.03177322800668712,0.3397802143824733,0.030318227549251342,0.016591450918108038
Random_2336,0.05489007289825082,0.3241184987744863,0.04755139681070538,0.034233719107983264
Random_2337,0.09571047923854674,1.001056096243154,0.021185508077431657,0.038023267013320906
Random_2338,0.08252616961103108,0.9976382437675102,0.047381135279536725,0.024473147769076557
Random_2339,0.0066650021221155925,1.693778436520739,0.03824251507791724,0.03474709522140805
Random_2340,0.0449142949452879,1.9267836017645132,0.03507022533324009,0.016934536845653905
Random_2341,0.2748808341298112,0.5671025376857974,0.029687669183547708,0.02812137782324756
Random_2342,0.1289894452568452,0.7348698771731027,0.048865854545750445,0.005890582304568503
Random_2343,0.22900338594568218,0.13937978185458283,0.02063551191140235,0.02492934817181022
Random_2344,0.11289585243058778,0.9181773969389766,0.043194506411213016,0.027163133297269076
Random_2345,0.033736220548705675,0.4399979268035785,0.021764171627002463,0.008079949997306051
Random_2346,0.29510531501630954,0.6247571990879865,0.024764979495777398,0.031940604322922936
Random_2347,0.2122918706357672,1.2174982046201075,0.024561915092564536,0.008227020632849434
Random_2348,0.06269056527416592,1.315609546178983,0.036333424479777714,0.014189211198898138
Random_2349,0.06045588173982279,0.16256131564402848,0.04256547081607946,0.008531625669098035
Random_2350,0.01600236782427324,1.0954361297650375,0.005654555350899295,0.019656710203943238
Random_2351,0.1856731995053137,0.6035257614486215,0.035176862334964046,0.02706773458129152
Random_2352,0.08923742724553502,1.3624431861489512,0.007112289223685503,0.014915901261424707
Random_2353,0.17296123107147354,1.5209179462804163,0.01504493578714821,0.017835062109390818
Random_2354,0.25671862620527824,0.48535069595048796,0.031039411639072638,0.005402587021565842
Random_2355,0.1430953175144613,0.7723544206414114,0.04976904660176066,0.02199671240123065
Random_2356,0.2365671684221095,0.3254428158565843,0.02793822301531177,0.004753788658588835
Random_2357,0.2482869016768958,0.33839018563438206,0.024407317782349627,0.03071259294517452
Random_2358,0.142284669374377,0.6983682842821481,0.03703330945562769,0.019381713974787173
Random_2359,0.1583746878328106,1.6633369631652013,0.007358426443742662,0.00554880220834489
Random_2360,0.2997252267345141,1.970862847835954,0.0434341417318339,0.024213140712577838
Random_2361,0.027164309205327596,0.4292946651309941,0.023625681954820368,0.024603109373638802
Random_2362,0.11097411453562371,1.8631959943428378,0.03913105906789787,0.00823511585723273
Random_2363,0.19522823462521044,0.5079567509764893,0.017251250159807323,0.007465705779809964
Random_2364,0.08025947185695588,0.8846635327202266,0.03307744578454609,0.03487523847442576
Random_2365,0.05342961268116245,1.1598152743213854,0.042371876047434594,0.034699942968172894
Random_2366,0.19903400026075016,1.8357404064451317,0.013989889377178853,0.031352354348722744
Random_2367,0.129095326541633,1.9151752999443865,0.021548134561460625,0.0373357102624952
Random_2368,0.08485228403742821,1.5706558711956933,0.04132607023084102,0.030939710199172483
Random_2369,0.22786466473882805,0.37651269202411486,0.04003266416697093,0.004261894045967524
Random_2370,0.1033405405708903,0.5017758248238393,0.03267780305826931,0.026739926875727134
Random_2371,0.29459565699564233,1.1736981812560792,0.018740811603916014,0.011289234474267867
Random_2372,0.21052785793701662,1.224577353256676,0.029543396406733365,0.00381140157260305
Random_2373,0.27130291088984027,0.17327717190164413,0.017323181823713122,0.0234545507479373
Random_2374,0.18307773481449635,1.3202263924520667,0.0020840870575586125,0.004200135243372267
Random_2375,0.05593155591928418,1.3972249402191073,0.017404692562474358,0.02835693510057304
Random_2376,0.25239966954512816,1.7415809845380106,0.026749655727903356,0.0025785563640362188
Random_2377,0.2914126226497159,0.7385964912689449,0.018440695101418082,0.03590427738251404
Random_2378,0.018292827531949333,0.9538947941649378,0.003447688109542965,0.003074702183819208
Random_2379,0.1520675126761178,0.866639778833106,0.014555716956077162,0.023354375385864427
Random_2380,0.2266703089626373,0.45297329491412675,0.04525143969966255,0.03555387024155872
Random_2381,0.2586947757200924,1.075882268056242,0.03595431147304204,0.02400528285632684
Random_2382,0.20001338708808994,0.9228550661261,0.012809147488535927,0.012160020519425541
Random_2383,0.14860605367486962,0.8712613187555185,0.011940291362478699,0.020551070368766487
Random_2384,0.21095571293207985,0.9387842398398024,0.044972699952493554,0.011051005920302014
Random_2385,0.29543609317248876,0.8443336845138986,0.0349470064593252,0.023348123590830716
Random_2386,0.2293622993163739,0.8418941093541997,0.041869598367225556,0.007953054943391043
Random_2387,0.09437705504192248,0.110097140539924,0.04116899375611512,0.03242555564685921
Random_2388,0.24244426964533072,1.3604223842105005,0.03871054808164993,0.028487940849121034
Random_2389,0.037650607308660974,0.7459002163290233,0.044507464436359126,0.03683922320908519
Random_2390,0.06205810670350235,1.7169676113107486,0.008125688486517495,0.030346315276921255
Random_2391,0.12311772462803923,1.3366359836854085,0.00795824033491245,0.018830017967806853
Random_2392,0.10432080277176048,0.6801736686447947,0.01034717643491578,0.017935537893241364
Random_2393,0.09926925924708857,0.28642021966604647,0.02661297096524379,0.009689284710676885
Random_2394,0.2797655120493043,0.9989361886826228,0.032772989986457876,0.03262908212126498
Random_2395,0.15346364784566488,1.8230229233897561,0.006182504865038369,0.021882075178285616
Random_2396,0.1674035626102896,1.9474776151463584,0.0053032409841841975,0.0036186477088477015
Random_2397,0.26977843490545295,1.1858558870272755,0.02123699878238497,0.013381757367711473
Random_2398,0.02300011807660278,1.4363485402346525,0.04137663478951889,0.029930828360958936
Random_2399,0.1579322702186835,0.7507928316239425,0.02657794351495,0.03268075445632206
Random_2400,0.08052761240706453,1.901782368400924,0.0034285750027071844,0.008213138305533952
Random_2401,0.09168972301378008,0.5897996656437053,0.01198933531082053,0.02768964254930541
Random_2402,0.2314232671283752,0.1637972532095615,0.049481965938856065,0.037995421188915024
Random_2403,0.2908976788373685,0.5477930933052477,0.0016811749767785922,0.009474326973315298
Random_2404,0.15750719740239286,1.2728791005521136,0.022560899692587694,0.017214984644259867
Random_2405,0.09781070866570152,1.059855196546412,0.024435347471685007,0.022071914874217596
Random_2406,0.2544732373262648,0.3563069663278514,0.04050059683009034,0.03333987433486182
Random_2407,0.23273304567829006,0.580170244163006,0.007432426278305335,0.0029447903975704285
Random_2408,0.22045067572413013,0.7246841483430664,0.009276788793537091,0.022648375479523534
Random_2409,0.21269156412028226,1.2638408915710397,0.03644266363603674,0.0011020328022610562
Random_2410,0.1566688925001759,1.6177106573037277,0.03130920847812889,0.02851184436430856
Random_2411,0.25228847493609446,1.1106696691119768,0.03896770748068031,0.015500485670052425
Random_2412,0.05394465353731765,0.3632244653766673,0.01066248311096496,0.011871324531567373
Random_2413,0.23162892417668193,0.7353274622878488,0.03123404748104706,0.022545334229505592
Random_2414,0.2961977348971956,1.1549056056913223,0.02207351769339645,0.0322664368297965
Random_2415,0.17497009520993886,1.6555077500263737,0.041522689017067155,0.03555183185291551
Random_2416,0.026657363608662867,0.6532421958493824,0.026315672098522962,0.007518801641967177
Random_2417,0.08051244716862364,0.41344045538076823,0.03781718292295747,0.0187489146137667
Random_2418,0.26630959011564387,0.15504137277863417,0.023619604258365533,0.003675091852296934
Random_2419,0.15880545731027662,0.6479664278007492,0.04672891960610017,0.01970273647719999
Random_2420,0.26368644148576353,0.5505396796295183,0.020253272456552233,0.01240446739023231
Random_2421,0.17223695814177448,0.30924013523089905,0.009995339797029386,0.031184405421591583
Random_2422,0.1469952423715929,1.866623495205226,0.008196604807112904,0.010840040081194175
Random_2423,0.24770546080453795,1.9723505002610837,0.04261078195844349,0.031452800312736104
Random_2424,0.130492698971913,0.24202802774051568,0.029652963315128948,0.005858733983619484
Random_2425,0.15033765662679588,0.19796397347313732,0.022468876297468642,0.0023069046439961167
Random_2426,0.15686193919604335,0.45806575687829676,0.021637065643701804,0.010320381686734603
Random_2427,0.21877519789964966,1.254444364683493,0.0025446997142437025,0.016959332839275764
Random_2428,0.06015307748265265,1.2589603506180673,0.008631984140496884,0.018128816077211472
Random_2429,0.16065510069520655,0.8366779813915345,0.04084425260901412,0.0028249501877448202
Random_2430,0.2982049889802089,0.7433376188222675,0.036365913635640006,0.0010189329439980305
Random_2431,0.26599585551079474,1.3234572682413388,0.007071760557313277,0.03407115429980202
Random_2432,0.09162007924302513,1.888499479600131,0.004661619415813325,0.02906764888774518
Random_2433,0.2290135999627957,1.4090426984896698,0.010558229147613944,0.030064789668600198
Random_2434,0.1996055482003699,1.346802821886588,0.04938554225819362,0.02793348071519148
Random_2435,0.07223977217577843,1.1814957186513162,0.03647066616536805,0.0033270387802051362
Random_2436,0.19201312313744376,0.442838675711835,0.02086191730504258,0.03749974616745279
Random_2437,0.22146026385748854,1.6786984496185826,0.007554909655397309,0.004751821143070855
Random_2438,0.03335187864438797,1.6602028538551759,0.019527899115537192,0.004121155315054428
Random_2439,0.29015754968954144,1.9207680722253035,0.006910812405994608,0.02544139466289035
Random_2440,0.20497828424419204,0.5225371525008582,0.004883314631439551,0.002300962550201019
Random_2441,0.14097507463006298,0.8838230652656505,0.005865539352802429,0.00188671309361322
Random_2442,0.22335766318295489,1.0444778129524712,0.024401560530441145,0.020594196565005454
Random_2443,0.02141582984195254,1.5302033747439967,0.047976439485162545,0.031452166992083745
Random_2444,0.1564712159764841,0.8088202067281409,0.03712426840720778,0.015695791122976973
Random_2445,0.14940252800644085,0.7003120516371919,0.03416126332797489,0.014764964134955722
Random_2446,0.2117503095759204,0.9426060577374458,0.038296515330929544,0.030450006092814265
Random_2447,0.2960383525417581,0.6091338107365943,0.003589988935985825,0.009790510254454245
Random_2448,0.289153229609957,1.5431341267340566,0.011654098480370148,0.0363910058969926
Random_2449,0.1390675579880229,1.312767066121967,0.035622163175015854,0.02470257291984124
Random_2450,0.16945193215515325,1.9801880408997778,0.02190132786929965,0.01827625177699719
Random_2451,0.0729847607370582,0.8521473246388855,0.01813335509860499,0.024940092764029042
Random_2452,0.08300136993741572,1.242514219543522,0.04622067709420109,0.038793357164304355
Random_2453,0.09750629280712243,0.9635759699226815,0.009929315005620824,0.011447637019652842
Random_2454,0.16437414901330366,1.0309709512043648,0.029094930923900662,0.029720432876256947
Random_2455,0.061903540826861225,0.8451492770362132,0.03582810803053561,0.006677131395109332
Random_2456,0.22179491024081496,0.3714049612128629,0.023596914773622815,0.037027714289225425
Random_2457,0.10876581621208056,0.6112178095354701,0.00886583770332219,0.0031100078189472934
Random_2458,0.0765693990933214,0.3116145244552371,0.02992966594862058,0.03877740738547605
Random_2459,0.11332692226759565,1.2689918618992706,0.015928020550957683,0.03495236531764979
Random_2460,0.0637072096994021,1.0800256557834278,0.018323231237555904,0.009266671802954055
Random_2461,0.034618983398638656,1.5558394841749899,0.008556983554925512,0.006023344575290119
Random_2462,0.009243381616857385,0.8074752171536527,0.01676890523631758,0.02861352967162
Random_2463,0.09594553449386473,1.937278379032271,0.03936253274922748,0.013696689097520913
Random_2464,0.13046405339856548,1.7788523099128455,0.008930218331637638,0.02556944809598088
Random_2465,0.2302377423550117,1.7675481725634083,0.007590436096745651,0.020602365029865198
Random_2466,0.07703844662272596,1.1947151810478054,0.024782855156569278,0.013329540695050119
Random_2467,0.10281641434216172,0.7699801943930714,0.0115364032541907,0.034927689151444744
Random_2468,0.24025028997367817,0.3347937129188685,0.004394434902718454,0.002391654279071303
Random_2469,0.1442048423467755,0.8823536330382045,0.010274355016486176,0.004778893121380886
Random_2470,0.22066361753684696,0.30312278534866577,0.04529640748895382,0.026938838288088112
Random_2471,0.19182917254886062,1.5744392228356712,0.026290980305675445,0.015482125843945118
Random_2472,0.06551335955084514,0.35515217445635816,0.04285578385037857,0.03590534266531368
Random_2473,0.00578141769096821,1.9413165736041182,0.00972487462011646,0.013812594295089152
Random_2474,0.12382617285511843,0.20038881655456103,0.01148155644360974,0.024607803047965573
Random_2475,0.12190730423567255,1.1429262386513552,0.007650526853667558,0.03633010031527238
Random_2476,0.2794778429370465,0.534523204167056,0.014677851109419073,0.012130208680807105
Random_2477,0.173726618179256,0.9336604359301636,0.036527362108049063,0.027881018196653288
Random_2478,0.06405371612466618,0.6788231052250056,0.023014470094456427,0.026518102695359206
Random_2479,0.0345962953207851,1.279030205207955,0.0260992347884326,0.009669408918326381
Random_2480,0.2542814237344664,0.679188885229339,0.004968225270556412,0.016784046972416228
Random_2481,0.11140219822130865,0.3956892522228317,0.02746155397802921,0.03741832496859072
Random_2482,0.18368995251681702,0.3029082045742105,0.0401599066202566,0.0030319611255563415
Random_2483,0.11661849217262983,0.7722801540239393,0.0020009759923362595,0.03089605112473593
Random_2484,0.25694959140570217,1.0878908641451803,0.04539593137581308,0.034532309655661175
Random_2485,0.2486084254190575,0.754160320152669,0.006036228285658987,0.0023056995880248545
Random_2486,0.27842780576190446,1.1664651221650342,0.044370026926441146,0.019315858906278714
Random_2487,0.11327948318748118,0.5444841639446761,0.04188116994074011,0.02653577039169452
Random_2488,0.2361799431406533,0.6538594135749743,0.020384854232722273,0.019678167141348454
Random_2489,0.18982793053941988,1.7984679107756132,0.042047463006543356,0.008051337555531703
Random_2490,0.028824915918300806,1.160554247798902,0.038095004818636646,0.007744313078144275
Random_2491,0.1720811309014757,0.10394833895968433,0.03461329683050284,0.015912692135751
Random_2492,0.12789131122970473,1.1167350261202238,0.021201944335498525,0.03240038779852896
Random_2493,0.18511580883246517,1.7807736632222542,0.028301558529289905,0.0067712709195832405
Random_2494,0.03764644447484595,1.2235244833815602,0.004825920882522585,0.005851401427501249
Random_2495,0.153017415600716,1.3939109075798284,0.030656839142437525,0.024648609330441346
Random_2496,0.02568967662199386,1.504751861647531,0.02038293399270618,0.03798318590737404
Random_2497,0.23035592178749933,0.874951447236619,0.0024442098429596016,0.03088995942620675
Random_2498,0.016881417104374904,1.8028563398086388,0.022770289344898935,0.014419407063753564
Random_2499,0.15762309156392743,1.054291359582938,0.019145571711743546,0.016928833027198602
Random_2500,0.25738930058359566,1.1034829419862002,0.030986710247780037,0.03257057934336562
Random_2501,0.2999059101576457,0.5976581705854779,0.02453435141202924,0.015079364242592947
Random_2502,0.2539737507776559,1.233560301570119,0.0011298616817316776,0.028504199193415094
Random_2503,0.16640298532911574,1.6569964227925895,0.03557583905924912,0.00846109414515862
Random_2504,0.1870529081920521,0.9381297972562859,0.04580938865086545,0.018115557017966768
Random_2505,0.12070273022496861,0.7643461660076786,0.013684989692716198,0.036882807026509264
Random_2506,0.13117914199969147,0.1615076172426869,0.02551080166778751,0.03726509845694889
Random_2507,0.08676407384362866,1.9266279277471436,0.015187717401403886,0.006857811964169338
Random_2508,0.06825360789769504,0.12847476498706661,0.0291311339187923,0.022936685179350956
Random_2509,0.19117355222413995,1.554902014198938,0.04331325235438934,0.022932856676543673
Random_2510,0.29979316405622924,0.24760633859438347,0.04357824067437957,0.03664210343986852
Random_2511,0.05164232026198612,0.3762196194668105,0.017366145632390747,0.01773715388930193
Random_2512,0.07469964848744753,0.7204199265693331,0.010108023588468053,0.0046324027066646165
Random_2513,0.2198483182076275,1.9271889198262226,0.019615619956478363,0.0049398995015029375
Random_2514,0.06706803347213039,0.26416258756502653,0.026900695338994165,0.005398214457696933
Random_2515,0.02405108217863064,1.9528738788155806,0.016582545799245684,0.008216861370522053
Random_2516,0.008979988021338625,0.26539919186809247,0.042613437538826474,0.021513737679058502
Random_2517,0.07947152781196383,1.64075019957475,0.03019142226470477,0.029976490363626124
Random_2518,0.24172135358404673,0.6374672915959829,0.022534240803539198,0.0343684169200929
Random_2519,0.21198191697789667,1.1645697049670243,0.014205564600870246,0.03896405982396524
Random_2520,0.02299476423568378,0.3417251798529245,0.045857195265569944,0.01230377859494379
Random_2521,0.13647765748564347,1.0124010122073315,0.031569419529168544,0.01881043094710365
Random_2522,0.2087806069202515,1.7631709538490443,0.0035575708522774057,0.01710229467595041
Random_2523,0.1914756556799936,0.841081240212066,0.011388042330024384,0.02714965018664199
Random_2524,0.060293700446341233,0.4909286012518975,0.021357086863948407,0.02398945699535447
Random_2525,0.09755534473981109,0.37702566224652545,0.020201175799780185,0.022355896882895916
Random_2526,0.09325575893020328,1.582744103053807,0.04549554725612782,0.011737830109095553
Random_2527,0.2464240034627749,0.6336872774208241,0.029241295409486733,0.0044443936163938835
Random_2528,0.2743914028118185,0.16279360695377057,0.04434020933043757,0.027117297705216554
Random_2529,0.0475387841798439,0.8020302137430299,0.02119572123084797,0.02511056590900678
Random_2530,0.006971510820670018,0.47132618564817463,0.044502402187457865,0.013848676448928753
Random_2531,0.07968032150156697,1.365263880508495,0.02981376533108472,0.028610416839382063
Random_2532,0.11408959867567042,0.2414399468190025,0.007330261293844509,0.008379060509242631
Random_2533,0.07079200844418863,1.383682767585752,0.02422944554201138,0.035752070372555296
Random_2534,0.12896120605874786,1.5113527126111244,0.010419718080896579,0.0037094076529381815
Random_2535,0.2976943591136834,0.3526668774418281,0.03666178624687797,0.03600271881414483
Random_2536,0.27086822813617945,1.8687001512560377,0.0466819426033996,0.031291187716687936
Random_2537,0.008970016776997375,0.46555265674608914,0.04220418349614587,0.03160515671555173
Random_2538,0.20368177842248245,1.440543982974016,0.027213556613058427,0.007590486222750971
Random_2539,0.03684184506023925,1.9785741933904122,0.04096675325793112,0.0025870303973754964
Random_2540,0.19606811701912455,1.6771795997764238,0.014296230125004018,0.03061521460755563
Random_2541,0.02793635174706893,0.6384404879209037,0.04988677158284282,0.027699753253757155
Random_2542,0.08251054152023439,0.5380188343951412,0.0019990271084063147,0.022125583452248288
Random_2543,0.2799190671822144,1.3552876152902174,0.03175707491035125,0.015843183185025117
Random_2544,0.2158220122818587,1.5126161470456727,0.043014612475264453,0.03930604761689261
Random_2545,0.1850761859676678,0.2524126047371607,0.010900685950619177,0.012235050029460157
Random_2546,0.29818217652092066,1.4213867242493015,0.03025299323061944,0.010245711591796356
Random_2547,0.14192319425332794,1.9204634495692856,0.01766458130298954,0.015139970101480472
Random_2548,0.1029452773269537,0.7450360175334335,0.0026290676374795836,0.03140420685612177
Random_2549,0.23393435974006488,1.9054619379463618,0.002478860403999336,0.012888569485122087
Random_2550,0.07367975856506835,1.8771967398308171,0.022393714939532208,0.02806229514075136
Random_2551,0.02692540859420657,0.9067438257437949,0.003577729773784963,0.03838778299073095
Random_2552,0.09778912743940242,1.9958581601422516,0.009720896751331962,0.00878592703067698
Random_2553,0.22523344316505403,0.4527430557956402,0.023277985074527354,0.015619398159666942
Random_2554,0.26788956603884595,1.9406516710493027,0.03717186946969667,0.028461646128229115
Random_2555,0.07537528866976266,0.1941227555889944,0.026067571411223435,0.0015721373219677124
Random_2556,0.17576839624305732,1.0021652483581265,0.01216449523479034,0.024429636643170324
Random_2557,0.04649347206789951,0.7751493373100867,0.0021739453102735855,0.03668783892921823
Random_2558,0.22637595332761487,1.4160407819477128,0.031809558335532125,0.035014120580777824
Random_2559,0.04375430942992342,1.3615524237797714,0.01967301383711849,0.03272720865008667
Random_2560,0.20410459038481568,0.6637836810156093,0.03315520537114156,0.01763227373589903
Random_2561,0.02479274287884929,0.37278428096258,0.019847190453151285,0.03497227542714378
Random_2562,0.05965240714271612,1.429751825827589,0.030866657542632073,0.03225205280611801
Random_2563,0.17695593632040207,1.473623772075794,0.001035877513252983,0.02284289564553152
Random_2564,0.10461873260338993,1.5748531879859602,0.03207419838501843,0.018361827959617764
Random_2565,0.1250904879324797,1.6717417123051228,0.040937309887375595,0.03504654561809382
Random_2566,0.22331674104144256,0.8785824603048332,0.010031873048768684,0.028449073192344944
Random_2567,0.080699659251805,1.7737701046549015,0.004057398478253987,0.018497284190080926
Random_2568,0.017047995295551628,0.9002442845908543,0.014736143752986562,0.035601259524651895
Random_2569,0.07554685218414806,1.5640678655420839,0.012574397614652105,0.025338847001369152
Random_2570,0.19643031741762532,0.1862736796470858,0.011528279485178747,0.01202149759278115
Random_2571,0.032659810406962295,1.2492445918431307,0.021551585341785435,0.003017450646128671
Random_2572,0.044950590701791825,0.33713349672277704,0.004395039996361181,0.005029525179354762
Random_2573,0.27214555826845876,1.3537270809348745,0.01300734927169386,0.02074656654776359
Random_2574,0.0094960058488838,1.3468316675802314,0.04821851150207991,0.017006049222245072
Random_2575,0.13671289170263318,1.8405584247131144,0.023397301003594988,0.021546983307517073
Random_2576,0.21920783351599255,1.6087078902182326,0.03112183611252323,0.006581239273602091
Random_2577,0.12300286843883339,1.4075347294159182,0.003036286964009033,0.022591656882269648
Random_2578,0.011543367898594871,1.8241551337063908,0.007796736813785539,0.038014668884640196
Random_2579,0.2598726728127501,0.280997538230609,0.024788384016999017,0.010678542200598724
Random_2580,0.29286965838833023,0.25081923917257354,0.04527256583249803,0.008861938853294477
Random_2581,0.12807177689848923,0.5160496358364336,0.026934576589538857,0.03158990541700753
Random_2582,0.01981631897093098,1.2998219695723032,0.041695097805196535,0.037033148144127476
Random_2583,0.25849392184289127,1.3048318666341554,0.010710178921303791,0.02266585653187122
Random_2584,0.25066603755970884,1.8447894730800634,0.03442489281789395,0.011496293081666484
Random_2585,0.18952953852479143,0.3098860182968234,0.016385077048997988,0.03552592255778397
Random_2586,0.12197186114842602,1.2021971195868184,0.009054102743108628,0.032109031769126335
Random_2587,0.1273658836988687,0.8448115055954238,0.023783910668098374,0.010371710990521556
Random_2588,0.14330999874291445,1.4221499444274512,0.04475883744490605,0.009267479753885192
Random_2589,0.2008615132463854,0.8028158313542191,0.02435745795670064,0.03321988316409335
Random_2590,0.11368072212442706,1.6987784759433506,0.009843956508875661,0.005036250226587557
Random_2591,0.026120388094652697,1.2766220027378126,0.00576803098893961,0.018739403538491847
Random_2592,0.07909573676430981,0.7691505147498408,0.004630636122023487,0.03142281358507595
Random_2593,0.2587228927574579,1.2857665581694113,0.042325750302857824,0.029022632617303437
Random_2594,0.22019962816448138,1.76595448035535,0.007975633695077564,0.017403744529730505
Random_2595,0.01766190040175939,1.7632085606210937,0.03724999522507842,0.008910383623271914
Random_2596,0.23857717804764983,1.0485039818547108,0.021775399329004918,0.03317865550409953
Random_2597,0.015789950309629878,0.9285274787359158,0.04328942370399072,0.0317556013216186
Random_2598,0.26538882304356726,0.5091408687963513,0.030887438576952052,0.0066334079458616035
Random_2599,0.21501233960655464,1.0475054934769144,0.016700291147069234,0.020813763418353698
Random_2600,0.024390070684540032,1.7362811357147692,0.025519635363525278,0.03947607185128908
Random_2601,0.20946533821300328,0.17190822077176207,0.013707900121656052,0.007600521357572924
Random_2602,0.26160879828679434,0.5330439735074558,0.044434415756146026,0.0361581906279394
Random_2603,0.07821789329724597,0.6356984220809722,0.0088379516668914,0.010917058812769716
Random_2604,0.10554497116017222,1.2532966693689012,0.04579566653897319,0.03557721079944231
Random_2605,0.29485232051344185,0.9541444078154825,0.029852071943186703,0.0040559760570093245
Random_2606,0.14826080416743773,1.1845057123180658,0.01758110690846972,0.026045075299078006
Random_2607,0.10652049868277107,1.7212545436445024,0.002819260905489822,0.0017097881385881018
Random_2608,0.17972118292021597,1.3309223355726183,0.02710098962904895,0.027942588521104775
Random_2609,0.07010741377077077,0.6279969591391766,0.020852316748181398,0.015462861019148299
Random_2610,0.023522683583396563,0.5924305714081183,0.04342798711766143,0.02566214951542697
Random_2611,0.09172627452003097,1.5855510887776487,0.021596305885726468,0.0052536048275436875
Random_2612,0.04510874722713714,0.26066452751686375,0.00847377615970224,0.016008239675940415
Random_2613,0.04912602809594719,0.8417310378741041,0.0436176909538635,0.03798164610450875
Random_2614,0.1605214431927446,1.56857102587135,0.031130667961939695,0.001918750201935594
Random_2615,0.1543281837253626,1.0664764816327144,0.046439835345461075,0.036393296001580255
Random_2616,0.26540454762963944,1.0003229372097304,0.04393101984501082,0.02127518683936159
Random_2617,0.009678503704864824,1.2910583750590072,0.0018107797178103615,0.030329913756639622
Random_2618,0.04539379572258107,0.5076671639139599,0.04922530385401066,0.017524936363887664
Random_2619,0.04409629610745138,1.8400541439351792,0.032727710748703176,0.001234900995292028
Random_2620,0.013956269079608386,0.21540946877437656,0.047123925833059487,0.038587375634216325
Random_2621,0.2926401712105385,0.6779600618946277,0.016685292230473873,0.03431051648895756
Random_2622,0.21850355181126455,0.7578953136636569,0.008091730268664356,0.03968888279568076
Random_2623,0.09989040693972809,1.311255392306619,0.023790160443541833,0.018392838733434006
Random_2624,0.02210412342733914,0.19518932510439757,0.04813360422922003,0.03813317955217017
Random_2625,0.13413396032733907,0.8549419716319168,0.04622922772591486,0.001107059558044612
Random_2626,0.21924622072770367,1.2796032372909087,0.025275922607762142,0.03590729036497417
Random_2627,0.11762825599440585,1.32529796164455,0.03455815647379737,0.029025257457285153
Random_2628,0.09215718882873208,1.5632876851779243,0.023864384188502778,0.009451940392694414
Random_2629,0.19939370077171262,0.10623320723840818,0.02058928871768994,0.020404059780659213
Random_2630,0.04950013461779986,0.5951071188223154,0.033874664469166135,0.006990543681374937
Random_2631,0.08469285375957925,0.680805692870101,0.0322878327942604,0.032199580120332194
Random_2632,0.04428762533875095,1.1342853765580712,0.04383249103940327,0.0101287777824733
Random_2633,0.10113138403626028,1.6608376500437931,0.044480855564011004,0.01938349864518389
Random_2634,0.10439440955736495,0.3817937818158036,0.011775471217885743,0.0016685724967514368
Random_2635,0.07865001559715193,1.40362856269293,0.02230250836145737,0.021039111610823193
Random_2636,0.13338214795217154,1.4743747309427988,0.032371952152844156,0.01630875226583557
Random_2637,0.1865731388548952,1.0874196902629247,0.03817883676644954,0.0022088901685969687
Random_2638,0.012013136027319585,0.2415909750726979,0.02575943759214956,0.020642655966608515
Random_2639,0.018346339123539033,0.5618046583400882,0.00149346634678,0.03599927460146471
Random_2640,0.2976852767547868,0.10649237108404362,0.015981087542831944,0.017553346021103127
Random_2641,0.28590019777923986,0.8735173206877334,0.027075416012232366,0.01126467818135072
Random_2642,0.22375126107579554,1.7249130985204906,0.032855360171669575,0.029435881961213106
Random_2643,0.14401403855764183,1.0524557190905837,0.034798283497993486,0.015334906560383731
Random_2644,0.03718794904965785,1.2581896720028172,0.010520094713113763,0.006812315326404812
Random_2645,0.18308055979008186,0.6311300439664899,0.025090428642164053,0.03428211410525649
Random_2646,0.1991710901755169,1.9691463705026797,0.010413404224769673,0.004425665481191058
Random_2647,0.23382302291066565,1.4228542537358666,0.00524134211337542,0.02003093785382452
Random_2648,0.2935706521449986,0.46574183874914343,0.013413837097045089,0.004136187906652437
Random_2649,0.019486212824529454,1.3564173719482318,0.0017889655216805737,0.03511643413655211
Random_2650,0.23101274723844775,1.998452975718028,0.04350691007574201,0.006748554407201427
Random_2651,0.1822855079955933,1.3560095282119733,0.0141562791839474,0.026783350844527168
Random_2652,0.11752999965478257,1.255412126029752,0.0366793516058103,0.02337675110934679
Random_2653,0.07815689352862804,1.7234280864377183,0.010465049448377752,0.019238403060597094
Random_2654,0.0654841443203495,1.1022953466811867,0.0198353022191553,0.027336388318331083
Random_2655,0.24872076633344617,0.616725225672885,0.013099622960130165,0.02471275585199189
Random_2656,0.18506976937070183,0.9365553941212583,0.036850438667054314,0.03352723585442858
Random_2657,0.276068582979871,1.0513739973582041,0.047103025270226376,0.013803294302349046
Random_2658,0.011784865692908562,1.7130321490433795,0.032746491914779234,0.02422475803282196
Random_2659,0.29129585318187656,0.3653844286926188,0.029801695263421947,0.0012683998113867643
Random_2660,0.27814995221021777,0.4826077854664069,0.0319855385506047,0.007229716257591654
Random_2661,0.07758182475211382,1.0322271479151952,0.02491739143409296,0.011656705972445214
Random_2662,0.1749303493947384,0.4475485302217691,0.022324255429026378,0.021332221356945198
Random_2663,0.08721514250389219,1.9999026437943028,0.03850274750142924,0.03417033884947871
Random_2664,0.10927271172211012,1.5024858243399162,0.03593420828682125,0.023521763132088657
Random_2665,0.2029991476293181,1.3755623239548362,0.04237750368832008,0.010207429495390222
Random_2666,0.18623048050239896,0.6094933116036766,0.01735161997000406,0.02921334450036388
Random_2667,0.12253998173695654,0.5095167006167952,0.010367266992067168,0.03687841611189416
Random_2668,0.009471200220752887,1.772473500334628,0.006301557366257032,0.017358803712430156
Random_2669,0.04398422347317648,0.18089244141897298,0.04006909450378099,0.016292141641928326
Random_2670,0.2189232086776268,1.1102217782445793,0.040503248685313804,0.012829173057928508
Random_2671,0.016865319276940825,0.5615679881918294,0.002229018290076072,0.002852443231733763
Random_2672,0.19926064561968748,0.19644315874563878,0.007731240709159833,0.015362474117927644
Random_2673,0.18200591535628366,0.8993369672011624,0.02065045090025987,0.008673893614037365
Random_2674,0.26505176174506484,1.908946153302718,0.040158756906943545,0.01070723903898067
Random_2675,0.23269279406903848,1.641472663649339,0.048941798687448496,0.03580568313904818
Random_2676,0.09683994495203037,1.9701011565965654,0.02726664284388777,0.02260172050486867
Random_2677,0.21532875113699185,1.8395567478136878,0.006736498124089792,0.03181715488618916
Random_2678,0.11958446778407643,1.355507603509753,0.04996205156502796,0.01978693393421915
Random_2679,0.2528729373876071,1.7747909521498966,0.013053618379234536,0.0030725208857455737
Random_2680,0.034586461757218905,1.7435652006626374,0.0450598884998364,0.029776961254529413
Random_2681,0.06884346123152071,1.879680999327221,0.04948884071198875,0.016034573038851394
Random_2682,0.170817454184183,1.3849863316807138,0.04242017437872842,0.037867075780363565
Random_2683,0.05518558248846479,1.9464377055896724,0.018137867386133533,0.03840633470032875
Random_2684,0.12373595446903167,0.8938426347066228,0.03162598162283607,0.024638800158017084
Random_2685,0.0064556117170410585,0.16243186073150903,0.03223880414572706,0.028924380409701536
Random_2686,0.06457967535529373,1.6903152581353618,0.032354213415100294,0.02000449768861133
Random_2687,0.21734998253533705,1.537850571431756,0.03662734264128605,0.026207544703552105
Random_2688,0.29147426768723084,1.1947492833264508,0.004048607082087669,0.014773240140537512
Random_2689,0.029450900613812413,1.265783876674828,0.017181863305304426,0.007213839050841115
Random_2690,0.09918916275006534,1.9103535243333607,0.020787554540591828,0.010441514135118485
Random_2691,0.006505179356811675,0.17743459073595858,0.008918253328967896,0.0031199884790405487
Random_2692,0.2154545392182093,0.7587983604083156,0.016630248563768376,0.027949531466433808
Random_2693,0.043071684237479584,1.788739049166225,0.0023310392128451213,0.027503514703664207
Random_2694,0.23551506367284902,1.1835521873619221,0.038824019209672433,0.006653247702197208
Random_2695,0.25051202908787024,1.5324593254604504,0.013856226835646138,0.034103030924718995
Random_2696,0.18443360364956365,0.6250415008733017,0.017529625036797496,0.0330960938970154
Random_2697,0.1037894994618188,1.1816674106711997,0.021977470352007734,0.034955914561052716
Random_2698,0.07734258362119849,0.9479488249778096,0.018898362467676198,0.01819031594270657
Random_2699,0.29020766601277703,1.8420239411455737,0.010159801507455286,0.03629788063091177
Random_2700,0.29776872872309806,1.4830853301747924,0.014718426607761466,0.03314005723508651
Random_2701,0.17431113978629606,1.8069356060365287,0.034878474156225824,0.006884181699405502
Random_2702,0.16042503433409191,1.5884400756496906,0.023004329701456636,0.02230837301018626
Random_2703,0.2400419242681284,1.1888763070058777,0.013607201052501731,0.03386784028503711
Random_2704,0.16437563540448902,0.23905397584630553,0.03358144345711816,0.026643423759565243
Random_2705,0.203112852106417,1.033360476514322,0.019517677701939507,0.03688656419994505
Random_2706,0.12241177847728951,1.4039764308002234,0.03080491184774918,0.015652087674942066
Random_2707,0.0792816374102955,1.3900029035493249,0.030418211455139864,0.004317319276834461
Random_2708,0.012368938076066507,0.9151467785169848,0.009448316920734095,0.030201341418284764
Random_2709,0.14990648924541833,0.12343029909886272,0.04650156785781736,0.03767027543452314
Random_2710,0.14095882804099036,1.7998057058947727,0.02671743752477963,0.03813027989446222
Random_2711,0.14962703398766478,1.0916722358474584,0.0357022012442359,0.011732019270204536
Random_2712,0.07106471639416329,0.8509908204098126,0.029920916355032395,0.022832371255511807
Random_2713,0.13149019855016159,1.461908383581683,0.008515295748717563,0.023160859834751805
Random_2714,0.06536729978295881,1.9590374990898651,0.028202586381756302,0.02787692640636895
Random_2715,0.26073362339140055,1.936645492577789,0.03777929920412025,0.024436259931783368
Random_2716,0.2935512080234361,1.4157057348129793,0.035922049401321474,0.028871109332869085
Random_2717,0.2610631718076023,1.6942895369547517,0.03471510296296114,0.01177957307244613
Random_2718,0.1549723138441589,0.7554927125922328,0.026327200072300418,0.03443995619906585
Random_2719,0.12964622849172672,0.5772615824670014,0.012611312618699588,0.01797492091888644
Random_2720,0.2182640929792954,1.983392378107747,0.004781209443252296,0.001334736099857077
Random_2721,0.1866330595052557,0.2136271044140502,0.015055343995641807,0.013748116807250934
Random_2722,0.21681317484499618,0.15387591173213516,0.0492576905826022,0.011057670189250513
Random_2723,0.21955471855631345,1.1330701826513816,0.0042502136688262115,0.015205445219211793
Random_2724,0.05140012647304193,1.7901827428227206,0.015087303733759432,0.02778731407084893
Random_2725,0.11317438437951009,0.413022054635214,0.027359242607259568,0.016984471759189507
Random_2726,0.18358428811307603,0.6478081915892536,0.045868338594800516,0.031220526379021726
Random_2727,0.06218385579972163,0.8754460512392316,0.01379306909839147,0.034516611431072305
Random_2728,0.17405491284944088,1.1855415615053708,0.043651211084668545,0.032161959239362325
Random_2729,0.09673472712164657,0.16170148638611623,0.04371770361580586,0.033661847724781285
Random_2730,0.00938038155984231,0.440007795716733,0.019237331432914864,0.03576383695748329
Random_2731,0.12013544244250697,0.9909620422327504,0.00599801069304623,0.01515980715221783
Random_2732,0.12238397319393074,1.8670165488801853,0.03184684639393895,0.0036168760502708385
Random_2733,0.15683548337458195,0.30298688253058415,0.04115401827677706,0.03242734287559244
Random_2734,0.24368698866149416,0.6088956944426361,0.008214621503715217,0.003208596074781781
Random_2735,0.20528511542968622,1.7975902901765108,0.010454681517727635,0.012252376273872326
Random_2736,0.06090470938127149,1.0781760578270045,0.03609170135826135,0.012885779045488703
Random_2737,0.23937864579842622,0.22262575160769163,0.039858804476490976,0.006364577989170757
Random_2738,0.13416671460710877,1.5224449621909948,0.027319763733863824,0.03747822604350396
Random_2739,0.04121114781836127,1.6465598207456034,0.015373656197259139,0.02641780633862924
Random_2740,0.059812268180983806,0.49106790799162703,0.008194141767134611,0.03543606436181597
Random_2741,0.11457239937116807,0.331791193488697,0.038599199953986564,0.02336720372590845
Random_2742,0.2640221127933658,0.44576393035270834,0.006956991530618398,0.010233955694767469
Random_2743,0.2717925159800201,0.3639418603462886,0.007647068861147912,0.03982803244119679
Random_2744,0.059608027070982374,1.5972851515678461,0.04558302322536161,0.02695054790517581
Random_2745,0.10381407967691249,0.5990061043242448,0.03738151103927181,0.022769363043304115
Random_2746,0.12659501781071433,0.6229747437631287,0.040927118880344185,0.03157345701310541
Random_2747,0.13380300964899888,1.1171260829280607,0.005777701600628531,0.015964104741063422
Random_2748,0.026409920979209262,1.7364677914352202,0.04255200177390712,0.0063046879367030986
Random_2749,0.08373927248883972,0.4900840148450458,0.020427958373870396,0.02641332145343003
Random_2750,0.21273741410654257,0.6087821695342097,0.014655500257654414,0.02683937206703286
Random_2751,0.1674807499647174,1.95138264590677,0.03597007746517733,0.00967668726580721
Random_2752,0.08891085171712469,1.3531469347920735,0.03489474578817821,0.024362432945011146
Random_2753,0.038758606199129714,1.0521723791010853,0.04384891592907357,0.03682897234336675
Random_2754,0.19225940916544743,0.8136279278946602,0.033968777507921925,0.03222163963938636
Random_2755,0.25912249883138194,1.1037766982650128,0.007302573320587769,0.03489006788198367
Random_2756,0.2451202275528992,1.5655153159328374,0.04137011841183629,0.00503583901278607
Random_2757,0.28957315140752404,1.2747688507303316,0.047182970914022966,0.034645368522251675
Random_2758,0.0704900640116944,0.49151607962689325,0.006813287728794169,0.03314743592436232
Random_2759,0.03791057076272712,1.8540631492433814,0.019682245866181343,0.008686029184972247
Random_2760,0.2788222007217099,1.36238309910647,0.032571001511860674,0.02912221234783354
Random_2761,0.14318425654986763,0.8547123823363142,0.021822577811979202,0.02092236163984285
Random_2762,0.18816923008837244,0.8627889445276846,0.013755086609650677,0.03449076128461369
Random_2763,0.1232602718208309,1.6255363313631113,0.04475485888374409,0.02281548962939355
Random_2764,0.17924948520308648,0.9718301116041069,0.035264382224510483,0.0026013832046269184
Random_2765,0.05896979418571294,0.706851253594189,0.04819209749052947,0.01785684082754639
Random_2766,0.19372519581310146,1.89943107366304,0.04473609734238989,0.024523699341691272
Random_2767,0.04321009579820145,1.4191467463758234,0.0366646249501085,0.0050402715647515466
Random_2768,0.16567428666821093,1.203549185617621,0.04539121696722189,0.01116941696985509
Random_2769,0.257316287674951,1.0977278150810035,0.04728137872034888,0.030129287834098614
Random_2770,0.184539007533276,0.35551902252045375,0.01182762697234652,0.018388707380221553
Random_2771,0.22211654425889726,1.292489191916841,0.026741354553052776,0.013037466928958696
Random_2772,0.050374253056459546,1.2505001172510832,0.020152553880960843,0.02953249988757345
Random_2773,0.28947883273976316,1.8627739818150284,0.018232492957261936,0.023930790058226122
Random_2774,0.1641050842976435,0.88028809247103,0.04680932533022975,0.011355431319673457
Random_2775,0.11810544657724757,0.44579577639786494,0.04083017570924153,0.016899265857604887
Random_2776,0.09163579647591268,1.6212330604044067,0.0349512701707948,0.00359253224269982
Random_2777,0.052626778518013784,0.8440469398141965,0.021248643489365466,0.0334869426590144
Random_2778,0.260182412161952,1.1953995000671196,0.018139322147205983,0.02073455291352336
Random_2779,0.15145070485286988,0.5944429490005163,0.0018740159939245047,0.011582967877346174
Random_2780,0.27564671859496076,0.16657259194505056,0.028580368788052972,0.019871097755881157
Random_2781,0.14217602393798529,0.4655945885894558,0.023773832971903885,0.002425779382524456
Random_2782,0.030921797824998005,0.25647902385399957,0.043379365925094546,0.03991068568615643
Random_2783,0.08636481633291337,0.35851371211995353,0.013816522253038602,0.01925226299579766
Random_2784,0.08998021698584223,0.8817946249482078,0.016461321667488652,0.011008130844646833
Random_2785,0.17314624745515997,1.6917205480230009,0.03062739941413337,0.018586264013367253
Random_2786,0.13598434993256034,0.32595673345430043,0.041659459536703705,0.005878476136921471
Random_2787,0.12285355320261414,1.800182543675336,0.011149473343659299,0.008848855038477044
Random_2788,0.24900606155091404,1.57401001464531,0.04198875703848194,0.03451061046659498
Random_2789,0.11335940192521082,1.6688595516594218,0.022532897358127052,0.030322887628376677
Random_2790,0.049621627865961714,0.8141532144659112,0.026343225052299104,0.03846751005437222
Random_2791,0.05110418640685207,1.5189561538899061,0.02983990295372291,0.0344760584198529
Random_2792,0.2015005730264973,0.9078704797201952,0.0011365659367972084,0.03893089337127636
Random_2793,0.29703797327279796,1.3282497603135728,0.019684338527672353,0.011436005665907766
Random_2794,0.12360029972261324,1.1919907371071932,0.03710107899303373,0.01702166251521058
Random_2795,0.026644041793437757,1.440464883620244,0.04711775020602266,0.011834893834322006
Random_2796,0.03028540736404388,0.5626355897037008,0.00529884250420563,0.010425398614483102
Random_2797,0.008729317840320498,1.3576304016052,0.033209640859038,0.008582561620070851
Random_2798,0.05829910126866258,1.1342024211750938,0.00424749608612936,0.014558385998199409
Random_2799,0.11285823529723066,0.4439101910452077,0.0024082362989539022,0.007171679690650925
Random_2800,0.18170172724811978,0.6148978654701008,0.003213057806060255,0.02847640217889146
Random_2801,0.23922603924962063,1.5171685205435717,0.030337949894437884,0.02198086550033525
Random_2802,0.11263140166783499,1.2906727636440471,0.01968653335417754,0.00453072162697697
Random_2803,0.1744309041761239,1.5208691268504428,0.006178398990934328,0.01273575091672794
Random_2804,0.14526769275560653,0.5392833874117503,0.0011555706776234297,0.03695110889887146
Random_2805,0.037802235404551236,1.8850843551567662,0.011993459649740586,0.011609155845651021
Random_2806,0.05881353537249998,0.4358072178003469,0.0017117177524916551,0.02905204688629527
Random_2807,0.14138263160750822,1.2009970313095928,0.013265729901351764,0.03631478554930807
Random_2808,0.08880046348514173,1.195352397819972,0.01280681202966234,0.005704352856629043
Random_2809,0.042783153490032186,1.596351452418292,0.003868769785893046,0.009478196872401208
Random_2810,0.01839810880879626,0.9690990350657138,0.0282660915802096,0.005959583095896675
Random_2811,0.2874053530320999,1.6611275493682518,0.043354837615785485,0.025678247927038614
Random_2812,0.009355901356301802,1.810864454365899,0.012744232566813625,0.03170628071636646
Random_2813,0.1318161899021354,1.5732502640293857,0.0025738047491612255,0.024512643497972646
Random_2814,0.05496777415163363,1.7430784560922938,0.049191905925538855,0.018799770075429094
Random_2815,0.25677974633199524,1.2478579559443066,0.017075263577433775,0.01472207512066519
Random_2816,0.0803945452170028,0.3141265229811606,0.010813308416089896,0.012142916831790609
Random_2817,0.16729669996582697,1.2330174925161879,0.009835510161211942,0.017162637056489554
Random_2818,0.21117498166906404,1.911056571474605,0.01753866547741143,0.021479375960306208
Random_2819,0.24506813457204576,1.1013777096434518,0.023959002311994947,0.01000213158883137
Random_2820,0.262545934720581,1.3194944058943952,0.011140014642874788,0.023863370262524223
Random_2821,0.05484359421248877,1.0565189724834345,0.0014952110592023015,0.03999670019428396
Random_2822,0.2778859367889664,0.26789469328669147,0.023168808640415737,0.02017014266542499
Random_2823,0.012583515823495286,1.4531402791162578,0.0289724750273774,0.03630925910583766
Random_2824,0.009266174562383524,1.2422092161124738,0.009709614738419168,0.026192079795279752
Random_2825,0.16875610317215112,0.41095645786692325,0.04199534908906928,0.013351645974457451
Random_2826,0.2628884136838264,1.7130728537019575,0.028073976965161,0.01632842937917478
Random_2827,0.2851645384953447,1.418180850112052,0.042124613934127246,0.027162073500600237
Random_2828,0.29207924527692253,1.7452913371060341,0.0032215943349264706,0.024573908608173878
Random_2829,0.0944509364236869,1.131238469599926,0.03893091878274067,0.025502296955438625
Random_2830,0.29717389540885775,1.1500183916619529,0.0035658323993183584,0.03881799577849366
Random_2831,0.2698102818599992,1.9350104458087096,0.0085968375425147,0.0037839693447033174
Random_2832,0.17998838412469387,1.543828250824088,0.04417401922136453,0.012865994639357874
Random_2833,0.27604307314527105,1.7493806433960535,0.04924498849732277,0.033927461608192926
Random_2834,0.2355882970589802,1.7854494512090604,0.03703376972394834,0.028169640575750665
Random_2835,0.08570027553522201,1.6344901732135724,0.02992726953290755,0.007530161717039277
Random_2836,0.11802333432690552,1.7642969995212918,0.02197258639222233,0.008943698342030487
Random_2837,0.29130870906311207,0.14930396996430528,0.03118683454024882,0.012106957015858937
Random_2838,0.24954718130626968,1.9869163224786697,0.011095674315130748,0.002313719312923126
Random_2839,0.2808263844567424,0.6999021596302315,0.03417458776965631,0.03562227896336555
Random_2840,0.24455712587191045,0.17054671765144402,0.004098632042261468,0.021589724386838205
Random_2841,0.06486059173646445,0.17204269145740803,0.00786591809808793,0.03836930913511741
Random_2842,0.023674565066308443,1.8725102815455763,0.03784543564431626,0.013902351975562287
Random_2843,0.2468560357544223,0.34244567638452383,0.016241051612004006,0.0177816734910911
Random_2844,0.26444513934898217,1.2095595247364552,0.02700559957168847,0.007500792108206175
Random_2845,0.28506950795561387,1.298201398254088,0.006785564089813133,0.026243319361379632
Random_2846,0.0530090897824429,0.9732722655845476,0.03576215613544354,0.002831435084971782
Random_2847,0.21216905423830348,1.6368776372268157,0.03699831234570464,0.03756709128649375
Random_2848,0.2942510388621605,1.2512583460728783,0.0061097179330039855,0.030937367329766072
Random_2849,0.07917334351967874,0.6832482287933217,0.034100773480413585,0.027985411599875182
Random_2850,0.2637529974057378,1.7564620972787928,0.023646532511044205,0.010826966620450199
Random_2851,0.05930618286332426,1.6459292869755369,0.011745900381101272,0.022304014444910723
Random_2852,0.029052783287987227,0.2569149860228034,0.005194552811955674,0.02839414248750198
Random_2853,0.2904112138231474,0.5197443162630406,0.01237221018831559,0.038329597878960606
Random_2854,0.13653796523946493,1.0887260472383584,0.029307243333246902,0.036009041256706745
Random_2855,0.07993635760903874,1.281854277977157,0.010376632884464627,0.005967733976856059
Random_2856,0.009033200479834195,1.6347011978714707,0.03528493945912779,0.035473227397538325
Random_2857,0.23489956553090124,1.665096824082737,0.005809731695167833,0.006364911653374992
Random_2858,0.12188384524477677,1.252407190959192,0.03279818434228076,0.0318555912827899
Random_2859,0.23889680777190694,1.3227873950303901,0.011214114983072641,0.01573140860596753
Random_2860,0.1314535797641992,0.784784086714224,0.026883620646409357,0.01935878661402598
Random_2861,0.06349134623244757,0.18445989903087232,0.011059616449935208,0.013439370822206576
Random_2862,0.008445521929635129,1.552888814229595,0.032684024385471126,0.03808395255876148
Random_2863,0.08591726946047047,0.7625057328448583,0.03275974237533094,0.03687115822898233
Random_2864,0.034838320990503595,0.22986606446475066,0.03405762402553673,0.037302850437662474
Random_2865,0.23895358883671514,0.5936441528423264,0.022676987343114026,0.01998064721205846
Random_2866,0.11396640742417243,1.883276533441195,0.01466711091247919,0.02455681331556191
Random_2867,0.27257650234536573,0.18506488632591622,0.003850052307813735,0.015449848225502692
Random_2868,0.18304065118830734,0.4696894460769241,0.026109180244157735,0.022735389224154655
Random_2869,0.14444712696911788,0.999658838285421,0.03362264319995894,0.005331553152927013
Random_2870,0.029509505596547927,0.8891797009610549,0.025312772837839944,0.029996052783126743
Random_2871,0.011720397155925152,0.5268869365914819,0.03679761905264576,0.030649307986472005
Random_2872,0.010294785011011474,1.3338057095975582,0.04649369958922797,0.03561500142031453
Random_2873,0.11125161963346294,1.2758485464283238,0.047756428207190615,0.024270838521127193
Random_2874,0.18861953114994848,0.3653869169944789,0.04823296990676715,0.026216634431635688
Random_2875,0.1956801171098338,0.24188986147414976,0.019660296576365664,0.015384512781851808
Random_2876,0.17337731215291366,0.9813099998223203,0.003577109641683121,0.027737852200331776
Random_2877,0.2936725260070258,0.5198481508679051,0.012545079132955616,0.005520856935498732
Random_2878,0.06525779618625524,1.1240291429265208,0.010865682082586509,0.021348092181553768
Random_2879,0.2933382517217521,1.0022281348624296,0.027953903668226972,0.01702108754297886
Random_2880,0.1781198106444219,1.3603285240035237,0.0372490167461756,0.026832867559400692
Random_2881,0.2401854633322146,0.6976882919465596,0.028052945602698363,0.029939394466751628
Random_2882,0.039638163047324655,1.297514865779395,0.032869277436766126,0.0033524884421807957
Random_2883,0.18855466479211408,1.9780201536414694,0.03270742507924227,0.0295235233193668
Random_2884,0.028300381945817944,1.935741298109746,0.028854099586708933,0.006488935767890503
Random_2885,0.287134579147182,1.6404190878992113,0.048539263619378624,0.02612631154904217
Random_2886,0.1544184826608456,0.8131728597515601,0.029610602182685287,0.024796494127187034
Random_2887,0.14509494270539086,1.134885231329892,0.047151202336197955,0.02540238537681414
Random_2888,0.29709007581741814,1.767452375064897,0.014718404846649304,0.036499610051041076
Random_2889,0.11097847799705679,0.48130015734061915,0.004336824821792384,0.022052070624407515
Random_2890,0.16385035975399423,1.369201710890799,0.03718059333447598,0.019102464050662255
Random_2891,0.23614007824302585,1.1022226657324576,0.018051957464523004,0.0073262988001337424
Random_2892,0.041800616440651216,0.8856417207544383,0.0015390030477475491,0.006863653813680683
Random_2893,0.05466629476809038,1.19969857907515,0.03906155242315981,0.038367941765775467
Random_2894,0.0349009858619508,1.0143853294494711,0.029626580923852914,0.015915292823350045
Random_2895,0.09372730045825153,1.1300975295399807,0.01894444516122933,0.019081386779414563
Random_2896,0.17038282493124557,0.8002849293954533,0.033591283969774406,0.007764062171973057
Random_2897,0.15349502695653428,0.8266699141842915,0.0445785467071695,0.022720031820778797
Random_2898,0.27755049111715435,1.7861596739269838,0.04109400178408766,0.009012712895088992
Random_2899,0.2622246665657099,0.9761868859450512,0.01521896656137417,0.026144968432128234
Random_2900,0.04587417179290613,1.219385321235526,0.029227475193949096,0.017045152176602508
Random_2901,0.2940779151056585,1.7665096116835168,0.02360619085373444,0.00783233519379193
Random_2902,0.19320324099527042,0.7689464984351476,0.011781320476203522,0.024851319551300814
Random_2903,0.1713439024828195,0.7504813431448355,0.034096584127402275,0.02882731453134178
Random_2904,0.15887042266297455,0.49494048826711234,0.03089779691070892,0.0010066967212819602
Random_2905,0.2537146747846051,0.1251793420045184,0.0038961849537680485,0.0336758330187163
Random_2906,0.15545232619727986,1.765251579575009,0.0053409818410774575,0.016146564078592877
Random_2907,0.22568626936083594,0.7414426957592756,0.02517361481542448,0.004771614943384602
Random_2908,0.24656887858933874,1.5456311105263532,0.031150064757679872,0.01523695172077574
Random_2909,0.10724717015200846,1.7150535212708777,0.02797484839260917,0.010861742990441223
Random_2910,0.02309182934641035,1.996281913918459,0.03642314060511012,0.00766636508540837
Random_2911,0.15870014979179456,0.822352528361171,0.0271404002984327,0.021312505802397932
Random_2912,0.011170667296100233,1.2069005906284962,0.003149769265444314,0.026476928287515716
Random_2913,0.27292973706536716,0.2645938426437572,0.006280768569548718,0.005065050853236495
Random_2914,0.11914351931522286,0.8317412891746125,0.021432329825593996,0.01747260061372349
Random_2915,0.04282012813087216,0.7674689408237416,0.036106984124089574,0.01621772942136434
Random_2916,0.24402419279350362,0.5685494781908467,0.025771386939808537,0.02756231379440412
Random_2917,0.20398110905829164,1.6483599629826253,0.009468883617294647,0.010337149975022119
Random_2918,0.13695157149207718,1.1873567134843654,0.03546134525348151,0.011473619316091171
Random_2919,0.18395693300266885,1.8216341338948083,0.009168521001441922,0.013144109426861388
Random_2920,0.037678813350304555,0.8289184243430556,0.027956262834665468,0.024198067754905194
Random_2921,0.12448702127865267,0.9201304286034866,0.017143081089160652,0.036637568151090906
Random_2922,0.14587252823660232,0.6815912714152677,0.0327451687715184,0.01897855241122758
Random_2923,0.2275857960588552,0.23912001864791071,0.022221837212146607,0.03682585797384899
Random_2924,0.14869823697422566,1.9616873040821141,0.048630172466609,0.007987665043933105
Random_2925,0.22231265555191446,1.2169302451832302,0.011722972344758307,0.03252569806588392
Random_2926,0.01490876320442305,0.2666367735310785,0.015895144751937068,0.034966156144670114
Random_2927,0.22458753153174785,1.1467868873382234,0.00134347837682231,0.015706489873776205
Random_2928,0.21201335379628952,0.34820700706635715,0.029826289035214695,0.03060300928687145
Random_2929,0.27602410124222465,0.33251722878328965,0.02844717107938413,0.01868150892592465
Random_2930,0.08727974272227369,1.7174567847662985,0.0486808903874932,0.007720755658476553
Random_2931,0.08563610093142801,0.6084731945302669,0.025989205830741303,0.03481528056606703
Random_2932,0.12263704083589333,0.9712996290322715,0.02073955207027067,0.016159284326310176
Random_2933,0.2875317792869882,1.211072840479776,0.012586056264464345,0.03700152263417637
Random_2934,0.0251268408098445,0.3023245269098699,0.03931082227164405,0.031123295297475703
Random_2935,0.0717108600458306,0.32454335481725105,0.04199860656848289,0.011918197851362815
Random_2936,0.236739044412968,1.7108523455782259,0.023028405940241827,0.016728158337579877
Random_2937,0.07752717952518492,1.8257558356968073,0.01616887686431916,0.021854572998379857
Random_2938,0.21176830008279754,1.2669207394026727,0.03373761309398382,0.01986130765296336
Random_2939,0.01995779158384048,1.4406166595021506,0.04932211891544356,0.005022687741146367
Random_2940,0.1984349205883939,0.6116451168966092,0.029783721857603473,0.005625853488108708
Random_2941,0.08565471388152046,1.148514343341052,0.009830856255708908,0.026255806409436564
Random_2942,0.017454582655288427,1.181240470508497,0.015596692642043022,0.031052740672758962
Random_2943,0.1541721478047183,1.3585130978661588,0.01992948157892819,0.004466176105218222
Random_2944,0.1910305894858974,1.391988549006773,0.010808425599124184,0.02574112564478949
Random_2945,0.15603237043756854,1.3335588665631128,0.04042183737859056,0.024595575188560134
Random_2946,0.09602425791618507,1.5241977136243618,0.027988148376532785,0.035044054969738093
Random_2947,0.2573087431653678,1.7839219774580473,0.039902638909831784,0.014785813837586401
Random_2948,0.01943350593041519,1.2744160343477473,0.011656516345702583,0.029317244930864034
Random_2949,0.05559945830309989,0.35020726268920643,0.016969193247184114,0.017337555231933772
Random_2950,0.05854097733604356,0.39603588855447025,0.0069854875566046975,0.02586365505541099
Random_2951,0.1476938962612629,1.6738911553436966,0.0039698023301276775,0.010361995537783848
Random_2952,0.04086553236735302,1.4084466573342536,0.011668700739787777,0.007419665220851776
Random_2953,0.19169573212856023,1.7515414497188868,0.048416513934466075,0.009832987810161852
Random_2954,0.1607322707646804,1.0983018381461542,0.002962836583569692,0.007622488694229539
Random_2955,0.27831076943449995,0.5745589645689702,0.03201171372902787,0.0018313854266490473
Random_2956,0.09358613399459233,1.0874313452295958,0.02063083568708733,0.025680242263818844
Random_2957,0.15299888987314297,0.630410680063145,0.049355340413121576,0.004558586368933937
Random_2958,0.15256278794008749,1.686348888671397,0.012937357520647064,0.010464661107810167
Random_2959,0.2318394841739807,1.9983492456078018,0.040861474652044816,0.021430671079664614
Random_2960,0.21113199052408751,0.23266776351782284,0.04287503004902476,0.027541797807825997
Random_2961,0.13041225354771033,1.9407588804877793,0.024448206180479146,0.0030566989381725952
Random_2962,0.15750804210738495,0.2853313923032328,0.044333220903441974,0.018849910855818677
Random_2963,0.21206325676559365,0.7055102031731018,0.017979550196032,0.0012888248256757427
Random_2964,0.2574181520428256,1.9013849195036454,0.025698184231564645,0.020163087262565133
Random_2965,0.20841674224421403,1.024264897094845,0.040782095195140554,0.024685074291836147
Random_2966,0.17074653754744698,1.8631715008820438,0.006144354967798345,0.02940731902468493
Random_2967,0.25169171244912,1.5813268854166156,0.04265291697289709,0.01868701694891888
Random_2968,0.13732069209242392,1.8933536887223765,0.04479717212273912,0.028116526358381414
Random_2969,0.2165744244143813,0.7268976506210558,0.03759629246897836,0.0018337307491462724
Random_2970,0.03595727822288611,0.9045288908044898,0.03698107454231164,0.0013772003983799517
Random_2971,0.24692629132438892,0.9098154065138103,0.04791134870097668,0.03222823614690375
Random_2972,0.00908249719113802,1.9635572461953181,0.040958475392817495,0.019793691211641977
Random_2973,0.14141122531356107,0.9633734125160528,0.025204865660944976,0.03579638516197805
Random_2974,0.10431770772728091,1.249005820603895,0.03915246286479333,0.03128126571510074
Random_2975,0.042383438427282316,1.4431484584705205,0.021460579314179717,0.03828347310811813
Random_2976,0.20918956512740877,0.41441980498940045,0.007496536504262075,0.007762563159230995
Random_2977,0.1509758655497972,0.36969814351666963,0.006002683834837448,0.00794985974284532
Random_2978,0.11934043741816493,1.8517527575990906,0.03830976629272188,0.01019704607570936
Random_2979,0.24757236394504833,1.8018011298197762,0.03291514084944288,0.029294864565775673
Random_2980,0.07654215689687438,0.5297837673050818,0.020414685745543854,0.003869657896145835
Random_2981,0.18587215158237316,0.8952533306580145,0.013319147941097693,0.029779531009282184
Random_2982,0.13192911466683474,1.4450371176459575,0.047321346511671955,0.018639398581449845
Random_2983,0.2477050072756312,0.37369276952614316,0.018929267810018774,0.03172434190109799
Random_2984,0.06802262511487464,1.4951805513390157,0.017408045648895143,0.030238718055760182
Random_2985,0.2409893864107567,0.18175559995018523,0.03939381054926138,0.03303614410375089
Random_2986,0.2571716454054042,0.13862430949781052,0.020562351512121164,0.02941132254251096
Random_2987,0.13898455418767808,0.2911822395850099,0.024687415732412416,0.008844070351487592
Random_2988,0.05031825460236718,1.9498197560793935,0.0123974647246523,0.02836424454931375
Random_2989,0.14344773640371444,0.9562612812892912,0.00670411763393911,0.02440316191254319
Random_2990,0.1573947030330007,0.20139149807661041,0.032198959939552824,0.00931556836643311
Random_2991,0.24817301496261643,1.0062919916298716,0.04049843129382266,0.01082680454341441
Random_2992,0.20784426660982286,1.0772986253496335,0.022227497360139688,0.02878384662990396
Random_2993,0.29178547375791397,0.26172783179744075,0.043969450348907375,0.014422048965206057
Random_2994,0.037340656948196105,1.1017910654098853,0.04508646895611353,0.026098639435653014
Random_2995,0.2804173091094957,1.1110016416235937,0.018589965789917312,0.004553269373850579
Random_2996,0.10841448318228657,0.8639261920842964,0.04225164508329985,0.006031289907530184
Random_2997,0.07541494099396678,1.9864622738954758,0.04048098248968208,0.0331152161606052
Random_2998,0.18079598310222944,1.7866872801779201,0.042641035130083015,0.018886326419031527
Random_2999,0.2309935002132023,0.8824689057488359,0.03827836807148966,0.032599942045981
Random_3000,0.2817159827315295,1.3195613100381676,0.049357319227885964,0.022901380518871653
Random_3001,0.03320061910978273,0.4610757178397775,0.003211263985932704,0.03890440144859021
Random_3002,0.19754782214177594,1.8264959198787636,0.010034777938712453,0.010222320964300535
Random_3003,0.07943434467791395,1.844724310660067,0.0025024122082085067,0.028358615788802565
Random_3004,0.20723504783370666,0.2315177971833533,0.0499818074399648,0.038237421198311854
Random_3005,0.2955374035495396,0.5221100321376965,0.034382698190815734,0.031286088248830085
Random_3006,0.027288575120288715,0.2601171044690688,0.008597067340143939,0.02014735495919134
Random_3007,0.20862719815540057,0.5197323799380009,0.014240648936093812,0.02210536195622885
Random_3008,0.18028770059282806,1.6783197869388629,0.02642136803892257,0.013200983850643354
Random_3009,0.17595285529912663,0.3241112245804672,0.014582110747969161,0.031771197143619236
Random_3010,0.1190092010675188,0.2826863820482133,0.032062604378539646,0.033721222919236404
Random_3011,0.09008744596487511,1.5595352367466728,0.03534020623760412,0.018477782877452813
Random_3012,0.21014575272324934,0.7780362026397035,0.023954504504612294,0.021862976723346736
Random_3013,0.2137235698994448,0.3499476253313003,0.04266345937629334,0.01033593548554567
Random_3014,0.24275363664507263,0.9708110135726595,0.01249273736357746,0.00696889899516197
Random_3015,0.2717347267758289,1.3863934720298017,0.02217648233797898,0.031551615454887896
Random_3016,0.10175879677080674,0.41334135862028165,0.005528229813966225,0.017709332498976788
Random_3017,0.2069104513331195,1.6682924660406826,0.048235894070768066,0.032774069567329124
Random_3018,0.05526211108606344,1.807564205502816,0.03831266349139946,0.017426941399305052
Random_3019,0.23690816438416365,0.7425626718391358,0.04844318228322847,0.004337564984755821
Random_3020,0.16690006542432048,1.721771042799989,0.028988958634483482,0.017444332686131037
Random_3021,0.2586435660748708,1.5051745409551414,0.008230197341199723,0.009037568640122336
Random_3022,0.19830205672767082,0.6778509021173516,0.042738016034860535,0.0238652040234023
Random_3023,0.14223914421079095,0.16934284197757665,0.008872618433271199,0.010040947272690073
Random_3024,0.29998510129152506,0.5832432124183339,0.007445868608506907,0.025978708397740705
Random_3025,0.24878496685884124,0.818143641511172,0.009631542537245068,0.037297980204165554
Random_3026,0.007722883309883333,0.4062012669439461,0.013856466240983849,0.008751023814497463
Random_3027,0.2709091709133242,0.6945261986191403,0.049853498592271464,0.01385066434979166
Random_3028,0.053710214888126884,0.13617729798370137,0.036703829893270486,0.03603288497457583
Random_3029,0.03637931321799934,0.5297734218320829,0.003643163253866679,0.01826785869618063
Random_3030,0.21058140616567952,1.873838869371453,0.008170694764339063,0.00641936932058553
Random_3031,0.14065701263183383,0.5060205586055755,0.04400549440611758,0.01137437334703233
Random_3032,0.09674007267739321,1.4259308986458943,0.04913458143869605,0.026265457664902753
Random_3033,0.16519320943176474,0.3406797965051945,0.015441862602816759,0.01936512918866181
Random_3034,0.16177938044714663,0.448508752714289,0.028373515003075386,0.02757296881129738
Random_3035,0.22133767256437184,1.3936114555375414,0.026465227152200135,0.03852137195467983
Random_3036,0.13977419175022415,1.2079857454430765,0.025333931270225988,0.01984013440817607
Random_3037,0.245094259229406,0.6014486566435332,0.047798189803783316,0.006616268591754105
Random_3038,0.162418765913677,0.18731873251113312,0.010601026858549648,0.03018695355468783
Random_3039,0.17688410894677556,0.4114350886405711,0.001595960106033203,0.032076054232912043
Random_3040,0.23368435227238116,0.6304342503022329,0.03167669260359139,0.02491053072911113
Random_3041,0.09957219396032765,1.6187501570713316,0.006443222302318147,0.006175411954732447
Random_3042,0.21493527014824507,1.8361269992175069,0.04103409243306748,0.01167288432192782
Random_3043,0.21915490022439993,0.7667052215114935,0.01922603320284234,0.03947663780210844
Random_3044,0.2733988065487344,0.2574295931385795,0.01661042222978087,0.03897130086669482
Random_3045,0.06584882347177597,0.10258978207389496,0.006077454540233264,0.030215397692015908
Random_3046,0.27153955989021294,1.08270430501392,0.031659548000334235,0.0359120317260922
Random_3047,0.07148180414769079,0.42628169854038167,0.021610414969464257,0.010324584671804887
Random_3048,0.008584245043504876,0.3886983770358827,0.005472508395911734,0.03708304035927289
Random_3049,0.2891931892109201,1.6891715679370365,0.011710241403387039,0.0066391093844112205
Random_3050,0.08897844721092739,0.884909246900454,0.03257505934982182,0.019056600750608645
Random_3051,0.06403893793726348,0.6474300919357353,0.004197940033270765,0.03516943872126229
Random_3052,0.14975611571158093,1.7072124657753192,0.008920296041242243,0.030060071783166775
Random_3053,0.13682593022096604,0.9066961525569046,0.0346004165293247,0.03265638749448807
Random_3054,0.19728427604026336,1.1703471734607118,0.025982573779719867,0.0019528036786370206
Random_3055,0.21598547678361693,1.9839185870978697,0.033971631866815864,0.030187874339353087
Random_3056,0.13164826805287214,1.556273218375654,0.04616744016828126,0.00437494640038886
Random_3057,0.17889335190546038,0.8997506979040566,0.01374947553763647,0.039414301533327485
Random_3058,0.1480020469883563,1.5661892735837017,0.015420115909736527,0.028045122461983638
Random_3059,0.20549620998578869,1.6729871009048296,0.04081130366197625,0.009227396086716314
Random_3060,0.1449687429532714,1.465598789376267,0.030994082344534844,0.010254589108829051
Random_3061,0.2582680985611249,0.513700354944756,0.03665124412788585,0.015706457919993887
Random_3062,0.13160838383467519,0.44252058545491135,0.04941423733783123,0.00786243980797263
Random_3063,0.18809151408026484,1.1570503965902732,0.0406729291120768,0.005783754272307899
Random_3064,0.07063105064838984,1.0388797387082755,0.027305515540668644,0.0194116860491706
Random_3065,0.2634798057855833,1.7672506528506313,0.012998781455525996,0.011308970496802302
Random_3066,0.23077367142917324,1.701327084401947,0.046395286456041525,0.0024318862847160505
Random_3067,0.02430698805953881,1.2835538014998111,0.03552517280876295,0.0355985334338016
Random_3068,0.0944410711168886,0.48743322125404154,0.04107196104992358,0.03010203181410623
Random_3069,0.25157374827391715,0.26499912711280893,0.03406815563191159,0.03356866169055553
Random_3070,0.13689590478156122,1.1483056566743948,0.013836045422517457,0.025182076268650766
Random_3071,0.29535086591484516,1.666058957102523,0.040855750323389214,0.03859413068648185
Random_3072,0.06896279883955989,1.9564797675571752,0.031462328100099905,0.009551766434100922
Random_3073,0.07820499308152185,0.6275316069573782,0.027881560065033794,0.033722137976362546
Random_3074,0.1779528657288999,0.8743666640224068,0.031088578421199466,0.015675528416762993
Random_3075,0.031619583859206615,0.28799082053917446,0.009432838006073866,0.026300859972164217
Random_3076,0.056412639469087096,0.5762885013897747,0.025878942524317036,0.004244879721251815
Random_3077,0.22038740457353756,1.0019240508110125,0.014642128220140903,0.03226495364739196
Random_3078,0.2518280327001996,0.32892061787564175,0.045929773492703704,0.017086340741334364
Random_3079,0.23309081392592312,1.6837315987958152,0.019330988964262358,0.03952163068496189
Random_3080,0.10174307969685246,0.9106657776467093,0.013994422021186385,0.007669805476232513
Random_3081,0.1584867952265698,0.2529869846138727,0.02757434149756746,0.027768725431550206
Random_3082,0.0865871848803767,1.2185038803715917,0.04292887657546393,0.03437643255365702
Random_3083,0.2076377967738839,0.23924478128079296,0.02116459685330634,0.038408251855040175
Random_3084,0.18829863534772806,1.589935752532572,0.043742021931946824,0.02916934880780167
Random_3085,0.22526756019739133,1.2761932129447342,0.0324268052850641,0.03448421324051122
Random_3086,0.16278681465547287,1.0404550351932647,0.026550971931676277,0.03401420137002129
Random_3087,0.06708688268017461,0.280604701050189,0.012175308910106292,0.017019078773492277
Random_3088,0.21034202486070824,0.4766822058124749,0.030817450051693056,0.029749196845536816
Random_3089,0.24757594314836487,1.5626447849802296,0.011230146467395705,0.032912465558666164
Random_3090,0.14793531752613714,0.7426242633884608,0.007164255055969562,0.02080128652032483
Random_3091,0.2835589055505585,0.3830924712954159,0.007521183391118226,0.03684216129552006
Random_3092,0.22954934610560784,0.6294149769895986,0.03581757357532611,0.006214591782246017
Random_3093,0.12952053386310233,1.1489326414706968,0.030313529108878273,0.029827631427135425
Random_3094,0.2767676605799811,0.6630144637736829,0.0067680862937710105,0.01150275182771332
Random_3095,0.27383950623204395,0.8990524419388221,0.039137612368812205,0.004421253842067958
Random_3096,0.13083875781666945,0.49676833547284194,0.017247299156100283,0.006003641212192004
Random_3097,0.28186769353394714,0.22035405653624263,0.04632299339608021,0.005527896436002258
Random_3098,0.26172086261070665,0.21415382936934696,0.018806065604827546,0.03277102638535288
Random_3099,0.005518389865021371,0.20115910846279625,0.009842593815397364,0.009021924687241951
Random_3100,0.1175815859148352,1.0757822320066355,0.01629295277377213,0.008475604682146285
Random_3101,0.17475462802478875,1.3084749093067873,0.01517277525179905,0.025553631576203953
Random_3102,0.07614225589436023,0.8848129318849942,0.036389751273607225,0.03803505065922721
Random_3103,0.1981755318355453,0.6518040408821322,0.025998967470489114,0.02861824223421913
Random_3104,0.23125599704848335,1.7734956479149413,0.04573518241005503,0.0050354471567128365
Random_3105,0.11082361567414335,0.38352252306140255,0.04048163160996031,0.0210608700735457
Random_3106,0.0073189564875263315,1.9589829218587536,0.04460102704645831,0.012652030583279877
Random_3107,0.1623917554566734,1.9095326144738618,0.04272248141664797,0.033091096623806444
Random_3108,0.23506193862592142,0.5061272408969514,0.03429307009860813,0.024716873891816746
Random_3109,0.1673115210927849,0.5198927928669408,0.04247130836843706,0.03908333021261279
Random_3110,0.27732379657634576,1.9526755580840311,0.023008499812156698,0.007893401683775926
Random_3111,0.1868963923907257,1.1951121646109393,0.04660700444555829,0.0374785193352972
Random_3112,0.2273218573302692,1.9449420482209203,0.004766496677925581,0.035399298076859737
Random_3113,0.20744741515474202,0.8004747753301701,0.04148735429475879,0.03513135053742767
Random_3114,0.14036173883830783,1.7758989283062958,0.031790588192635534,0.029893271010352423
Random_3115,0.19415133492714573,1.6805451486831064,0.025531594333713162,0.007317160977562614
Random_3116,0.04932913923483789,1.475099497002479,0.006081297612493996,0.029048063153878232
Random_3117,0.007268164345470405,0.4587953604312117,0.038463668272023924,0.03862968672759677
Random_3118,0.27550871609540056,1.2672548682756186,0.01641292176007924,0.0052874505051166126
Random_3119,0.22505508116839307,1.9251534234886296,0.04099185721627649,0.020228263685010964
Random_3120,0.25574605988388527,0.6400914327226428,0.011744142581354686,0.012847644072918836
Random_3121,0.20168915451813615,0.40001936077801237,0.044090318647348165,0.010220605715396961
Random_3122,0.1711949006014173,0.20093052778608725,0.021365154325552693,0.015491962779738924
Random_3123,0.079555560802614,1.8694681931596016,0.025178896265772313,0.03139993191059355
Random_3124,0.23022802503262715,1.3681290961619934,0.047394867730972845,0.0219867232872282
Random_3125,0.2255279144860968,0.6673704112025375,0.024074052417281635,0.007688038280164158
Random_3126,0.013528920194074395,1.6259903835408784,0.025396090452954618,0.019633449199202176
Random_3127,0.18930924428923204,1.999902135553016,0.025068447286518573,0.005328780465618973
Random_3128,0.23577964092543793,0.6971625418984668,0.04133812069791011,0.03762437684648829
Random_3129,0.08141340361104525,0.2526202779642782,0.011626312115272604,0.00907035965914492
Random_3130,0.1815636100506573,0.6629564191385033,0.03806566802583042,0.006071325375734583
Random_3131,0.22996453551166643,1.3428606998058563,0.030358012789488773,0.039094850190504335
Random_3132,0.27641527378864467,1.8994279078410958,0.018199889535600228,0.027972223058721365
Random_3133,0.14695366179958932,0.427584792066781,0.007126068283485306,0.023738912789773622
Random_3134,0.08600783848350053,0.5441612644223607,0.01926336789971711,0.02957184363129319
Random_3135,0.1001223576975411,1.0354737877079043,0.029865207731183837,0.005648611570872416
Random_3136,0.22511844696671615,1.9937882372393394,0.020705752541344817,0.038113666587535455
Random_3137,0.11773630931041239,0.781873594110647,0.03722966979455974,0.017918760200114205
Random_3138,0.2815751138319693,0.20164699082482096,0.04002707236430237,0.024785235426048723
Random_3139,0.03743405943055822,0.2788916955051016,0.027144900156035393,0.01551208975582178
Random_3140,0.24472242272809483,1.4242993579969825,0.003702925231768881,0.016968861265990835
Random_3141,0.24013505641779104,1.9566505804320473,0.04425139759904764,0.039954312079021594
Random_3142,0.10004514266904471,0.12227457967769083,0.04081614547378648,0.02960610915670592
Random_3143,0.24039082788018518,0.9948582510122131,0.042581420898407864,0.03504919485036195
Random_3144,0.02838532104624408,1.1672976054685318,0.03980017859183748,0.020552581667930135
Random_3145,0.13546658526251792,0.7109502944886193,0.028296219117686063,0.0072440644200097055
Random_3146,0.061362547739191316,1.748937541777239,0.045199275108118664,0.013859629505541631
Random_3147,0.15862302367522393,1.702091911951974,0.00607268019339593,0.01639688228887613
Random_3148,0.1852007749563486,0.5319992467009631,0.03178642101397933,0.020611947188448627
Random_3149,0.23644822365748608,1.6035986160959936,0.027995587776508287,0.018091909215514457
Random_3150,0.2141487249750274,1.1563720261270178,0.026197407654357414,0.030841554154475023
Random_3151,0.2703066307222704,0.8647820483756175,0.021933069497298566,0.017734827176857704
Random_3152,0.28281347220637054,1.554827657839258,0.0035093501840686935,0.02840539679251823
Random_3153,0.20690468586044686,1.6273162344494185,0.018128003341446892,0.009650990976195203
Random_3154,0.19925434266573522,1.1351512471115917,0.04981638594610189,0.015838832068321915
Random_3155,0.05538903279910388,0.7800776990445651,0.03596871224892364,0.039229300330436874
Random_3156,0.258586807144631,0.343532330335488,0.020852430115281154,0.011482110760551199
Random_3157,0.10741563331565887,1.8962284995357828,0.015268492031027155,0.00923063690247055
Random_3158,0.2053613019451387,1.1349357310000572,0.007145737735737085,0.018935835502517588
Random_3159,0.024061646645723044,0.9565907022602023,0.02667314836647632,0.019568929752689947
Random_3160,0.24422182811404253,1.872768306498586,0.03392778498047905,0.02240270740651383
Random_3161,0.09426051289255807,1.0690875194556915,0.012243577523909806,0.022215133174645872
Random_3162,0.23949530770414604,1.714469960218191,0.04462102952994688,0.030526474124764367
Random_3163,0.15885882258022888,0.16037827858610174,0.04589384857859986,0.008917129974267368
Random_3164,0.1188564223489901,0.13287353498205656,0.022946636652116197,0.015427801277233349
Random_3165,0.20728179102895117,1.8447401552176168,0.04740671903425168,0.0379935971685823
Random_3166,0.09043827210415033,0.3807836109758961,0.040448801551084476,0.03736557344504839
Random_3167,0.03282577882019909,1.8405414864396565,0.029884461364952253,0.007937728913639315
Random_3168,0.1012439991273179,1.8234038968361772,0.023941632525016233,0.00789697843951992
Random_3169,0.20255537746003618,1.7299310026179868,0.030031550519519022,0.013452502351357535
Random_3170,0.20490820821023165,1.2607213251763665,0.021326602056331335,0.03243047347492042
Random_3171,0.1013886639283107,0.8004474738099091,0.022303173173637975,0.008342524087560808
Random_3172,0.2171253906076833,1.5272597415301352,0.025545943435021916,0.02394960687129243
Random_3173,0.2372667816834996,1.1157927845281725,0.04056061795443835,0.028536247165552857
Random_3174,0.026220171358415836,1.791118390905136,0.0314817043108923,0.025026895016162655
Random_3175,0.13014249518507487,0.3119870940914895,0.04900765261522227,0.016117433217195564
Random_3176,0.18287571160724958,1.3780671806432756,0.0038746896397430864,0.01375146424572619
Random_3177,0.16972380617359187,0.6627013989328993,0.04401392142329689,0.010779489542741532
Random_3178,0.24187896607959555,0.9796272792281658,0.02120661251182234,0.009804573867485372
Random_3179,0.14674788619192755,0.18464866765336346,0.0013923502877459914,0.023609217948072928
Random_3180,0.1712317867291828,1.282617893157243,0.016914386099510046,0.01407353616647871
Random_3181,0.2795301781537866,1.5712952668667972,0.020889353799349423,0.027000490543714596
Random_3182,0.08539318653739637,0.12382783194156305,0.01167564810158584,0.03140242080565869
Random_3183,0.17130689393740234,0.9068076325026349,0.004953009437580701,0.0018439065603755478
Random_3184,0.07203824688020657,0.1547686168541621,0.03385936511904907,0.012454136069426896
Random_3185,0.1527344710936961,0.33900257285055024,0.03969502494062913,0.006406933854140338
Random_3186,0.17517538144164238,0.6885702316672435,0.021843521896323607,0.008406470099266254
Random_3187,0.014255956986407404,1.1545414706269146,0.03301869341442388,0.02710373942376852
Random_3188,0.037705166234676894,1.3868833867246078,0.007075153359772558,0.017111132686742164
Random_3189,0.06193906996241736,1.2542159734818985,0.018653860176742757,0.016896390905685295
Random_3190,0.24751069428713482,0.6468635791735422,0.026347457787427524,0.013784376224669614
Random_3191,0.15931336280833636,1.1084312416795312,0.03966133239588951,0.03390282518169725
Random_3192,0.03008691042826056,1.510715054874332,0.037809203167653196,0.020673338807848437
Random_3193,0.10310420744255236,0.329369761745013,0.018402339257691525,0.023650001466952997
Random_3194,0.12000307790804142,0.660480684247984,0.0034954050072250834,0.03477238783547263
Random_3195,0.1820204483328853,0.2283152901212849,0.004992316073526508,0.019478247560551543
Random_3196,0.07906770263065599,0.6777469287805682,0.02524770118945347,0.03474206009905529
Random_3197,0.17335318864031546,0.8144183564635146,0.004819280239795038,0.0035460577524119652
Random_3198,0.11135466072133919,0.9243423330347876,0.02981854217813591,0.033694705636482775
Random_3199,0.22503360163177552,1.5045812401191454,0.02633852942855689,0.023370626910242484
Random_3200,0.2309240554422678,0.7664362680543476,0.01834309000201977,0.009819230361348942
Random_3201,0.0910119568884753,0.57046202340722,0.003225705241538837,0.038559994486119305
Random_3202,0.17911563377541737,0.4120300980639797,0.02812038157113804,0.03048473411141676
Random_3203,0.02814412468160819,0.8792468528728925,0.041966743592357525,0.01104227712074772
Random_3204,0.030208916438133167,1.1552015334782006,0.04570776635480587,0.030885294514782096
Random_3205,0.18141355314105057,0.7236028715228466,0.0015002975201199513,0.02407346564905938
Random_3206,0.05679937377090969,1.6419304708821787,0.03035037545916175,0.004200312330514127
Random_3207,0.07575773631765673,0.38490782352635944,0.026849568138070597,0.031797006726627636
Random_3208,0.18611854151118606,1.8064698635830663,0.023276426216595054,0.021618444997228523
Random_3209,0.10304551263406506,0.7611812944944382,0.013413162342481202,0.0030334504005704185
Random_3210,0.2864045306203857,0.4090674406139111,0.03511781829385855,0.027174991847821652
Random_3211,0.1794732500527483,1.5832497406124946,0.00459818326329013,0.03616911831377309
Random_3212,0.019889854621945553,0.5713816400153572,0.0012031438888103747,0.017892322914580008
Random_3213,0.05327998303892736,1.3784611294820233,0.012529818759616458,0.006510121785782548
Random_3214,0.2906001751493248,0.5658299601156183,0.004306579448460567,0.03051991832819166
Random_3215,0.2262791597103925,1.0491940341477572,0.043257148163468075,0.0037713220109221396
Random_3216,0.19215216170146804,0.26638007910319883,0.004425834105173122,0.012141819654576773
Random_3217,0.012970145711920088,1.7293712116694686,0.02149191751576544,0.00160721009919102
Random_3218,0.23213170230333252,1.3676487817628307,0.017754403652444503,0.013400913865355468
Random_3219,0.0859096190077033,1.8598529565523125,0.04335647168844233,0.008069762316632267
Random_3220,0.2256489589631726,0.7834515561160962,0.01727012005577355,0.013622234242585792
Random_3221,0.1334659264520467,1.6037831849922308,0.027807969223975746,0.030404335856663776
Random_3222,0.1285783397336539,0.3822876570895616,0.02117238812455359,0.03747953223564058
Random_3223,0.1732607945058417,1.3358675541826563,0.0132396952541184,0.007791567326586019
Random_3224,0.06839738110644743,1.6443123750833055,0.00674302440848291,0.0065145520630858255
Random_3225,0.11759496213254707,0.3916627740252797,0.029565006803560043,0.030662013581280918
Random_3226,0.15158485682096076,1.5930151200764113,0.012452312474742353,0.03814418960380849
Random_3227,0.2069987551783656,0.8354781883486874,0.03732102624788955,0.0029758488638405136
Random_3228,0.2004227768350891,0.5088971224262392,0.0023787750570161744,0.00497390562217517
Random_3229,0.1298742438761119,1.9394671981214442,0.03505399762635309,0.004900013537230319
Random_3230,0.1884291980634029,1.0428585792903533,0.023426718197590665,0.004504057535581118
Random_3231,0.06769558578138117,1.4887625587096214,0.010151251559519486,0.024767106620478194
Random_3232,0.11603482910078781,0.8846220121383319,0.042567750569476016,0.004636814304332821
Random_3233,0.08515743440558843,0.7561496564739811,0.04234355091926387,0.016888965572480014
Random_3234,0.15579626483326195,1.2904870287301515,0.009162933242162288,0.006316914077956702
Random_3235,0.1706537495942659,0.24851996014512714,0.010339275180821516,0.00721527912220443
Random_3236,0.18075351689710242,1.220435522607529,0.013724214447084972,0.004509137697024445
Random_3237,0.015514309550539333,0.8107217813176772,0.03207250751299177,0.025190264988574282
Random_3238,0.21528039375209382,0.9041063208947541,0.02696221456078367,0.0035710220958606997
Random_3239,0.04830629989664389,1.0731943289973223,0.022626199824578766,0.00840804929864861
Random_3240,0.06985969209577163,1.3405805799075592,0.020895349504380205,0.038672256929092104
Random_3241,0.061509948291169285,1.9738490657913161,0.02745737403294107,0.03092849241560026
Random_3242,0.10084995238135402,0.8721502033249491,0.049299426485663544,0.014934952436470209
Random_3243,0.19847525623417364,0.6052628591775485,0.014635971589612672,0.02546765382776459
Random_3244,0.016861188375561928,1.092637658097567,0.0382751258064105,0.0171129161787921
Random_3245,0.1298200791668112,0.6485215314867845,0.03993898128752556,0.03498705034289464
Random_3246,0.19667379080409694,0.5535630953888626,0.013758237675116379,0.030153458834345774
Random_3247,0.17210182715485783,1.1909027734300026,0.04028091448466192,0.03575340500529504
Random_3248,0.1147085278281694,1.2818298878123897,0.012180819340346816,0.02146599288877136
Random_3249,0.08050304877101612,1.9050037425067623,0.0487970693160265,0.028791073251619472
Random_3250,0.15422741692842562,1.6969525385152917,0.02024741028506138,0.004569153456286135
Random_3251,0.16625322058571723,0.8324648573784288,0.03704436642869277,0.029285053682024897
Random_3252,0.0718107443640649,1.0141634764834473,0.04869250833359181,0.01387615647473531
Random_3253,0.1003792157711524,0.9529235534826948,0.002285870707384199,0.0323365592693085
Random_3254,0.022420339809817048,1.747526125346505,0.023959155071764743,0.01858072180463503
Random_3255,0.15180703110350813,1.4226411604891656,0.04270969453508693,0.003532853866014484
Random_3256,0.16239508894831822,1.5596263967809707,0.04714275390109481,0.020499010883512768
Random_3257,0.21542354102951025,1.0686535815497165,0.015202672488984891,0.030643609039704995
Random_3258,0.2873210753267906,0.1954280614590743,0.003668178936207279,0.022560863409306218
Random_3259,0.22999229045322683,1.2269914696759696,0.015190428744476143,0.030720217036141934
Random_3260,0.19927748165389378,1.4079500710819015,0.019841951781133862,0.030591770611364606
Random_3261,0.11663623893652804,0.19592781992143327,0.030295406308903476,0.02827478804830225
Random_3262,0.29756184134163893,1.7499118962170255,0.02981637223236037,0.0078003629810648395
Random_3263,0.15391318356355993,0.22855101416877627,0.042728807980780804,0.01443485046657866
Random_3264,0.05289543897992724,1.99755944941134,0.025889648159871968,0.0020672455020874295
Random_3265,0.17598836556835057,1.8169764061182705,0.04643579389775917,0.004809029060940934
Random_3266,0.192334854368846,0.2682199612713565,0.01533410827647403,0.010747498754632795
Random_3267,0.27505258587859843,0.871303655760715,0.03190377008428583,0.03199185987731651
Random_3268,0.08947145680819449,0.5750148657744141,0.004907464222778355,0.0010272474847649814
Random_3269,0.268087582680963,1.5504296702950127,0.031250324936415504,0.03025618153276625
Random_3270,0.09628895675641012,0.6233397769530897,0.030587257383935744,0.010269243809791589
Random_3271,0.11203585158037709,0.8695583030748463,0.048184556014317356,0.030363823939299123
Random_3272,0.25720990269683486,0.20067017615369637,0.01173321941908663,0.020313622570132982
Random_3273,0.15865055079666981,1.0521795862793568,0.03257047627186834,0.018810954351903393
Random_3274,0.17119849803644085,0.6178571243755823,0.030274325943769463,0.019912765162529506
Random_3275,0.27133555694448336,0.5128670287418643,0.018299663296381722,0.03700731008316314
Random_3276,0.12852866244408254,1.5967926294238683,0.030473753348447145,0.02923902421210372
Random_3277,0.1565553462559503,1.0317259899447055,0.0449654556109087,0.03276865291892353
Random_3278,0.2719112747574467,0.19177040731543946,0.01263969161927726,0.03583583363049409
Random_3279,0.013324299119933262,0.7486949528944191,0.032880752717770606,0.025388383023619416
Random_3280,0.26834066241345356,0.6713195692831954,0.028322736805766913,0.015320689621374534
Random_3281,0.04702226160430323,1.2287853862906084,0.01578081424949027,0.015854798728599365
Random_3282,0.21861101787066434,1.4875287782232478,0.003692910951928969,0.00409865578782438
Random_3283,0.049923739913341605,0.5070438819125569,0.04966461562304409,0.018556661165139612
Random_3284,0.276531250380984,1.15354994618951,0.04044526288825403,0.013224397131634251
Random_3285,0.07110963179068064,1.4156164405118041,0.03322805194835317,0.005058668799575842
Random_3286,0.25236583960432335,1.0428170525704759,0.0358425842842947,0.023451160782311097
Random_3287,0.26014584375614214,1.3828483816362442,0.0053490482793857414,0.016538940188058845
Random_3288,0.1328172431670091,0.13826732330751274,0.014826064263782,0.021904122718679794
Random_3289,0.23116182293119497,0.2026400086493795,0.009762308474570082,0.022137664764251132
Random_3290,0.20522971630473746,1.760973880852818,0.0499005520849643,0.027538283398803633
Random_3291,0.25086980381595353,0.5647246196051319,0.035729931278948183,0.012133453854633738
Random_3292,0.25063353476676525,1.4507528929624731,0.03971401894366226,0.0037873407853154166
Random_3293,0.14952443701048812,0.5057966629737173,0.018991213289082997,0.03268830792032108
Random_3294,0.11399393443229222,1.222188235085577,0.0034936416676168316,0.028923838336237552
Random_3295,0.24787752791106407,0.78773616061745,0.034807327658486036,0.02439743413497961
Random_3296,0.17601488442465632,1.683780823591316,0.002242713405767389,0.024618169745282265
Random_3297,0.22111104865520267,1.9703652006125194,0.021571584724505172,0.010497038959434893
Random_3298,0.2605913796295086,0.3356986362098273,0.027242689053809905,0.022959555363162486
Random_3299,0.17996067411651584,0.944516856193434,0.02039249956961857,0.003991510823929501
Random_3300,0.1636472613313392,0.5261111192414589,0.006874525804108751,0.006188507941250645
Random_3301,0.11816493912411542,0.7110604673225527,0.015436365574448153,0.013372349851595987
Random_3302,0.1523215042019132,1.16808849416436,0.02540600187351089,0.016959648507745093
Random_3303,0.09105955719256871,0.7754149712900587,0.032966664491168994,0.017343969161017183
Random_3304,0.24423946827690407,1.1262956860475062,0.04413617462472667,0.0195660198447676
Random_3305,0.035330637695677604,1.5245671494918864,0.016143015142337465,0.02971863095815707
Random_3306,0.017940185030167418,0.9528183629855242,0.0016112598780156804,0.03124798685540994
Random_3307,0.06938534368803541,1.7558567166757355,0.01105329646837619,0.03717642346288231
Random_3308,0.14734472472833854,0.4133005464817613,0.0035665623622009946,0.009834906746912061
Random_3309,0.1200732655997417,0.36493446294890763,0.027576948211393493,0.03275899280074641
Random_3310,0.018037850822781545,1.620116929642568,0.023170258035312367,0.015076027643886557
Random_3311,0.12214247328033376,0.5430484927748895,0.001546102469371799,0.0070614261159224825
Random_3312,0.08206404685998082,1.2275338646793004,0.01102550149690528,0.006723870054090967
Random_3313,0.11588995170999926,1.4118108729290737,0.02100278503848655,0.011023075618666979
Random_3314,0.1324226110964211,0.1301451547511011,0.002455994258528446,0.004466107823179683
Random_3315,0.08308167991199446,0.5311426215018668,0.017064781635114518,0.011750721864794703
Random_3316,0.18654572609577158,1.8920973032903354,0.0356125878530517,0.03861592722464584
Random_3317,0.22245887621755855,0.251492125359994,0.03012393251909471,0.03428257167282049
Random_3318,0.202840937022306,1.4975507962377763,0.025731397333987896,0.038934440961951436
Random_3319,0.2227170553814042,1.7190303328526295,0.014390669715363374,0.0034749410275982766
Random_3320,0.2088315262274282,1.5782789830537705,0.011281912819562832,0.030523202580427206
Random_3321,0.19538569182795246,0.6497200972205313,0.001701082757040659,0.03294822751224739
Random_3322,0.23186816947634695,0.13547821171133878,0.00962786413170463,0.0013427560627493958
Random_3323,0.29191763886333694,0.8163196281013211,0.030994956433164685,0.03582653702563937
Random_3324,0.1682301898857001,0.6168742765176741,0.03847712968402803,0.030376359581077643
Random_3325,0.03000895526660233,1.0568607424248833,0.0163763304730936,0.02440070091700366
Random_3326,0.2657917033437287,0.7723914182885057,0.04494564591106573,0.003399484918069048
Random_3327,0.10718813653855959,1.8336116543831185,0.027993982167470077,0.0022210461531325587
Random_3328,0.053885425837068145,0.29905790767605245,0.045165987843555,0.0054034742692061575
Random_3329,0.13689018110743578,1.3532127563227614,0.013845470685824153,0.005955512305990383
Random_3330,0.09982502970246199,1.16971939741292,0.0370006947935425,0.025913944768711745
Random_3331,0.11893250581001615,1.49671900766674,0.03812963898910492,0.0041795959002015985
Random_3332,0.18517007598577903,0.7704674934427658,0.04830683708955291,0.033275536321744084
Random_3333,0.2921979846049551,0.563681726491839,0.01876692720820625,0.03760279250453474
Random_3334,0.14811274189221532,1.0666853597786992,0.037323043046578984,0.03763915446214355
Random_3335,0.017980654254016622,1.2911103828063812,0.028227767616453923,0.024211026273253337
Random_3336,0.22170547751213673,0.405384124845941,0.015137520517223689,0.022735106460072933
Random_3337,0.10762475834827474,1.751775817168205,0.03235669125060521,0.009179993744787816
Random_3338,0.06365031631600518,1.3124250062577936,0.015082702887981997,0.021694147636831453
Random_3339,0.17951016551358176,1.259258616194183,0.038295448036125126,0.022358159321306702
Random_3340,0.07588980055665069,0.8930887862657959,0.017765132436557668,0.03102134752628344
Random_3341,0.042819369367824066,1.8618464971371593,0.009965879596097887,0.008763199932311
Random_3342,0.07391993542354294,1.4515456189164666,0.027166732772266097,0.027105565429283943
Random_3343,0.048108779919256286,1.8731243685983816,0.008452444687748563,0.00818594066262348
Random_3344,0.24710285070972943,1.0340269842356267,0.01516763450276689,0.033393259276737364
Random_3345,0.1862351586868911,1.4920493184081658,0.04071607845062667,0.009196260956546562
Random_3346,0.04989185404793248,1.1614675916853565,0.003282221544268608,0.011568898572160948
Random_3347,0.12698711277018965,1.9786537005218805,0.022564384068931263,0.016407615044591303
Random_3348,0.04895284241237895,1.61735187466779,0.03150265780119986,0.011458219496304468
Random_3349,0.06584500613065856,1.9112288906856394,0.049774460655873556,0.0028918018613651782
Random_3350,0.06447154171303224,1.5769295667259304,0.017769973748857817,0.014320890695573539
Random_3351,0.020448831314953658,1.922237918531841,0.0036355068193915986,0.03394991652454907
Random_3352,0.018977598000993145,0.9679880627367762,0.032231823274663327,0.02230659150341635
Random_3353,0.15326585886586275,1.9864348801570215,0.02146105296234593,0.015077812644735122
Random_3354,0.02347852547929386,1.130966749215636,0.005149363730223272,0.0017832912684870392
Random_3355,0.07313169384006012,1.602961388132862,0.002987320738951292,0.006714762865288607
Random_3356,0.11270918929515572,0.4979015646964644,0.04911256092622113,0.025708846419329273
Random_3357,0.2694501611094317,0.3707553493327439,0.048041960595233406,0.028562274905730003
Random_3358,0.08983064446080656,1.9079167494781377,0.0070884438180780236,0.03702551789302773
Random_3359,0.10719387491902657,0.33609056756501365,0.0064440638659946144,0.03788013467222843
Random_3360,0.10536663521529795,1.1082835904111195,0.029916274794342945,0.032361740716534096
Random_3361,0.020514394523940174,0.65250632698074,0.03395199133099814,0.004217465865153439
Random_3362,0.1756536612344011,1.773203240652223,0.013410340740159545,0.02011074857957772
Random_3363,0.27785743615156816,1.8573860487477707,0.010759704157084295,0.013708812547972307
Random_3364,0.05137387100591909,0.594687007617085,0.034787374158490376,0.02803382533836147
Random_3365,0.13664902640304158,0.4523095697322945,0.015759466942451353,0.02406031635458277
Random_3366,0.05692440891845841,1.6480550233781799,0.048573901258972735,0.03568519995324553
Random_3367,0.008892124680730317,0.3750643630332964,0.022265139441893234,0.005321904230354341
Random_3368,0.20694877074805085,0.9631371669084179,0.04261962686965632,0.013811722264556871
Random_3369,0.050234974097634576,0.4831128200584699,0.016788540307810206,0.0053183782846224935
Random_3370,0.23885602924995114,0.9644031317766697,0.043652710316493995,0.019585937624870063
Random_3371,0.15953652144820168,1.0507907222050592,0.03564397551376117,0.022272762583525216
Random_3372,0.2331392530957674,0.752846745891176,0.03401952820505095,0.03713257751627001
Random_3373,0.061750225697415874,0.9081885504406497,0.012821004108828239,0.008111902741011687
Random_3374,0.13637549930853038,1.597589743239947,0.009511795988570874,0.01611190475590712
Random_3375,0.021027026434884074,0.3231835344959728,0.014613601161189566,0.015610987145287206
Random_3376,0.2434499127962489,0.38528476104473697,0.04039841085950934,0.01473040881866158
Random_3377,0.1144659747027041,0.7530369240878206,0.02001030495966935,0.021639276074565953
Random_3378,0.25655883432458704,1.16806916870757,0.0220628396825297,0.03702776293369657
Random_3379,0.23683701009000155,1.4469671233123624,0.023306156938989638,0.03864664932358338
Random_3380,0.02400348293498357,1.5330895870330035,0.023651207137166893,0.017255517539487213
Random_3381,0.29433186174151826,1.9583826814322203,0.045018498646822024,0.020893097953257188
Random_3382,0.14436063832727292,0.3595921774847126,0.017229415043444118,0.011137838540762585
Random_3383,0.17948710719856356,0.45626522655339574,0.017259253608106918,0.03195548502038563
Random_3384,0.21036400050158702,1.1261505729851116,0.004306470956367853,0.03758459587874001
Random_3385,0.1416199053750939,1.268374928624776,0.038710357482204014,0.010049013367110754
Random_3386,0.17840576798571212,0.6690675583891139,0.03192621108667132,0.018425696458329144
Random_3387,0.2897289398863175,1.9615990663860212,0.045047522065671045,0.038095908698442704
Random_3388,0.2638669100913427,0.9306124563913708,0.008630969193097289,0.017864574325864316
Random_3389,0.028738811800022655,0.8672845457072371,0.04281716107885278,0.03966861435030763
Random_3390,0.09382682123155438,1.2346918965791938,0.027117835036119878,0.008708051186167269
Random_3391,0.20462330878060606,0.4993434708940526,0.016203060537322105,0.02733757717863641
Random_3392,0.273358557887104,1.8562359462853577,0.011169904625189776,0.02545778546000704
Random_3393,0.07711355991035708,0.8397179061034399,0.04600084905024142,0.008967864042846704
Random_3394,0.23499472074565156,1.2421779930865142,0.0045164018537002144,0.01678029987504318
Random_3395,0.27493833984363353,1.4921534351524803,0.0016318327827789373,0.0363089384803326
Random_3396,0.05627231859061951,0.27569163451681294,0.04582261104278994,0.03211590567137934
Random_3397,0.21638550301963444,0.6007741695487012,0.02606267921563629,0.007255684940523077
Random_3398,0.02044752195767336,1.517346567919826,0.02734792380819452,0.004939837648313792
Random_3399,0.030972716314887475,1.4719201279193805,0.025649379029921135,0.009304906232849141
Random_3400,0.28278494645629965,1.3552386089354955,0.03207968509521642,0.0049742796742814396
Random_3401,0.2651207666916671,0.9558699759154401,0.03612675685118801,0.021974609449542853
Random_3402,0.1617976958701549,0.5773616707500557,0.0457790099727886,0.005184376635769136
Random_3403,0.24705758367515132,1.3806135590237152,0.002249840294619724,0.0025982721474967062
Random_3404,0.23646632692516803,0.8788479756809251,0.021927225303988773,0.0031592463385377956
Random_3405,0.24145602472516967,0.3239615248090817,0.022346577126544982,0.03405525371457013
Random_3406,0.12957046660336918,0.6032506229586524,0.006291059754020717,0.01028815565304246
Random_3407,0.15358791646141978,0.3564833457714919,0.014756695905302639,0.018702588135061118
Random_3408,0.19380647196001569,0.9959748668598443,0.036571753568106935,0.036285311708027526
Random_3409,0.17185974595723252,0.5803007854562207,0.020611873412099548,0.03536234370092809
Random_3410,0.09640249899801666,1.7501675459212234,0.0021740853360566743,0.013426461588547527
Random_3411,0.21648160929712362,1.742245404860372,0.024622948672855645,0.02647486692012287
Random_3412,0.2358537594196769,0.40151103218346484,0.046342496889012604,0.03371522965986793
Random_3413,0.12538865088679838,1.7789295427270981,0.031946991755601215,0.0259382314719568
Random_3414,0.06445802907083399,0.862336365428193,0.010282488237344855,0.026355088073290466
Random_3415,0.26357040356948314,0.5279471162522739,0.003609198214384662,0.015365329551863947
Random_3416,0.10121560992607694,0.17887209650870808,0.004039259631563526,0.03326234072941126
Random_3417,0.13769314496179427,0.7185856858073271,0.016248371034960487,0.017983815997393827
Random_3418,0.01946679527968502,0.1324725730967413,0.02012695656509563,0.03684099292060131
Random_3419,0.19160387108274424,1.246830000822034,0.033956129403964315,0.0018818377491454344
Random_3420,0.2714983767183999,1.432235717258483,0.0255219284937553,0.003555828935019456
Random_3421,0.04421833222984931,1.2292700110872645,0.023192229705644676,0.02080385874467011
Random_3422,0.2923493133157381,1.672554855439747,0.0029167720356148372,0.029581142090402055
Random_3423,0.0362516961623884,0.9836978724491937,0.047152425930926535,0.005598802124553804
Random_3424,0.14310454215539242,1.3193878566250143,0.043471506459428405,0.006171155599173671
Random_3425,0.18883695275879628,1.1072215513631671,0.015840778447472607,0.03792894152612717
Random_3426,0.09794491690452292,1.1619366600476637,0.0419835956054031,0.004391350822391553
Random_3427,0.16407178511233744,0.6290859130283903,0.04011218159864236,0.017289332167117578
Random_3428,0.2086915841940578,0.29956098830860134,0.02330658845614545,0.011540958878904425
Random_3429,0.23164162696157237,0.3997483236027565,0.02229224765624982,0.02245705997027244
Random_3430,0.04702501721373496,1.8953198050947677,0.04275203337358078,0.01715025360357158
Random_3431,0.22259486712382942,1.776396398341055,0.0222950328523624,0.02848575870323402
Random_3432,0.16275898516709428,0.6933128003639841,0.016629354361754535,0.0016933758424927774
Random_3433,0.18181651897973158,1.9087124045884467,0.03999526581183168,0.03223221505951171
Random_3434,0.07122522042214725,0.43149952577894735,0.012354101846193677,0.013932789369028021
Random_3435,0.2859889869244644,1.3918845312627814,0.003713042834490525,0.002196866340329554
Random_3436,0.252847483171017,1.2035362472241786,0.044584485710359584,0.006078029689766364
Random_3437,0.017360632970252726,1.838079380547978,0.0450935479047271,0.03178531470871898
Random_3438,0.18249541711603123,1.237084210554552,0.016715088487606163,0.017816875600567206
Random_3439,0.03276623530817752,1.3323434285478037,0.029035660253887076,0.014213184550746962
Random_3440,0.26334911512927006,1.795337274898464,0.02471402030413806,0.025354038062550405
Random_3441,0.11345603788102995,1.2845182891509204,0.025846213242483027,0.004842743908173385
Random_3442,0.21851262083051112,1.7842292392987789,0.006852906884648734,0.00957965818798973
Random_3443,0.08105545934922445,0.6023445531080706,0.045273151272759396,0.002795616309380906
Random_3444,0.010376854251704468,1.926364545023229,0.01639580002667422,0.023557150070666825
Random_3445,0.207082229039799,1.8856577972045458,0.027131632560765437,0.008442863620815613
Random_3446,0.09201780712301008,0.993128465446011,0.041669008021961794,0.018354864303328958
Random_3447,0.1120118884613427,1.8857116655771613,0.02223898167578042,0.03272473878739726
Random_3448,0.08070178615744568,0.1434813938080889,0.022160269405541437,0.019280855009216693
Random_3449,0.038041507563606844,1.5884990958383884,0.04858047002948749,0.020122472461308005
Random_3450,0.0643678200823672,0.25741322528483596,0.015035960207899376,0.0048589629712169425
Random_3451,0.2964786988070569,0.4741868544504998,0.004736118808490069,0.006654527950717964
Random_3452,0.14520316544810744,1.513191790379854,0.014785226575098377,0.012628362329400573
Random_3453,0.09599936812004713,1.1189674703433417,0.01398949646970625,0.020353270862656838
Random_3454,0.21492243753599455,1.706835985924308,0.00807728152706661,0.018494375195640886
Random_3455,0.09019264865192786,1.4155916437610923,0.008941517052602137,0.03431295326982635
Random_3456,0.036694375092252464,0.8923492815089297,0.035754000490574214,0.0160698144695711
Random_3457,0.24089556730226672,1.301868463366682,0.003705267480280019,0.035496489710332015
Random_3458,0.1299993260779315,1.5265398457069652,0.04172067967647266,0.008856438347163688
Random_3459,0.06511157470221891,0.20146097362293294,0.015669295763774214,0.030693914831909336
Random_3460,0.26605626054935055,1.998498964591303,0.04568989395652465,0.023063787831475883
Random_3461,0.14926336666891937,1.7964241928972813,0.014228284998574151,0.03819336224832406
Random_3462,0.059658450821180105,1.1151580810854553,0.03441881259294936,0.013386045779638187
Random_3463,0.2441060446490099,1.5780366980305298,0.03586782000936858,0.009454193040387703
Random_3464,0.05561151589792874,0.47337954671667415,0.026554803695630534,0.039413743573240796
Random_3465,0.24116196122703085,1.2960112095152512,0.008155432023545576,0.03722227979223259
Random_3466,0.14519229959002755,1.465959454495038,0.026280992427994324,0.03291608348498433
Random_3467,0.2561249494578411,0.3940071304710505,0.04537801203421363,0.013328642883107516
Random_3468,0.01027962372370031,1.7363552413337133,0.017180878050191094,0.016525189708106205
Random_3469,0.10508299801165204,1.820303384139986,0.027606719812510058,0.02493354063867634
Random_3470,0.2947263373183131,0.9829384021835895,0.04553900583605807,0.0021521932508826846
Random_3471,0.24698910767194845,1.4263950667666645,0.03188934683811766,0.012485445852071272
Random_3472,0.08417937056166257,1.174828099691685,0.020201213729026963,0.007696188460388447
Random_3473,0.27714482087312875,1.8804592147708135,0.005444586745637152,0.0018459372309002384
Random_3474,0.2767335285958764,0.5057660603879517,0.018933693911760505,0.02251876404246938
Random_3475,0.08005727661706465,0.6226017449771918,0.007953442013046007,0.00998035492060198
Random_3476,0.24831337452052774,0.25681506346084276,0.0031264013554584435,0.038372205277282655
Random_3477,0.06968776907086574,1.1340025549372748,0.03614718712952607,0.031012811369365754
Random_3478,0.19437591660827794,1.6910547228117532,0.048774441284318626,0.010116738663955828
Random_3479,0.24509492764745483,1.3059876158147785,0.04345033653773116,0.00615394174765482
Random_3480,0.11625733779436283,1.528929050248846,0.007042437002829886,0.03941654773657857
Random_3481,0.06418764167244094,0.5704682962546562,0.007245450672298351,0.03421869229455151
Random_3482,0.2580988195555771,0.540098464053847,0.016701602846919933,0.01945810524424496
Random_3483,0.025677522455821986,1.2747191373300215,0.041880324650443695,0.030646130942818647
Random_3484,0.06371551491063696,1.873320028828779,0.023090620572667024,0.00960630270712702
Random_3485,0.20939819425151318,0.31216839901817317,0.01727979025560516,0.032621294129074004
Random_3486,0.10047879953263818,1.2810112480609972,0.03337983415445706,0.016187390279115928
Random_3487,0.24809197254172066,1.3152448550450027,0.003151518621212091,0.028817488952825647
Random_3488,0.08499299758816742,1.6822320443844292,0.04578412762289939,0.027249927977323063
Random_3489,0.25036346564420026,1.871329822029206,0.0168918356330029,0.00420716642274112
Random_3490,0.0532747663479994,1.2736942099757282,0.026525636849676962,0.031495135206168035
Random_3491,0.04613020943251571,0.743053375708723,0.019836700411968326,0.02562197009640211
Random_3492,0.027893771209346777,0.568984309640276,0.04284020128712108,0.029357429593908847
Random_3493,0.24490283506569502,1.5588176353542242,0.016456895192762108,0.005774273448807716
Random_3494,0.2561745017864134,1.236446626818467,0.01256858616992381,0.008551512175997474
Random_3495,0.04660284730895891,1.9323960321050382,0.00551601396648144,0.014219891549073566
Random_3496,0.07524428840841862,0.21046154767186562,0.019275581281197017,0.03879694612575357
Random_3497,0.1650369977157216,0.9469559536619903,0.03350737024246291,0.005021357341193083
Random_3498,0.27752063244551095,1.6491792977412076,0.04075149326727261,0.03600995348809959
Random_3499,0.02287000500629843,0.5697182305942331,0.011190925150316854,0.0063390605808883735
Random_3500,0.10984468433739072,0.9750288689878654,0.02741079814954996,0.010491195933758989
Random_3501,0.14673465061208127,0.7841376552798939,0.04552904296425017,0.006339829243365314
Random_3502,0.008052401456857055,0.8118807105157404,0.04788410927650742,0.01713359151559605
Random_3503,0.058685902285105285,0.5462213225515208,0.04134171205471489,0.038325635035307434
Random_3504,0.17475098197953828,0.8745999382597576,0.0023263555658775406,0.012593671345564071
Random_3505,0.07210493884379475,1.5025329149399473,0.009371383638992651,0.02878414071793691
Random_3506,0.19609759808850916,1.7479290587844636,0.04746532932470692,0.005910589911529763
Random_3507,0.12469715910678142,0.1412898902178207,0.04747230591687652,0.02969156616031733
Random_3508,0.11908781552159625,1.9273176388048325,0.04609827964439537,0.0018583159444892164
Random_3509,0.21600151039304943,0.15684770738211584,0.04791388184487811,0.03464875691859459
Random_3510,0.06051690503184607,1.8839084940231663,0.040817521470896526,0.013627494186611154
Random_3511,0.18920715352492312,1.8044943008222496,0.004067099377890456,0.025356589732640517
Random_3512,0.00858921909482812,1.7380159344667743,0.027149132550571702,0.034396693760723164
Random_3513,0.11356540401983736,0.5269839043780317,0.007691760405217183,0.018754135335656633
Random_3514,0.07145718499637056,0.30679935863965585,0.010687752528673464,0.020152154829198785
Random_3515,0.15633321124882538,0.1739063532014549,0.03378089003688854,0.03805970873537732
Random_3516,0.2573443745481328,0.6956831623762738,0.02147131197977355,0.009561462096917314
Random_3517,0.08177115835244067,1.2254974523771531,0.022367293979264197,0.026493505559265346
Random_3518,0.08749216396129524,1.4222839927766866,0.023563290964704643,0.013689655284208575
Random_3519,0.2987428327409702,0.9935116087298581,0.0035301807219686224,0.039858325887019506
Random_3520,0.1945768873236268,0.6776024069792569,0.0017210377652814857,0.013089638056875096
Random_3521,0.026018857492512273,0.5757338005927679,0.026779891705426506,0.0034018584620897365
Random_3522,0.1788331371358545,1.4645179165983864,0.03469508558561092,0.010471698000320755
Random_3523,0.06814505098506302,1.7552342757746286,0.0400960442976881,0.03567302742317488
Random_3524,0.25750561960022267,1.6887427048365766,0.019095611422724233,0.029774923699711853
Random_3525,0.13348686144677643,0.14882465835762682,0.002351669381745359,0.033340744898339755
Random_3526,0.29111027987639665,1.0021848487399152,0.006146616398156729,0.008095340590486968
Random_3527,0.007387799664490737,0.14165711582352866,0.0041793707179490144,0.025831037755800115
Random_3528,0.035788176655946455,1.5606541371799136,0.020355880289442553,0.036611121932572585
Random_3529,0.17846585371980872,1.9182486861161159,0.048650991473759675,0.03410810941625961
Random_3530,0.18121932087517037,1.5252558564211967,0.024492478024308664,0.03233463451766578
Random_3531,0.20871441453851705,1.595820830321698,0.011576920283566085,0.029734791839460952
Random_3532,0.04148642060655642,0.7759301760595126,0.03972469893358908,0.03556145384314252
Random_3533,0.030161306098691956,1.78965477736171,0.00619865625411361,0.01717133541562732
Random_3534,0.030141810339730953,1.6478163222088569,0.036452241594436406,0.0319223576482372
Random_3535,0.18747319554663572,1.3825014214157818,0.020835320337641766,0.012680589188494257
Random_3536,0.10218903431206054,0.8684035361922289,0.020507011909445316,0.008413821477070323
Random_3537,0.1885475325683009,0.22281041127644458,0.009414774891636106,0.022939462691179555
Random_3538,0.04281528606719379,1.9300228970073996,0.017926903906735882,0.002845238743066795
Random_3539,0.04503615032395208,0.35534947322806265,0.01840518971864967,0.02788303053057853
Random_3540,0.2670745971757468,0.4842488119443076,0.04291890589042344,0.014592299729640476
Random_3541,0.1971787837044552,1.2476361826467144,0.01615799704040599,0.015786945352704265
Random_3542,0.21034113120324333,0.6825778117873889,0.026702784225057813,0.02948151658917484
Random_3543,0.006055856930644202,1.4560459238105077,0.006164042518114548,0.03075474651756865
Random_3544,0.2683402631106441,1.353257262855887,0.04935731719233471,0.020873038121819162
Random_3545,0.2109500282287953,0.4207740919473788,0.04827003703160754,0.002072461000309718
Random_3546,0.010342151472177312,0.9975980760342421,0.019639600091156555,0.02545382362422637
Random_3547,0.2588048434693161,1.3463941423863561,0.015598779682276617,0.034110321436254025
Random_3548,0.09184842038636117,1.0672198007079958,0.027380355371399625,0.017091919017276806
Random_3549,0.2751346881613613,1.8578978353186077,0.03952224222233066,0.01115530515181368
Random_3550,0.21117819582046263,1.2093275584176881,0.012859899368185126,0.009778838505952549
Random_3551,0.22047170342554556,1.5302281800001705,0.012408248804331466,0.017595733156050095
Random_3552,0.06593004669204265,1.9278550384413797,0.032177767811627046,0.004801627040873587
Random_3553,0.0625842780827651,0.13107691776003777,0.0030010756203325546,0.034262356520414795
Random_3554,0.2196363525999362,0.9108969594949514,0.004941341064151318,0.003299767787540193
Random_3555,0.242953777704757,0.7635479695061393,0.020476852698079587,0.039953329276084484
Random_3556,0.21993951807457304,0.25401952908523606,0.006176386001798467,0.024572457877728177
Random_3557,0.24393383485514444,0.3650493303661737,0.02198631857878141,0.026486046198037152
Random_3558,0.13927900113475875,1.9623884206603095,0.029975596848326687,0.035914774851650566
Random_3559,0.2715500714102435,1.1858129313289432,0.011532538411369697,0.0053675984790721816
Random_3560,0.17522650939142817,1.3478417414529986,0.028983689506467795,0.002709318771304022
Random_3561,0.08228308946248059,1.924764376670959,0.03534553526929091,0.030788463435152517
Random_3562,0.06176515505636304,0.5400705995459725,0.00234905272904896,0.03810497065996745
Random_3563,0.03174322871993054,0.7666014950109684,0.0037667647264842154,0.039628890647853694
Random_3564,0.025491113535439914,1.291078721342647,0.01735349125276587,0.015842147736096157
Random_3565,0.04481078049213346,1.071652189623119,0.0032389238643728466,0.03953032918290789
Random_3566,0.171430018663091,1.395484042101421,0.0258223837461605,0.015651014066197667
Random_3567,0.050180831044294556,0.6070705897355327,0.024044929922511414,0.014624426515068095
Random_3568,0.01476336824912565,0.3177303599962288,0.03575677043334033,0.018992804116505602
Random_3569,0.2590990304040913,0.6489476834889225,0.0020978517137850115,0.038652137676518455
Random_3570,0.0057292683443474855,1.4778331545974348,0.027798294706329916,0.002897241285965985
Random_3571,0.01935065185281449,0.8649408805534833,0.0471468066707619,0.012910108274997584
Random_3572,0.0684433267288524,0.2781351474411624,0.03656122911770734,0.005113977447593777
Random_3573,0.03079485134881527,1.8258927276402628,0.001960116138547922,0.006516657518624581
Random_3574,0.1473704168602108,0.21660857904531564,0.049923753562993695,0.002966275943574959
Random_3575,0.07541532321246748,1.4018482532667633,0.0036556125175017367,0.023291822573516148
Random_3576,0.24005041863973667,0.9844369615948921,0.02349303656937686,0.015242182051869672
Random_3577,0.13588471368010716,1.6792181854238326,0.0017727504874150688,0.03341931718949552
Random_3578,0.1059288190109584,1.1796590426947555,0.025353296209995907,0.0199467874876893
Random_3579,0.16250542192195477,1.8439616088835444,0.04531433059140879,0.013599110551140988
Random_3580,0.028230521453832598,1.3799829680609321,0.04839102457628022,0.03754939272074114
Random_3581,0.17405560294242192,1.9495800432766097,0.014807861816017464,0.037576226215475156
Random_3582,0.18947212466770835,0.37697354671348615,0.020126133789623486,0.018450824751627258
Random_3583,0.10740294186689048,0.26691868472868946,0.03368052013083197,0.02697004970932049
Random_3584,0.15901578332249341,1.4624559360089222,0.03301157517217831,0.02665484414058429
Random_3585,0.15304983266872618,0.40472618945775096,0.007769181149807303,0.024111102708170108
Random_3586,0.1088396502063456,0.7418707225477758,0.01075405790290877,0.0017408102236127164
Random_3587,0.06551512475705333,1.8392377598879976,0.025902463415443566,0.0036608200391840392
Random_3588,0.1560087312519875,1.5577610612804793,0.0075676320479094086,0.004290365817309334
Random_3589,0.17100651609194206,1.4694989151097675,0.025034943514115227,0.016229660279466044
Random_3590,0.17474673546908853,1.1443569876213167,0.03378011031931389,0.013541996676386985
Random_3591,0.17902786678795343,0.5794333855245452,0.019116056522796094,0.02789649113421135
Random_3592,0.24884475904772904,0.9202134272242971,0.04175116002330558,0.03379295431704727
Random_3593,0.18739767960822518,0.4049838179194237,0.044486761519817,0.03135990092311533
Random_3594,0.09385766421715543,0.3386841833335166,0.018291843165664456,0.026183597952608665
Random_3595,0.21386318010214225,1.2462921919068606,0.030536870212895705,0.036674852814378364
Random_3596,0.16097730676546623,0.6866856788895047,0.035346399329645,0.0300332328204707
Random_3597,0.28660271406780735,1.401314746178676,0.01146253961695096,0.028014559823777818
Random_3598,0.11056093189064192,1.5067710721688237,0.04397963666096769,0.017659094255834385
Random_3599,0.11192690622819562,0.6541020001441862,0.01803684393994153,0.015467188369158839
Random_3600,0.1729149246453664,1.7660290096464288,0.02570576300996768,0.006051090366626929
Random_3601,0.07564152509776492,0.11033622490758827,0.02570866385583116,0.021434369921220518
Random_3602,0.20334284949789116,0.5300405207749143,0.035896677177109815,0.02799169988398178
Random_3603,0.07930784588632392,0.19278675728497296,0.016116626276226023,0.037727887706965745
Random_3604,0.06463577866533385,0.5843987272340203,0.0298903907457945,0.021632756601352825
Random_3605,0.08786158446044637,1.5844780082665244,0.0074406664290959,0.030766371778008186
Random_3606,0.04668572504273533,1.5677287315252944,0.04694221335161796,0.019891125029090233
Random_3607,0.0679441464242037,1.000303798466472,0.03005275285824781,0.029172083238661845
Random_3608,0.05239705902985588,0.2958341678475125,0.03472929638558537,0.024351312144737278
Random_3609,0.2622791631065412,1.7342788467752612,0.042194731185455615,0.026515146495402184
Random_3610,0.03218260855032743,0.51511480119244,0.01105991480097248,0.0072571363544280875
Random_3611,0.06269268030956537,1.5473902117978455,0.03306949953734057,0.023496017831229735
Random_3612,0.24333273046280018,1.2651225509354203,0.01535005218566092,0.01786943282699003
Random_3613,0.07606311134008667,0.13390822644984432,0.032007842208515803,0.0068597029027591865
Random_3614,0.0653680434277484,0.6102713404550725,0.03495054733344535,0.026393587753222633
Random_3615,0.1214984984916524,0.36924103452395796,0.02434365897867665,0.015569174209545185
Random_3616,0.1731605019380056,0.5139464546563491,0.02218199884461871,0.011914307398703246
Random_3617,0.15693014799239646,1.8171046527773957,0.04876373994301552,0.038757783355717744
Random_3618,0.144592808456694,1.6661958720250267,0.04556573842952315,0.03867419716568357
Random_3619,0.14193337652735583,1.574712783505974,0.04156572282400875,0.0036348484558418694
Random_3620,0.21860592205824986,0.11176785627142213,0.04772510586285056,0.03764755247766771
Random_3621,0.044887818825448636,0.38406440100186534,0.02714056555909787,0.03306347343710459
Random_3622,0.06904025210489714,1.3673566363070377,0.03217343852484263,0.039717355635632674
Random_3623,0.2181247272997139,1.176779407473898,0.02007044684542875,0.03903167427047474
Random_3624,0.21949053714738265,0.3418250567313056,0.04779690510303125,0.03587781453419981
Random_3625,0.17718594867210832,1.7210569097749993,0.018911305532178787,0.014206457358133369
Random_3626,0.21756420893045597,0.5190737246242857,0.0026500446600825718,0.024349390762777583
Random_3627,0.22796242542479475,0.4032725595094224,0.03282860658882928,0.023318411626373638
Random_3628,0.06652103603067874,1.1245953705604217,0.013809255669589338,0.01970354516438795
Random_3629,0.143820795958124,1.7370591058559208,0.012288687239326374,0.0036825861888635783
Random_3630,0.039838171047687,1.2309398717100264,0.023454395028523475,0.014088856847572197
Random_3631,0.04316972602974052,0.6282263714788522,0.009272512919601374,0.004773699338175258
Random_3632,0.1835543382678177,1.1560899868176913,0.04494629844308049,0.03727472024112439
Random_3633,0.1668848435928027,0.4840586057676569,0.0032718240435797626,0.02378121443908905
Random_3634,0.06793184567949634,0.679086737788685,0.016998936103420695,0.026418525528382183
Random_3635,0.0704716223422556,1.9609870228114736,0.04409964336933723,0.01107821330830834
Random_3636,0.2199848540188489,0.7378470683307696,0.031480752103964366,0.037509964203964234
Random_3637,0.19296298910174733,1.079496695071377,0.026906428476944817,0.01982972681172966
Random_3638,0.20742885656248589,0.4613573358441566,0.03243197586784029,0.002951363693452785
Random_3639,0.26431731223185556,1.1640094087401507,0.04008883111805826,0.006273017331652163
Random_3640,0.2404245824068926,1.4410099962456484,0.028929272805055892,0.021956629145972944
Random_3641,0.15431091924208665,0.41718216342865855,0.03152413907977834,0.022133584494368346
Random_3642,0.07511328508168207,1.6690013970007394,0.01468046490745192,0.003184268028531437
Random_3643,0.23429323274904792,1.1908482001560345,0.019543802896546704,0.010476016481018657
Random_3644,0.052963222957676345,0.9629508671828658,0.03852303531703171,0.02354755511737837
Random_3645,0.024349500206906856,0.27677874797325547,0.0015938418393797115,0.027048321556254078
Random_3646,0.14272029614449389,1.7746520762276812,0.022788362515399584,0.0059975125333349465
Random_3647,0.05376351081403489,0.5324258199375493,0.022250461575849572,0.028322754269550467
Random_3648,0.17135206626440383,0.5426146689254204,0.02119178410216193,0.03399584489893008
Random_3649,0.09062554051143455,0.5353540989079203,0.046397123447060554,0.038341228354764306
Random_3650,0.2395752143294243,0.5021727220835952,0.04943870502514102,0.0015509712092338101
Random_3651,0.08405786776663124,0.6320228634320356,0.04869468724379721,0.009785215955359115
Random_3652,0.12724696500831548,1.1237364200659516,0.021247393864331315,0.03282042725025284
Random_3653,0.13388034432184676,1.0935872786034917,0.03357453366084941,0.012903927871341238
Random_3654,0.0854069012652316,1.484334978496176,0.0022182705289653087,0.007724534091477485
Random_3655,0.2200907499286908,0.9110521843799511,0.027337350517141708,0.011056349130734302
Random_3656,0.10161364136533806,0.7345492106348909,0.04688327500516637,0.014995609730014806
Random_3657,0.2056761721500654,1.601916866511185,0.01509870353041583,0.004508186465853232
Random_3658,0.2557326628071013,0.4948772411339639,0.002974128030897691,0.014425885922958043
Random_3659,0.1554372311256616,0.5408586097965438,0.04925822030771526,0.008282998138466932
Random_3660,0.006015362656964509,1.5838643530782464,0.0387085498550239,0.005697623146830536
Random_3661,0.1723147931982837,0.9176840319976222,0.0027949847312159744,0.01692470992288632
Random_3662,0.2818439034722088,1.6180388017958616,0.039720682511718765,0.021831612994911112
Random_3663,0.0466663053497664,1.6884300971681168,0.047975989375221004,0.02573785577618802
Random_3664,0.15950796284788146,1.4462987914598775,0.03751045149142414,0.032200411370301774
Random_3665,0.12013324014752254,0.6125920959675624,0.04577254879489506,0.019461699657635265
Random_3666,0.03486086278545075,1.3116532601367745,0.03193438968112466,0.005019517034050895
Random_3667,0.17543577527819235,0.5549745806166657,0.016608526672726564,0.01730227519451665
Random_3668,0.2756336304440558,1.8820174748777327,0.04635202788810915,0.013337782467165014
Random_3669,0.048322777362317444,0.5502093823579736,0.018853710981118654,0.003974418901231723
Random_3670,0.25500092824782844,0.33522597878263527,0.012126281340451052,0.035343703742828206
Random_3671,0.1728647763258145,0.7684034064880607,0.03997232966379377,0.027962479715112613
Random_3672,0.18223392685569634,1.644060509429101,0.022590985957476044,0.009191235949336258
Random_3673,0.009342215750010676,1.1039848695081158,0.0010455976698565167,0.009993034547202698
Random_3674,0.03472963876835608,0.6293137421115588,0.04537558244431896,0.007821615616270532
Random_3675,0.26423208439789325,0.9128537866492564,0.001268465525832767,0.01926796723353271
Random_3676,0.26201256369832965,1.8109957091088673,0.03501293642903183,0.0017065892183249958
Random_3677,0.19998597660899542,0.3137408425620697,0.02996633504005206,0.012152284647649197
Random_3678,0.05553019040555429,0.7415023137103874,0.0030854001200034133,0.030966645285179967
Random_3679,0.11717965383221937,0.5907388507091584,0.049886538621491006,0.03464919873395766
Random_3680,0.10528789974084894,0.9698702473929555,0.010921534896305558,0.010784022018571544
Random_3681,0.29543428287560264,1.7111807321768786,0.0451904431452521,0.03830038189247543
Random_3682,0.284238019202762,1.1646674551558505,0.02964550413038141,0.020726538693840547
Random_3683,0.24214278203230094,0.21305826392207536,0.0332465790613858,0.009470275264385965
Random_3684,0.06343553031726416,0.6762608862016053,0.021244273332593436,0.012323724309479117
Random_3685,0.19453614546044842,1.580365510787536,0.034865427226713396,0.03558975715076029
Random_3686,0.2836412227192634,0.548055686946007,0.012640316001873032,0.022239942152593513
Random_3687,0.024087917290139402,1.37531416854464,0.03564719936738094,0.016898486653864144
Random_3688,0.2294903123386293,1.1473959456894576,0.006498627442759813,0.02414531512914505
Random_3689,0.16961337230897064,1.0055181633774875,0.016339090238447783,0.005186229432411728
Random_3690,0.06703452256144685,1.26422995685751,0.02692994499823872,0.02688762011308914
Random_3691,0.14543304964011872,1.6130596241866535,0.028229118500553273,0.02063074684229632
Random_3692,0.2031391951652556,0.9411800772241832,0.02083529576254302,0.01467357915038683
Random_3693,0.14176584881398452,0.4104993793935672,0.013784002755558765,0.03886945199518388
Random_3694,0.02510660133952802,0.830345315795511,0.014332829692296867,0.006670010815344403
Random_3695,0.19993433045569586,1.2786010126997018,0.022965773153567695,0.019209998526969675
Random_3696,0.2829652824923558,1.3991557537256987,0.03358383330822033,0.034025879955596014
Random_3697,0.1353622770241834,1.3007993552485213,0.011840641950591164,0.020301803610991914
Random_3698,0.2334743277216686,0.9416943425389295,0.04691629915766489,0.006484928939142175
Random_3699,0.11394494264586283,0.26923551112257293,0.005764912110530984,0.02840621861964653
Random_3700,0.14767427922010715,0.26663676037303025,0.013841786038400639,0.023667187038902072
Random_3701,0.08678842045621754,0.6919740154127181,0.031054737789710775,0.005892996232153384
Random_3702,0.21622454410142541,0.606981139978667,0.042897693933345686,0.027038653413887143
Random_3703,0.28437759425404935,0.11516437458360872,0.03174317103435712,0.010366583046208085
Random_3704,0.28690137847264613,1.8128387264519312,0.030086520679905047,0.03211336770721719
Random_3705,0.2818544288354063,0.8545484625816894,0.013277287766732999,0.007151011044454478
Random_3706,0.29491357280377667,1.170274622684485,0.008063489689998283,0.015559487204309372
Random_3707,0.22092636195354406,1.1589910751968782,0.016210998301275335,0.030008971170272455
Random_3708,0.1873534086253857,0.8300317235066053,0.02073679297365451,0.00747682643099392
Random_3709,0.2666765604026949,0.3093672100136312,0.019771747738212442,0.014795148647139284
Random_3710,0.008493605387593481,0.9314057700938416,0.040823786052950166,0.032864086525359514
Random_3711,0.23748439347898256,0.519889474184999,0.030370119389394275,0.01988925187130269
Random_3712,0.11339921368874313,1.111720500276251,0.04633435462139598,0.034885098318565455
Random_3713,0.22104105896434711,1.8058615395754471,0.003701907812603572,0.005980936973559104
Random_3714,0.12354834072397053,1.0576785823122024,0.019413379435220555,0.025269707604917126
Random_3715,0.16266293012665478,1.0470002984620275,0.005751651100048283,0.03923993506554472
Random_3716,0.1932652832502791,1.3912712282150397,0.013513021087960049,0.039159895275536004
Random_3717,0.024372387555100825,1.1816971623506465,0.03768401186310445,0.032396346501830035
Random_3718,0.17968069669898107,0.9942457716564806,0.0084864760534301,0.017067923791419897
Random_3719,0.2011484841062708,1.141308165619648,0.041109019517343574,0.012673229801908114
Random_3720,0.1101529273353472,1.620571612402892,0.0018294577535802343,0.006021533270943117
Random_3721,0.19532292846585766,1.8788576046976309,0.038775368540858134,0.03779401171966062
Random_3722,0.2221455423854402,0.9965724460324679,0.042245661056628026,0.02887280545428543
Random_3723,0.09443480742178512,1.5690949213766654,0.048377639712296396,0.03912768032806198
Random_3724,0.10634200903618743,1.561387886612122,0.032672522736293105,0.030915494655490143
Random_3725,0.19983590331785242,1.0281104337660745,0.04850856260992717,0.013738519218686074
Random_3726,0.11244707462416674,1.126678064441362,0.02019412941370603,0.0018372111811539205
Random_3727,0.1583157734529337,1.2188931650739676,0.029607677479742144,0.010123455648007235
Random_3728,0.028528396441781026,0.17777513093462835,0.03581250574545394,0.01929693659100846
Random_3729,0.08965184623800757,1.839580982196743,0.0046398911990193385,0.0019001516285591558
Random_3730,0.2774587831734269,1.9916141701532455,0.020123295399223584,0.004009980989583892
Random_3731,0.2207896396490067,0.6422398261968606,0.028836385715784854,0.02191385310109533
Random_3732,0.03053468631463326,0.5024121129213756,0.01625192828582652,0.024853293348826248
Random_3733,0.28255740655942657,0.12271736364140276,0.045671346120889904,0.033592841939685376
Random_3734,0.19203962930784366,0.9912541145210526,0.04246227197469233,0.010926384274136194
Random_3735,0.278459830677124,1.7181274091895953,0.028683033912043264,0.015346898883349652
Random_3736,0.19256461060109648,0.9045689804961288,0.037073827020756275,0.029143090394934148
Random_3737,0.11731411515026456,0.6878814824452523,0.03297172673622349,0.011519969192758408
Random_3738,0.24774487703638642,1.4319778903654952,0.011920879783668733,0.030313097388854283
Random_3739,0.2838557946786697,0.17428072610589346,0.022093234604731667,0.03245572933677969
Random_3740,0.29550666913865997,1.7198017906004004,0.03496817780443709,0.0317839144526332
Random_3741,0.055408361326667724,1.5763294047936818,0.01023567599054704,0.029475167709576647
Random_3742,0.129681884284479,1.585901032593086,0.01716215611571016,0.03683598074003169
Random_3743,0.13061268976593826,0.5683522977140867,0.037057823477890654,0.009993344952149583
Random_3744,0.29649555795489974,1.1246365613779588,0.017496977350397663,0.024791322895707103
Random_3745,0.15069413760314215,1.355363203648115,0.03488040967819281,0.01947191104022539
Random_3746,0.22842639523694955,1.9511068093541741,0.03655498517377982,0.039662571862635956
Random_3747,0.11270415057941392,1.0058257669683344,0.03492405129661743,0.018967216604676054
Random_3748,0.07584921017960321,1.5842688414811776,0.005727679322328407,0.028060721515983576
Random_3749,0.09505519435845697,1.5794383464813324,0.012934854258751623,0.02450947703520993
Random_3750,0.11413176425086666,0.7690418968376016,0.04186770201451421,0.02992110930834727
Random_3751,0.07929265646610899,0.3282747536789803,0.03456205671074201,0.020311790763587724
Random_3752,0.1924526594700006,1.429156557276238,0.04913552172043623,0.024712478200004967
Random_3753,0.20245823292906126,1.8078323653707093,0.046590177896461915,0.02337611866672457
Random_3754,0.2746625771967306,1.1293151425663688,0.021379284299397817,0.010567615869333882
Random_3755,0.15968657591254343,1.9808211885996982,0.002718901452150291,0.03295057067464425
Random_3756,0.10321197832597115,1.9041256761191558,0.027335418612133802,0.013597236092149693
Random_3757,0.17856933287561633,1.9649399238335643,0.02725719191625282,0.003336717990597484
Random_3758,0.03378390049656969,0.9075748385999685,0.04391857794330164,0.024231450072926406
Random_3759,0.1378613182008342,0.31489222004452433,0.003856646348345201,0.02448367766190616
Random_3760,0.16260394669470865,1.0646958918947322,0.0422312462630155,0.03348602640321774
Random_3761,0.2597078679497133,1.785490628230685,0.004394259973458434,0.029748176751094816
Random_3762,0.23251329099567547,0.12156838052702174,0.009152970770978191,0.02204638988140201
Random_3763,0.025575803543205204,1.1433208732682318,0.001957464808661492,0.012596418410263276
Random_3764,0.2101282411530284,0.1972892904395066,0.01959426577105593,0.02830665640130726
Random_3765,0.03446612117788542,1.1629231231143267,0.048841987841970975,0.019594540000561517
Random_3766,0.21529384597409923,0.16178419965767837,0.022107367750992424,0.019127139138876842
Random_3767,0.18572649756845325,1.7050851699402847,0.017991008851724298,0.035567666458391295
Random_3768,0.1626258969134592,1.868672404611419,0.004981015993597999,0.026792171493891265
Random_3769,0.22940483152923538,1.523864028340326,0.020531971729920852,0.014433405435525768
Random_3770,0.15258513020138037,0.35794497471402587,0.028357827071137962,0.01010186188866016
Random_3771,0.18970640944430514,0.36872123046198635,0.023913945390317444,0.022481751637362567
Random_3772,0.1716146643251501,0.32275554113266625,0.045009228145656804,0.019094661911912406
Random_3773,0.17464790780329895,0.4636665853603956,0.024680068476553543,0.007725190390483198
Random_3774,0.09746279496805155,0.2860017752029022,0.011450788426716037,0.018005708199701476
Random_3775,0.1880022840882597,1.5807238672366695,0.020844794997783484,0.023971458888927783
Random_3776,0.09436605892443574,1.6105553757686815,0.03752691053295445,0.03180505503724195
Random_3777,0.017475223979141825,1.4250811238353716,0.04904766206400048,0.02529557304918787
Random_3778,0.17910023202909672,1.025833113081262,0.00320957425228751,0.014420439527343312
Random_3779,0.17534505479396476,1.7150419937441084,0.04930151541823985,0.0015339683845624398
Random_3780,0.0614585637014539,0.23127007921968842,0.007259386404033913,0.01684480219542407
Random_3781,0.16382514358117983,1.605215353919398,0.024999971107663773,0.007183695520124205
Random_3782,0.14535148122238303,0.9796540904135618,0.031008813205660672,0.001443703806199928
Random_3783,0.12012235226007657,0.6813721081471192,0.040564537459113655,0.0034618475745671453
Random_3784,0.22046991730549267,0.29412137850994574,0.004725379175316866,0.02134527642037975
Random_3785,0.24766496901316207,1.7772544364344327,0.03347444912892882,0.011105111560723663
Random_3786,0.14564464952218295,1.4327527085410257,0.043683681696114064,0.0318752596528429
Random_3787,0.06180159554867952,0.1346250472026731,0.04841569409146479,0.0060476861878935965
Random_3788,0.21361106873545535,0.13788437620117866,0.023295508551736566,0.026637646393936513
Random_3789,0.11998144354439763,1.2367155173836786,0.016672872268845982,0.016684535656304227
Random_3790,0.18511911959553967,1.0911929100286195,0.014532134981856203,0.02558626861955349
Random_3791,0.0719557526959504,0.785296782481446,0.044457086230563665,0.002486084007138102
Random_3792,0.26035591764099103,0.5457198233618701,0.008512342599412573,0.022119843875411667
Random_3793,0.09553712836634982,1.3006626634543346,0.030571371661022004,0.012276357963342397
Random_3794,0.28867960786590263,0.633182884702317,0.04291905926620846,0.01881036598141531
Random_3795,0.27911447934950917,1.679715322525677,0.01305990370355311,0.02920604497912625
Random_3796,0.2244772778482055,1.5735941469768724,0.037995164828442216,0.039767581064011515
Random_3797,0.10903560870022501,0.6664325440879011,0.014113406514633626,0.030562681257588813
Random_3798,0.24693856282553114,0.9211165460283706,0.047245212443344606,0.039679003589391616
Random_3799,0.14443452996821451,0.5321444246309431,0.036678195729954,0.004736287360541586
Random_3800,0.09824493324475675,1.91343869376253,0.03381877191281964,0.013054175323708474
Random_3801,0.1595800500542848,0.3985230377927067,0.047750782869581954,0.01675504448629277
Random_3802,0.16526545293468892,1.45712887288174,0.0027417300591000347,0.033311617552708686
Random_3803,0.17842683179910732,1.917636896217892,0.04564761031749608,0.03402302985881868
Random_3804,0.07033906200290721,0.265701017878438,0.022554323184358505,0.02946575834120692
Random_3805,0.1540039140930816,1.3522531573381988,0.010553423172309794,0.030457654523722247
Random_3806,0.1759617170523575,0.7815576976855924,0.022982466602406472,0.017498709597171425
Random_3807,0.034209927202522014,0.5036161685517652,0.04361976359394196,0.037419296885359096
Random_3808,0.29368637382552726,1.4264031361968896,0.04571227910396752,0.011354624512371268
Random_3809,0.07142862178569215,1.04001034809757,0.04701936461288387,0.0341966880738619
Random_3810,0.2818101440020483,1.9251468341878792,0.006852450083795218,0.036688645158428214
Random_3811,0.010965780189280582,0.8501326090720209,0.005589032178280892,0.01644065090124468
Random_3812,0.2299367719369523,1.6835890544423329,0.025775354999339545,0.02518972264503011
Random_3813,0.05669699089385273,0.30727891981516586,0.020415932101682573,0.03039374437867945
Random_3814,0.057838796122829494,0.6805961743832469,0.01369052642348139,0.011649391705372943
Random_3815,0.20763658939503962,0.307522792692319,0.022645749082000885,0.01809726412283354
Random_3816,0.22052963817504934,0.6059680830184261,0.03497802484785875,0.0033751438601633027
Random_3817,0.24926410881798072,1.1597123888506284,0.004191535174176724,0.010773653445166294
Random_3818,0.13134995993939258,1.6189407334542805,0.030006630444113558,0.024563600742285457
Random_3819,0.1306425239361745,1.642983162058907,0.03401550788634867,0.039648496506018024
Random_3820,0.2148102676813151,1.2499607100297865,0.016048960516424286,0.03346416903091614
Random_3821,0.15527709651236551,1.811155769264061,0.045010820339511204,0.0050749776588128485
Random_3822,0.20352380584306,1.9031055016956067,0.025489611413598012,0.011553346459508021
Random_3823,0.009152144530930571,1.0199666059514008,0.008903881369030184,0.028038825874540107
Random_3824,0.16641401447920148,1.6477714546787052,0.026762281477558467,0.0357822798801563
Random_3825,0.06311533277078202,0.5655679489395831,0.016349082383590886,0.03007820041137605
Random_3826,0.16008107001733785,0.9843995014173932,0.04507140100752451,0.036149086454156355
Random_3827,0.24826642700111112,1.721527689892671,0.010188819282540802,0.016158084360065092
Random_3828,0.24585475097294024,0.8443217601504911,0.0107976545012386,0.017225770841185924
Random_3829,0.2777649285547825,0.36878225691537425,0.014382251967184501,0.03127151013835517
Random_3830,0.1598370607179469,1.1728228832630652,0.03110075126773421,0.002959136026429939
Random_3831,0.16358709740089847,0.708469280038817,0.030623393758253525,0.03058294113156794
Random_3832,0.10497215881753118,0.992892975962092,0.01851861494724975,0.031986087332662845
Random_3833,0.21433822077442496,1.0303161112437464,0.027994953428191378,0.018364920313267533
Random_3834,0.12974184786757983,1.5126776817386491,0.03320061981713419,0.016175691475355015
Random_3835,0.0978407530873008,0.9651553687800211,0.04706661057020697,0.032344297233371073
Random_3836,0.2272765706824012,0.814134130599247,0.03598201618119967,0.024667110057697363
Random_3837,0.16107985489001989,0.11134729560577027,0.028473890782684783,0.0052041281638988655
Random_3838,0.050166388759692974,1.646360752616959,0.0014669831288217404,0.009859025744067836
Random_3839,0.253848970619288,1.5676593673013264,0.04650508413976191,0.0029755431757676875
Random_3840,0.29608167075152364,0.4304408766547624,0.004533269947811778,0.0077312403547948865
Random_3841,0.01534393376802214,1.0802401688425907,0.022189719150162737,0.015578766935271535
Random_3842,0.2380027209332793,0.7256742919499896,0.02194388505119365,0.03420369753496604
Random_3843,0.2332250962664216,1.3095396631945029,0.02503577518764027,0.030457122871562506
Random_3844,0.2847112203962018,1.2396634000659874,0.04958698424884171,0.021474740005779886
Random_3845,0.09336600568725127,0.8132196489998412,0.011019435335867214,0.0017393318898800522
Random_3846,0.13541162994565822,0.17017966369637855,0.0021285321669811726,0.015752151866669954
Random_3847,0.006980242233498253,0.6309736961087326,0.01950517982315781,0.02537810877955967
Random_3848,0.022964240829686452,1.6026014185408617,0.0383361237067705,0.023073612538628063
Random_3849,0.29790143392412727,1.6260804444943997,0.024897349814827784,0.003452153668648049
Random_3850,0.21775046199723208,0.9682010676393534,0.045733644268355675,0.0040073100048542394
Random_3851,0.18361171233187185,1.7145167042252327,0.021676107288568596,0.005203767707940784
Random_3852,0.08934857993645312,1.8324254014653525,0.01124496458448691,0.022807018609836763
Random_3853,0.17594669590993606,0.7028432109484787,0.04975708564198816,0.03218191257895144
Random_3854,0.014587224555796911,0.31120559269899783,0.013153096191119543,0.02989712205993826
Random_3855,0.11762592585967756,0.8718379949647074,0.02800572511113978,0.003598845115095276
Random_3856,0.06602219501356138,0.7724133563464478,0.039380869595407604,0.037358180728680156
Random_3857,0.17896299107766467,0.20912817556635968,0.02626130538017095,0.030778774116701553
Random_3858,0.09901588187458427,1.8097582891320458,0.007647026785518034,0.002942588963108891
Random_3859,0.07295331590761708,0.7084563807463676,0.01500919597833927,0.03908542101715477
Random_3860,0.06614974987304287,1.7550867266401866,0.04276113165612327,0.010045441753353146
Random_3861,0.09329059929656221,0.6048199037354427,0.0452924259319684,0.012302279258570505
Random_3862,0.12812382528624483,1.7815865903070902,0.044335532513726954,0.038767071821894
Random_3863,0.11266691979936869,0.42049684113741936,0.02815841045356064,0.021504880233636416
Random_3864,0.1524364499217235,0.90832153969528,0.0023343372395741744,0.01203833184733594
Random_3865,0.14741746109318407,0.62506459581922,0.001329373692218713,0.016868595052791365
Random_3866,0.10115047465048108,1.7662625369461291,0.012800200736819398,0.018834236361848437
Random_3867,0.16564877289915156,0.3332586958166991,0.024729722841136868,0.009449683182968686
Random_3868,0.1112422087680487,0.9834019114127238,0.006149476669161453,0.0045630645368535065
Random_3869,0.2957500195837057,0.8253690090083095,0.0041273216391072695,0.0014597115223376536
Random_3870,0.28608492421742016,1.260875417749431,0.007126281981887859,0.020247523797591403
Random_3871,0.24333219330882977,1.0823728070859833,0.006916632366293656,0.026459812893025562
Random_3872,0.09418045512745153,0.9258126671131546,0.014232789942269293,0.024947306875645895
Random_3873,0.11318349407639587,1.2200095300200726,0.015400517127814473,0.03639184818449647
Random_3874,0.24279828365906359,1.0626371414265607,0.04194080640929975,0.011692710765050442
Random_3875,0.1047563590781356,0.2661232928202073,0.02457549768918699,0.025602496635929256
Random_3876,0.14815445435652833,0.9725650792276749,0.026710434308926643,0.00238207952720324
Random_3877,0.03939409559158196,0.22433983224322057,0.016406958182819186,0.032419465932316115
Random_3878,0.05860035198375846,1.0745674810408732,0.025287708736138427,0.024378991587982624
Random_3879,0.02288073119851556,0.8254262424141728,0.014104058471230654,0.017818438558830235
Random_3880,0.2925676102900392,0.5255871029003432,0.03702386195326039,0.021959253663419033
Random_3881,0.13123483381636858,1.1755314220594721,0.0465577595278131,0.015344316642018154
Random_3882,0.22763425542874388,1.1712740226965181,0.032152367129995404,0.032236331961596885
Random_3883,0.17528107921217187,0.22970278708358619,0.00356571567353959,0.018808658776980194
Random_3884,0.2940103009085079,0.2685122167973209,0.03528693155972479,0.011771974698148613
Random_3885,0.24335379494953135,0.667936637069264,0.048880636685975455,0.02915854692912488
Random_3886,0.2968314471557574,0.8127769211675091,0.023904176873881303,0.008801895425524103
Random_3887,0.10026577096165555,0.3648479744955724,0.014298592172109416,0.026474369383719908
Random_3888,0.1036822450175927,0.5752579436043865,0.03779476563456794,0.006732523163379767
Random_3889,0.10628235104371397,1.6311432881291963,0.03782546304013321,0.00799687833611075
Random_3890,0.1942870092793036,0.7316470800777765,0.03925487733144179,0.033521318989904396
Random_3891,0.13477113217697817,1.20733206427512,0.02465343619348957,0.027933912757747
Random_3892,0.1537762660809765,1.577202530852061,0.04183834161035596,0.012985848046587124
Random_3893,0.24894827001467765,0.32352898188941975,0.021981033810838997,0.006956603678733015
Random_3894,0.08605939329035821,1.8912666150770479,0.04795318360881349,0.020665970504342768
Random_3895,0.12028752429918531,1.1813928964251708,0.038231715401933486,0.026369726630596165
Random_3896,0.2595286164253507,0.7116133043949747,0.007978011289919998,0.024531159458425923
Random_3897,0.10641996005360473,0.9104371764127388,0.007643190778263051,0.037004660849297315
Random_3898,0.2055433030735174,0.5019291311706693,0.03960835217783137,0.02743931188201671
Random_3899,0.04530796301379336,1.9786856368421968,0.042131730724162,0.01034472490749348
Random_3900,0.23498426025957397,0.1890711394418494,0.023106630766874477,0.0322850925398713
Random_3901,0.10131574075332435,0.21435439515970844,0.03547749526746214,0.03473072480150886
Random_3902,0.12505190305569247,1.678855866418844,0.0446355707951723,0.0011023920815085178
Random_3903,0.008084807357169271,1.6109388745974187,0.03415006857655143,0.03027043233526202
Random_3904,0.04289745848196751,0.363405025107319,0.03249886363249049,0.02798609517341588
Random_3905,0.22007418340032733,0.29839689385231166,0.03791787125622064,0.024162659959910585
Random_3906,0.014305241220245738,1.0079508624182052,0.010988734437268954,0.015028905528674686
Random_3907,0.20498116137470945,0.8708081135416217,0.020884873803037395,0.028618308778626023
Random_3908,0.04221182884404469,0.651522946934828,0.027080573837142564,0.03338700614492934
Random_3909,0.2591363772784067,1.9125917757631528,0.019880400571701082,0.03709031884088996
Random_3910,0.2664964891651845,1.1213778314872187,0.008701437266100231,0.014929081870046983
Random_3911,0.020247006979607268,1.0252788544691704,0.01987864257056298,0.02068154977205674
Random_3912,0.20559138025453927,1.44980993307164,0.03351469248115339,0.031227828012165483
Random_3913,0.2698671443309278,1.0204906541134613,0.02862166696740552,0.031167154116118655
Random_3914,0.020020182702633293,1.025422058399915,0.04218198434714999,0.03428630183511628
Random_3915,0.01850113204584305,1.838034260396321,0.018199775577154815,0.02952118030330411
Random_3916,0.2672040353063244,1.0468197732933198,0.020165731767079646,0.00655836165090256
Random_3917,0.08326694495398261,1.933429521864065,0.03604430621513541,0.02813053539711737
Random_3918,0.007463527944873986,1.9771734178262865,0.04664424798911633,0.032276084350519985
Random_3919,0.19329967549003632,1.2310037323243321,0.019473678981992534,0.03476756721895385
Random_3920,0.052322827533469285,0.8901887629298746,0.04374072973656582,0.01961554006551028
Random_3921,0.15652328212372832,0.7907748701579721,0.039393884329626136,0.018051145196165852
Random_3922,0.20763761359599278,0.2961268419194778,0.02687686828486239,0.013643037477656373
Random_3923,0.16123960245661734,0.18247364599906957,0.04799232270328507,0.01928523819108563
Random_3924,0.06675142201522104,1.6635029831918493,0.00391669214688329,0.005706654469738166
Random_3925,0.28079726802007304,1.9591357521983854,0.003465076708964856,0.008877754507662462
Random_3926,0.08072908874933306,1.5562256968567325,0.021608988661944772,0.02755752841767028
Random_3927,0.10866993143193956,1.7131442379117507,0.029697634116177374,0.03323865871630062
Random_3928,0.08318618971316988,1.8101533327202248,0.02649326601765847,0.017521957393089083
Random_3929,0.24348049127891339,0.8537610654058688,0.036058231282613776,0.011132250944380074
Random_3930,0.21180211193003226,0.535124105378063,0.025411613086449958,0.022813210946998983
Random_3931,0.0164700585738794,1.8888514188767163,0.049840391915142786,0.025748849383197662
Random_3932,0.28570596850184765,0.6678639064718929,0.03947995482699558,0.0344702725389711
Random_3933,0.05395323684347756,0.7671457085807751,0.0422993465735814,0.005520789686714848
Random_3934,0.2962221582034316,0.5775620235529368,0.045922088856192,0.03549320489722381
Random_3935,0.2563867644699685,1.3016214108941093,0.008613227799748593,0.036198617040463836
Random_3936,0.042859103227105906,0.6335295246409773,0.04122479483056956,0.020917646797707433
Random_3937,0.18455780927102539,1.8552669584209658,0.04932620326834307,0.01924248519673267
Random_3938,0.02947192832203323,1.0282554167124416,0.04574750111126748,0.018916165924578354
Random_3939,0.018762384075819306,0.5293025876299803,0.010534358040997439,0.028692185801916632
Random_3940,0.23845033279341962,0.3871061912070868,0.042620886621831416,0.012650862537861872
Random_3941,0.07814071353507045,1.7607357640637222,0.04591995090028538,0.008282433710346315
Random_3942,0.037852762372994314,0.5371936243858056,0.02852868054376941,0.034538329566078704
Random_3943,0.01150896961154505,0.9866505126700041,0.031129437681354375,0.01469800204810047
Random_3944,0.16206899894855856,1.7425420785328252,0.0017743810658826776,0.03656410638513681
Random_3945,0.2444019356879879,0.5532403658820677,0.026369790473158544,0.009905562142459783
Random_3946,0.2887842621611092,1.5900884048148438,0.009126583798066162,0.01116380780865801
Random_3947,0.019445171730375244,0.47122024979643506,0.04242777091387812,0.03913569347350385
Random_3948,0.22364809803289487,1.525783648946073,0.027415283565142282,0.03238558249363158
Random_3949,0.07577881876706898,0.6319635697416133,0.026413063259629537,0.03710553218255981
Random_3950,0.14073015850834353,0.3275915916546104,0.016972139118528004,0.005209212338329506
Random_3951,0.2756474730227757,0.8084639275058024,0.0091486179152684,0.02175022861613002
Random_3952,0.08766828553230362,1.3474863544527145,0.01676730360946796,0.030982021256880533
Random_3953,0.27493335791806306,0.21253515476314094,0.028157247790025833,0.01004590897083631
Random_3954,0.27108563699047994,1.7806994208882032,0.03197099398909044,0.004000597028413865
Random_3955,0.019557671877649715,1.9082501489880626,0.004153259756939516,0.025620288701548085
Random_3956,0.2348270126331058,1.7988737968337885,0.03242171176162436,0.021179622832771056
Random_3957,0.14541678110749864,1.244455457593156,0.039155510775989354,0.027475891381417816
Random_3958,0.011271143200075422,1.5270391861482628,0.027568580662604293,0.01579725948952825
Random_3959,0.05941659284143361,0.7651483686572175,0.028642719172774497,0.023900118067345977
Random_3960,0.021878005251663907,1.1622386994038516,0.03804565265704998,0.021743078062384735
Random_3961,0.17698435725109568,1.7280379452834682,0.03531613073676114,0.012442760078462175
Random_3962,0.1384226186925872,0.8509333336999971,0.015267236075236675,0.03982424507554901
Random_3963,0.1415237699231307,0.1971974883269368,0.03602258770620049,0.01014856702078433
Random_3964,0.21433114932674457,1.7566003722562624,0.025226442897862387,0.03903749537481679
Random_3965,0.23260920369885582,1.9273564854626213,0.027500078311996072,0.02729202971447225
Random_3966,0.06449967023307449,0.2633382909422463,0.04002394325715887,0.019032655739307274
Random_3967,0.2528614383088974,1.302603606895276,0.049659952452165174,0.005576099543068754
Random_3968,0.29630307509181064,0.691206336588569,0.006031134429209677,0.020715330414783423
Random_3969,0.20577791593316178,0.2340985400290134,0.016636132732744675,0.034343466704949976
Random_3970,0.16622454108178614,0.11344361931377796,0.047044149609333334,0.008730378121543488
Random_3971,0.17903808578910482,1.027703935117835,0.006022354252696945,0.03979374913163947
Random_3972,0.03507077460983205,0.6454415184352363,0.008485676768127275,0.01976113815510063
Random_3973,0.21540060592494434,1.4944738067075012,0.023416327276538928,0.020321433913415947
Random_3974,0.25273657673346644,1.1175446977204657,0.005867900798328698,0.0034660682946888845
Random_3975,0.1883988217834578,0.5673124498455908,0.04988987874748184,0.027842145435617912
Random_3976,0.06079717487048567,1.2746761728908225,0.01764546092062662,0.0010970948983595652
Random_3977,0.1808142982194758,0.8299374075281256,0.004227261673087071,0.022831912961924532
Random_3978,0.10655644041347787,1.5096260583868801,0.025737168275795246,0.02331573349692306
Random_3979,0.17187177955751726,0.1563809591015495,0.010019382645325377,0.008367415754913564
Random_3980,0.08111671298504117,1.327881521521216,0.017982636160967055,0.016041772053089477
Random_3981,0.22176824535772832,0.31484673557976744,0.030909606991867882,0.020452472323348323
Random_3982,0.28060223010615326,1.0083235431402657,0.027963803057425175,0.015768808820173733
Random_3983,0.08195602970605176,1.4118974801042123,0.025074947547138435,0.007584314071498763
Random_3984,0.13025529668211488,0.865851203087824,0.028338026610259432,0.022604597275276174
Random_3985,0.008138097459812851,1.87261638446453,0.03324549042826193,0.02231658630122903
Random_3986,0.13427184538365677,0.22226301560616016,0.01843179704652362,0.013175832603326939
Random_3987,0.256687899729315,1.3803060504719702,0.01853939821115183,0.009056501296499486
Random_3988,0.019996070486200182,0.3502206344505113,0.04200864255147731,0.035227599627363125
Random_3989,0.18807328412534385,1.6432852587480096,0.026848242246133015,0.01271761016612167
Random_3990,0.14521849381150104,0.25192109750722386,0.03984629206368942,0.03700568349168895
Random_3991,0.12610890356066717,1.8447316326390246,0.00987697655375843,0.018375524477262893
Random_3992,0.20979459141501702,0.15300177526864925,0.041202164225618246,0.024511694665211577
Random_3993,0.1549296467938946,1.7812432423405424,0.016362142045253235,0.03215319975030675
Random_3994,0.2720476707180814,1.5666785880786,0.01899062331600238,0.020660614288304624
Random_3995,0.16425102872973976,0.705861135228645,0.017897543763314226,0.02181115524033015
Random_3996,0.03140196993328182,1.0914708975687633,0.006133369312765949,0.030122339000615516
Random_3997,0.01672199674191749,0.8285205588499692,0.005301662957386405,0.0042435670728522175
Random_3998,0.2148734869614374,0.1843254283121143,0.046689830000925664,0.03159131067465451
Random_3999,0.22693377212664478,1.0479803954912235,0.013756888697630806,0.0171674961004658
Random_4000,0.09919319605780869,1.6288776799836706,0.015416605083638308,0.0394853780324381
Random_4001,0.11622451411046653,1.8036296377509093,0.001459171656337188,0.009437001661895369
Random_4002,0.06885606633259458,1.1494994135113203,0.02904771590149515,0.019631555390747055
Random_4003,0.2782869402618111,0.6645398509660709,0.012218831211137034,0.004739408129394088
Random_4004,0.1824150292286679,1.5497097315640702,0.02911934505368294,0.0028220464252526516
Random_4005,0.07285652419749282,0.2986309068904628,0.009359974529647298,0.005801463818619181
Random_4006,0.030967292672954526,0.2854588422761466,0.029096854783605904,0.023931383456386242
Random_4007,0.25647632531839465,0.7961080837607477,0.04058601261145449,0.008270764125698082
Random_4008,0.07147744455880768,1.5049981987314722,0.04043535114217091,0.014786673056611955
Random_4009,0.27663380623168593,0.4930297226303677,0.042811397281203215,0.018824429118482016
Random_4010,0.2768500775850495,0.4123228871664082,0.010293370486012358,0.03385974439728297
Random_4011,0.026248521309404308,0.3768525815772089,0.0036843492730070132,0.006880158060181999
Random_4012,0.05772365321052719,1.7456399355752392,0.03881555850474212,0.029168155611186783
Random_4013,0.18929063106909969,1.8350636507943783,0.004818355705893538,0.006096561268666855
Random_4014,0.09374254479376169,0.45270791769604934,0.039157472135426676,0.03982100632564798
Random_4015,0.22501652931793298,0.2870951534947642,0.04476694671798751,0.012190836264244567
Random_4016,0.12380575752970323,0.5998379398687581,0.01761537941471956,0.012926639708592928
Random_4017,0.03192039165550412,0.4315697941014456,0.04697460287057407,0.003337384358833752
Random_4018,0.04159441405222061,1.0295366626280444,0.03131540779717499,0.01964279675808322
Random_4019,0.04642367818721638,0.8945345264211618,0.025213207479710467,0.010998827571052316
Random_4020,0.2598043167555239,1.0144136881114578,0.003242832484931286,0.023635614745756386
Random_4021,0.12747732320172844,1.9357545885637482,0.03787594961729034,0.03211685839672502
Random_4022,0.26620757967918574,1.3194711496922218,0.006382021404278138,0.029141493584849527
Random_4023,0.013040622761955858,1.5932774209959573,0.029099965615261986,0.01563523087045092
Random_4024,0.07880768872129829,1.7847464954429315,0.02350035702962016,0.03697649451413614
Random_4025,0.10219389560260404,0.5761023486483272,0.024236689148856235,0.0391557052299939
Random_4026,0.1580243820285836,1.722295650045795,0.02955450268092482,0.03509579617619927
Random_4027,0.0889891398602547,1.5964716903774454,0.007414101741145197,0.0028610242710809955
Random_4028,0.17211201879497445,1.1469516656371255,0.04638306611205378,0.0063976135512446046
Random_4029,0.008553302049842872,1.690475576069283,0.01961843507519053,0.02768177073686716
Random_4030,0.0427809035625969,1.0970923657689642,0.045250226301813655,0.033863943170321556
Random_4031,0.22535118720202593,0.12271165165953124,0.016277541008328393,0.022189135255972808
Random_4032,0.16421589412805981,1.7688327277759734,0.038958960858682716,0.012285332925132907
Random_4033,0.24227566430932884,0.6047617678132604,0.04008024480228556,0.021014646696840594
Random_4034,0.17777091721498053,0.8657374959201092,0.03688337273271208,0.037269628921063294
Random_4035,0.13054457598780822,1.0249053389452605,0.02547820366210962,0.019943616559203816
Random_4036,0.2886084857312708,1.2418027100995543,0.046653794990386195,0.03332628599830151
Random_4037,0.1234031233013237,0.7519841266841115,0.032766986588105985,0.036295308153991505
Random_4038,0.07146603523976679,0.9775248953209018,0.034364492047410725,0.03162769984749627
Random_4039,0.17584888533763673,0.4367273212574261,0.030087240044582603,0.034297914598034246
Random_4040,0.25722220531231704,0.6868004129073575,0.02428966803051216,0.004571568231070482
Random_4041,0.2279919515268766,1.9351676135767928,0.012637451937084473,0.00878551496249622
Random_4042,0.17188146564725232,0.28276670946532856,0.002792507172029262,0.0025736631453633562
Random_4043,0.2970280379156741,0.8136812197263468,0.025445643553335822,0.004197892969223833
Random_4044,0.13035867129974477,0.4323800050672949,0.04007519171752078,0.0059409737265685185
Random_4045,0.059272647176672646,0.34792640628643223,0.0048144234798964515,0.02817026763553056
Random_4046,0.29789733156068554,1.677357816461078,0.03310850552606354,0.025546643351678597
Random_4047,0.13453774959189424,0.4544693019981849,0.0238873653237368,0.019874188006359518
Random_4048,0.26406541135370737,0.6893792628601473,0.02088281167468772,0.006976049212010309
Random_4049,0.2958470818576935,1.4433433360272487,0.046662450019576134,0.033523525536487395
Random_4050,0.1593964588663151,1.5155836938869613,0.015280649812799387,0.0303359820850283
Random_4051,0.16118777613466134,1.5235813275047996,0.002894643538372749,0.03702661844493264
Random_4052,0.21277131736756622,1.4821864461009855,0.04579480033179025,0.03348374392029659
Random_4053,0.28121186612434185,1.0496477157969362,0.003672863200474786,0.013488143101236288
Random_4054,0.16746541208703386,1.703035958147702,0.0485458916875352,0.017670050278389228
Random_4055,0.05746171503083957,1.0470642640426775,0.0499435019741629,0.037616743886905696
Random_4056,0.2728966364812007,1.7087311599209876,0.010709749381362443,0.02045622891154821
Random_4057,0.13794711943882504,1.1745420174093217,0.041168420010209164,0.01694647625108715
Random_4058,0.061908520546565,0.4952407209189934,0.026517463627479237,0.022174900563715492
Random_4059,0.18825913853887358,1.6353294054009755,0.011782385447869387,0.02318084820381782
Random_4060,0.038055456488708124,1.9543029611989635,0.027242199191608526,0.03884818442803484
Random_4061,0.09281707205236854,1.955774836865961,0.04244569952974606,0.024733312865967326
Random_4062,0.29187245512223325,0.44606456937848715,0.031131518156838615,0.018768010665572765
Random_4063,0.08181574373439195,1.6499035382670906,0.03529767726675331,0.03136052977154659
Random_4064,0.2944886984989296,0.10937276299320427,0.015178640985158337,0.011261377285841406
Random_4065,0.07653967489808518,0.18539554889627308,0.02287486083950474,0.01369663500283317
Random_4066,0.11142583397437834,1.1902181421064335,0.010807864668837184,0.024435327019961595
Random_4067,0.17954513325455126,0.8528236894485572,0.011420014381663693,0.006465312883195064
Random_4068,0.2240909752191368,1.1095408520051109,0.006374779112393581,0.03484567357427498
Random_4069,0.2447649712345546,0.7898142636339346,0.023848869453630867,0.023071016944915618
Random_4070,0.28646197128268447,0.4909324806235493,0.030606698081533764,0.014806000137111777
Random_4071,0.1763139252776422,0.49660696995141096,0.03553916456105007,0.037236106415864355
Random_4072,0.043936306260003735,1.1767116304114469,0.02358986144595641,0.00623271598280139
Random_4073,0.10114611640938562,0.8282149392890045,0.04826371332721792,0.03251187307672253
Random_4074,0.09181520576202519,0.10098242728145813,0.03750223430854626,0.024207641087043118
Random_4075,0.13628074210541133,0.7440520388892724,0.0026924138573965785,0.0345825437008776
Random_4076,0.2818398406280358,1.3098728219665412,0.03176524782156522,0.039893643795866233
Random_4077,0.203051770079865,1.6278814439909457,0.007256394111048351,0.007812351320403779
Random_4078,0.04948205571019301,1.245575464719371,0.04158803235057215,0.03476879433048246
Random_4079,0.15063103962366203,1.9687572453198885,0.03787721653997678,0.006482807918598906
Random_4080,0.1954440275201511,1.2194207980987783,0.03576122358397895,0.008515206476085075
Random_4081,0.03928304725997218,0.8221789541356262,0.029760315865608303,0.01147392050819952
Random_4082,0.09187905061276024,1.5012922572144394,0.009139231760826753,0.011261653035231207
Random_4083,0.05147592807007008,1.8388328236669622,0.005495631644138833,0.013869831594745849
Random_4084,0.27847461002795504,0.4657223467186514,0.0176374415179957,0.014208777649887695
Random_4085,0.18273589123150955,0.20968716578492222,0.04912658849126017,0.005118973240517944
Random_4086,0.2733291224004549,1.52982755886594,0.012162175027318194,0.03368067932552758
Random_4087,0.25205011149237483,0.5880251449545341,0.03638532969056326,0.015254642877392834
Random_4088,0.0942872909907221,0.6972978057492656,0.025117654237333795,0.012704364347174708
Random_4089,0.23823957240247143,0.17762831815406724,0.045097343980933936,0.03361466689402387
Random_4090,0.2541319098247489,0.912613235563779,0.03011823777063382,0.033841928725616525
Random_4091,0.04582218190423364,0.658481866284366,0.031026757414193435,0.023183235576817333
Random_4092,0.02841627238512739,0.8680487678684661,0.005990653178042374,0.006364492099502519
Random_4093,0.18139522639396852,1.8984776016286906,0.011385401301003028,0.02873192617579822
Random_4094,0.06427009665168665,1.7277957798966754,0.007048371605378982,0.030859517067856397
Random_4095,0.05233414161070008,0.5236583088079764,0.025923528686976723,0.02469666908345059
Random_4096,0.29957653341554763,0.26176773276237986,0.036749155315082965,0.01411745137836896
Random_4097,0.13033771536919073,0.2874619087825283,0.04146634738223986,0.020872449230277017
Random_4098,0.22945749014278471,0.963269004919646,0.023250941550901155,0.027782385123751564
Random_4099,0.06957505130166879,0.25518417355606143,0.005928344089328144,0.009146824990065763
Random_4100,0.26982388314102335,1.9157200991731538,0.019832205083194755,0.011998222857629581
Random_4101,0.05895290139474655,1.6250887884186562,0.0023992563993578877,0.018719799897148177
Random_4102,0.02989991366408396,1.6748999203555088,0.007432381115943317,0.03210866593883068
Random_4103,0.042959240590758584,1.3240055023305688,0.04800189740262322,0.02919441668115182
Random_4104,0.005933658548985471,1.9313679996215065,0.03846452571754014,0.012135307345712117
Random_4105,0.032920805767868606,1.4688819144867462,0.016313881854836475,0.02549835226581128
Random_4106,0.20432712994729663,0.4626270939458156,0.029827845577323882,0.013134682154355492
Random_4107,0.19845850484809313,0.3554057010036704,0.0262026231497536,0.027881494813315612
Random_4108,0.10170318381033193,0.5429260552383645,0.005555977017592937,0.0062399993519102505
Random_4109,0.2490433348487149,0.6547468962894156,0.0043671497089334535,0.01164088060054504
Random_4110,0.06265891281495545,0.9610451879983873,0.045696969012619285,0.038856003538799345
Random_4111,0.23616303342194353,1.1313618440901818,0.022114259622203106,0.03128640253369188
Random_4112,0.11389419030871573,0.8686908212741532,0.0013280620777791634,0.02346425433205483
Random_4113,0.17162207580523808,1.6061122415976734,0.045007675427242384,0.014971241418668995
Random_4114,0.10631935549880175,0.47520787742130943,0.008778304585784207,0.02853310011077928
Random_4115,0.06670118895607731,1.5866952285981117,0.04657768512703201,0.025521568532622177
Random_4116,0.27656765678086925,1.9715620936071148,0.009888311828526428,0.017343363692860932
Random_4117,0.2741646542925983,1.357381120628688,0.03459119336512405,0.006665188007054203
Random_4118,0.14553213569295997,1.9552000601400121,0.02779969877960864,0.0075760191294184055
Random_4119,0.28082527981757616,1.815791860268709,0.03422247120226545,0.023073437198184433
Random_4120,0.2484385787702598,0.5468269814094386,0.0499698278185433,0.022489259454317758
Random_4121,0.13127027044701994,1.90711037570033,0.01027454239396488,0.018972935475450408
Random_4122,0.08563863266949982,1.3994335065401888,0.016100687151185407,0.011709168860227007
Random_4123,0.13786244387125363,0.7896451815975609,0.04563066138429902,0.003975616971739844
Random_4124,0.23112374930417148,0.16207813454927966,0.015465954523174806,0.031006384151852855
Random_4125,0.05038684030583506,0.20802747404675803,0.049960323929621665,0.02904096146089965
Random_4126,0.08942989338539885,1.0615217199362819,0.02090641742583247,0.006453962885084384
Random_4127,0.058492174298157826,0.5623637049178604,0.01005342335628456,0.0047639239670905185
Random_4128,0.291664348584643,1.4319463586434398,0.045601533465159244,0.03931031843107306
Random_4129,0.23355121496261946,1.0868088131028666,0.017464146185699428,0.012758679623282854
Random_4130,0.16186965031449774,0.9184300880496101,0.02914466414026371,0.030398718251106818
Random_4131,0.11876656741140439,0.6813538618994023,0.01949649223809248,0.006517117141112368
Random_4132,0.09813436072276749,1.082709357209654,0.007104348426003811,0.017998831293196862
Random_4133,0.019914459395591725,0.7007552668781054,0.042361043233029,0.005433485232058946
Random_4134,0.07922235519253841,1.149193274233236,0.020835801355959457,0.023822339970300418
Random_4135,0.08849861881502981,0.15020814916009156,0.03760929578247784,0.0032075675509054126
Random_4136,0.06667094569920796,0.6064112435604754,0.0371369118776366,0.027736535697209474
Random_4137,0.06233488073788888,1.5433933850026214,0.0021206549808454587,0.013725860470405634
Random_4138,0.23355316174186305,1.2103756982680216,0.004854661328886716,0.03660279137454715
Random_4139,0.12032001757878256,0.677218749915522,0.008442105350929537,0.02246888859642594
Random_4140,0.06114503663870504,0.6746892006259824,0.045958216615485666,0.02349811793248003
Random_4141,0.26872325777247574,1.7789906772566322,0.02884376563314792,0.009516100141935265
Random_4142,0.2245677371472882,1.439510056774325,0.03864671808214319,0.003063210369837533
Random_4143,0.2930287563401996,0.4703846630515137,0.004064207024264162,0.012567089013664729
Random_4144,0.25535121794787496,0.9389633960449763,0.04533489564080569,0.0026456558200649545
Random_4145,0.01450642889381128,1.3810783528806652,0.022586739223212436,0.034253973302811366
Random_4146,0.2914359463723854,0.18289793322455394,0.01161725417195339,0.01776398339962554
Random_4147,0.08258164922014591,0.43670806556588226,0.043440397327206275,0.011841213833555724
Random_4148,0.2391441629484048,0.5418478273287219,0.04980105197845922,0.031511751491102
Random_4149,0.014286694767494796,0.648455879046558,0.009409941756203879,0.018892100163625827
Random_4150,0.16623846474507994,0.945664110183419,0.027986548180879364,0.01302741599666071
Random_4151,0.02052973235303235,1.8156267434155793,0.04481217717692904,0.019849802330782637
Random_4152,0.04004424678842763,1.3484998241892134,0.030716743998021316,0.013829270509805484
Random_4153,0.22864755122034872,1.2537643165896495,0.003177123901413491,0.020895152687427605
Random_4154,0.07147016224426994,0.1487802199878868,0.036304996704881694,0.022225006135689056
Random_4155,0.21865047685152736,1.4258617099838602,0.019330439500048258,0.004387873974191194
Random_4156,0.19791384076682061,0.931024777334461,0.03038669857504716,0.0026773413142098836
Random_4157,0.1399135169870225,0.562881991132316,0.0013147831024969095,0.03272397689279775
Random_4158,0.23100354583484659,1.513590638177238,0.043180927954799844,0.035746792385383114
Random_4159,0.25737675376213875,1.3231080578157155,0.027685945970701578,0.023904587899315575
Random_4160,0.26186258257764755,0.24709427476515003,0.03052039778244467,0.0037522933771121938
Random_4161,0.032999665870194046,0.20099799227339937,0.024687211454766496,0.010651686210792679
Random_4162,0.19629491094124316,0.6137977156763943,0.04400798077610708,0.03848080569889923
Random_4163,0.23864845492210943,1.9836778215613442,0.011610231498168058,0.03476578684815548
Random_4164,0.06348864944063529,1.7886730639029926,0.040852710017420864,0.009834835463923997
Random_4165,0.20119326514994007,1.8122307380692213,0.04126969497494783,0.029332795287403346
Random_4166,0.16495600133069127,0.8989267754916495,0.0020234894016020635,0.007772281135543862
Random_4167,0.14096007535798258,0.7755333993055823,0.03135673501530096,0.016457025945566375
Random_4168,0.06746857019651213,1.1216787273137638,0.007691704794625346,0.032299798246574835
Random_4169,0.2434405968325251,0.240656725412919,0.025084114301507265,0.007947093329143107
Random_4170,0.19232588618764768,1.8988461840434814,0.004510770859384139,0.031066641188476667
Random_4171,0.03290941565728026,1.0003869405842627,0.0022683261598351314,0.01696534339812706
Random_4172,0.20229292156885395,0.6155486038461565,0.016712387995361528,0.033406183122295714
Random_4173,0.07944070543974907,0.3325285244862526,0.04263102367572659,0.011155568455552888
Random_4174,0.060239773666421255,0.7994813343811515,0.0107155590710405,0.026276940065597176
Random_4175,0.2967914955426488,1.078403863060239,0.04157944894440525,0.02932119191671141
Random_4176,0.11003633519088095,1.5330497220273205,0.004176548691324699,0.03231667036693467
Random_4177,0.2813966710255777,0.6360086444092031,0.03815955731262131,0.015044106290174521
Random_4178,0.23593179191410452,0.8225446510359016,0.012705326375499346,0.035856412114419596
Random_4179,0.14218196890979914,0.7270900876101518,0.02384947542539457,0.005589777186848536
Random_4180,0.13889846811056267,0.6435208501828469,0.030824421382595394,0.023030224907266892
Random_4181,0.2004075341275686,0.34522706805753345,0.044812738409758274,0.019013798872710267
Random_4182,0.24376949096951028,1.2846576992582228,0.03237738552169424,0.021242336716350136
Random_4183,0.12890136932582524,1.187615316696834,0.006809107034952638,0.02387361082979256
Random_4184,0.11659848021243252,0.881735228737111,0.048572439367766375,0.026026965861530124
Random_4185,0.2838256173457715,1.8760738301556368,0.02026216212487317,0.03878593611772357
Random_4186,0.1815379959679304,0.812864257160447,0.04855853599606463,0.010112187071786828
Random_4187,0.12635524544647975,1.0247409077198069,0.00867271052123424,0.03934380664391006
Random_4188,0.27137801310452986,0.8154388104732442,0.03495144900182299,0.0375017369830569
Random_4189,0.043957398382430464,1.3292963431859752,0.04978681598994514,0.007021086616591128
Random_4190,0.14977556467703343,0.7741972726158545,0.04007821133238723,0.034495035935799855
Random_4191,0.05514416834738285,0.7510323945551395,0.04737569732015676,0.009120896609078787
Random_4192,0.24461834471925525,1.2580052345924866,0.015447306776824168,0.03737854531306638
Random_4193,0.2508694802646641,1.3699022670441385,0.004003794982218565,0.01091873021608181
Random_4194,0.24160724484746568,0.5792862950753528,0.005828951344249141,0.03324818732235504
Random_4195,0.056746389399996024,1.2421147774412458,0.03091877036862945,0.026039902216813248
Random_4196,0.2849856426858949,0.8902333915772375,0.022885846776093594,0.02126482133162245
Random_4197,0.043854215575067024,1.7267209178742104,0.03512669754991347,0.005054970877439436
Random_4198,0.02559860633893252,1.0741897247618983,0.0051698002271682395,0.02253507289812159
Random_4199,0.2521132755889504,0.39023872106988533,0.031248406724059694,0.029289496019910946
Random_4200,0.0540174276250882,1.7128565536796414,0.009106235534145624,0.030219511614894536
Random_4201,0.16445600227575377,0.7909148056138625,0.01301051278649155,0.032152148894836495
Random_4202,0.019801521194814153,1.742452377189392,0.036192532893166963,0.005431203519212368
Random_4203,0.26900405331315524,0.5883504806032652,0.03883618748336974,0.015175640141416848
Random_4204,0.0988119040658572,1.3135916787075645,0.01994512121415747,0.021146718511792166
Random_4205,0.0347698713621529,0.579619024294533,0.034546675592447236,0.01780331677136245
Random_4206,0.26008731978973276,1.1864105292575524,0.03602782199857533,0.016269553142050797
Random_4207,0.2674471510840335,1.5858417597134524,0.012916470122080179,0.009032162517850523
Random_4208,0.040281423482678394,1.5544501760478924,0.040998245021547454,0.03880691197297125
Random_4209,0.11038988204722894,1.9013145725133878,0.04587183862573931,0.02991533220455059
Random_4210,0.0932837706682635,1.3040826331878792,0.031016042638383475,0.03911843088580274
Random_4211,0.07445057631704131,0.22524222249605136,0.03801616789342223,0.03873267986920159
Random_4212,0.2507734775415076,1.277258294557455,0.03215748538446557,0.0032319365788390487
Random_4213,0.06203693462991407,1.9091222535715302,0.04348760803365503,0.02616911712969721
Random_4214,0.08433864311212874,1.2083846794035276,0.0029367262409039476,0.015186776553545448
Random_4215,0.13632650507686161,1.290357221445083,0.04832213694239831,0.015464404996036445
Random_4216,0.1635587672888848,0.7656539045311194,0.047280651173018204,0.015261443587857082
Random_4217,0.1679793538025816,0.5449182534070252,0.014151312101928711,0.03668160456454177
Random_4218,0.1243025691751475,0.4672234308340891,0.030648784749815097,0.01739550587681107
Random_4219,0.22671642358115424,1.9720931500765586,0.04311226343370703,0.02415368989913
Random_4220,0.22526279715734654,0.9678123412292555,0.03596696399085537,0.0038302087819212243
Random_4221,0.11599740364769845,1.1236930118809445,0.02878198933824891,0.029236605267145492
Random_4222,0.061315479127193734,0.8399078828190504,0.03309204701077314,0.029731735566032598
Random_4223,0.2506977392530097,1.0060421598944609,0.030368758522368783,0.0198427083935712
Random_4224,0.27126745290608684,0.5302134222853236,0.007212642860339617,0.03811528493842104
Random_4225,0.05497419499084824,0.6998924940903402,0.036989122405085686,0.025914962096302514
Random_4226,0.26381511161855786,0.8636191049755273,0.023415183801875274,0.03985622989739731
Random_4227,0.24952701668855864,1.5794427567087255,0.014509546771732953,0.003555106135009064
Random_4228,0.03941927440840158,0.8041820193839193,0.042599659705213205,0.03962434878391741
Random_4229,0.03339273456171442,1.8469136437840863,0.008432258646788562,0.020209460590633336
Random_4230,0.07570267018486343,1.0352858824976767,0.018038684449407923,0.009025616129957732
Random_4231,0.13431500080657469,1.2969747686273436,0.038359942665484585,0.0013782269213755208
Random_4232,0.2521258829722844,0.5032155683052818,0.04813953794959066,0.007100268445289651
Random_4233,0.25223095671085566,0.3675312719679954,0.026957107039165287,0.038483674269052734
Random_4234,0.05891422129607014,0.10384894195695811,0.042163217215740116,0.01946267740063639
Random_4235,0.05901089797322714,0.5453238607751061,0.002162135368156813,0.008861319875615406
Random_4236,0.06965422533244921,0.8180908958777433,0.03394302897609858,0.013386039415428475
Random_4237,0.09661821826416699,1.1274959942201024,0.04305972251044489,0.004608112507864258
Random_4238,0.26470665902545104,0.6203615037258018,0.02280432662255667,0.029620160354583387
Random_4239,0.1557367201049649,0.45198105725169635,0.012218945554452788,0.008055737894526328
Random_4240,0.2528134791789116,0.8680801231104928,0.0012970480366556695,0.013778557642261314
Random_4241,0.11056692769111699,0.5816057368751579,0.034451522059773074,0.0010465868939745144
Random_4242,0.057060918889961364,0.9221784349391631,0.023536214910189663,0.0075505244297854315
Random_4243,0.24548865675249973,1.0552511413079368,0.02389637663369273,0.03351486191434252
Random_4244,0.20566577241030992,0.3177149071673957,0.03014541520081465,0.004098228620311013
Random_4245,0.11402691927672093,0.4922162594464554,0.029556223209561593,0.003040162168915999
Random_4246,0.2863482369643014,1.2074567309258997,0.019632579555832298,0.0276487060457398
Random_4247,0.039184040783156134,0.43644912079870624,0.033374220610335646,0.0024932959103402823
Random_4248,0.14832911574831067,0.35952657968426016,0.037814976467696805,0.034581470184877616
Random_4249,0.09275440374606157,0.8075929651970212,0.046477078148961494,0.03507516256476551
Random_4250,0.159653489328017,1.1596845021795796,0.016966208176313363,0.029099235342555468
Random_4251,0.24959809827564036,0.6237777809348962,0.043658872519439125,0.008469900642912838
Random_4252,0.17339392015537158,1.7600772234508177,0.010577168504867049,0.03329677182850308
Random_4253,0.257536544567444,1.4181139129825546,0.03910577289954865,0.005189555372299589
Random_4254,0.1634794096666587,0.3906284287562668,0.046774091351931765,0.009931914965704457
Random_4255,0.07367232205182339,0.7636929804054015,0.044914224970842694,0.018719205674132315
Random_4256,0.1030981722816594,0.3928330578206004,0.042627542773156515,0.032064329000542645
Random_4257,0.03985483472873725,1.1167991807768798,0.00976830965493343,0.03623296233935263
Random_4258,0.2906596049366917,0.7081097876885641,0.012001232122294828,0.0028370255391512982
Random_4259,0.16977137475053514,0.3281579265981179,0.040192780481289644,0.005414071592333195
Random_4260,0.24540320033768354,1.0582539747533368,0.006932376759259087,0.010746271337153692
Random_4261,0.16410057070697293,1.0574969556253713,0.012220836681762059,0.003799411509583636
Random_4262,0.14624303757332513,1.6387555143538477,0.04904937114806839,0.02207743302667489
Random_4263,0.1120494755284628,1.8338410012700015,0.010743245960008058,0.01657303276121062
Random_4264,0.1233875864290963,0.5443154903381133,0.004919968283687992,0.020662046294178435
Random_4265,0.12688916953210977,0.45011785782282454,0.0357694441054541,0.02082038732084316
Random_4266,0.24863011817614616,1.3813646436812788,0.02243717415897505,0.013570919299319466
Random_4267,0.179848072696874,1.442571407723194,0.013997314687930227,0.022562682104294705
Random_4268,0.17732287448878373,0.2841193771030268,0.04893885812439975,0.014971953405663797
Random_4269,0.22106754992238642,1.1158400245310316,0.03941740014022119,0.01111801351301937
Random_4270,0.23424128748806997,1.363153026435129,0.0014155101730154878,0.023318277694935673
Random_4271,0.09684711000177448,1.8208482741864336,0.004137097582995953,0.033060487248945246
Random_4272,0.2543783351989413,0.20928114241175627,0.003221565447690263,0.013838876259868606
Random_4273,0.1008111184379666,0.1552262786461883,0.021526353898116798,0.028513675237757476
Random_4274,0.2558029197422765,0.18247057840146763,0.04894523883756676,0.03207413322524529
Random_4275,0.11602276916968254,1.8253399805877055,0.013166468984604326,0.004169087280322574
Random_4276,0.18464616217306726,0.15675477649230257,0.01426461190762297,0.035407371596914275
Random_4277,0.27942342658570224,0.6209417637301954,0.03342481276074581,0.0318020172977353
Random_4278,0.025724764281364464,0.8861059532691219,0.031004592187542746,0.015268324715309534
Random_4279,0.2703501184713907,0.5898727374151616,0.04156842335962803,0.009611973927572338
Random_4280,0.12340892197347361,0.2274617134423151,0.005515020567496265,0.03191500431183062
Random_4281,0.216860042092263,0.16366555967906926,0.03366063431047673,0.03746931233234336
Random_4282,0.19559730263528577,0.1902983748893466,0.024523653131454107,0.03766430529408897
Random_4283,0.08519704075333395,0.652111336651943,0.013217944932130438,0.010791530373754566
Random_4284,0.09280122542842804,1.038761636242879,0.0028198183940971156,0.013099910521039447
Random_4285,0.16302822171695902,1.4196939705556915,0.04325125319899926,0.007382783881714947
Random_4286,0.026058274206832446,0.4927919873019879,0.011571380720057388,0.03515064279808768
Random_4287,0.14533704695968394,1.1700829133094461,0.0030762097595672306,0.013779779220132383
Random_4288,0.24013407875850448,1.1313729534888537,0.024930117586559476,0.02934738854637309
Random_4289,0.1900784432508566,1.40328944572058,0.04495006229258531,0.028927467718349573
Random_4290,0.0673354352354848,1.4542241483837768,0.016413025840965798,0.03648876408173235
Random_4291,0.1640628219709309,0.691940124229706,0.006317222620901837,0.018236764340532594
Random_4292,0.04903494822506301,1.3216550962819236,0.04814011328347655,0.028620953732620205
Random_4293,0.11237098985565062,1.4893757576864315,0.010091490603836812,0.03252287541471449
Random_4294,0.12231975109609275,0.6869113810868201,0.001020000167329117,0.0315440422116537
Random_4295,0.023385487676716193,1.6879140799090064,0.04465370228573483,0.015161391032554011
Random_4296,0.2527635679713693,1.584011966661963,0.011507229678593769,0.011851139716824822
Random_4297,0.15639590731522018,0.9970253686510646,0.04341817224351059,0.013888469565629714
Random_4298,0.19533337208324333,1.3509736183714727,0.006615303603525768,0.022319218760474668
Random_4299,0.28668587444702487,0.7354258991075328,0.013887535933266859,0.016824843422585247
Random_4300,0.2681490860394724,0.7664628216546276,0.04800490311009895,0.018494268784371007
Random_4301,0.1260319669782633,1.2893530209434911,0.024602542049283704,0.002335623634137224
Random_4302,0.120661996341317,0.7749071830513725,0.04840173770572386,0.01897152609413064
Random_4303,0.10382322428597442,0.7804145042429973,0.0032603283711187046,0.023223136131141842
Random_4304,0.10604898930852978,1.110320931916902,0.02440953051329978,0.02096848937353708
Random_4305,0.11123851187777462,0.5848676504510626,0.02169535439823892,0.038336204343489874
Random_4306,0.007548887426346913,1.1344953531275106,0.0209907062995489,0.013492442722412432
Random_4307,0.12978694407556887,0.5484828978418671,0.011638844586557402,0.015261298494115224
Random_4308,0.11815975952183087,1.5669831042009528,0.03030125004825929,0.0046002601017004425
Random_4309,0.21282735613343295,1.2592550177096555,0.028182632799308948,0.008832387404979627
Random_4310,0.01118384411645841,1.088478128155725,0.049316887573395946,0.02166046921480733
Random_4311,0.13861174157914882,0.3642262470590839,0.012560369865554723,0.004432462845478924
Random_4312,0.2288520318828594,1.8647553793150762,0.03511030746615245,0.01699614773203888
Random_4313,0.08407145153140623,0.13234786513161378,0.048774409868950847,0.01547571160178134
Random_4314,0.020426099218601335,0.9244199530217128,0.009451327283163866,0.03481670225519796
Random_4315,0.2436323400978995,0.9470446229220062,0.0014229548390435939,0.039483468115948606
Random_4316,0.023772021361709757,1.7366600114520705,0.042256040124480275,0.025401562713407492
Random_4317,0.15485481567803436,1.1756626830242105,0.015978677239491007,0.03754409071088336
Random_4318,0.09669023843561132,0.5939397772403975,0.008187803948194017,0.03417457113915541
Random_4319,0.1683650098839234,1.1979518323976295,0.029575876237842882,0.005937041562082989
Random_4320,0.05093246145470062,0.8101586924327681,0.00993221976116478,0.03894590793323537
Random_4321,0.17466615621112871,1.4208138024451489,0.0368684570984698,0.03248311433437398
Random_4322,0.0918414038163596,1.4964665260801508,0.023642087295144183,0.019042081631861003
Random_4323,0.26970588161164905,0.3711633880695915,0.017559190860368293,0.02408740124760938
Random_4324,0.20920860899153748,1.8806957488429659,0.03166517271379909,0.007879906604394988
Random_4325,0.06847808205617588,1.9823898628747598,0.006192989117334981,0.022987904345168196
Random_4326,0.08844103271951462,1.2921390400255652,0.03045591964014416,0.036225361168464074
Random_4327,0.062437854668351306,1.3286570060467484,0.023735710437124507,0.036606044078475695
Random_4328,0.2842264752873073,1.2157219400702233,0.020779633417583935,0.02684432517542004
Random_4329,0.25494850056258933,0.8742631705404185,0.04002839019265364,0.03794875750451341
Random_4330,0.22889477512923773,0.31716198762776804,0.014972997087199204,0.01991660769012863
Random_4331,0.056904492030019745,1.6118736037560935,0.02033255203927827,0.029322144537187397
Random_4332,0.07273040130627187,1.382501334908742,0.04986324708598777,0.009841001394520155
Random_4333,0.03473735760253526,1.9226931063064743,0.01691179661075621,0.009874760955823042
Random_4334,0.0919428423935624,1.857285601932778,0.03750302149066253,0.014123164923282725
Random_4335,0.02472188805620579,0.20740929314579148,0.004980484223963427,0.008478768270570942
Random_4336,0.18671884841998557,0.7360137984873476,0.012058246022599906,0.028736983642431362
Random_4337,0.11804679559518717,0.9142971038919356,0.014706958260877624,0.03382409760075628
Random_4338,0.14827630520205515,0.15440858719449183,0.028783361549427292,0.026352277564462782
Random_4339,0.29009086611673834,1.7815063205488433,0.04696253752829686,0.006804396680866271
Random_4340,0.10873529511231127,0.5516483659669256,0.033842474394179,0.00952199390508168
Random_4341,0.2443915016169932,1.8265655672290038,0.003128372075970285,0.02942353873118727
Random_4342,0.21212710431787526,0.5956667345979715,0.04525260849752477,0.006322879298141197
Random_4343,0.25029016991133585,0.1747732508088053,0.01728952828416775,0.032554793811479
Random_4344,0.2687692926777572,0.2497471864205805,0.019017129147608055,0.01685398297503558
Random_4345,0.061175081606676604,0.30612970944121254,0.003532353870339996,0.017503836243987166
Random_4346,0.16276567917582235,0.7099848331435361,0.019221664883183016,0.035102170075908865
Random_4347,0.29372350598509894,1.826538387160233,0.04150847269055322,0.015334347122429818
Random_4348,0.05127205584274358,0.910242177192341,0.02987269739436102,0.01245182612500884
Random_4349,0.01217171005002292,0.6695769193435505,0.0189858441938626,0.037561110294337945
Random_4350,0.07733101114017714,1.430372595159776,0.04074494706998138,0.03205039320302551
Random_4351,0.28950133946105355,0.37617136430892817,0.025476593276391464,0.009048740486362686
Random_4352,0.2331818830575294,1.432228952114182,0.006298346489173954,0.007110602334666191
Random_4353,0.08986410052149098,0.9450981735568507,0.044489437949376584,0.014794489883856156
Random_4354,0.11888231809671052,0.8654372495080574,0.0330489942390945,0.02944320216932843
Random_4355,0.09269071665613109,1.2994975521026368,0.0499315604450007,0.020559167782872128
Random_4356,0.10973427933011125,1.295825671313192,0.00446108443406105,0.0346508824675166
Random_4357,0.054026202376073584,0.1440085845770976,0.029491688962151815,0.03666108347890967
Random_4358,0.005656005503194977,1.234731976908594,0.03272894029224282,0.00594136831534725
Random_4359,0.07033177402662834,1.8632689384064323,0.008156940028285414,0.029056736249262565
Random_4360,0.12311600548128282,1.84176083666142,0.03828486210699372,0.016564113409034947
Random_4361,0.27228905332837877,0.49694975824981225,0.031023819046724875,0.03888945754952225
Random_4362,0.09260793241301297,1.2822200124371659,0.028798355166875886,0.018943317977507274
Random_4363,0.19734288029964328,1.6445776414547428,0.03928694495453712,0.032241498735778557
Random_4364,0.09577981056733492,0.19740469476166378,0.04272038534527641,0.025248373129282763
Random_4365,0.16548208830222177,1.1225006633002106,0.04083765012496803,0.007970711551331323
Random_4366,0.1357740804624914,1.1074892252539967,0.032460407066345814,0.011202411614948029
Random_4367,0.05845265240802833,0.5481761724541131,0.022305681965887524,0.02501379720945716
Random_4368,0.041523153471709005,0.6112461869540113,0.00891940850915084,0.021756324462313407
Random_4369,0.10113157226675168,1.3367225732016728,0.0033970776166569972,0.004181554670302431
Random_4370,0.12883626967349096,0.8343156428315553,0.032135196629596526,0.023610421578150836
Random_4371,0.19397539863388272,0.7967966600063883,0.021926321765450132,0.03722972339424245
Random_4372,0.10865236921873035,0.38014671150269874,0.02104807764219767,0.03917919099238704
Random_4373,0.09205430634401343,0.14025893107985682,0.012479760940023479,0.023762033184600278
Random_4374,0.1304685884197672,0.7979082818436649,0.04376566547468917,0.017518286898727076
Random_4375,0.13723744102899998,0.22017799674190014,0.04778429434566459,0.02336504572916642
Random_4376,0.15153242626206667,0.44098382272818437,0.031835843151626395,0.0010006274054688558
Random_4377,0.20484030520829907,0.225781344057827,0.048602869873583636,0.020372862943867528
Random_4378,0.22395163292141185,1.0147795665828874,0.0015507565508793963,0.015996245768079398
Random_4379,0.11008896919613788,0.36769511814221767,0.038106198881505016,0.020559703067719395
Random_4380,0.22179122871382034,0.4031189756802045,0.03404195843654893,0.035277518676921325
Random_4381,0.020279689165045335,0.36031959610355124,0.043640593349450224,0.026446075899905747
Random_4382,0.06507658909484036,1.6518609285549442,0.006409453474904853,0.026813121214529567
Random_4383,0.28806537924212633,0.1984985831207191,0.038131773454499064,0.021212081369615977
Random_4384,0.06850090036432359,1.5121413938067614,0.015133513218450492,0.022763447172032023
Random_4385,0.008679898865316192,1.95321191701822,0.01695577471854454,0.03209164981478102
Random_4386,0.22103443837641676,0.8101242357772895,0.04708541350143819,0.03831124998326282
Random_4387,0.05918142174214805,1.260645799145814,0.043962225053165896,0.025312835553756626
Random_4388,0.10918648459003391,1.582951609777848,0.034015391847558384,0.027915812344192284
Random_4389,0.12655944537449343,1.4536649721521326,0.04323839838818441,0.03226929463346818
Random_4390,0.2544822084421304,1.7368601936971797,0.0273072011465499,0.005928518966501936
Random_4391,0.2037459227168576,1.2959627808692837,0.03940651806673515,0.037142041896862606
Random_4392,0.05184159655072799,1.8260639924479578,0.027865739608808844,0.03846446048865688
Random_4393,0.04212398964007712,0.2940971502697203,0.04636303867915783,0.021406524885236047
Random_4394,0.19163453634321184,1.6792823747293493,0.04693019273564781,0.01630076985329672
Random_4395,0.27137705150282104,1.988330519371232,0.02221697626768858,0.01736086428522946
Random_4396,0.19150971232172084,1.428720681943768,0.034391566419611455,0.02462380416524481
Random_4397,0.2535067651888305,1.2046780406145474,0.005659956456301697,0.03197521640320045
Random_4398,0.009993050028871943,0.8593508509965776,0.045771757774740185,0.03292425345926659
Random_4399,0.15849029536392334,1.958613804732173,0.04997815212804403,0.01679778356874257
Random_4400,0.2900972532660428,0.8596433136787393,0.04082726390477894,0.023927489895840974
Random_4401,0.018045536426221084,1.2340138908690714,0.03855691970332377,0.02306859843353717
Random_4402,0.24214434685484215,0.6660667346233068,0.006470652826718389,0.03852273648068524
Random_4403,0.22250369128642639,1.564300407469214,0.012399760041068103,0.038588166952534114
Random_4404,0.04639690649406903,1.7749064681696134,0.03691312321053634,0.0369791823015645
Random_4405,0.270747518754951,0.7040382693012399,0.04624288031985423,0.019714544976128925
Random_4406,0.21138106384380437,0.28151637753936937,0.04892787104408476,0.016016169572177764
Random_4407,0.16446569595397625,0.39851258558270164,0.01859962574986563,0.027986086230434633
Random_4408,0.23147245521747592,0.9302048084113668,0.02057888622097962,0.035929132316884646
Random_4409,0.14051083905417966,0.29461661386873716,0.03169328486079088,0.015070595721065987
Random_4410,0.08169385159820201,1.1902641425062168,0.019749092219936794,0.001772923880498811
Random_4411,0.15372603706165583,0.9213398092147357,0.026840949443605825,0.034912772880594294
Random_4412,0.19485337783715304,0.44730474532935127,0.031920506344170645,0.026270476514542812
Random_4413,0.23441153282471933,0.6167426357016152,0.0060708657792486395,0.00975186169776467
Random_4414,0.25744127558561936,1.8020185781289662,0.022729374204106707,0.037938484525431845
Random_4415,0.01550125371328346,0.9405130222646316,0.020520558060257488,0.025648682085250347
Random_4416,0.2992316681493434,1.2278201238506823,0.045367768469976366,0.023241163062000532
Random_4417,0.09863522605555135,0.1233292055407994,0.047296212664336215,0.01876447335913606
Random_4418,0.12746761372735052,1.004815587206615,0.02418450271897346,0.008403256381401901
Random_4419,0.14995191352876414,0.8930364379340278,0.006662292795565372,0.031046995517232764
Random_4420,0.28710196790812753,1.4366578960525695,0.008971460125248583,0.03665332780024283
Random_4421,0.060746250243402355,0.7281600205673066,0.02977621817409746,0.02462557617543625
Random_4422,0.17588766619116636,1.658233793761416,0.01368636492348746,0.016689703294095776
Random_4423,0.19335661512305707,1.6688129722600586,0.026424680926441187,0.031486291785586144
Random_4424,0.07878060409795994,1.2052765442003899,0.021350523471465092,0.009145644396234567
Random_4425,0.09526858734153114,0.12602548129003735,0.007171105542989159,0.03313849450449292
Random_4426,0.29709020053796004,1.9052258573033447,0.01405312115089856,0.013458824381529642
Random_4427,0.15695648122144565,1.029750574915737,0.0026863172266816714,0.032722954163141714
Random_4428,0.19155305436768383,1.2716899633372298,0.013758770591370689,0.021973397329661276
Random_4429,0.12183935830035678,0.31479647583445103,0.003409982366665365,0.005173583717907969
Random_4430,0.019604751819424348,1.0753132019818388,0.0031116048655146582,0.0062524821967098725
Random_4431,0.23553646541509424,0.3913769332662449,0.006278090537391945,0.013858548878398508
Random_4432,0.03902623988758872,1.1649008090559432,0.03602474984076235,0.022054061130575387
Random_4433,0.15291791414113085,1.4927908820513331,0.022577944565609447,0.024706074524451952
Random_4434,0.1448363544387799,1.0127516944434591,0.03322691803574949,0.005295809232585176
Random_4435,0.22249644305311772,1.2004715998967714,0.015338064922047215,0.021941583609496055
Random_4436,0.10620213923962976,1.5213896212310862,0.044410494354331594,0.038900098153067414
Random_4437,0.1750023709291173,0.5143110332531469,0.04598070724067848,0.032754186070758
Random_4438,0.2741838979899782,1.8184368800200217,0.0030761630850241178,0.02329460167518633
Random_4439,0.17228061060389951,1.662571879214257,0.03724144860966501,0.03870577329684316
Random_4440,0.27270918212061473,1.2089210288047052,0.02578693905156321,0.03931784935610963
Random_4441,0.1070647432333123,1.8269074326702326,0.029857153114966877,0.007864181952422566
Random_4442,0.11427321959981782,0.38166277894924994,0.01988566534976466,0.0029199184373425568
Random_4443,0.2884832380991316,0.15277638099794613,0.02984078641960508,0.03401611289129867
Random_4444,0.11896236869314612,1.9831669288496545,0.029577078785163906,0.010865553280773124
Random_4445,0.16471830280660416,0.5851237079478243,0.015756679517460934,0.022297392512585137
Random_4446,0.12016872643255853,0.7226394470344369,0.0010908649456277306,0.008455095701007663
Random_4447,0.1640019431610524,1.017951678610104,0.012950438531583775,0.0029781592682629043
Random_4448,0.28480572065270593,0.3020766779256966,0.03978211297202379,0.032071849827611236
Random_4449,0.09864546489706748,1.139926799136101,0.021747081429926027,0.010588950899966185
Random_4450,0.1344680743262133,1.9488234198924546,0.014486788245436852,0.03774633554047842
Random_4451,0.02576385255086494,1.9290666813808033,0.0273868589823909,0.009613801487580263
Random_4452,0.05905464824534386,0.9741694004446508,0.005759027748419114,0.03417368091319912
Random_4453,0.09733646626028153,0.36766901728744084,0.027686036562375817,0.0019020446318100933
Random_4454,0.018014364648656946,0.7155392865204242,0.04123413563534324,0.006131819931898666
Random_4455,0.06931310643150919,0.7053355495968658,0.043385059964153594,0.002375961667127317
Random_4456,0.08367508089745483,1.25065179910628,0.02106214544510079,0.03455481181628385
Random_4457,0.16580637225742506,0.2105092582768425,0.0030426960432241206,0.02637489036381714
Random_4458,0.05338196706975495,0.9147079813038763,0.030450282686794408,0.03879263198940896
Random_4459,0.2622426517052064,0.5726680024329762,0.032688684367472166,0.035387165727480956
Random_4460,0.22618120989162918,1.9549051910407136,0.029480705746283975,0.038372355139771656
Random_4461,0.21287314164361848,1.066954618753316,0.03876418824372458,0.03632026706966762
Random_4462,0.15402750060847292,0.26809074823432044,0.0341086695027331,0.031075695618817734
Random_4463,0.11597307329170403,1.4783043169420231,0.0033783800185124705,0.038198003968199876
Random_4464,0.2907258166698157,0.5706388187718566,0.027231090064225923,0.024796308514521102
Random_4465,0.2555138235042402,0.6729714592016682,0.03638056561214395,0.010658740099363788
Random_4466,0.1979830066148409,1.646397183376904,0.0015680769300630512,0.0024427624759840415
Random_4467,0.18547613121954754,0.7373329420640746,0.022262683122982654,0.01841414166812548
Random_4468,0.12335024069764593,0.33304532344256577,0.0015721651283156601,0.020263749540419634
Random_4469,0.25964882875777917,1.1027292974801426,0.010526333980933542,0.0345422441677128
Random_4470,0.23120049001877715,1.0913103260083636,0.04762583645850574,0.018965322240305692
Random_4471,0.25308555173869685,1.0895022653343356,0.026171513608141544,0.028880339622330567
Random_4472,0.2088348341604002,0.4255325389247566,0.04740777735449506,0.005232000539411209
Random_4473,0.1791574176717905,1.4128622531825819,0.02552824516895004,0.007353048253391951
Random_4474,0.08187235728110907,0.7257287269260089,0.023370510316367728,0.015257428952295562
Random_4475,0.018604637422206388,0.8568279617904994,0.007135004394285118,0.015458539433152663
Random_4476,0.2048602555286734,1.3326171685094106,0.014254479386624296,0.00475859293895657
Random_4477,0.017179105690016534,1.7512651663136969,0.006774202625313213,0.01670668453660769
Random_4478,0.19740642430306204,0.19326679664049584,0.024339786224159853,0.0017629442989415436
Random_4479,0.19889548529705775,1.8332138678862757,0.04792798651087748,0.0029252561572540815
Random_4480,0.2703140894798339,1.23862633325982,0.038412198337293764,0.033666984743610545
Random_4481,0.08895767426278467,1.657919968078088,0.015539431822968058,0.013091638672866626
Random_4482,0.043284477503603896,0.6190921449382784,0.030493480209880384,0.033358370007591176
Random_4483,0.04920631930208983,1.8178498054384247,0.011306590314545582,0.018284303035758277
Random_4484,0.035156826372403464,1.1591323519695336,0.02541369316960066,0.02698016894369565
Random_4485,0.10581677586200249,1.31503391365953,0.04966006552030269,0.008177604441380293
Random_4486,0.2108078698745412,1.0523399880877844,0.040261008951166626,0.002521505827905072
Random_4487,0.29574101716167245,0.31756159809049045,0.04821151709112797,0.015830499758092444
Random_4488,0.15024157333969942,1.2651858943144068,0.026486978227892474,0.017049389890264464
Random_4489,0.2826671086770992,0.9035594263286219,0.014959006957794983,0.03748208728633989
Random_4490,0.2817930576078953,1.452014317288057,0.016598493024981432,0.019636464419845647
Random_4491,0.18137580943398318,0.15849333183180986,0.019898408995990415,0.01060724061779576
Random_4492,0.1371002860758829,0.18523580200519862,0.036811244810653544,0.03483826709011708
Random_4493,0.13029133562610282,1.763155683044647,0.01878482791639369,0.03781797027390122
Random_4494,0.05377528881913983,1.0270641370620663,0.03493519660255184,0.030767970723915784
Random_4495,0.18790482152849972,1.8327050463651176,0.026364835881011333,0.009852601010341529
Random_4496,0.0830886561519398,0.8301885772822525,0.013790507652588702,0.025800117087534682
Random_4497,0.16504809265830034,1.274062983497223,0.02131564171276248,0.006311202210482122
Random_4498,0.27352179637202517,1.651332763403031,0.020967325600730106,0.009229176162878862
Random_4499,0.23258746280831372,1.0123389143809973,0.027706786884868655,0.024468963242601966
Random_4500,0.07853776937402292,1.8041141073212774,0.009144429604088788,0.02206413571094726
Random_4501,0.27075679773322975,1.9249015612633436,0.018226295944794437,0.018388547250408834
Random_4502,0.1109976329915795,0.8441559037777704,0.040094029279557575,0.01837778842919024
Random_4503,0.0643733366255933,1.7994035001627242,0.015104102941649773,0.019651730609838155
Random_4504,0.03323648501513124,1.9704376090181268,0.04585853011775458,0.0201537929357188
Random_4505,0.04274145455215816,1.7380546502478698,0.03372706443391136,0.00721824626926866
Random_4506,0.12615997310095628,0.46832323432334266,0.04202808197379117,0.03192878980490984
Random_4507,0.016088595128567914,1.5566551153474129,0.04142291785826464,0.014368242938078413
Random_4508,0.035196755607130974,1.2086516356458505,0.03302301042029167,0.013244202816963403
Random_4509,0.18080171439618684,1.857561045796648,0.0021299669971039936,0.0012215657376953972
Random_4510,0.048763172483711884,0.2230860584334047,0.0097467013168601,0.024047620801011006
Random_4511,0.02010573855563363,0.3210014965785331,0.024348502025537285,0.026897108295281472
Random_4512,0.006033355180526089,0.10547833581173098,0.02785251704198434,0.007929365595233655
Random_4513,0.18549639343687033,0.3687806849752715,0.04898633315411291,0.01654455891898018
Random_4514,0.06590951535255925,0.15522296326931695,0.018754278269096005,0.015857167205311627
Random_4515,0.18808646235584114,1.2384698711768307,0.00578746560764821,0.011701230992809404
Random_4516,0.06430174070761784,0.4790117123232436,0.00884620478729228,0.010899635765919805
Random_4517,0.1909803171824883,1.391378403536472,0.046400279572022717,0.02954086352556137
Random_4518,0.1588110907697622,0.6592809549344918,0.011224062643787464,0.0382384868549284
Random_4519,0.12482561696636497,1.1082388408650214,0.024147653411911572,0.0016855781419956562
Random_4520,0.03957772417413481,0.48830993101317177,0.024832487388637595,0.03842718266722968
Random_4521,0.15398068091173642,1.8422479396086666,0.00548169079413771,0.004179373766854975
Random_4522,0.026181098026201704,0.6647813256629278,0.046715914058270566,0.010190474983796573
Random_4523,0.0834679290690219,0.8073991473353566,0.013440233811684858,0.031885944218481725
Random_4524,0.06144203069764582,1.8762601998911466,0.024341125370414905,0.006928969469136711
Random_4525,0.21861317474767336,0.5467903193580365,0.03243790630135922,0.025409469669706607
Random_4526,0.02656303535111864,1.912067741356738,0.027591886988921236,0.008148067877331806
Random_4527,0.29050505983695024,1.6009604695570099,0.03846430217677179,0.02127878707652477
Random_4528,0.11083218386776106,1.1824476937802129,0.020358767152742478,0.03346574826034437
Random_4529,0.02752887106761262,1.5203412149161948,0.010534014114965885,0.034841175693981284
Random_4530,0.01756152700620198,0.9702411378654453,0.03299543827809742,0.008113498093708503
Random_4531,0.03244991633076095,0.9906619821446003,0.030077836553864232,0.02944200721427793
Random_4532,0.2404242258729546,0.6054454650619325,0.048642887731593816,0.03519916815733088
Random_4533,0.1881128765540986,1.0210323169081044,0.008169139431945482,0.037617375490596565
Random_4534,0.27840349267818615,0.7270443137731065,0.028593650180521502,0.030701622204832486
Random_4535,0.1572158363998698,1.9277162574058144,0.02621120865223186,0.038589666115328075
Random_4536,0.2650907738504233,0.2557375121951503,0.018347567109548265,0.03867245672991928
Random_4537,0.2811525186606119,1.4498076344288628,0.042796124801941414,0.021010556322743283
Random_4538,0.2442799260262536,1.753669001566306,0.039123105484562916,0.036715442519235135
Random_4539,0.05598659532768887,0.9537193736107414,0.03330166134464507,0.007082896739414392
Random_4540,0.18253759427347432,1.0186427968695653,0.021321349479573752,0.0012888359469808489
Random_4541,0.16339788896105029,0.5637723288229101,0.03574884342076738,0.03834202581276064
Random_4542,0.06768507734936688,0.23043974028770092,0.04834176630736186,0.008504698895179992
Random_4543,0.10536619934714765,1.9131229803482368,0.03298614132729292,0.03745665550788119
Random_4544,0.25419205040421006,0.7626492631340726,0.043489019474976284,0.024784316253848436
Random_4545,0.20826982430270302,0.21475581401307708,0.017576990318980072,0.02800096414023437
Random_4546,0.21968617108634464,1.149187750931291,0.021657091097104654,0.011965204122579662
Random_4547,0.2332769470590242,0.35664181656372795,0.011509716102877394,0.014601757983876442
Random_4548,0.04523943133766051,0.8427809702341873,0.01665032308638824,0.00388487977891902
Random_4549,0.2337504218456898,0.4908754230736495,0.04034114592552806,0.006970910958272948
Random_4550,0.2705803570216534,1.3111022523723879,0.012062543893213224,0.039628996851455635
Random_4551,0.027661006741512152,1.691803317577703,0.023304111451395874,0.011624722380721427
Random_4552,0.13470084328879833,0.9162252464500028,0.02226184824724387,0.014491346160027663
Random_4553,0.2895555793962217,1.6068378242185641,0.039632491559525536,0.028833733017521433
Random_4554,0.1583967250915569,0.8528181326982541,0.01029640319812214,0.021901273314047193
Random_4555,0.22041952977037338,0.35338492303162783,0.03845398689534698,0.033927693073488925
Random_4556,0.11309610383375794,0.8863367087387475,0.007004041190992898,0.014891228971756987
Random_4557,0.03430032918857337,1.9340773045047968,0.031892523465532445,0.014819941514809875
Random_4558,0.06854279758216826,1.5182379927455039,0.0422736864490731,0.009938100399943188
Random_4559,0.009730706065440345,1.9484378608237085,0.02157107624632008,0.036302779213853664
Random_4560,0.17335717821172905,1.0115279721292103,0.02602071687442554,0.025845551868369454
Random_4561,0.12870791576823964,0.7657684411982886,0.049798575109812164,0.03407641950295629
Random_4562,0.182401712240312,1.7715422198629138,0.014891408957931115,0.019308382396898523
Random_4563,0.15937266690206411,0.22923086763178455,0.0010745080918700245,0.031124741523098003
Random_4564,0.005990590289160593,0.9958693871435906,0.027753596753283722,0.03126236339223105
Random_4565,0.11421388934646191,0.6820232103115225,0.022582536527679255,0.006562919877962142
Random_4566,0.10057696018691971,1.7632520622602217,0.045224740987459544,0.036837011875865834
Random_4567,0.015944332277485908,1.5215493824370299,0.023802276211163983,0.005764669205975367
Random_4568,0.19865676999746704,1.5188580421654951,0.02993337995365576,0.017372619306067635
Random_4569,0.2600302477199653,1.9004599725869469,0.034383806985577935,0.0021104112709993644
Random_4570,0.25432220329749194,0.2761467460186936,0.023070579733186408,0.03552353415510808
Random_4571,0.10470806163745107,0.32660507534074523,0.03610817644445398,0.026241509704117212
Random_4572,0.28412131043324446,1.0718298172535559,0.04736311165957212,0.005761400377662619
Random_4573,0.28296220404489436,1.2154777522260665,0.008048926931735055,0.01302408559771542
Random_4574,0.12780451445433208,1.7475557675509843,0.024805973549753783,0.03918479729152623
Random_4575,0.20950697671004354,1.3006751448851235,0.029958072122086635,0.00709231649841084
Random_4576,0.10779527687325213,1.4495107362195654,0.04676341687746187,0.02136647417365685
Random_4577,0.1970473384740917,0.3854468476369338,0.028681676367427567,0.033589482628211265
Random_4578,0.17131881398691612,0.14262514319459818,0.0073181779760938225,0.016164944750454963
Random_4579,0.23046017988025375,0.8921533307543669,0.026427487491674048,0.03664092558849395
Random_4580,0.25055085629464585,0.7149049928294915,0.017300563239344823,0.006527520039559474
Random_4581,0.2200335575328225,1.464575029007926,0.019023602947185813,0.0058407931571340796
Random_4582,0.17666077099071897,0.7378470869021175,0.0052553690564696425,0.03695524910900035
Random_4583,0.25955716800396733,1.906965417760236,0.04532524292798715,0.014293140666855279
Random_4584,0.16797742546409858,0.7764076090283719,0.03172309838685607,0.018028817832916762
Random_4585,0.060368739177216545,1.4001253481700684,0.02537128224480808,0.030575981169276945
Random_4586,0.23514366419817903,1.25369343611369,0.006334675512953622,0.017571164271678104
Random_4587,0.061170197601095114,0.8202163217997095,0.018966446793511626,0.013870383523825944
Random_4588,0.06433806958434432,1.1039496823130608,0.04974230626272578,0.03008210391372217
Random_4589,0.1568043064003851,0.9720659121239346,0.03927890960804261,0.03186694614789541
Random_4590,0.03677796036708892,0.39958892018774805,0.02521629686907317,0.006264639511427703
Random_4591,0.00692970426183426,1.0410774121726845,0.014000561310231672,0.005092394753558529
Random_4592,0.07135316615266601,0.35329105405916905,0.0328317172241093,0.030586546993523606
Random_4593,0.08354464599754899,0.8035132120560573,0.03231715629363994,0.005912750899263517
Random_4594,0.09847729779347437,1.3476541032890885,0.010362772543928596,0.012291174850950003
Random_4595,0.10239563955094445,1.9911449766077873,0.046229952789302205,0.025542011892867554
Random_4596,0.08111789815469873,1.513113738450685,0.03841822240938274,0.015109757486803113
Random_4597,0.1733138160887036,0.8468989470018295,0.01258456582375233,0.01178353277265426
Random_4598,0.18127791400266985,0.8116960075174433,0.010641697771327258,0.03261638165820757
Random_4599,0.16498272681706871,1.1492415050302045,0.04198314890145659,0.03737160574906291
Random_4600,0.18835573643184983,0.5546994685921918,0.025530480943725137,0.0026288312425054106
Random_4601,0.16250872772472857,1.8949688711605839,0.013121616208808837,0.0030807230986603256
Random_4602,0.0625373877071629,0.7285933002564838,0.020156833909039704,0.025904084039349556
Random_4603,0.12470843608329396,0.5591073587814458,0.04325140336749929,0.0042208966254303395
Random_4604,0.24821797592709466,1.96115510390129,0.0060351940959375685,0.036587623538101965
Random_4605,0.09409040688701267,0.9256509771677561,0.0043515019877423435,0.020035513375385828
Random_4606,0.25366181677238103,0.34918769244154124,0.01711800830505355,0.004625902176329318
Random_4607,0.04394530812942413,1.030565579873668,0.02058544779066922,0.013408774092862029
Random_4608,0.060875608213642685,0.10841685705502646,0.02550174013797983,0.025253483746321297
Random_4609,0.05545730666535786,0.5970176250187783,0.025632532173766435,0.004483329921570286
Random_4610,0.20016480111214235,0.8131132119266141,0.048373724183909096,0.03169968024489138
Random_4611,0.009846012882973855,1.85436356107208,0.017550027617206906,0.010210112709410642
Random_4612,0.039192563875449525,0.8185864373221144,0.010686709814279528,0.011865669727002322
Random_4613,0.17034454853495395,1.539615264473788,0.049645912294595064,0.034692427923828886
Random_4614,0.09209974802762917,0.21755347687393128,0.046917772539653506,0.03847438641193059
Random_4615,0.11522338172654448,1.381360483803105,0.03090826683879662,0.025837322864087377
Random_4616,0.039798189059063696,1.3257469526946437,0.04952822265231544,0.036030747978851606
Random_4617,0.1047280078805779,1.50101482054445,0.036404139789862365,0.026959620616517948
Random_4618,0.18496836905107403,1.2884959933118125,0.02754611514497247,0.020522389486962188
Random_4619,0.12301550695735669,1.0230572158805225,0.031099690507682378,0.036524229424386524
Random_4620,0.15732122457180167,0.9475927563577615,0.01053483035979911,0.030943190636053382
Random_4621,0.15785948874283415,1.358848347615385,0.017002320647345383,0.0035773824294989343
Random_4622,0.07517910862875486,1.2180994388762927,0.04465241253324249,0.0016772284015237123
Random_4623,0.21409810141260097,1.952139584384826,0.00793366600125834,0.008234805917849659
Random_4624,0.12442184728770826,0.2531183375892828,0.03558072214149047,0.03429760751626705
Random_4625,0.028092228593530333,0.2946155295744091,0.03560654694505702,0.03985832547117299
Random_4626,0.2356005674431336,1.627223256900409,0.03166492891038589,0.007520469896050707
Random_4627,0.1940593166679842,0.44438058149532966,0.0301740972325357,0.020347344484639242
Random_4628,0.20471835824912057,0.6678770128538186,0.03427743211315072,0.013153705184690185
Random_4629,0.07058494116436052,0.3967533427434933,0.020736355921835384,0.026442816541423383
Random_4630,0.10899448949079359,1.4535553452910877,0.01633198987077443,0.004080649413159407
Random_4631,0.11949308907578805,0.3308117986162825,0.03292833487621117,0.014714095959421018
Random_4632,0.14378786218692774,1.7354877876010544,0.03855981954507518,0.013380210038676676
Random_4633,0.0535693709109969,1.2707200364028284,0.0435720717937445,0.02433322410096338
Random_4634,0.01417361133838698,1.5757578155593004,0.02682509569818091,0.034865557348679264
Random_4635,0.19809038361875111,0.3891296405666044,0.04116194905970057,0.035672941787007084
Random_4636,0.2549558304462767,0.2375157512322458,0.041124374903643963,0.0022079012698982266
Random_4637,0.05255715192126451,0.126961223021465,0.04519245371332263,0.004536951690343675
Random_4638,0.17325027365263004,1.1448733843904157,0.0367735486137913,0.01113026392754582
Random_4639,0.03189065786258306,1.93217579148892,0.04591882374310674,0.004933926994083321
Random_4640,0.1252737696377528,1.9793738875080233,0.011097032084095852,0.022708133440079856
Random_4641,0.2598146641001944,1.997492017828583,0.005430831554415217,0.029699718235359614
Random_4642,0.028018486120013064,1.7687812877972968,0.0015046755978987308,0.006139607742682912
Random_4643,0.1984001824497005,0.5921230321388171,0.040103783218606553,0.012167862906620818
Random_4644,0.0241361550125741,1.5159609749915923,0.025882047063302147,0.005489344048736681
Random_4645,0.26327162227549883,0.9098663555017134,0.04284512715352851,0.009816434130521162
Random_4646,0.2733814102650163,0.4429950357761291,0.0018333328926421538,0.02122989908923413
Random_4647,0.07936665425765238,1.651175601574692,0.047602255157227956,0.021834711453515194
Random_4648,0.18414283099087028,1.9223316274488702,0.0031472535936844675,0.013374300796597738
Random_4649,0.04089923532691075,1.5480630370429203,0.014890854504910365,0.02611463246934864
Random_4650,0.29044809180197356,0.4693367145805287,0.01035779291841386,0.012473968657868678
Random_4651,0.2541099897254198,1.2952242392830742,0.032548713704307834,0.002243437127301181
Random_4652,0.1659834003074741,1.1611546330798572,0.030822111965828736,0.01749768306000845
Random_4653,0.018024721841813134,0.32347579598323895,0.036641411932450636,0.0034566919788565323
Random_4654,0.13118219240410878,1.6881902220254783,0.037545104901307275,0.03966084141677888
Random_4655,0.10414967732652901,0.515689559690193,0.008687337577825052,0.024997896953035784
Random_4656,0.04790640240367402,1.9063460576434734,0.03191226823259914,0.017933353865257455
Random_4657,0.20481628307804478,1.6739513736417777,0.02926049407324901,0.01334622562846401
Random_4658,0.09775160030834933,0.15565069262782144,0.03392044721270938,0.0063559918970318
Random_4659,0.14846972866980954,0.8561353160096796,0.012202521372288416,0.013554621884297492
Random_4660,0.04772974255531414,0.9249195487044906,0.006150552202045509,0.03846753397527416
Random_4661,0.10625368437683458,1.5359421757106366,0.015093977651720325,0.028615535009991068
Random_4662,0.17729910191580056,0.4447267462731267,0.02445336710756946,0.028910483597756245
Random_4663,0.06626792328794873,0.37525528527780283,0.023060110080730046,0.0065788409836439726
Random_4664,0.1860372943114204,1.5065169656714978,0.022802834450410734,0.020557254835554893
Random_4665,0.14510212875766385,1.9830230906991133,0.016630928926370712,0.0041976118344868646
Random_4666,0.2732776931891269,0.5383807785255205,0.03553711733671989,0.029191556252913656
Random_4667,0.29049862752796174,0.7983406011464437,0.03415511906234968,0.025564609130667982
Random_4668,0.2830575051234193,1.305821918294702,0.015564487067146724,0.02374604405827954
Random_4669,0.19241501731772487,0.3872164753969314,0.04773186263050774,0.037213228149666336
Random_4670,0.07865033967530503,0.9329595578480336,0.010117652106896365,0.016931937555520384
Random_4671,0.07182923871440781,1.940067780885496,0.045812874475212234,0.03092418844353061
Random_4672,0.009253404161781022,0.4696309316637183,0.04369458753052172,0.019918471779989236
Random_4673,0.15430450825141415,1.2454335122798923,0.026796064611791542,0.03498713784224614
Random_4674,0.010375621965976682,0.4860033106762357,0.020446526572433333,0.03349876254212258
Random_4675,0.14745497238651223,1.8178462701487468,0.01910292630569085,0.025592396350910852
Random_4676,0.21012760861283158,1.4752310572071905,0.02445863405409748,0.039796376045513435
Random_4677,0.18559110284082514,1.2046984707854205,0.03532342210635649,0.03270844402037119
Random_4678,0.07043882489939304,1.3124162655881468,0.015814946577961356,0.038218058011948566
Random_4679,0.12922643017863888,0.9234304488948185,0.03762852954306513,0.005147207064573883
Random_4680,0.24916039097638676,1.7449465632153642,0.00415685870149979,0.02310580647925454
Random_4681,0.17336667260433786,0.10602178800615453,0.0018115253124839372,0.019444224567676083
Random_4682,0.05766111307633565,1.5929870258558776,0.016560033794900078,0.017043779453419512
Random_4683,0.27485149862502906,0.5052025293408154,0.005657761913200442,0.03174891853463617
Random_4684,0.01754796366781693,1.0433981612178995,0.026772338552308192,0.0353850972128561
Random_4685,0.23578024482615903,1.4431111456578636,0.02863599722921609,0.03860667953916336
Random_4686,0.1129338871063965,0.8346218234401573,0.0023839819091152395,0.005316489994989913
Random_4687,0.04950605462782301,1.113365037491945,0.014226255665802361,0.01156645725054413
Random_4688,0.20362407267567717,0.7720400518600705,0.01567813464776931,0.027855209583565167
Random_4689,0.21987119929294563,0.3883637391657464,0.009533863192512503,0.009899011132284117
Random_4690,0.16476240850592933,1.8241067365885917,0.042290860537033056,0.01988881017758503
Random_4691,0.0528394592049215,0.5950384389264569,0.009023859854088594,0.01746774428042354
Random_4692,0.011051049928679882,1.7403588095419125,0.04984099628468756,0.028664196454574378
Random_4693,0.2370863004581702,0.31752687479551583,0.04341927555745434,0.014905460487700105
Random_4694,0.053688410258884524,0.9477474282371036,0.0067796920988735165,0.007014193667222836
Random_4695,0.2804048792205418,0.9021331281169248,0.0413349702586737,0.022699541580827647
Random_4696,0.014817286082243024,0.1037540272854699,0.025214125643034987,0.0265053499989005
Random_4697,0.10926960896326288,1.3578233680290719,0.0036795172995003917,0.004434041798165417
Random_4698,0.12902912900631375,1.2767795083757183,0.03450030196256164,0.004176228818721539
Random_4699,0.22004244198574532,1.7199099349446638,0.038418065853475056,0.02490252887652957
Random_4700,0.26427840435365907,0.5622572565535733,0.044191715283359564,0.011693354520154867
Random_4701,0.06124819088925158,0.5542674850508984,0.019530864103701986,0.03534145415352786
Random_4702,0.04345422299216289,0.5628250558200667,0.02444033079203787,0.029699063161167053
Random_4703,0.22420984081938883,0.8888197402833468,0.03979260990722562,0.013690147073341083
Random_4704,0.07067398008536592,1.8182759200190564,0.04496011381814187,0.013173458353988289
Random_4705,0.1497038361270836,0.9923219652995761,0.015988380511460846,0.0169875914597279
Random_4706,0.29473194112942463,1.9250176237895664,0.009463982402857708,0.0028683547251906463
Random_4707,0.05602237405645446,0.18499702260059014,0.019078459701221087,0.020308988007303002
Random_4708,0.1473803233472107,0.41626406454956644,0.003048636506444384,0.021296981825302156
Random_4709,0.08498113349377735,0.5251667207700628,0.03451807589121366,0.01329919699907798
Random_4710,0.2376346565611385,1.8146258005924396,0.011619317702529785,0.02507176130096227
Random_4711,0.050577502939966525,1.8522682585510808,0.03706653613840753,0.007027949157238842
Random_4712,0.13087599302068584,1.1573443226586397,0.027759267388558394,0.0036473706596370763
Random_4713,0.1275839491883166,1.4110332103722696,0.005484858158559218,0.014291463527718363
Random_4714,0.12827382958214725,1.311719546584472,0.03778147043237467,0.01051243739290901
Random_4715,0.17565547635240206,1.9175036094424822,0.019895645835699374,0.022229866313264287
Random_4716,0.1245900497955221,1.4336891424199245,0.007261581259567342,0.01134376107254528
Random_4717,0.20816229364138422,0.34473772100770883,0.02754875682083759,0.020355628634607235
Random_4718,0.10011664482508033,1.7198372117001375,0.037035106113872424,0.017207305630755957
Random_4719,0.01853402536593262,1.7276600358364629,0.04204875781898281,0.0035743824069641005
Random_4720,0.2849744438268126,1.857032519223723,0.025205555101778347,0.014203693045860305
Random_4721,0.0979849288801018,0.14363859279569835,0.03189419069014362,0.01947999156339827
Random_4722,0.01663594384557002,0.6205250385048293,0.010161776495234972,0.03934522538754658
Random_4723,0.06904578428354691,0.9262878619681206,0.02386435741634262,0.009113691422210187
Random_4724,0.10585026955304883,0.25279920636256653,0.02179954075668803,0.03869315771201861
Random_4725,0.2889394909853998,0.8972511387383468,0.040509885085002924,0.035028821330479645
Random_4726,0.08210882878799827,1.686497260133148,0.03733229935108797,0.0019739794459077776
Random_4727,0.1105915377615285,0.9585915595994038,0.048287028698382084,0.024473798219992647
Random_4728,0.2701422695189649,0.8991968127973091,0.04545399254269648,0.005280951280235663
Random_4729,0.2775119217965448,0.16395597894177122,0.04731770051983936,0.015102029173921182
Random_4730,0.04896003290122545,0.1662689041343735,0.044990987176183064,0.027748959053496117
Random_4731,0.23052758571162638,0.25026934518905875,0.004295269914727574,0.019794980490763624
Random_4732,0.010134438644397958,0.546257506615835,0.0378392492476618,0.023632038512470054
Random_4733,0.12124789740468965,0.2523171806374989,0.004268520646992372,0.024240130526353484
Random_4734,0.18808685053385468,0.8811916127453727,0.0024475567402476154,0.03083835570849094
Random_4735,0.20152412088054028,1.1363590459087591,0.049080394604362275,0.03828243103557423
Random_4736,0.07485741295244201,1.5108019032415347,0.011202936828729929,0.01970787963105694
Random_4737,0.2874857801191869,1.835537805841823,0.04370466037417583,0.038571248314795956
Random_4738,0.2709929538196798,0.6833326089829093,0.03068278353321143,0.023604153466451536
Random_4739,0.06523922841519705,1.3250076868765206,0.03364254617202903,0.016821810981037043
Random_4740,0.2613896136723589,1.0806199298353782,0.001062415194886606,0.003678926676168252
Random_4741,0.22520444118564084,0.4278301167804127,0.037343583736862786,0.03261127096463094
Random_4742,0.08477889510776998,1.4430437824634668,0.035187690430245784,0.024586928022893674
Random_4743,0.10562903097772217,0.9498265221554542,0.03126660182885226,0.022884713189736106
Random_4744,0.22707065664519316,0.6757112378359328,0.03453815978691182,0.014435826315607716
Random_4745,0.03302529229012241,0.8752793526103642,0.010058870889601706,0.014261919705912195
Random_4746,0.1849523564373809,0.38833091036682776,0.03612357977304623,0.01047716328126497
Random_4747,0.07955110798701984,0.25576004726774687,0.049823550320799485,0.0013604205585692223
Random_4748,0.14235777156058868,0.3534545262459402,0.012132378756316554,0.010790168943504378
Random_4749,0.030666673159037795,0.2219466832935562,0.03624742015357377,0.038652861872986916
Random_4750,0.1394549618469953,0.31651161232842306,0.026521257688416473,0.0014453751019085173
Random_4751,0.2266659480414329,1.9735646216498224,0.043454727473466064,0.014337203761357074
Random_4752,0.023125663463782028,0.777535210078317,0.00667768644580978,0.0041735337574243915
Random_4753,0.23214176523445043,0.7809346228595415,0.007604160187218501,0.03883184797920988
Random_4754,0.23906227296733917,1.1375248407636602,0.04686390797895538,0.03757627017919714
Random_4755,0.09713788120814,1.3214364697710645,0.0024555863755094448,0.032707811531175565
Random_4756,0.07860255027972197,1.4204299865282841,0.004148663536858221,0.028045215075918714
Random_4757,0.10930859506257415,1.1672267201360302,0.015279410295813214,0.021394446447867865
Random_4758,0.24464541968250786,0.29124121736443676,0.011112990034201336,0.009486539035794658
Random_4759,0.2876376398761963,0.8114292551496949,0.028464553112482006,0.011148370972684053
Random_4760,0.26893257244421476,1.5452130542730151,0.020849073529472503,0.033784994282130755
Random_4761,0.13186643764088726,0.5594011048105073,0.022355164003964905,0.028517678474165902
Random_4762,0.2608126545166025,1.604168390025012,0.03996675178797507,0.01011157139064538
Random_4763,0.2777117143558762,0.9261736671652171,0.006532970468801702,0.009641692567398014
Random_4764,0.007426631556806584,0.3302833627110104,0.04929139574980751,0.014147319600394719
Random_4765,0.11992036443532705,1.532755333981824,0.021530653618032122,0.03690396344811309
Random_4766,0.2406330657971968,1.6059106657946023,0.03984497836060067,0.018860808444823886
Random_4767,0.017881369715243844,1.4779235455239903,0.04383589934466233,0.006625820812103888
Random_4768,0.2038079998689998,1.2804946412030902,0.01170791720198108,0.01491267714603586
Random_4769,0.13063117782156222,1.8465926739662406,0.01659411567906628,0.010538072235405878
Random_4770,0.12026014040809645,1.2190514271809874,0.02376540327685836,0.011113579990460441
Random_4771,0.188255411283881,1.6212594051142089,0.02389432245478259,0.009103256681688262
Random_4772,0.018493308432460283,0.21213599907598804,0.010028198445362898,0.013591146778987359
Random_4773,0.21892859704440512,0.9713884163959051,0.02823632718052777,0.01765839595090074
Random_4774,0.2954871938645511,0.13125196843216372,0.018179643426665983,0.03160028658712191
Random_4775,0.09536702688359021,1.2871687803613412,0.0443621192405977,0.02687674048045734
Random_4776,0.28892206767069584,0.22384707942868298,0.0030139147728998703,0.0372891738442273
Random_4777,0.1799446124537232,1.207402926552675,0.046054635991731235,0.025286331527536083
Random_4778,0.16520438794170295,0.790105996062989,0.04531447723732083,0.01271726562711473
Random_4779,0.18343184073041402,1.8086920875112822,0.023872622628830213,0.02653464146465501
Random_4780,0.03200002254329871,0.2342398760213673,0.025982592131208234,0.020757156588717195
Random_4781,0.2528948121872939,1.4136978096842565,0.03248448183211899,0.018459714939125182
Random_4782,0.006571227707357446,0.8409507961191034,0.03169178784294202,0.0019349444480402627
Random_4783,0.05058941067071188,0.8469169387986678,0.04361943795467953,0.025897917303829964
Random_4784,0.007097093577451665,1.7537207768678154,0.03201449906755155,0.015394358659257958
Random_4785,0.2800518891023427,0.29953768856039187,0.026935157825589945,0.03279813094727204
Random_4786,0.052698723857555245,1.8399765493946132,0.011995022214723781,0.026352659564028245
Random_4787,0.25227790978952447,1.7902299712872525,0.005173489754373135,0.03751668344809488
Random_4788,0.052335053344743324,1.2319998249981783,0.04592506283873583,0.0044884167268759885
Random_4789,0.18549638889799944,1.4923801905838026,0.010237224673740369,0.005800031715395137
Random_4790,0.20186746422507815,1.695488132259742,0.009384092995079713,0.008269335172599673
Random_4791,0.2009423104625033,1.2129175901124458,0.04700175280347638,0.024401582050175008
Random_4792,0.06596003623251796,1.2283086679474742,0.03183831322383801,0.0012838360247463764
Random_4793,0.09730594947742276,0.6691305424216204,0.02719041308496811,0.020534146927653634
Random_4794,0.15435904489752458,0.5509254836051539,0.005941918517097259,0.01475332959119062
Random_4795,0.060124227606960186,0.5949502052161358,0.008307915725474256,0.03181133448803665
Random_4796,0.15494598411483873,1.6673125196825163,0.0028361956148856547,0.032976223015387655
Random_4797,0.09789485154674239,1.104502785252638,0.04483274632620887,0.011489484543844963
Random_4798,0.16914857340260928,1.6743690230293462,0.03923933961504036,0.025388503315156467
Random_4799,0.2713861022467875,1.6793653948012448,0.015276950174895922,0.010964710735463207
Random_4800,0.029543429989574824,1.6647421493279346,0.022676512377745657,0.023438409686042917
Random_4801,0.24748163016796296,1.9378993141080296,0.00835657437998628,0.007060560829514527
Random_4802,0.20435209804854873,0.5852279673119104,0.03341311750794952,0.01214661498414428
Random_4803,0.20966898566319483,1.3665231153997737,0.0010222582971364073,0.025977906303523802
Random_4804,0.17685187625074764,0.842035663584992,0.03994608162196145,0.03665766096891628
Random_4805,0.024143419151824403,1.8902139003394482,0.018682164154107592,0.01299577012281667
Random_4806,0.22604349202873067,0.36241801342890023,0.048962306298310526,0.03044814628273986
Random_4807,0.09593433705254799,0.8264346760934985,0.047953405684029136,0.025374539881435024
Random_4808,0.10194366248636992,1.6389187075945786,0.006629683410884144,0.031410482572785
Random_4809,0.09544691880389143,1.8635907755119265,0.0348459990434347,0.023373639721323582
Random_4810,0.251507302176841,1.4459330253956786,0.04433968876811293,0.016305057460241704
Random_4811,0.19201999441458995,0.2854771196613608,0.04746570471628802,0.03262762661226474
Random_4812,0.16259587934146258,1.7852702963931841,0.006762837370166489,0.023899465369851075
Random_4813,0.1266205404282557,0.5574431422605347,0.021240086023521197,0.019922240098873445
Random_4814,0.2150444848769559,1.0805683583446177,0.009686487038918796,0.017329928115301322
Random_4815,0.05482684555615815,0.6898289640631253,0.04776609148412984,0.019084828475353723
Random_4816,0.04424583860982587,0.6505370238539812,0.0061854594154015065,0.03979512290066617
Random_4817,0.06208119484417842,0.521891573421436,0.03610697116923519,0.013738836980436781
Random_4818,0.21540681415550825,0.5126328777294523,0.018427941977208193,0.036406260923133066
Random_4819,0.24071202792127908,0.44171423145084565,0.0385313238776071,0.023059060518176466
Random_4820,0.25000331613396776,1.7236133019396593,0.008651749467052758,0.004335005268396461
Random_4821,0.18034988675592595,0.4240245070857105,0.040246114732263444,0.035693566745001765
Random_4822,0.28396858179647655,1.79662649807928,0.007568349934860881,0.009536362174582553
Random_4823,0.09843870692593776,1.0653236339079706,0.04617887157416678,0.02001551283155381
Random_4824,0.11273164995015335,0.8155287043529718,0.01696993611767958,0.03978785789890962
Random_4825,0.27375020645083087,1.7882989155173838,0.003580483338259243,0.021463030853900656
Random_4826,0.11971343254246222,0.7370125148888451,0.005945735122655174,0.006181599534192201
Random_4827,0.17490376955209894,1.7001317275085237,0.01631403834194761,0.009540811859030815
Random_4828,0.05726226189782965,1.0349670818844363,0.010987338785391175,0.020020848693603575
Random_4829,0.12380884978803809,1.285831540019807,0.017541062647334845,0.010925813968716246
Random_4830,0.08383275297790543,0.8747714725475895,0.028468662011815797,0.01991956001065582
Random_4831,0.2990341999018971,1.6404204751349714,0.015553308809999986,0.0320027289457193
Random_4832,0.10679602449429314,1.8492800400304563,0.02054213876910672,0.01298264838916599
Random_4833,0.21272446043012833,0.5217722483928028,0.0432762239996254,0.020782638684414812
Random_4834,0.11003592895779234,1.7058514100114923,0.03814493608085065,0.02892929480070173
Random_4835,0.0439903705674901,0.8844437331150873,0.026925792574369462,0.004885484531975418
Random_4836,0.1769746839757884,1.3032760882064407,0.012045247388653927,0.03705047601484704
Random_4837,0.12463207098353177,0.9849170376536979,0.015327337624724525,0.028359639629811976
Random_4838,0.060672592798634996,1.8861428688479929,0.03864869741365249,0.0028134933131709833
Random_4839,0.22468017292097028,1.3749212844638221,0.025952401354434912,0.0071309021415904466
Random_4840,0.05199815174440865,1.0772037735668194,0.035535136010355274,0.017785963023831626
Random_4841,0.20071414604485938,1.7459046850232776,0.0400383324969076,0.03317710784640137
Random_4842,0.20077383504791654,1.7675953266530466,0.04685878644738969,0.038023420501964826
Random_4843,0.07571719169850816,1.8052287149500807,0.024045185012676835,0.037670799398084154
Random_4844,0.26769224507132483,0.7055387707899132,0.030105248777407622,0.007904261390733197
Random_4845,0.23204086377063746,1.5718247838548862,0.035448913818360885,0.03715320483784036
Random_4846,0.029372906108326283,0.4539576330238194,0.0074838214642276146,0.024631330221328154
Random_4847,0.2556377735416517,0.10617411329369073,0.011325674526232867,0.01346149673229995
Random_4848,0.12572787554378642,0.47928844614089783,0.00823225212841017,0.026398094832337345
Random_4849,0.17912785142022483,1.3224482829799995,0.019773308114078278,0.005111180611607248
Random_4850,0.21305873052257399,1.9939400352355965,0.040960694901808495,0.0014230779440790279
Random_4851,0.26013492040034475,0.3360344878465281,0.036987142646305676,0.01567966463803473
Random_4852,0.22024313402636,0.9008511426129938,0.034743956454066485,0.02038895177106302
Random_4853,0.055669969732804796,1.7792096941009685,0.04038860131893746,0.023439353385165434
Random_4854,0.1713836999356364,1.7886629100215177,0.03795303782202105,0.006665620715799934
Random_4855,0.25309255443198797,1.6105590526302613,0.005400430359596117,0.02433898030585209
Random_4856,0.056361720175924106,1.4742367538247578,0.03737011899689976,0.00602064708034309
Random_4857,0.15810143624109108,1.7600374595355608,0.005898788842099179,0.00587205117917738
Random_4858,0.23262698750670896,1.012307685198657,0.01878173137072509,0.029482809862931638
Random_4859,0.22812704078917637,1.336320125431611,0.005117576249970227,0.001989169772125247
Random_4860,0.059866569110551215,1.5627478983237852,0.022618566834169303,0.01034434605832412
Random_4861,0.24081486637350324,1.1051335893610137,0.030255612312311445,0.038315401309497295
Random_4862,0.16745362810295739,0.863358185444231,0.014003810953587131,0.035503604041976444
Random_4863,0.10282582638829872,0.7314423240771935,0.011861688943969405,0.039443837380092564
Random_4864,0.2013144686055102,0.11362664437461441,0.011564106171895811,0.03843951620194244
Random_4865,0.26577719448501935,0.4163479636456624,0.018148519846696017,0.005202036942744203
Random_4866,0.014619204126355007,0.7925554111168089,0.04933313473962233,0.00212861531987404
Random_4867,0.29906474427063706,1.2868165748380382,0.0014995320104718279,0.01832469778057717
Random_4868,0.19709620969982544,1.3194861197928343,0.044442329168566906,0.022087296443466395
Random_4869,0.03367505494109692,1.4866549187426554,0.014495988970529939,0.014629438435760974
Random_4870,0.1182381546992902,1.4203164811949387,0.04390339075350356,0.02067940674769133
Random_4871,0.10726556236957444,0.8616722837767985,0.017679851682862534,0.023874514059248095
Random_4872,0.0972820869011851,0.8452824102814619,0.03257658997385279,0.03778250360206346
Random_4873,0.05898751554363818,0.4583496467297741,0.03360695995197757,0.01382920564233216
Random_4874,0.289472312791314,1.1108973121482202,0.007506279085735585,0.021116227874703585
Random_4875,0.026956140059011337,0.2501442230357313,0.022089170300648202,0.01690126016698943
Random_4876,0.14466992911926513,1.9813360044522232,0.004241191416431386,0.039611009371429313
Random_4877,0.1379870290129375,0.2010975352051181,0.023308412953521405,0.022557256624089684
Random_4878,0.0686284413165071,1.178737015612973,0.011265727266577798,0.023403057805383026
Random_4879,0.20391983476616068,1.2965982403593703,0.01572935947331717,0.03536799376037497
Random_4880,0.05759584119387346,0.4948044205803267,0.005410638047619946,0.013833970842869948
Random_4881,0.2074488989272387,1.3274144853248073,0.042751666847929984,0.006121290454343272
Random_4882,0.04758360999048947,0.7747100680538541,0.019821128768717153,0.03322992792246451
Random_4883,0.14757540879233313,1.9297366111796332,0.04804241849951858,0.021767197468378956
Random_4884,0.171661289587714,1.1244572866039275,0.01646194135838111,0.02646858772415742
Random_4885,0.14804947184295894,0.40330614218417793,0.0031010091945077507,0.024765723967172092
Random_4886,0.2648022543937005,1.822302113873364,0.03447912816735026,0.017282164199570033
Random_4887,0.24658156646321053,1.5497056688736257,0.021324789285142965,0.011583247475611395
Random_4888,0.28414310780690805,0.19062290729719966,0.004905815032048303,0.010207422858945835
Random_4889,0.18850882783573994,0.9435018605203195,0.009811832032006706,0.027880789374477754
Random_4890,0.11568764431142002,1.4510484717839216,0.04674033600744195,0.016861414153763108
Random_4891,0.18857527930966161,0.26831472397004263,0.010452879995439649,0.027495850022138175
Random_4892,0.27756200901454775,1.937203698462482,0.02737505777266199,0.030208867878112163
Random_4893,0.27362933746726265,1.7532938641799933,0.010719572429249865,0.02177973415825372
Random_4894,0.2500829234048689,1.8465283338829899,0.004911072901805743,0.009183865378569404
Random_4895,0.10419168840111095,0.8484746321712209,0.014569201062692015,0.014018025384687983
Random_4896,0.1596638876634314,1.4897240764752768,0.04022572430022587,0.02465058234406373
Random_4897,0.07580458057908622,0.5577440322245754,0.009125529351259518,0.010593407285342304
Random_4898,0.027871648266599415,1.3584670578884153,0.008049740506658245,0.03994193155074306
Random_4899,0.16714771883597107,1.4838850904695375,0.014987384761360984,0.012144812698439682
Random_4900,0.05194194985832519,1.2131350143697501,0.005900262279601855,0.039247360546274465
Random_4901,0.2448353135852462,0.9781153828019974,0.008743960203237993,0.02605919858727409
Random_4902,0.038849690581944936,0.9093709281246115,0.036758842644424056,0.03560174524689552
Random_4903,0.06224622353500469,1.2431161105689401,0.01672745181788445,0.03428193225179585
Random_4904,0.25637632969989976,0.8049263591950239,0.04764249415168642,0.012656900120256456
Random_4905,0.1300070557341672,0.24262517326339553,0.0052740261093996085,0.008129906857246584
Random_4906,0.2642330517164494,1.0061381063336627,0.031904736361517805,0.008912820928217956
Random_4907,0.10931089059031616,0.49335743521925357,0.04947837164440169,0.039416892089832144
Random_4908,0.2688792442379891,1.573305621440571,0.01905068802659851,0.038596475169491405
Random_4909,0.19306766877630724,0.44405278177258667,0.014015910856375893,0.015236313924990624
Random_4910,0.21884627793907216,0.14537925569949262,0.045704078170108284,0.013738760800268101
Random_4911,0.19880263952104307,1.767243350997217,0.04306973281053644,0.009034973065069004
Random_4912,0.16498700017257312,0.8589152712242124,0.04318699710870692,0.039611515291207995
Random_4913,0.2325156022157336,0.6926270014107468,0.014169561324940232,0.024645952422989677
Random_4914,0.19359315735795465,0.6326208793280581,0.041884635575044946,0.036241782698322636
Random_4915,0.1666068373669082,0.7922588727015377,0.028442443172920932,0.03391415219994034
Random_4916,0.06734366996206571,1.6997829846051615,0.001122199800392401,0.03063607979346719
Random_4917,0.051288298421082665,0.5573952182644168,0.027943002043928206,0.03193158003962165
Random_4918,0.05436370659211831,0.20296435412880298,0.02994313889345456,0.0018475015239231556
Random_4919,0.09201177559491551,1.8602320169184088,0.01872695206013508,0.019998115492911316
Random_4920,0.2008434458748229,0.6569008893964388,0.03408244442718498,0.0358809786009213
Random_4921,0.12765834512646124,0.6765567848870024,0.030576214217246565,0.02359845964905122
Random_4922,0.17396339105902037,1.1529989435443828,0.04935879090493107,0.018481054819123863
Random_4923,0.26752590695829614,1.0001337888599076,0.03584707301381385,0.017060847176737507
Random_4924,0.2232254129852831,1.12864150764229,0.006944297492446974,0.03472166283695729
Random_4925,0.12317603279924945,0.4487638883562971,0.03574747562767798,0.013849894306988034
Random_4926,0.21550027252448048,0.5519026554055799,0.02436411717483602,0.03241998854410483
Random_4927,0.21775814185829948,1.4252556402988155,0.004138135055952933,0.012189994510741035
Random_4928,0.2616794789772302,1.1845153408593885,0.012227819264850327,0.004879989088321992
Random_4929,0.187108986239382,0.3114979878252264,0.015751043087904284,0.01789826574411973
Random_4930,0.17392283399049047,1.5274223064367705,0.022516865697097058,0.031005074940259565
Random_4931,0.29889798416024327,1.2876869746498842,0.008524525955273969,0.038050362949867585
Random_4932,0.23443653335289946,0.9402273736364488,0.011646490437459862,0.031149690959619048
Random_4933,0.18123218942312808,0.710409020018817,0.0346918086153574,0.0204031608363922
Random_4934,0.08486561238911577,1.271752336239097,0.030687907897357418,0.03245045569736136
Random_4935,0.10236067552161915,1.6149783445832597,0.02228629644858948,0.03142434753501214
Random_4936,0.20464171738714554,1.0747422401679352,0.04657021680799134,0.028240631494526585
Random_4937,0.22788112090130794,1.6797336394747922,0.03473525341149145,0.027790913376217658
Random_4938,0.1114845863824556,0.560756388878398,0.010858234354665472,0.03761842108166718
Random_4939,0.10012412932129394,0.7114185732335944,0.006930050522245394,0.03375560027165857
Random_4940,0.2446823754710412,1.0171951462078772,0.020562261204649556,0.031352857478655745
Random_4941,0.16084094870231053,1.8252801403346177,0.03847552769362723,0.005282256949813213
Random_4942,0.203941444503846,1.452405140910641,0.022888778774211485,0.010772582145546997
Random_4943,0.09339485086186566,1.2550187863026023,0.0444741615700673,0.004825057605719386
Random_4944,0.14207558318184804,1.7840175516295833,0.0347920032598681,0.011881195942797816
Random_4945,0.250254573393004,1.7721558680125693,0.019971783733123742,0.020690473614945883
Random_4946,0.215219329369087,0.939942981762694,0.027051422971426622,0.02264874012384401
Random_4947,0.12944137849787227,1.1794170284884744,0.04448489824179913,0.03704324471686748
Random_4948,0.2856646900955733,0.6454005909912398,0.04939359294229193,0.0294484286824379
Random_4949,0.2807817571959005,1.6746917040431697,0.009556935604478633,0.006496633462114221
Random_4950,0.1425428225517755,0.656114440481146,0.04778437024807382,0.008142211136366925
Random_4951,0.2522534132305727,1.3852022451611876,0.04672972053837008,0.03789774326002877
Random_4952,0.13151159731138481,1.3777805978591633,0.023793467225479266,0.03239541749202369
Random_4953,0.16499954179957996,0.7726643087502427,0.02639090261205339,0.008215311415964661
Random_4954,0.1123083529262389,0.3621293469617193,0.004868020613263737,0.019830377275333197
Random_4955,0.01315724174304075,0.34252162842371336,0.018660688891197773,0.026382341986245225
Random_4956,0.15007515269205754,1.7716324202884601,0.04759791931905008,0.014957585496416875
Random_4957,0.14794353855776868,1.2242068062923885,0.03823976265221432,0.015457610189968385
Random_4958,0.035493670622578105,0.4080264872306383,0.04323372320978576,0.008368027776347963
Random_4959,0.017913619717624438,1.6520579882115083,0.022611204418143967,0.022359007001953497
Random_4960,0.09817934644475967,1.967707878186399,0.011542462882160844,0.03428305717085418
Random_4961,0.2036965576143176,1.3577034379742055,0.034247142952622565,0.029456708633895972
Random_4962,0.2166104003273588,0.4768290650159842,0.04266503176913374,0.03763809115742132
Random_4963,0.10032687274441993,0.950083170713296,0.03394422006374387,0.004836080385604129
Random_4964,0.15588479893245724,0.533476381916357,0.015234496426011126,0.02230522048705007
Random_4965,0.212059177894802,0.7986833000585541,0.02444567448781561,0.020261638168080895
Random_4966,0.28000887737564895,1.5914986976767787,0.02573776681359354,0.03561891176471574
Random_4967,0.28611710963959636,0.2588228441395988,0.041615707313422276,0.005738630431449519
Random_4968,0.021867382872846806,1.3269211381003554,0.01659704883582189,0.03974575280986868
Random_4969,0.16407913626266088,1.6795990848175466,0.004977389971693121,0.027299917640338622
Random_4970,0.14239992347394956,1.5273915385901082,0.005185172996658824,0.014123523879184106
Random_4971,0.19161771778057693,0.3907754535100765,0.03532668288501888,0.03534549053405744
Random_4972,0.26046456136887086,0.32403956973490555,0.03470380480646112,0.03868270043661647
Random_4973,0.2547603935262253,0.4572390850135075,0.030439505950620487,0.01941588483939368
Random_4974,0.2828022862487933,0.7343776085888813,0.014557087096999682,0.00837330541987915
Random_4975,0.12936593873644778,1.3304203282268698,0.024481275687683178,0.0044541278428430284
Random_4976,0.25172905391200123,0.4431327935377609,0.006832669549660793,0.011836499392734214
Random_4977,0.2988078228710994,1.3505297979497852,0.02931337109142782,0.010039724008947214
Random_4978,0.19894471134290265,1.4287862130650728,0.03299925476731647,0.013967915344567605
Random_4979,0.052759667202663015,0.1440124678295361,0.01831793012274539,0.03814867317339777
Random_4980,0.16324070451692252,0.6082896619157815,0.021052089312315492,0.0010683767264800406
Random_4981,0.20062868445736257,0.6279780201759799,0.02012577095876923,0.03510980486662655
Random_4982,0.24443464448633087,1.4454499940121819,0.041865446409306485,0.012720406160070995
Random_4983,0.1726569261856452,1.5887097690623047,0.033599459946913615,0.021217253395384682
Random_4984,0.02383135005066784,0.3674038479934628,0.032485189981899025,0.014881614562657776
Random_4985,0.2775201579374509,1.132705952827599,0.04472898507503685,0.03704044978536573
Random_4986,0.19166489784467555,1.9948313041893049,0.01806981017878651,0.033481188480512215
Random_4987,0.1108359195220145,1.108402378185691,0.0015170784064358488,0.019386684839018637
Random_4988,0.28280257246589363,0.5057384966326175,0.04454976693409322,0.009002225111674231
Random_4989,0.2627763369350097,1.6022369664637723,0.0313080522668192,0.034899113219824696
Random_4990,0.2503511549055646,0.9904710793838772,0.04095940497072202,0.027114301091295385
Random_4991,0.07602689561902129,1.6560795280495235,0.027689708564640883,0.012605709433385247
Random_4992,0.07483811796273906,1.431486619481196,0.0281010059631912,0.02277540522814354
Random_4993,0.15109184509490278,0.4575565240565248,0.020838272557961474,0.014265512409293246
Random_4994,0.19690137282625023,0.5343944297037249,0.025894179316986014,0.016482750019770547
Random_4995,0.03748942957416028,0.629998566529163,0.029187400966319166,0.014413991276198461
Random_4996,0.2467411435017007,0.24550379537347003,0.008011276529237664,0.026414192074630645
Random_4997,0.2895655557011637,0.8208327268741289,0.0011287680929936185,0.008765292469810958
Random_4998,0.26642370769833584,0.5918414650737333,0.0038039655660104753,0.009328984347603132
Random_4999,0.1967798522490752,0.4640129881690326,0.02943183881324155,0.026081967156320236
Random_5000,0.0914705777742819,1.528539289011551,0.003711529129215546,0.021888944318673775
Random_5001,0.16641120929765948,0.914445582030996,0.01786955466826578,0.027840225874918943
Random_5002,0.2556085864688628,1.4439165077545397,0.03707344345554528,0.025036050846632425
Random_5003,0.1600792477285605,1.5319460956104232,0.04099256196438217,0.0015297944047292038
Random_5004,0.2906626488164181,1.6306523162208149,0.010200008365308339,0.010225935649858138
Random_5005,0.2928888573206576,1.9818923976140326,0.004806818019464096,0.005308595355219153
Random_5006,0.2973118916824198,0.8739340776970896,0.03951645761884564,0.03750087712119672
Random_5007,0.09629086317594893,1.426412593694847,0.020634343603028626,0.020667371934060947
Random_5008,0.09975243747492371,0.22869488184256465,0.008829776939824834,0.009256798045806189
Random_5009,0.1675834696494999,1.9700124710417761,0.02798482330745521,0.0048099889245211596
Random_5010,0.06491863956782346,1.0744287204642005,0.010606924964814784,0.02784039422529633
Random_5011,0.1328968686675275,0.34116004933268496,0.017375300480092695,0.005313801227189114
Random_5012,0.11480248898927475,1.2293485693153612,0.001565174636635772,0.03953285222274659
Random_5013,0.12189276419845671,0.31281393057732376,0.028333129351036334,0.009748601937490914
Random_5014,0.15372196762029725,1.5215645427364375,0.025081453717989675,0.01836418659751459
Random_5015,0.056399559135899696,1.9362075086391983,0.04174120823092226,0.010059207556565659
Random_5016,0.15716436708998768,1.4056725366589984,0.046895886210477515,0.005669013185894094
Random_5017,0.024032841077655107,1.8519457211319712,0.009090356363188706,0.025418292663074205
Random_5018,0.2023354567256686,1.7610195192774538,0.02478329810021014,0.036164243782321595
Random_5019,0.18025855373915434,0.266371733336305,0.03444488613573215,0.005862329206543989
Random_5020,0.05719065710536592,0.5693566571770629,0.018932842295624766,0.017145986764361833
Random_5021,0.21361643377413247,1.19292034421487,0.02249847761668178,0.008006685222089279
Random_5022,0.23104773405765822,1.6843235188109993,0.016030110271923994,0.03380972619595811
Random_5023,0.13429138283067216,0.27520862400771845,0.026069275383850492,0.01827636455840809
Random_5024,0.13689780043546662,1.69368332442426,0.01576132995394957,0.025123595021081194
Random_5025,0.16866885107039184,1.2677511960389016,0.0079020984206551,0.031351102884918984
Random_5026,0.1016491708521252,0.21172129496066427,0.04676617733790967,0.02200300602245697
Random_5027,0.03165674438904267,0.475813501634775,0.021760842695015128,0.014158960186950596
Random_5028,0.12191963859009138,0.7792845222844434,0.006043193179792475,0.038137405306673026
Random_5029,0.1596577149917885,1.1350561206982126,0.024321564387681606,0.005438246536005026
Random_5030,0.12782686604286922,0.6211821757285054,0.022794393244206936,0.027529868505517446
Random_5031,0.20539623545934205,1.3851104648460206,0.04728980750817901,0.007769708772758538
Random_5032,0.140786379058445,0.3486354829390066,0.03462607802310064,0.03218641936837786
Random_5033,0.13587028121959163,1.407689160541551,0.013344343756616365,0.027055300956101976
Random_5034,0.27970558851183286,1.0514181469656088,0.00726921826199086,0.01929943894625431
Random_5035,0.15507844512489807,0.7953133701593862,0.0435430129037371,0.009564511910133983
Random_5036,0.06476167107542145,1.1137126338337797,0.038455293356647165,0.0382900069899336
Random_5037,0.10999842258607453,1.6782654334607974,0.028053766950643825,0.01952795439758434
Random_5038,0.13648774627057994,1.7290898887573791,0.043218986579633266,0.008019530920125539
Random_5039,0.25140301220581585,1.5432682480082613,0.020972693813933657,0.024616034960015784
Random_5040,0.14057517944630624,1.0366481166908754,0.025450706686499847,0.010218811814888103
Random_5041,0.18704572152276308,0.35150707285058225,0.019906008414208826,0.013812193300646109
Random_5042,0.04173220840315201,1.6156724996188003,0.015262938838386864,0.0395254689204146
Random_5043,0.16101124896068908,1.6155093941655472,0.045952713643002324,0.039889811412550956
Random_5044,0.2825458035075685,1.5532072255668399,0.049110208811156277,0.007548549710292159
Random_5045,0.27058187233670267,1.1679600689729717,0.0011790721364491404,0.003747462806418077
Random_5046,0.21657184431295273,0.8818424846235579,0.027284355167173868,0.02611711296749795
Random_5047,0.11992130173863813,0.4620725582913092,0.039148440745440584,0.009013864981680997
Random_5048,0.18308249838698926,1.600895621045235,0.025423506850772954,0.027318958360323362
Random_5049,0.26880762552235304,1.4309034834502314,0.008654906852603101,0.03532904259520954
Random_5050,0.1425415117396627,0.9266686283117117,0.0477410444578789,0.009571824504689502
Random_5051,0.2240421621959148,0.670701339000849,0.03197253467253159,0.019847550168368183
Random_5052,0.20062546540022533,1.5910432222370976,0.03328061961309539,0.008466363512457992
Random_5053,0.10871167657191257,0.5522027242354607,0.008579383952967756,0.03777545533426444
Random_5054,0.1367681508780145,0.19385879159994093,0.0038355583738078915,0.00937907174344852
Random_5055,0.08624722069128152,1.7041418224257818,0.040774790523080064,0.012430373288662633
Random_5056,0.15560098784934936,1.4194842016273643,0.031628363739490836,0.026845734085303715
Random_5057,0.11424892533678045,0.5469095213040025,0.02448407150750646,0.021369646934365053
Random_5058,0.2597709930625735,1.0688749700520115,0.004263503643586138,0.02667586088359588
Random_5059,0.2183392766496193,1.628309572356653,0.026438105410804876,0.02314679071448877
Random_5060,0.24985107191932046,1.8333465115302179,0.03809623197050028,0.025849720394988087
Random_5061,0.1690070556358413,0.25914687735269065,0.026638070445437662,0.032925306818775216
Random_5062,0.21454272503341296,1.9688331348555235,0.03439177919748053,0.03927824270772932
Random_5063,0.12533964969454103,1.1929900790416055,0.04373114404066032,0.036119602498713835
Random_5064,0.25321539514901953,1.477708113404697,0.03159189506457616,0.019958856372015027
Random_5065,0.11351918255068423,1.2993866104413652,0.011123297136248024,0.0046593076847199315
Random_5066,0.1276487327143952,1.3750335832984253,0.024469597720373003,0.01461262317769332
Random_5067,0.10650893522016126,1.2516308501153726,0.03288253267827664,0.013152009342664264
Random_5068,0.23212520957018679,0.27840220122834214,0.009856897900079587,0.03809498850961816
Random_5069,0.19884729370507412,0.49582385485860436,0.013777558236701994,0.03633543262563475
Random_5070,0.012988647982589821,0.39322316466898666,0.004531045896840526,0.034165305251337465
Random_5071,0.19312586466994347,0.470188293205955,0.04372324661585042,0.03170455663749378
Random_5072,0.210522241496233,0.8723224705424559,0.015285524940524358,0.022665333699876954
Random_5073,0.22245742295469703,1.7351459672292004,0.031787768526021824,0.03288516809550695
Random_5074,0.044537916602201244,1.2413401161409638,0.014230633569291544,0.03336409460144702
Random_5075,0.0585458339195539,1.560104039963815,0.01777679729529037,0.02788290370387917
Random_5076,0.051823207549909135,0.2795047994894037,0.04854890217930139,0.023265815177604565
Random_5077,0.1797873092684772,0.4032728693767116,0.04923663378222222,0.030903108822965625
Random_5078,0.19364963623637724,0.512355477026044,0.02448505445140457,0.005829901943521162
Random_5079,0.1092035881780914,0.5164231486201902,0.04541954895446692,0.011043538316146212
Random_5080,0.24722434571510976,0.5456236967523186,0.009932202984709055,0.006350669327066356
Random_5081,0.021307199115611523,1.8397996518319477,0.014953695820029561,0.01755647633182064
Random_5082,0.21777139438864118,1.2289177562561664,0.043134580951452166,0.03647511300778193
Random_5083,0.20825381492816614,1.8108097892059514,0.025822529685057195,0.032780687438925295
Random_5084,0.05259026056307395,1.7005867369040029,0.008990316740970804,0.03758735662884235
Random_5085,0.10598755505332563,0.6551450967423,0.038590905697790126,0.005954993731613969
Random_5086,0.12844398711760113,0.5466969174936915,0.026385368051560137,0.012488853310224063
Random_5087,0.026990336214151932,0.2612066073784749,0.04926762065587222,0.036601416125908545
Random_5088,0.29047857388222953,1.9867416432653702,0.0472590531474268,0.038366983630610474
Random_5089,0.03513756205344805,1.1260030264364858,0.02801747026898295,0.002312550392525107
Random_5090,0.15145145006236344,0.15027973607840694,0.04613570109129822,0.032232420066555856
Random_5091,0.052609935252929396,0.5104171311878007,0.02898722859484243,0.01832156318794852
Random_5092,0.07857458864395055,1.1060792525950671,0.039210566198011415,0.0013393326497649805
Random_5093,0.1342982786444629,1.6501492821804218,0.041714023997905234,0.028272518179313626
Random_5094,0.14935094817897063,0.7110487779496966,0.006833809962438381,0.03743063638118851
Random_5095,0.1226243490710893,0.5196293991233446,0.014674706158351872,0.026111582998356052
Random_5096,0.10491748652214523,0.18862624517925808,0.03237862632847015,0.01867784548764689
Random_5097,0.061326436779490845,1.4410323907543463,0.010783048284651407,0.014214385619862824
Random_5098,0.2529494704471828,1.5509267104080382,0.02269019264711725,0.03304675864663156
Random_5099,0.10075793339264319,0.6854766190053709,0.04787970617924906,0.036095726739481915
Random_5100,0.2728166451996289,1.8365391766729073,0.03167049853630743,0.0019619164368486442
Random_5101,0.03977667564986012,0.8098751520329842,0.00864746892785832,0.0202235290388863
Random_5102,0.2730852836749686,0.4264082398515323,0.032606598019600565,0.029175710050309812
Random_5103,0.07870680039434114,0.4365873845351701,0.005435675625456205,0.011496281489435139
Random_5104,0.02988485963797022,1.0845935589444715,0.03552790715497177,0.022301216144224784
Random_5105,0.10877510274959369,1.2802150489702337,0.03782262990045932,0.018615005271939374
Random_5106,0.1246719673554435,1.2689953771561133,0.021011322863352857,0.020386270456818442
Random_5107,0.07956610719086106,0.35474123237950883,0.047884775849966976,0.03907086530017743
Random_5108,0.08940038964959723,0.527167569698685,0.022393659665832892,0.01780818118392581
Random_5109,0.21086542790757865,1.6249436258883447,0.04601243523670389,0.01350439131222144
Random_5110,0.17325562122192228,1.3631375887871993,0.01330559142019832,0.024420264492678357
Random_5111,0.008385464138797063,0.5438621403998796,0.014301698543317507,0.024259986641234473
Random_5112,0.06169565012768168,1.9768695152030338,0.022340613304291768,0.02184817748888884
Random_5113,0.18419465835057758,1.691709941298037,0.03781899361049702,0.02261485206389442
Random_5114,0.1558238688083393,0.7930491903582465,0.007330668304832515,0.008453582405921391
Random_5115,0.044091143287437,1.7825447619137276,0.007946380067567017,0.006520793825898781
Random_5116,0.009073762672673676,1.6314189737721911,0.0029692517465728183,0.026488567386804825
Random_5117,0.14511627864059878,0.8682940755184175,0.040900913619228124,0.004017151995040714
Random_5118,0.0898947202804079,0.534396937208973,0.014219123018133124,0.01249844835597878
Random_5119,0.20082567659292008,1.2727469031702898,0.029869549553869428,0.036634930903244205
Random_5120,0.19430001455412174,1.7795981844309892,0.03894523601561708,0.003248713130894872
Random_5121,0.07286342656166127,0.6682555715190303,0.030259527687420695,0.006816723953429569
Random_5122,0.04562608007802672,0.46684638136502554,0.016966552497134028,0.03953523779671039
Random_5123,0.27259016457614793,0.9282005061946363,0.0323251577034173,0.006984546865275291
Random_5124,0.04174848781546552,0.21095868618056507,0.044582632641684786,0.012655927710647157
Random_5125,0.11893326679688757,0.9288329797850085,0.038418411000385906,0.005276803360245786
Random_5126,0.24904942242144207,1.4651111698231167,0.022974962309905454,0.007979884884372096
Random_5127,0.28707848468144465,0.4088564700373366,0.02687269528982756,0.02384563123103091
Random_5128,0.018866112860844924,1.0488656532480254,0.021076457122047122,0.024430758979674817
Random_5129,0.25613231215606946,1.5344649405464874,0.012214690202484831,0.016279212561148698
Random_5130,0.2815570936834487,0.5342741773914468,0.04114016701291851,0.0026818548238385486
Random_5131,0.2197850851331637,1.9728728837600806,0.018467926337430815,0.015594024116751287
Random_5132,0.2472841393978845,1.6788139291016637,0.019218157630239,0.020718113210157797
Random_5133,0.12279504265619667,0.2000497930608332,0.036649833802735766,0.0061393888988818075
Random_5134,0.1297357239708051,1.3319061537202839,0.007294230715128331,0.028602921694321624
Random_5135,0.16379277362197614,1.899359284379488,0.026471190722572757,0.033429804244648996
Random_5136,0.23463947986969888,1.8391395017850036,0.0032886094852082703,0.005703013256595461
Random_5137,0.13394115931019188,1.5780296915993588,0.04529073404740228,0.007865870428448635
Random_5138,0.2999378349060466,1.3399995893917453,0.028615399889480586,0.013094080282314697
Random_5139,0.10643863793464543,1.8182301349816343,0.03989866305226031,0.024930779929874653
Random_5140,0.07942117718781967,1.8975123876830575,0.031431114793521044,0.028620701469059335
Random_5141,0.12769467673910045,0.5017325046940864,0.047206573035370535,0.03919126728982979
Random_5142,0.1351876211370582,0.41817823153907197,0.010749838719569794,0.014352828614887521
Random_5143,0.04184807191579046,1.2569615186885044,0.03304232637569268,0.021213007725222787
Random_5144,0.049294846378400786,1.7351006584737982,0.03616280244181599,0.03334959104051809
Random_5145,0.2566082539595399,0.39659205675518727,0.03346638701168117,0.007722488310632192
Random_5146,0.18535506497573903,0.9247197841203717,0.003914100344896757,0.01968708298919687
Random_5147,0.17384448060237806,0.8668409014677017,0.041436003888468735,0.006117679632785724
Random_5148,0.2461576537591296,1.122359918698579,0.018713351560455765,0.030414767941498035
Random_5149,0.17551866400360563,0.7432079907250931,0.03442617232466556,0.01950492847209427
Random_5150,0.2629157495772373,0.2021289799500013,0.049777254022741045,0.01860409482587989
Random_5151,0.11327753928826863,1.199480098085378,0.03510119667706126,0.03485919879727005
Random_5152,0.21077243567105805,1.7265787387046696,0.017252194483676177,0.02186176391821417
Random_5153,0.24456402584253328,1.1824013250636805,0.042413053904647696,0.004321409160781097
Random_5154,0.1970993702043322,1.146375574137905,0.008124269289210902,0.038517123292679256
Random_5155,0.28486790297466086,1.6666973728458854,0.0336170066040233,0.004471255031387777
Random_5156,0.01683671844497399,1.7625651480950753,0.03525633991540268,0.0044069673242894
Random_5157,0.1516033136542782,1.9576533859309289,0.0043016726477916375,0.00994162628512028
Random_5158,0.20128642980539335,1.4751603311482375,0.01919387378643196,0.014262499912500854
Random_5159,0.2630322991035841,1.2245899618274547,0.030886981333005076,0.0011711578765398565
Random_5160,0.1940170519653932,1.4967363246408838,0.01652034515040317,0.025184745192449554
Random_5161,0.21432043651401725,1.4256701604850828,0.01214412371651475,0.02040734775685644
Random_5162,0.1496467788058185,0.9883852777814907,0.03466080646739984,0.016428415432355854
Random_5163,0.2123066927273308,1.5049159128936076,0.038448301381612246,0.0324621517280094
Random_5164,0.15918351825441898,1.3943802448841085,0.030035567419214853,0.021420489050670087
Random_5165,0.08120604084986661,1.2589896124244335,0.005026859796891644,0.006935806659786281
Random_5166,0.21726028228171376,1.1247440525663843,0.029706732100518978,0.009584181716129219
Random_5167,0.12346744168309068,1.2757176415811455,0.012021430551675146,0.005931611460653496
Random_5168,0.2271490121553326,1.3931635282673132,0.015949650690768716,0.015665004153007967
Random_5169,0.24157943628415865,0.2919159494112942,0.0200629475904943,0.027670536338341465
Random_5170,0.21100885509119893,1.2322486205522256,0.04367777081157988,0.020559773452591603
Random_5171,0.18693947617945303,0.20658955329718318,0.01829869262443765,0.011047831074295557
Random_5172,0.22215991660644074,1.0371097819241342,0.007989372538124111,0.005309078403057501
Random_5173,0.19502652816966556,0.10994993372365763,0.011512573129145637,0.026476898687749856
Random_5174,0.19326569001097016,1.2207199761287337,0.0031817535171734437,0.004759677311368583
Random_5175,0.11398657508359648,0.5800503315355131,0.012793819472072906,0.015132399663587578
Random_5176,0.007914745559965727,0.47340541299507577,0.04137068200451794,0.013438339999148636
Random_5177,0.16067734426645114,0.2683998684767026,0.007727003157928853,0.019305012386372496
Random_5178,0.020690213906388855,0.7719698310078481,0.034152146401524267,0.0325179293395179
Random_5179,0.21274073432543222,0.9731704973415093,0.023690157841359864,0.0027930217147286458
Random_5180,0.0765081193811823,0.9469461497279756,0.016377269632234664,0.01936828525968196
Random_5181,0.04453872121382457,0.941000140149518,0.03868915453907978,0.026327538724508156
Random_5182,0.23888761850174584,1.3998294161470453,0.015363175692943026,0.01732916205687757
Random_5183,0.024380893014966733,1.3342452965647935,0.0018421214196128427,0.015967725413000174
Random_5184,0.25206145671196156,0.11585863646964736,0.0287469064831725,0.03165909228608744
Random_5185,0.23122469207149796,1.0274671583249202,0.0069148322283213316,0.03215538197768173
Random_5186,0.02967633777018449,1.9623135992530059,0.020936392440455504,0.007028859226389852
Random_5187,0.1004549800332609,1.9102067376983909,0.007406369875068751,0.0010606142243407082
Random_5188,0.17138388597236784,1.9241059201388797,0.014020219308857104,0.0014426143236321532
Random_5189,0.29394469226732267,1.34580276297428,0.04638946176343132,0.008319766733419756
Random_5190,0.24256664041448148,1.9125744277407801,0.04515264202347211,0.02527660966116267
Random_5191,0.0820079560170085,1.2195042823481121,0.004377324960903975,0.016088950220470973
Random_5192,0.161210103248783,0.8633346080021875,0.016352639211841657,0.01536896916740655
Random_5193,0.2784963346079712,1.719507852725206,0.016392543853428598,0.0011801138954560322
Random_5194,0.18479869380832936,1.0815310934160327,0.016916525492689818,0.015076012755378027
Random_5195,0.05285978996353656,1.343715443569923,0.03898839603975699,0.0018842817873278798
Random_5196,0.07187098610756414,0.32380949115960495,0.021720110241275615,0.03670395257844063
Random_5197,0.08115358705144057,1.320319856950129,0.006271784186333482,0.036205692526551723
Random_5198,0.2600221091684275,1.0184874542246702,0.025261885622651033,0.025195599934807945
Random_5199,0.10307090619359678,1.0642488299850408,0.011857385766521143,0.014259664019456556
Random_5200,0.19508259825415053,1.3305733288337522,0.005772982708745319,0.0051123601926385785
Random_5201,0.09574368508738682,0.4276738275958195,0.014841378141524923,0.027805004531454618
Random_5202,0.23595283715196774,1.5853205975105997,0.028649267834566096,0.035231541769427374
Random_5203,0.2314618162149132,0.1481915843868929,0.04893460640285608,0.018005799630243874
Random_5204,0.1382331346427594,1.748135560160539,0.008953707543064494,0.02962940806030321
Random_5205,0.16367827804696514,0.6812825067125787,0.009054930660632541,0.017973254563780402
Random_5206,0.029346387700642095,1.5234315294006038,0.0209756904726989,0.028945319434100333
Random_5207,0.256815140433894,0.17849874201308957,0.04839909737046118,0.03622816936278694
Random_5208,0.15917516006535956,0.18333893638110255,0.02475134417526991,0.004976619455274107
Random_5209,0.1956248863070219,1.4769607054226306,0.017350431357781394,0.013030044727675587
Random_5210,0.13416933992421842,0.43968858838666847,0.033249322263848594,0.01802124280251142
Random_5211,0.1876353070336559,0.8385353004867266,0.03494777155807614,0.010163625277033333
Random_5212,0.17989888627765538,0.3734856086217587,0.048575159677086935,0.01856361101799803
Random_5213,0.09339990977542868,0.7584403418635852,0.013763253543956668,0.014799253948169024
Random_5214,0.26752897340924126,1.498094296421267,0.034066056021200324,0.03985620116613094
Random_5215,0.13461096327356276,0.945880335547708,0.019103370731090374,0.006120440955422996
Random_5216,0.1278322573289567,1.7755832429559275,0.04588511276202577,0.03900036601923023
Random_5217,0.2996591759847799,0.49098490857221255,0.03735804945261112,0.035483657644886216
Random_5218,0.22638067132358095,1.9301229620966092,0.0036690620066226203,0.0010597971806240976
Random_5219,0.03469094141487864,0.46037665361312174,0.009001423258475198,0.024471696082988704
Random_5220,0.010357972264233685,1.2787833827940263,0.011744668108353298,0.020428007552966945
Random_5221,0.23243175853519088,0.28146285856752795,0.027262692308420707,0.030003904853989863
Random_5222,0.29651252017624324,1.421529954841926,0.04701795121415817,0.023991071474759616
Random_5223,0.038634037020067534,1.6409197741902408,0.049690246075967066,0.028841703526479072
Random_5224,0.2659287533595154,1.49469944917949,0.03133011176544516,0.00243267869097188
Random_5225,0.27337854352319246,1.527134796883782,0.0014684445977461017,0.036883726878105434
Random_5226,0.18644853550237872,1.2306934051091396,0.03266158940794312,0.024915556121099126
Random_5227,0.25332618100404697,0.776524726281565,0.0034430852299558606,0.011895709079540878
Random_5228,0.22437245485012644,0.5377192534072034,0.040398101818332796,0.01033331878192506
Random_5229,0.09563757730977512,0.28035558560609164,0.04134076549967094,0.02187364379771578
Random_5230,0.21627696609644406,0.5254786705849467,0.0012316160908809777,0.03028189877052705
Random_5231,0.050762966287744876,0.8052497907601217,0.042888342458829325,0.006556880222071589
Random_5232,0.04540332498540776,1.3347341173851466,0.02144354810961696,0.018171795943459735
Random_5233,0.22075342774887863,0.16580569927927322,0.031169063649041637,0.036311485851324356
Random_5234,0.045059390150632206,0.4040679587256646,0.022109506191843317,0.017641925421148504
Random_5235,0.2248162488962767,1.4475936515185206,0.00548033992716266,0.037350179373724285
Random_5236,0.14736064158969536,1.999826002366746,0.014831624156314574,0.00969692737502709
Random_5237,0.029645587090738407,1.0124719082554623,0.02200124977644994,0.027169940755599843
Random_5238,0.04030524797786603,0.8775383410962824,0.006896386032420404,0.01860063114868888
Random_5239,0.2272170466605024,1.6565321312170438,0.005116634155047405,0.019470652753393457
Random_5240,0.029585564424357846,0.8089002186207948,0.005648293956625436,0.007608535678716263
Random_5241,0.12078928534882098,0.9472535424204565,0.04169710910941352,0.028858739981742952
Random_5242,0.2145447650721085,0.8252582264640028,0.004841114809371749,0.018945612109993775
Random_5243,0.05270527042440324,1.2710097786213361,0.015708422269457904,0.01553131870092701
Random_5244,0.06886840728843893,0.8511501828884553,0.04016382953678179,0.022191704301815825
Random_5245,0.10736925723402667,0.9092141130074117,0.04618682440077003,0.010588937228981292
Random_5246,0.012531358098343097,0.5723465883871854,0.041763472953238207,0.024555839278033925
Random_5247,0.017371665240025078,0.2693317700882186,0.03673297430990855,0.027993654452024654
Random_5248,0.19837002550295818,1.9073198871633699,0.022661000027743322,0.03109684990341564
Random_5249,0.15053730334345874,0.8538201979816621,0.019169130080839654,0.014671703241998433
Random_5250,0.017225624984444993,0.8760788548751879,0.0019910353718305884,0.028820807798001957
Random_5251,0.04723038168585759,1.9922105246651187,0.049706663371752904,0.009336953091650044
Random_5252,0.1501191156719442,1.1259548608499697,0.04170259117502981,0.027857619832292825
Random_5253,0.14886636388889557,1.4617210920979653,0.0324648551180077,0.021305621246085725
Random_5254,0.10603255640716949,0.5923231889561572,0.045348452214668905,0.005951671707874853
Random_5255,0.06898603599119815,1.3747964072594536,0.03277206410478008,0.02544714465376802
Random_5256,0.24370435108789743,0.36551727483045904,0.04611353766726991,0.014115001986785152
Random_5257,0.12003779320644346,0.4633144387544712,0.010249423813912702,0.01077499366709685
Random_5258,0.23749156257188558,1.8429967170531965,0.03550281112724689,0.01676588926578233
Random_5259,0.18437197978690417,0.2519606399834915,0.04850395659285756,0.023565442154032334
Random_5260,0.17450776604479945,0.2189619952991248,0.007096523937784108,0.017598387732229374
Random_5261,0.146480797550968,0.91559390266023,0.010719589432417853,0.00894606930145839
Random_5262,0.17551192842141267,0.6104805076751902,0.024965067581612117,0.03870799073429114
Random_5263,0.08433745880027248,0.9755430687903784,0.02755298294704497,0.026729955201255224
Random_5264,0.07597555772851472,0.6102430386587335,0.010599594769899058,0.021959186250845728
Random_5265,0.05238296241853627,0.33945961192424445,0.03253278026825617,0.023113149044693783
Random_5266,0.0220913743894492,1.6504534516401899,0.02658509859475907,0.018706753985117043
Random_5267,0.2179141886466209,0.9331669417162982,0.027634275018825576,0.03500242970033436
Random_5268,0.28988196479319456,1.8415818618548783,0.04582062254765789,0.004004339647697679
Random_5269,0.03302734818877629,1.8597195937565474,0.03997125347080302,0.012501220268445572
Random_5270,0.15385826633473823,1.8539611499728108,0.029139605173387383,0.03249896150860538
Random_5271,0.021062978283165824,0.9426202853528721,0.040245095788570724,0.01814413575080027
Random_5272,0.06999815407281286,1.3853108565403793,0.02102186541935366,0.01445038282124126
Random_5273,0.2864861732809514,0.6433712496896303,0.042494752766955086,0.0017375134661837745
Random_5274,0.03205704860644001,1.6393784011170098,0.03996908495276739,0.02639024943572518
Random_5275,0.05352349519147226,1.26472671482472,0.02269315382149748,0.010783354257263827
Random_5276,0.13164262852761757,0.42149329695625026,0.04839427939621865,0.017114532495790397
Random_5277,0.10957819205899326,1.376789708773286,0.014195291227584946,0.019199983868902214
Random_5278,0.18145058844848783,0.2702984517651167,0.0451936217622892,0.034635977074270505
Random_5279,0.18141900998389118,1.4392171191880658,0.01219130093594693,0.005307319517364987
Random_5280,0.2306830198789387,1.170895937419134,0.005007099778828245,0.002348172265105893
Random_5281,0.07296704885266114,0.8551510733122151,0.019093607170848924,0.039641945930482314
Random_5282,0.11304610534491755,0.7422921752302792,0.026577127125946044,0.021959670196837953
Random_5283,0.2333515805726058,1.840551321154352,0.012838213177952012,0.001142276011529156
Random_5284,0.17641743160701845,1.0887894508319964,0.03151931361945427,0.00306377651529555
Random_5285,0.22799333245143014,1.5282681517770527,0.005496633349031572,0.027259363109253414
Random_5286,0.18571305297610513,1.3334278605026182,0.0011913051251416244,0.017592909752055068
Random_5287,0.07028438066937745,0.30345371985868347,0.016678140824521456,0.01322717081627884
Random_5288,0.1510396067089643,1.6351886254460408,0.038091444977918665,0.00661913177042969
Random_5289,0.08084783920111667,0.2029528500215837,0.0033334427875853626,0.003981892074351822
Random_5290,0.2863054805135606,0.5314063129913025,0.016566981724997563,0.010174210645362902
Random_5291,0.04292442117600594,0.3132806958239032,0.03448297149627867,0.01986724310159572
Random_5292,0.13487701312165798,0.3610438186775412,0.01971315276314118,0.024018393054748732
Random_5293,0.11908895791631001,0.7136132856230725,0.01295701576013071,0.008628025980287331
Random_5294,0.014403622109299179,1.674780285887717,0.04974235289304813,0.03600349969642804
Random_5295,0.005363124228571348,1.233620181667289,0.01997985034974173,0.004016901715230478
Random_5296,0.2950231792714601,0.5938257519556355,0.046964834730238936,0.036740153868850885
Random_5297,0.019281442796139157,0.6929298625593197,0.016557158564565088,0.015065070001684326
Random_5298,0.19786338395145325,0.9511289157255933,0.04953387731007348,0.03308873177596564
Random_5299,0.19377755444546835,1.5020986240579244,0.04729164902462483,0.03286317119999773
Random_5300,0.155168865830706,1.949146265027075,0.018044627618423854,0.007445035528766342
Random_5301,0.04559012413282998,1.1384889726622398,0.01700496895569051,0.029123843448908164
Random_5302,0.013367200636045129,1.9999241858658632,0.031149884270641633,0.03437108272425999
Random_5303,0.16418372197581904,1.6126054282663655,0.032976721568807064,0.022530220800131943
Random_5304,0.23350627494856194,0.6807113725415476,0.03307113908219214,0.01969468204540477
Random_5305,0.09374561185743792,0.7251865327006658,0.01897484120638702,0.020410544697791532
Random_5306,0.09316996371705273,0.15071354127068706,0.049765217072181935,0.023697995612513855
Random_5307,0.145433514686816,1.334740658543317,0.04746832665068839,0.03870034836318538
Random_5308,0.0939424607780273,1.5072575821923584,0.006915196436260957,0.0026689505716789123
Random_5309,0.2874521147991752,1.1281785054157347,0.032441772921599644,0.03319228546554374
Random_5310,0.07838438965862882,0.5847414685417235,0.04412183566367875,0.009610860215452429
Random_5311,0.16482415372153533,1.570271151190428,0.0024496438314717114,0.0020683317413436484
Random_5312,0.17760901931233689,1.2077652715630673,0.023283459608093384,0.034163218752999366
Random_5313,0.15428819138842856,0.6281155818775853,0.011280174856251612,0.007668865228615022
Random_5314,0.09795476220556726,1.3920102840493123,0.0487265646118268,0.004150182580911427
Random_5315,0.17125213534779524,1.8443433389645052,0.027520351562815997,0.03218893054178615
Random_5316,0.08605467283977945,0.859458290846941,0.006247182064288067,0.02768819806494044
Random_5317,0.006983923250523577,1.08900676103572,0.010724844933642078,0.002816988577195671
Random_5318,0.24256676440429073,1.3070892243035352,0.005808517017848484,0.01356247079332968
Random_5319,0.010673616508807614,0.8193410844255656,0.0027996136617827938,0.010866582733431097
Random_5320,0.05294476542919056,0.8349820844204661,0.027819298844730216,0.00625461879583676
Random_5321,0.15277187722352997,0.2526854735451601,0.028371118023478827,0.012497112830024318
Random_5322,0.0070635631751331494,1.8160055960487456,0.015577600095985099,0.029154347969747682
Random_5323,0.11074683821932907,1.1088979359860955,0.021588050441790085,0.0036297609815137393
Random_5324,0.03953117218559616,0.7381710086249427,0.001563576264620276,0.027619089944561297
Random_5325,0.08437194793941163,0.4593864204351925,0.023942115625015727,0.037451249548863
Random_5326,0.04046189718046324,0.9381520989218943,0.02244171738138646,0.02684068135326173
Random_5327,0.07074727501548883,0.7938770580492288,0.03887679274949979,0.037262486227974824
Random_5328,0.09074979827897513,1.6964769736885863,0.020916283923025886,0.029045170101023185
Random_5329,0.24131328750101055,1.4876789061617215,0.003907921827527763,0.01389168766309655
Random_5330,0.04508388328364426,0.2788768123745278,0.04242830766866672,0.021493024424166653
Random_5331,0.13823430287499008,1.364909681221863,0.02927350773680984,0.02249474809656908
Random_5332,0.07843122456250383,0.6640428129891746,0.025726959514005308,0.00778551386243129
Random_5333,0.18304700863560985,1.1602120070930562,0.016313283187360247,0.00794221979469804
Random_5334,0.2980130254717466,1.6399175706756837,0.019471149654986728,0.019733675537896015
Random_5335,0.025851622472197425,0.15169933809335687,0.019242971421847072,0.00834198751224934
Random_5336,0.0707892818518544,1.6338907930048414,0.01761929561735163,0.01687420548941446
Random_5337,0.15082053888801367,0.1380531654985931,0.03724351048958837,0.03493443153882603
Random_5338,0.2526578391572371,1.3055665878851943,0.04406717739572485,0.010411168798743382
Random_5339,0.047627599341746756,0.9186041680069227,0.04780260750914012,0.003991126005098836
Random_5340,0.26568823158568755,1.272982838655129,0.026761717258215384,0.03683187461948609
Random_5341,0.09621156491225437,1.9125008728000221,0.03133281380349841,0.014074698525738678
Random_5342,0.2490924417327355,1.803010968468217,0.015398140035831731,0.019167735428991327
Random_5343,0.2502986291517096,0.9754141009899964,0.04303447384724967,0.03250284844529853
Random_5344,0.2784699680019937,1.0435897811037085,0.04011565699150308,0.03451684145989413
Random_5345,0.17859881678120113,1.9647098306896598,0.03809732834307513,0.03167886580779228
Random_5346,0.03119233175623304,1.9368710474323345,0.020922686872685003,0.036314775363493465
Random_5347,0.05858089745197784,0.18516049582431596,0.03352215143230924,0.009948309622462122
Random_5348,0.21895887350873464,1.7129904220774796,0.02860113711074979,0.03663080392937695
Random_5349,0.28275685227891706,1.4735789315064618,0.049166641805134484,0.037542610643820175
Random_5350,0.11517331420532835,0.28025148962670454,0.035811304298345024,0.035170747593228247
Random_5351,0.10686977455944156,1.065478645724095,0.03153380031340083,0.027505217807944
Random_5352,0.16720987780377233,0.8401540626556223,0.03879475896754226,0.016707961938211172
Random_5353,0.17628216987503006,0.43341364818453576,0.046032996405332455,0.025218490982188174
Random_5354,0.04971640573170726,0.6389938628062459,0.02414701592126344,0.0023410542915419334
Random_5355,0.19941936120786993,0.867860928517598,0.015859726494643928,0.002280187082858031
Random_5356,0.19724747842059598,0.5325298242252252,0.025430818835237682,0.009673711821114078
Random_5357,0.2100484791477443,0.27529974192773116,0.019204613523490226,0.011537696662116109
Random_5358,0.07712057187433999,1.5023062734141712,0.0017427964416974486,0.01100223702010045
Random_5359,0.03683082006591122,0.32212016132241317,0.014901609729260676,0.0189637488310531
Random_5360,0.07396230185263208,0.5101439484777746,0.022109463322958274,0.0020740828769357784
Random_5361,0.19024508354606195,0.7735331623372641,0.03753909231166215,0.0011824093267635573
Random_5362,0.057524397328894146,0.2703436566175222,0.0022499077758203114,0.004907830668884566
Random_5363,0.14976332455704242,1.980212838473077,0.007939431796054223,0.01816877625717077
Random_5364,0.18954738405093757,1.20959232177917,0.03610854541898975,0.016448384939795127
Random_5365,0.22046543856517997,1.1779075124280416,0.04866780098263749,0.024445424095763023
Random_5366,0.058063524260543,0.5225940859081372,0.0334412801113256,0.008026626581672188
Random_5367,0.2440742069807849,1.0421913120951458,0.026814138972329246,0.03642677893167519
Random_5368,0.287609785111426,1.4667155237540075,0.035684876032974086,0.011063211396638458
Random_5369,0.22694563400859868,0.47368309237635386,0.03333288148936901,0.03124089128016992
Random_5370,0.2507664839877889,0.1005752946122601,0.03442804441674324,0.005413035294447052
Random_5371,0.14365607379312084,0.23318469815967735,0.01280495965555099,0.028297784222923894
Random_5372,0.22808654505536183,1.1309337777654773,0.011126074964392219,0.002167886721298771
Random_5373,0.17209986778588687,0.5708220644442408,0.018402092555023217,0.018673089497614433
Random_5374,0.12511033834329782,0.39312271665699394,0.017516732931687862,0.03093703621852973
Random_5375,0.020726181059261228,0.35508379172293125,0.020273799456842777,0.0019025057156357161
Random_5376,0.29597868685568535,1.4997124179674755,0.0035480756932431863,0.011284407665057953
Random_5377,0.031884373708138423,1.5226128993829287,0.04683724849796959,0.007825084766745267
Random_5378,0.08733004674624366,1.7542382817608884,0.04252028615645221,0.015948706467094467
Random_5379,0.029289132051579406,0.5653443295201047,0.03356025881152513,0.03299660575998615
Random_5380,0.058461765163956535,1.8803342988157037,0.012076069402876657,0.003016101523201322
Random_5381,0.22802623186429583,1.9646367570633072,0.005276572199039637,0.020540182133179617
Random_5382,0.09850679383616735,0.8962185227411107,0.026178851364789715,0.001987970672469832
Random_5383,0.1567433147308902,1.1065847896955443,0.04010933798668612,0.02654915714252272
Random_5384,0.22449302552145894,0.44069642876448745,0.006946837110355271,0.033895145646779694
Random_5385,0.09201863064132898,0.5122904737241395,0.027247011699000498,0.017547174277686737
Random_5386,0.2785769895949415,0.25588980051011995,0.04271029702326687,0.009409114588499263
Random_5387,0.05475942189847356,1.033143029595948,0.01769594207034244,0.00892278363339272
Random_5388,0.21542752764088025,0.5102131246971789,0.008826749746747999,0.004798169890440246
Random_5389,0.07413475932422019,0.1495858809650374,0.029769399407794803,0.02195378227362283
Random_5390,0.28325026314475465,1.279108911897486,0.03400220509582414,0.02210387546774499
Random_5391,0.13298513524892286,1.0139608359989472,0.04238063484161206,0.017058269303497728
Random_5392,0.11775298160777165,1.086297805652409,0.04367347753772013,0.021431177024337555
Random_5393,0.2149759905878148,1.6690582498276254,0.04979065706024763,0.017675978319510014
Random_5394,0.08314688628693408,0.39368163408322854,0.04752737249341329,0.03447525227672707
Random_5395,0.2390372212602518,1.9708125189138679,0.023984333457799815,0.024141911803771666
Random_5396,0.208013899679393,1.9961921058854226,0.03257158148511921,0.017864365300468768
Random_5397,0.23146863913793483,0.8144019898457421,0.0019011603336320769,0.036164741120254126
Random_5398,0.006797749101041263,1.241485298156988,0.014381998589597041,0.009568310539314905
Random_5399,0.14725405396509011,0.2797645073366032,0.04671361213254264,0.008909110683326168
Random_5400,0.24009757965914902,0.3907745331744056,0.015367154393379642,0.03500230602196044
Random_5401,0.03261168844898373,0.4999701093464105,0.0433663398787806,0.01332505106325627
Random_5402,0.08239671689605983,0.11669848540423652,0.01780245399003348,0.026712339127485298
Random_5403,0.1520417882989439,0.6257442449022902,0.020033078427556337,0.02963206026959471
Random_5404,0.08834906733164598,1.3614760511905215,0.0035626579633674118,0.0037011040640453447
Random_5405,0.17909044488089607,1.1205474286819244,0.0475019949826371,0.032919304416102774
Random_5406,0.06348965063884335,1.9772819342390369,0.007317277386437404,0.039589748359282056
Random_5407,0.21202222167378562,0.11804502112417443,0.04026360970673138,0.008044068681065619
Random_5408,0.29532247579557314,0.7645568689489318,0.009464203282255002,0.036616268053552066
Random_5409,0.1301796552304157,1.007932060536432,0.042350668944107855,0.006043345387721733
Random_5410,0.2697764135037085,0.20958829802773782,0.009179474193913444,0.0031521228221096913
Random_5411,0.022639596591818596,0.19589335420329024,0.012713503199394335,0.014778352174374773
Random_5412,0.26328422641878146,1.0985602875617468,0.027946496344669353,0.014693878263751788
Random_5413,0.05371295921268899,0.8259908597115316,0.04078660721701619,0.003579671499999644
Random_5414,0.25937226699895266,1.038732879063923,0.040665906832169745,0.006392139450454975
Random_5415,0.2822149386775566,0.8379590806460393,0.013491401228550096,0.02484934159194561
Random_5416,0.23755800798143348,0.1782661423401835,0.010055713125371908,0.027760169673959768
Random_5417,0.28067171669993785,1.6707987893769924,0.044677822973717835,0.03080661013225468
Random_5418,0.11955228401968515,1.6061446345911967,0.027995232915189464,0.018517829864134142
Random_5419,0.04366580182659807,1.6738148389584036,0.04091932876066066,0.029573523333456794
Random_5420,0.09496793426920834,0.5906697320587041,0.020339984547457318,0.023618554402013183
Random_5421,0.1040116940894242,0.609179750820445,0.04758179235974619,0.012338560420927638
Random_5422,0.2031421187838901,0.4916860903433026,0.03133635581643696,0.01778112771031565
Random_5423,0.2186004361401251,1.4469167310271938,0.047805545052703714,0.014446064661213155
Random_5424,0.27282606703156537,1.013071344477025,0.015309860207906312,0.00420481673866829
Random_5425,0.011264630950571453,1.4605679361076616,0.0311099754014122,0.02030132640408854
Random_5426,0.21336621532472894,0.7823323639600694,0.0025098255540640605,0.02958252943099676
Random_5427,0.09606002295538273,0.7359800618552376,0.04456236703722104,0.017860713903151682
Random_5428,0.27034457438282017,0.11165401760378914,0.017699743984302033,0.0148905473419053
Random_5429,0.05308941276870013,1.3725207025133985,0.027013335128493386,0.01852702009620043
Random_5430,0.13114459071857207,1.184046700503311,0.03806224922667294,0.032658042872266556
Random_5431,0.009384943983790778,1.7594297598043775,0.02575631845641605,0.0010439716301993344
Random_5432,0.13481593961229985,1.3900541909513409,0.03594768754059856,0.013144133829019584
Random_5433,0.27311746959199623,1.2353639137534405,0.001185641633398937,0.03278049370362787
Random_5434,0.132129869524516,1.8056665750630043,0.022809107946282093,0.011825061167141597
Random_5435,0.21660686328178075,0.7191737972491826,0.037974606933414465,0.02858047798926097
Random_5436,0.25519602797920415,0.6447251555888948,0.018281471173950327,0.009042867542582305
Random_5437,0.1335215863289578,0.6183527576962926,0.025526176023233118,0.016310665863851808
Random_5438,0.05190830262505913,1.7863508111851152,0.040511455191437215,0.01350972980525347
Random_5439,0.2584118407192968,1.6540668958052367,0.030357293663432802,0.029991562204214374
Random_5440,0.05146197636524952,1.9187141104473366,0.02510651362166963,0.03949884784978384
Random_5441,0.18232743545879296,1.8076019202053861,0.007352218412864487,0.006778196317329557
Random_5442,0.03972814824808606,0.8905886704360536,0.020657023010556354,0.029550136904544187
Random_5443,0.12729348749497585,1.2137786736466416,0.001080048670720579,0.024917577397099662
Random_5444,0.005848435130437339,0.5251787552143248,0.04015598691521093,0.020778917535636748
Random_5445,0.21881243037857293,0.4964263781737793,0.03985014295996642,0.005573798018714082
Random_5446,0.2502447843418157,0.33252508862543395,0.03946500361337267,0.029099695803243605
Random_5447,0.09539477401879447,0.7828318389332095,0.04344997131235421,0.012136347389871044
Random_5448,0.2752425342618384,0.4286497201381394,0.040388336128627834,0.025742736099304633
Random_5449,0.04236859602526835,1.970218608764319,0.02099678434865357,0.00576650543197021
Random_5450,0.20459043316504913,1.1245558146962285,0.010875325543447337,0.01902339488038422
Random_5451,0.06557057078180462,1.0341936115629486,0.014148485962536525,0.0207009634699858
Random_5452,0.08606837592725132,1.680307888774211,0.03809354178392435,0.02622990796151347
Random_5453,0.02616214533095266,0.2296753762646247,0.02431129720585844,0.03786578123839244
Random_5454,0.0719469372763904,1.6377188893362957,0.00967188094856327,0.028121242580008674
Random_5455,0.036338395502205155,1.469872835645387,0.028481044946050943,0.006833191031474856
Random_5456,0.11099001409011265,0.5784942565511412,0.02340297023594831,0.012736359594219593
Random_5457,0.047031694280804844,1.4832028330985376,0.04147991240100516,0.03497966127826515
Random_5458,0.25074306355521964,1.2763764400637752,0.02814245240667821,0.029236836901750506
Random_5459,0.12115054364665973,0.5244780053316125,0.0063049467065908775,0.019830512310425763
Random_5460,0.11588826022955859,0.8500511838248449,0.018478573310370335,0.009307038109665523
Random_5461,0.2856621975719014,0.9170223732782176,0.019609172599632133,0.002628360167841019
Random_5462,0.22489486537025516,1.427348296666898,0.007239251415070842,0.036010911446028845
Random_5463,0.26662730858772543,0.4668581970987844,0.006937471653766748,0.0223865922970672
Random_5464,0.10627985007812916,1.4236530621036119,0.0074227145216521125,0.034404464552582836
Random_5465,0.041730336764042024,1.614309318927325,0.046058054505250245,0.03705021971325162
Random_5466,0.22954167126878258,0.4070192233853389,0.014894874861483658,0.026635901786786556
Random_5467,0.07082984556512706,1.886459387395498,0.01503715584628516,0.02248986498627236
Random_5468,0.04762009692389284,0.7879954147340726,0.01848894848339392,0.00467190572905493
Random_5469,0.19950753656556286,0.40474574521306306,0.02213399761756803,0.03118252297820653
Random_5470,0.006131086423730486,1.029128053087399,0.048882608089407004,0.030811590503710563
Random_5471,0.13360055180992633,1.8452626176904139,0.027974966771401058,0.010996996736234037
Random_5472,0.13083651261365864,0.7834299790135973,0.03803372245214637,0.012359523502447966
Random_5473,0.10786791500087323,1.1609079052306563,0.022646003580760618,0.03632700959938994
Random_5474,0.09776877418858688,1.9450755203786678,0.04130364957057096,0.019315139634164435
Random_5475,0.01736761106116819,1.3471856470001624,0.011720806990337052,0.032653393929007145
Random_5476,0.2231922022616865,0.5051071869085528,0.020975782870469854,0.003823355613636669
Random_5477,0.07149254980757314,1.1104107016572091,0.007066223357980936,0.024269738966217785
Random_5478,0.23168285538219768,0.44884397092912076,0.002953396010266597,0.03016949442601791
Random_5479,0.23497941553681517,1.885601797121258,0.015066110194307133,0.021725737485108615
Random_5480,0.1640791481415301,0.9639486622535772,0.030741279388302935,0.00542678469499089
Random_5481,0.12647303236574947,1.0901648177987455,0.014984725865001311,0.006177874636549173
Random_5482,0.01418185617997898,0.4248445817117785,0.041230334071670365,0.026886065610356648
Random_5483,0.25513990252058366,1.3499418774056238,0.02885339481640704,0.029522006811360777
Random_5484,0.17671416734734788,1.562069413650085,0.028953136422328742,0.02194017964555284
Random_5485,0.012516254726054025,0.6224548833903435,0.014878562558646311,0.031748857560765585
Random_5486,0.032939993703805896,1.9359941200329007,0.036599013578014594,0.02403861789616986
Random_5487,0.1956107617987008,1.3732466314386687,0.0026051676782371954,0.002148159404702864
Random_5488,0.29823320860376507,1.4396599173726112,0.030619239626993804,0.024776198265008605
Random_5489,0.25156405854396,1.188375413343291,0.047743516137843146,0.0023592729054193024
Random_5490,0.2058661413695432,1.7990360115822777,0.006654898446639886,0.011124628872115166
Random_5491,0.16139788080017825,0.11597616774115578,0.030901159370261812,0.027948072627107075
Random_5492,0.2956831071214232,0.9762299375096037,0.02273657437832718,0.017403075056411935
Random_5493,0.10213566013012332,1.9218062131448024,0.003150816876463263,0.020773832378734654
Random_5494,0.20718594697625298,0.5607174136500893,0.0405427452483518,0.03201007278677422
Random_5495,0.2861305419482098,1.0135433269932874,0.023834738234767967,0.003585480431203957
Random_5496,0.13225662268547575,1.1949177674414762,0.022170041320403427,0.03185849893210856
Random_5497,0.0235508838841316,1.5568169960277938,0.04248197492669592,0.03120263288914601
Random_5498,0.2772739194106143,1.948776735708084,0.013231308821295081,0.023244358482017856
Random_5499,0.05188926418699862,0.7959899149839518,0.012231216405511211,0.0035478971401663277
Random_5500,0.2629865320879637,0.6126555269111764,0.013388158285573635,0.03843657711599315
Random_5501,0.02301970395327412,1.8680300450627891,0.041898929387156315,0.030857316521420722
Random_5502,0.1304650014835389,1.9009309812591728,0.04631461776463242,0.010253798107589574
Random_5503,0.03496574448908531,1.0619440307824553,0.03015541051856281,0.016852113992477474
Random_5504,0.11171985288954032,0.2478284464583208,0.027893183912606784,0.01269535092385764
Random_5505,0.05438548607775138,0.112306957632424,0.013630790712712053,0.019972510478268854
Random_5506,0.05156110695658831,0.32548900809725534,0.04563038049108014,0.030881344760141524
Random_5507,0.06885331289161069,0.24600016840883332,0.02092383440545449,0.03465191557595741
Random_5508,0.06523401918979296,0.5098917766630269,0.029403668973957037,0.01175589781064143
Random_5509,0.1293017818397627,1.697896082000217,0.004024030676391991,0.028673633312583546
Random_5510,0.15039861974519697,1.7209666934299852,0.009658439692898008,0.007660443202436288
Random_5511,0.14695053275638933,0.8483629013899233,0.00880621366542076,0.028319476713341594
Random_5512,0.025033729334690967,1.8023936971701073,0.016996980931980776,0.0318584245197596
Random_5513,0.05221672723179583,1.5875300850083363,0.044775999043431505,0.009634539579054649
Random_5514,0.19289914054179086,0.2574904376597329,0.014332973726229811,0.009320230905324921
Random_5515,0.25560136051219384,0.47624737615112755,0.033792582290933904,0.005256462384043872
Random_5516,0.19300418820729176,0.9614043504347265,0.021077272798077,0.005071451769978464
Random_5517,0.0932892703856255,0.7744271677117552,0.022782286377135745,0.006179771416533988
Random_5518,0.045098806074509126,1.7188793763001553,0.018281885963318107,0.012395011939486542
Random_5519,0.15029730023075144,1.5887672713348062,0.033974713596727574,0.03882496943747735
Random_5520,0.047772642483528145,0.5336980759870593,0.0071534759063624125,0.027026692473460363
Random_5521,0.02488815036361663,1.123198332307525,0.019378592509848133,0.007216555331225829
Random_5522,0.12296282234421792,0.25123207556517824,0.008422847508721548,0.00691994785443647
Random_5523,0.04123637519104352,1.0734691896690882,0.024996183872226567,0.03018415785985682
Random_5524,0.12639057523232705,0.7744104846957339,0.020551047710177597,0.03653639030109087
Random_5525,0.14089492968319325,1.147285583604755,0.025931273474272275,0.03341572124136016
Random_5526,0.2745624832514063,0.567789942796385,0.04579307248843045,0.019458567505338416
Random_5527,0.03331668912752737,1.381088812981273,0.007284391795584227,0.037841564433385266
Random_5528,0.17667533060700227,1.5856816102150828,0.026155514585967685,0.024675058328543092
Random_5529,0.042754667833806714,0.5867902723622225,0.031033890594304534,0.0038526371618770403
Random_5530,0.2117381338616702,1.9024633187052669,0.008357616042604883,0.03967254216088687
Random_5531,0.02857321866847014,0.7293581818664077,0.026987455649062665,0.027200810724912258
Random_5532,0.20852430561973517,1.573988513358755,0.040118666746885634,0.028360631948376885
Random_5533,0.24897609450012595,0.29051159634550394,0.03348954082623444,0.011230710176060772
Random_5534,0.2927289478547113,0.4184542717662164,0.03809314510359308,0.01428321835050373
Random_5535,0.21011473062691047,1.7185295491529766,0.030839994415430658,0.0044637417346215305
Random_5536,0.11148367077054973,1.203048282672778,0.01593334151139171,0.03724939406709548
Random_5537,0.2331885317382659,0.44338597082209497,0.005414069975103059,0.03127890229688355
Random_5538,0.24170275541786898,1.8232286464039738,0.024997056771370523,0.028818476308934905
Random_5539,0.27168240472541993,0.40046335421110846,0.01721364874825061,0.008084389659992341
Random_5540,0.08420305589255797,1.1969743121552172,0.04552814181416947,0.0011750888938095272
Random_5541,0.08997074924714343,0.49188582874711184,0.025145699790134854,0.00820627935852383
Random_5542,0.019086043449839808,0.6889000579718757,0.0057252551510876964,0.004218932397618054
Random_5543,0.1254278841155434,1.455983378558656,0.001182408621558346,0.017974579863375827
Random_5544,0.1998661393817202,0.6582981017806807,0.034786896669286436,0.01034308429359167
Random_5545,0.03918174215531565,1.6751315476865711,0.0498724048380321,0.03340059362350109
Random_5546,0.055435172690429683,0.6050274030870337,0.039778008200508974,0.02968902869084947
Random_5547,0.0830216235496512,1.1145336690871401,0.008473181175586096,0.03381637911017239
Random_5548,0.2891246265760178,0.14055366003961817,0.03379483682587603,0.014488670714109381
Random_5549,0.20131457683033482,1.733046464717569,0.004603103360750481,0.020942443286572122
Random_5550,0.15541264268616453,1.0627971783907042,0.03070963642362624,0.007300541214379083
Random_5551,0.06074346176318485,1.3863174682273633,0.026099360942961527,0.016933453307853258
Random_5552,0.06630823392129338,0.9862128232879542,0.023492929399426193,0.03860228900745678
Random_5553,0.29102052367060566,1.7015128860463526,0.014554324658527622,0.03033890557726429
Random_5554,0.18683120107054005,1.0480615045485577,0.0379597911077055,0.033296442032334846
Random_5555,0.29016291079170736,1.815229896788884,0.021765139610070868,0.014020079470298673
Random_5556,0.04022347815687659,0.12734743249569375,0.02391823105531754,0.03391181450390621
Random_5557,0.2098732884702409,1.1863568058653142,0.046327404100013854,0.03629606503202485
Random_5558,0.04379342549521718,1.3395170938254402,0.03570636921617071,0.005256436283429567
Random_5559,0.2084628871420341,0.8313778553918898,0.0282629828701427,0.02171733909383948
Random_5560,0.02711152475790543,1.871258677000352,0.04618309705886194,0.03427943945156653
Random_5561,0.20579381642949834,0.9935894254823076,0.03188205965899613,0.016914798815980396
Random_5562,0.12030075578433426,0.4594348967767956,0.03187292124355063,0.004562423938205348
Random_5563,0.11502998239270042,0.7078299651267672,0.012317523444562425,0.03918226262803232
Random_5564,0.21586266736016607,0.8687863225351091,0.005924753498853194,0.014271171925878713
Random_5565,0.183733120747753,1.5831780795047274,0.04921778892631456,0.02035615098030517
Random_5566,0.10033718687187146,0.5149797677095032,0.042245446662752796,0.006229344824968386
Random_5567,0.08736539786930352,1.8093193701859949,0.026906697615901025,0.001632743749759777
Random_5568,0.12425756303823945,0.603112866646323,0.017281825311899264,0.018356347907388677
Random_5569,0.11158179629487365,1.908494334538653,0.034927074590377985,0.018627295181517744
Random_5570,0.24399129103064762,1.8475491195648084,0.03898556997539142,0.007707606973969974
Random_5571,0.1620121723976332,1.0693252028627334,0.0316593394337519,0.02641329227837219
Random_5572,0.11414501270871955,1.3516271073035606,0.011014903788550606,0.009822036163766507
Random_5573,0.2709148037682427,1.762407535468259,0.04028873598814318,0.013308616944460096
Random_5574,0.1702527192646249,1.658467266377522,0.03660605773891179,0.008646678732121712
Random_5575,0.23145953556405732,0.7105382065967266,0.02195841262659998,0.006280803406385583
Random_5576,0.13551757107502935,1.2053339643208927,0.025155329353818975,0.016103872078368595
Random_5577,0.1628546500022227,1.6661760782252528,0.035532550963502295,0.024774414624466654
Random_5578,0.187301538521427,1.332691260778933,0.022812859595308755,0.010261447158025482
Random_5579,0.23580500259200005,1.8910789052280819,0.030333750767358558,0.029415670305681388
Random_5580,0.2450272882123259,1.8111040312491329,0.04628684747788241,0.022708468491052788
Random_5581,0.015287985818977182,0.5397287074994348,0.02778214974739926,0.03229040711200886
Random_5582,0.09058385061463071,0.7850156455065578,0.04492687467664481,0.032691762250872204
Random_5583,0.20514857401181666,1.8452961961250687,0.015555402498302635,0.023471035319648444
Random_5584,0.29746867285961553,0.44463165311786057,0.011287763110074265,0.037691533316617086
Random_5585,0.14761326746305786,1.2718423365359435,0.014858662431691406,0.02496247396089104
Random_5586,0.09163433617580367,0.4906575757341465,0.011577602702181215,0.037937250965473256
Random_5587,0.1799944632010069,1.443480310599989,0.0025423335834019786,0.01579640847493826
Random_5588,0.16267475298040687,0.9085789585325502,0.01671434088093998,0.01504445245572909
Random_5589,0.051331214087767994,1.2452033500621498,0.03365596429041963,0.03225771053356753
Random_5590,0.01841186657749193,1.3389999329211069,0.04789414236310099,0.024849252806991125
Random_5591,0.16981929820423097,0.3027725705700494,0.01856596295424322,0.003974103325378352
Random_5592,0.04386584798302498,0.6915469718950971,0.014111257086953294,0.035477077277661265
Random_5593,0.190096701625391,1.1633078194282631,0.03988201287010205,0.005250754625719243
Random_5594,0.062476766789656156,1.7970297080649815,0.038458439758772,0.0171690524296388
Random_5595,0.13265154129270484,1.5275051744308819,0.01790882281472891,0.024206398407093745
Random_5596,0.29957014471900323,1.2582576917371318,0.020356201887048897,0.033942730011048895
Random_5597,0.02385108262461702,0.5314583779606419,0.013130243855692465,0.010490143131011157
Random_5598,0.2814455828141332,0.3157646860869392,0.011588809956957168,0.03511379393532181
Random_5599,0.024363078281824435,1.691176177116596,0.011352373534021035,0.015590741697405982
Random_5600,0.12562245946182743,0.10864731226629488,0.02136437156998396,0.010631490387383761
Random_5601,0.13224006611964184,0.9596978852044453,0.013476391794400772,0.0060284959812760925
Random_5602,0.1077907788828679,1.924267831835764,0.02908054617200182,0.02062764908259411
Random_5603,0.055408215971943925,0.7147089364880601,0.028248966259206962,0.01087124721069583
Random_5604,0.14942094770097772,0.4134986562890972,0.016752196874880877,0.031760674661142706
Random_5605,0.09653321119335674,1.0748671845521485,0.036905410446522235,0.034803797317242834
Random_5606,0.1452902891003478,1.1226926455356347,0.016199133402270534,0.02150103851318349
Random_5607,0.011904370170139875,0.2078501614938853,0.013117075607778424,0.03916372898933745
Random_5608,0.10743380008261547,0.7493547443582312,0.008786443140534844,0.035008269152997644
Random_5609,0.008376006309977273,0.1839455339331199,0.04118260148406448,0.008930950238089829
Random_5610,0.04396664721340385,1.4954542128666468,0.014580999987175249,0.019081922544607857
Random_5611,0.2312541515628151,0.5220607294384336,0.026928754884425643,0.004650502748656309
Random_5612,0.16671832601948297,1.00490949089105,0.008762799474278049,0.02354790110078019
Random_5613,0.22343151388973734,0.952259335675515,0.016956930418639868,0.010545854720180513
Random_5614,0.10415275255400301,0.46557902426383035,0.006425970390876611,0.035462388767058886
Random_5615,0.06062888692617714,0.21853477183433964,0.006269414951950585,0.020262026679541023
Random_5616,0.10922830355907227,1.705437704726522,0.016228955935305565,0.018097187139091957
Random_5617,0.24482857955290044,0.9412472752148346,0.03271625083212581,0.00919309646144328
Random_5618,0.008274687480962929,1.3283324894997877,0.024840428255774503,0.037169084491256194
Random_5619,0.04156362210086296,0.29717360174492424,0.012128473512505466,0.0026404027441761556
Random_5620,0.2942794242265485,1.2452007188716316,0.011454728361887167,0.016856675671383683
Random_5621,0.16838692240947867,0.8792079504843994,0.01609141679795722,0.031082936046914256
Random_5622,0.01035985726059748,1.0334479175705868,0.02617963163463188,0.008535808984274768
Random_5623,0.012955709396069312,1.2994946977080293,0.010986110684562012,0.020511910719302008
Random_5624,0.26680577760332613,1.7619577299033677,0.04498852313773451,0.008698788572843365
Random_5625,0.011382234580335028,1.7189028924717435,0.04161790713145731,0.021297797483204973
Random_5626,0.21707788121892635,0.6047944122054061,0.030588268542227112,0.03502405240377984
Random_5627,0.20650713342781102,1.8284193212648687,0.038236098450405674,0.0026810230722493452
Random_5628,0.19930216605008128,1.5321981903570054,0.011395499333131987,0.027931759753536643
Random_5629,0.27976771763879427,0.39643543805285997,0.019919288721864034,0.0040333325788203915
Random_5630,0.18776057203472174,1.5514139991901528,0.02266016423458396,0.02791987348666033
Random_5631,0.1303658191180425,1.0099062287699716,0.011333495994118922,0.03481414189438185
Random_5632,0.15357896299465168,1.3257712329465035,0.03163451869335797,0.012643946297839385
Random_5633,0.05899535065006568,1.8447731759429444,0.04876632219658226,0.009603469728903018
Random_5634,0.0987315434404451,1.6761006172500421,0.008604562513857432,0.010546829664346925
Random_5635,0.06387035984859685,0.4854000164721488,0.03718929464663904,0.022383238829649675
Random_5636,0.26324668801570467,0.6665001741801236,0.018161706751271895,0.013097798066208737
Random_5637,0.16979552150593727,1.287293855609058,0.04011056215821951,0.0011290901985072338
Random_5638,0.05517877241024651,0.21801293335552074,0.025119065534705283,0.03269104292062697
Random_5639,0.015161588465100684,1.6484745090828172,0.048592318145618124,0.0050521582614362496
Random_5640,0.21780581552070202,1.270826230364169,0.023957832506603192,0.03010724887972425
Random_5641,0.07585947621750438,0.19934429670053735,0.017160456306174382,0.023572071409108577
Random_5642,0.19585161185323316,1.3110005299741438,0.044455074675880224,0.024908359474931734
Random_5643,0.04706074926600022,1.5194450755835527,0.04387832997199213,0.025473827287047408
Random_5644,0.11124771162810937,1.291967586866269,0.018673490132396452,0.005268416109259914
Random_5645,0.076977922445842,0.33639340154373276,0.03552796179298024,0.014113086458874519
Random_5646,0.17327748619089045,0.9568497372341759,0.017671752004729233,0.0031273230917560355
Random_5647,0.11152090507275322,1.634619306619676,0.037374775091099134,0.028020026205623223
Random_5648,0.17986885213636597,1.6153244442971046,0.0212057315492761,0.03973236959840433
Random_5649,0.18323719169174674,0.7846202003789965,0.034699334380602576,0.03579280315054873
Random_5650,0.2577911355746596,1.0196214259661254,0.04873378858811319,0.030898007108967004
Random_5651,0.14366508733831362,0.5019202912434234,0.00968755111522119,0.010380738515006042
Random_5652,0.2202004564903338,0.6399878660237537,0.01179984910894782,0.0011057783134784253
Random_5653,0.21124101355150515,0.6448112245171338,0.02781756863144393,0.03712087003758367
Random_5654,0.11272862950053333,0.1571302437311206,0.033747653590520364,0.023268074119491312
Random_5655,0.14268555744930758,1.124186273902155,0.046214702662875196,0.026049941951863255
Random_5656,0.0709705457791261,1.4754628315601621,0.0034364822907193395,0.018469874221550286
Random_5657,0.22731384676695757,0.1776730378225731,0.003030149263948366,0.019976275028400863
Random_5658,0.0920296166209657,0.42617048165626226,0.02839884719846559,0.03090249989345227
Random_5659,0.030335390374159974,1.6456231907230041,0.040175048187412736,0.00870577174919586
Random_5660,0.23158040741157068,0.935971840021124,0.04935983713217115,0.03211759132070807
Random_5661,0.19507253042061587,1.782669505903732,0.03705426643448282,0.003985726917258006
Random_5662,0.08230128809654207,0.309392749501589,0.03355292510070807,0.005849348219072265
Random_5663,0.029048633950915344,0.9914045794905224,0.020533216654043018,0.003763421250215272
Random_5664,0.24082106827494792,1.2611481339913093,0.0013308382085879034,0.006550581187824021
Random_5665,0.28361520275779434,1.9065668012172843,0.02100060826029864,0.021190025737532363
Random_5666,0.128134061657563,0.52807247963095,0.048178233575643575,0.017310792153288554
Random_5667,0.13889722173058058,0.9310737183506992,0.04008659440943428,0.013771875681194541
Random_5668,0.12364303423908035,1.473445779899326,0.04246438375320029,0.01564582165099
Random_5669,0.15453074828951835,1.5530649690085154,0.007484690073411101,0.033851234037217334
Random_5670,0.09452359917671362,1.6688298816083353,0.024627041568124432,0.00452500396071429
Random_5671,0.054494481163625014,0.34505478858873495,0.010082467974287225,0.03650846927182093
Random_5672,0.037240929063471234,1.3242018061103973,0.026449380779290172,0.02927946436561057
Random_5673,0.15843891866311924,1.7649695342417335,0.005680320663674699,0.029852795741672194
Random_5674,0.03974640038482566,0.689017717526826,0.026725318858493732,0.019083471841659424
Random_5675,0.02455528930421554,1.445961017806466,0.017460949406435746,0.01556440658240927
Random_5676,0.0588815942464914,1.5475784694116446,0.007397467210696603,0.011271396058472886
Random_5677,0.07266017724913362,1.82085399513697,0.04449415090080612,0.03418207506048101
Random_5678,0.17570999002754115,0.5527044508124813,0.013586776921581733,0.007965595553407128
Random_5679,0.08274944183467998,1.2358640966936492,0.03519574467677183,0.016289206435904785
Random_5680,0.268044008643961,0.15514264377755144,0.002114234131600571,0.02157956352645676
Random_5681,0.03578254957667114,1.9782305171231083,0.028857445837112576,0.011606259577009982
Random_5682,0.19995437255347406,0.2604892302855013,0.045588754504873305,0.002601952124162816
Random_5683,0.11069021780544266,1.5612986127565434,0.014918015056579987,0.01156492363264788
Random_5684,0.15998206277500468,1.186864054791388,0.04076174103526772,0.006415159901352714
Random_5685,0.06745044172047512,0.8158527221953679,0.04703339955596405,0.004933926064221687
Random_5686,0.12957921490527544,0.30653826908327064,0.01515495977338678,0.03834549359713658
Random_5687,0.14482310328061837,1.9018001352792382,0.025880906882372854,0.010339496599310435
Random_5688,0.2446892957067298,1.5569699698830723,0.0032872865376934756,0.03590267946665418
Random_5689,0.2724043461325635,0.6603405606913245,0.03264457753082884,0.01853706318962376
Random_5690,0.16532925637629625,0.9727026911137601,0.04833839814485401,0.00256308591475815
Random_5691,0.08553369308837724,0.1469562091958807,0.010078874583081092,0.011534164389799068
Random_5692,0.2846498384959438,1.756735314948258,0.0073136478173885374,0.03029018139866313
Random_5693,0.2715475335246985,0.49811369982718223,0.015398959736752607,0.023668105659720787
Random_5694,0.23717380522305853,1.0590158326370624,0.021572731376316472,0.005719569342504126
Random_5695,0.11844826600146496,1.6003427480103845,0.03439931805229183,0.017275891261896943
Random_5696,0.050097398002753486,0.6125743121713593,0.028821664782985094,0.002920435320977241
Random_5697,0.021418997231792542,0.6771972719593132,0.009900672827615507,0.020424740416784198
Random_5698,0.07996736415127129,1.773552916871889,0.02743295805020384,0.029411504941529224
Random_5699,0.15289605833278738,0.15403807847792628,0.004327164724241562,0.03434852701844223
Random_5700,0.1828998039842727,0.5155784025787582,0.028930603668023948,0.007697469919770749
Random_5701,0.02781792115148438,0.14040699964584744,0.020500450065199644,0.002462095918631956
Random_5702,0.24135220285659498,1.312809802285891,0.016423291438829257,0.026456012870570207
Random_5703,0.17950607962429507,1.5131361651039101,0.006919736220257586,0.02829677941305271
Random_5704,0.12592536841046428,0.9759247315307066,0.0317638555779739,0.014366711435885745
Random_5705,0.2637275444505969,0.6271904979024163,0.021974327418909114,0.023070600935772564
Random_5706,0.21666029393623704,1.1198691828568308,0.02407315655625356,0.004736093458150168
Random_5707,0.09467147162323093,1.531208432087032,0.042753492296212385,0.005337148390054494
Random_5708,0.12816595394582864,0.3567655988794999,0.034259959492827174,0.005412681616205283
Random_5709,0.2560749614426081,0.5472994878665207,0.005240924367758201,0.020682756243984197
Random_5710,0.1794107231901678,0.3974831907410571,0.012903470775470882,0.014366381884627969
Random_5711,0.12338857268754307,1.1295269475332905,0.02103974536549702,0.01973860846643509
Random_5712,0.09594813911935329,1.318695043801963,0.03667639211533061,0.002516067107076284
Random_5713,0.012215894722097595,1.4901366501664248,0.012655870239675918,0.0039140462196684
Random_5714,0.08790608025904786,1.7107736437123682,0.0357160828782359,0.00957874160709106
Random_5715,0.249255982834736,1.982677112363374,0.035283114283431796,0.026189543203788718
Random_5716,0.23082018840461493,1.5893727800679356,0.02385231217307373,0.029588490871391825
Random_5717,0.09271806902642064,0.6212643967314136,0.013532285790457264,0.0011421905268144204
Random_5718,0.13198792306975862,0.8534372905201277,0.03467986996097386,0.01133396689536639
Random_5719,0.12240846784397233,0.5115011728611032,0.03572477097412513,0.004247005239711416
Random_5720,0.08523864303915507,0.923216196400158,0.02839966460260239,0.014566921677068152
Random_5721,0.08656466733291833,1.9753585919025276,0.0379705844539083,0.009072540187042122
Random_5722,0.2384376247363803,1.4057120118694233,0.015529448122725418,0.010010276021155281
Random_5723,0.18029850706612394,1.253496643213384,0.011696827375415515,0.011011522384822427
Random_5724,0.07570668790818895,1.9033801165041262,0.03868476086603977,0.021887132812873182
Random_5725,0.1601516057540704,0.1844617454739227,0.0065761889514111185,0.005855730792376609
Random_5726,0.17751902636815334,0.8020541651279044,0.0019147864799467745,0.01825003436555946
Random_5727,0.005098561426991633,1.1689572334422669,0.03409584217373241,0.024532897049683318
Random_5728,0.1989337081165041,0.1310336482955272,0.005434091305782462,0.013681299346671297
Random_5729,0.14126573042847837,1.296768640910363,0.018056246315270443,0.0013736177214044927
Random_5730,0.10617390871534559,1.590331873984856,0.014658152773523937,0.016009329355523853
Random_5731,0.09490613804845983,0.5303238574479414,0.03917421579857046,0.028908008195072506
Random_5732,0.14807381778385642,0.2939339045376461,0.03253376081540229,0.012625129018630901
Random_5733,0.1773394830693612,1.2503860945424456,0.020168521290784495,0.0163747800350636
Random_5734,0.13000476683361667,1.890101056505077,0.019910843630139126,0.030825522783332594
Random_5735,0.15667016390849545,0.29570906181633494,0.019673584616069544,0.033666036904246494
Random_5736,0.29212562443305545,0.43977587576759913,0.04898644256324128,0.011230378263510542
Random_5737,0.006561294567653872,0.6501770247153554,0.011797687280299087,0.028646365609847044
Random_5738,0.20020083686358542,0.8495914379223405,0.008715735173633304,0.0027992552382656976
Random_5739,0.2947079942793622,0.12734954233832316,0.017504080966179877,0.0391312002449197
Random_5740,0.2246468147750861,0.2627969257487548,0.012614808946607308,0.012243201052124068
Random_5741,0.045510701605786165,0.26764458837158417,0.010682799255414821,0.02460303882149912
Random_5742,0.25494394011835725,0.20646944196533631,0.012754863026740566,0.022647263946178067
Random_5743,0.18007445911519984,1.9756434387763706,0.030937266623875293,0.010823945363311282
Random_5744,0.18079334334918148,0.5704210401406417,0.03015463300831159,0.017385722017373987
Random_5745,0.11660190587054473,1.3271846576207638,0.031095589625836424,0.014737557054971876
Random_5746,0.039461384017539625,1.1352900586187387,0.04996000975358812,0.03966310484958779
Random_5747,0.11652157875316024,1.195769543787505,0.03400811440979934,0.01026804518884139
Random_5748,0.0936737076706562,0.721920161949144,0.04181765375594944,0.0018760235100397302
Random_5749,0.07800560424088239,0.1904956157163962,0.002263499335367133,0.012847996374590841
Random_5750,0.08771983283914897,0.8617693056068512,0.04563391950359957,0.01790286055578911
Random_5751,0.09049467043779602,1.6540852324080224,0.01151910156530812,0.02664549104972033
Random_5752,0.13625909071668432,1.9694539315270767,0.044784025695596474,0.013000506624426738
Random_5753,0.22899651089521125,0.3993567468318273,0.044291058087547366,0.00384076762616725
Random_5754,0.24667303617027922,1.9826107941857027,0.03561534493510812,0.014495125135799793
Random_5755,0.1715602315158296,0.7135812343780036,0.041563219918781265,0.037556183175100295
Random_5756,0.20449587052850132,0.44173654369118165,0.018880625297375962,0.008268738354322904
Random_5757,0.18044255049213334,1.9231253772298598,0.0318881620918188,0.027184128153985868
Random_5758,0.18010359057475608,1.2762633392009464,0.01054169506061908,0.004912079246470333
Random_5759,0.01190077340564889,0.15365497244640602,0.010179998859284035,0.010946737034955602
Random_5760,0.29351934443871636,1.6072520447233247,0.04052917095049956,0.029580696501009703
Random_5761,0.14769815584760518,0.810884422171785,0.04116176046441651,0.03425876412860272
Random_5762,0.20170343018053313,0.9176403572526066,0.00849858312310359,0.024312906786181775
Random_5763,0.11855793109285279,0.8989662468952988,0.04238393691266444,0.021690404655680364
Random_5764,0.25016189393926963,1.6207628957175617,0.033042556604115494,0.019437943419626128
Random_5765,0.17441783830787072,0.7827624926557734,0.032131271797022555,0.008057481347210403
Random_5766,0.29581989937094305,1.550410464588686,0.01503993269970354,0.03531553422213628
Random_5767,0.20285865252978938,1.3711851377250792,0.03103736945292813,0.0072837443165346405
Random_5768,0.20131190273717028,1.1424724325138294,0.036042895189259926,0.03467472294759772
Random_5769,0.11604370176837098,1.5805852577691084,0.037551103195635656,0.03652350488934257
Random_5770,0.2883413491172786,1.8401016315912315,0.016033116646721624,0.03668528773079882
Random_5771,0.21917499936879323,1.7026431729417415,0.015913623420348945,0.012734243649264364
Random_5772,0.1509100897671523,0.1713394375555392,0.031302686348756346,0.02848318744205802
Random_5773,0.27134814133677304,1.65357072046309,0.03534288353258472,0.02955391904482654
Random_5774,0.1876775572968842,0.9466948093914147,0.021044787237313546,0.030305719059769948
Random_5775,0.11980556375717248,0.2762372975510089,0.03333768814341024,0.023703266086082427
Random_5776,0.19536250815865236,0.10359219040815817,0.03204371639157298,0.011936307474757137
Random_5777,0.20781775145353254,1.9409519233106898,0.0275087771440141,0.006612578694558999
Random_5778,0.15588453037819464,0.3712915368796935,0.025510432023931835,0.020641909683275745
Random_5779,0.24299227595353554,1.056497248983668,0.0042500843154563385,0.0034373983231140767
Random_5780,0.07798768193885408,1.5920536134475884,0.03229046286853878,0.007575624018285399
Random_5781,0.12719140855718802,1.5754791560804904,0.03870431843582263,0.015043520133522097
Random_5782,0.015777062859851997,1.7592449804005317,0.004137042673511065,0.022063209407893566
Random_5783,0.11226730045205771,0.11748711666186931,0.009501878956211945,0.033600653069832606
Random_5784,0.061267995936508515,0.12604599645452108,0.007435494327369758,0.038374855103147906
Random_5785,0.07205353128162037,0.14278951975424098,0.031954825521753404,0.030168117433332628
Random_5786,0.08013586072864323,0.4701395693793894,0.01875089287235335,0.0039906474151478865
Random_5787,0.012749570847565526,0.2087092333878984,0.005268152385546343,0.006719519763143856
Random_5788,0.049217828002039374,0.6017702056252938,0.04817002862451336,0.02143596536260513
Random_5789,0.2424103981762163,0.6270042071181561,0.03302512937961378,0.00500247204678986
Random_5790,0.2020289826710937,0.8325566674063756,0.0021011735376142166,0.005641352606372581
Random_5791,0.12066970662087487,0.8049484920392642,0.0387135215408986,0.03102009900303125
Random_5792,0.1179964448767602,0.7519083672051312,0.049319338295784734,0.00521831530753583
Random_5793,0.1871162254679307,0.9904262143133855,0.03965234366164836,0.0021427381424401998
Random_5794,0.07992163428815353,1.7250715762035067,0.036870035786830416,0.021888969263497333
Random_5795,0.22363970290388055,0.3308300533644345,0.02111371252780858,0.01877760277588778
Random_5796,0.07120821648124018,1.503494036837138,0.02255360169817569,0.03755275215600919
Random_5797,0.07942405059512724,0.2616661593490237,0.0020119858016818992,0.015637312268613333
Random_5798,0.010417629913630188,0.4222843599496342,0.030237137624314105,0.008975467872967446
Random_5799,0.09921570832860808,1.263480874049996,0.029954798725690155,0.03914292030330569
Random_5800,0.23184754858166753,0.7777047465594183,0.032038436415502865,0.003593292733709151
Random_5801,0.18153099833537673,1.4828877446386843,0.03359982892546999,0.0023308464523379337
Random_5802,0.18879883301401215,0.21044196816443816,0.023143211874272367,0.025798261484029392
Random_5803,0.023773373245027814,0.551992081702759,0.028302652372713358,0.03408786364654792
Random_5804,0.28098528483536017,1.3067874549723195,0.03826445334936197,0.01856745229547518
Random_5805,0.27395338038804873,0.6315046882397838,0.04878159979576417,0.024009041942027087
Random_5806,0.033229032002362324,1.7363109215776946,0.045516539080921015,0.009056395312961835
Random_5807,0.18457798594279193,1.1937895135924423,0.03842282500757922,0.03845712111043939
Random_5808,0.1041673919896503,0.6920549120504554,0.03260796701565779,0.015626332346881034
Random_5809,0.1393995178492566,0.10449887447300331,0.022882099241267048,0.017123872117310177
Random_5810,0.02713576679178311,0.13185980224363775,0.02804623992861539,0.0028689119986017864
Random_5811,0.21129383668095666,0.5278510700227742,0.016536486991478836,0.02281357305253722
Random_5812,0.08677653985288733,0.9623161167100498,0.00873522231045717,0.02063942855705202
Random_5813,0.20423731093907477,0.4510157558759612,0.038636113743839955,0.02887403669457099
Random_5814,0.127089889762581,1.0114919079406086,0.00597730437543732,0.021972268597933126
Random_5815,0.03540862878587707,1.9644965551829598,0.02476761226186119,0.032026356983800804
Random_5816,0.07283853994478537,0.9770865690998294,0.03776478522457537,0.0011709112860881165
Random_5817,0.22842882274217763,1.5362407791072834,0.011151112397348166,0.0065797536647122555
Random_5818,0.24613956906091436,1.5555415639613628,0.03396825233982782,0.03583387973783004
Random_5819,0.10129177818147404,1.491114754882686,0.03286796913818591,0.0021261821206523257
Random_5820,0.10245206598411072,1.4659611879843275,0.04228583626648363,0.012741759553675309
Random_5821,0.09806013703484498,0.8023485956936498,0.033629872172712925,0.0215251717163867
Random_5822,0.2689662920436365,0.18649435048653995,0.013932432159459326,0.001721475228302165
Random_5823,0.24414693739217755,0.8151690051359659,0.02249817280364175,0.036582191783196674
Random_5824,0.20979866665176009,1.932923111445039,0.0464712871265402,0.01770340492937699
Random_5825,0.012947375010794609,0.8764830376859628,0.02966982518699564,0.014446070249723029
Random_5826,0.253552798555931,1.4631920805453842,0.006120775857290889,0.02969452291930608
Random_5827,0.24819560233048335,0.19230820648714883,0.02761211582451657,0.024532286694729254
Random_5828,0.10230528647373006,0.2750918598947395,0.015907369117913663,0.0030604283417106693
Random_5829,0.1109739551140551,1.7967210132878144,0.04071433393249994,0.02549240574695776
Random_5830,0.14792581233357047,1.5812893576421676,0.02369581735674323,0.002036685067659037
Random_5831,0.17315619396652696,1.4849235269313807,0.01633063300579013,0.0030678770445423113
Random_5832,0.24881679524735226,1.7199936123350072,0.008900715325417852,0.006526744914718298
Random_5833,0.282744782289285,0.36764612546679754,0.03374159860477628,0.03310920863086849
Random_5834,0.1552046428057709,0.5059920526371869,0.03598320183029297,0.010118155437378103
Random_5835,0.08778017440718865,1.8002338720711508,0.029177832489045118,0.026466837081591057
Random_5836,0.014530339832894971,0.5759339927237849,0.048525444749614254,0.02406390204213785
Random_5837,0.24482111340897517,1.4559051637026696,0.02940417115943212,0.02902891257062822
Random_5838,0.2576730839462012,1.026471996108886,0.039030115146013185,0.028509533636949577
Random_5839,0.2403314685460098,0.17044742680353478,0.04259364933950487,0.022014493999605804
Random_5840,0.061250316539141994,0.7269566464863865,0.019435981469789147,0.01623408629513046
Random_5841,0.2841736750500137,0.4438639340120556,0.04048625334061463,0.005885615674003748
Random_5842,0.02362818286763412,1.8416254137693295,0.008013964209671286,0.01669976526357239
Random_5843,0.26597085537037485,1.394879499288741,0.011323941085711588,0.017560857250210116
Random_5844,0.021285324685872922,0.6921819216722545,0.02403974189752107,0.025643130231469795
Random_5845,0.020828865692113615,0.30275886973983446,0.035589903214849776,0.025811507227536532
Random_5846,0.060683792577461454,0.932296274272377,0.04322682785755814,0.019428594022363736
Random_5847,0.11375036034719037,0.5587102734772132,0.0037885312096939128,0.01919790932769818
Random_5848,0.14939337423099636,0.6232504737379165,0.0045088948863239615,0.028961717580393512
Random_5849,0.19371536240522622,0.9039632026589984,0.04109661849645596,0.02961446606511321
Random_5850,0.07145918755997716,0.4918454352043,0.011125543542388913,0.006407137236405669
Random_5851,0.1876858851303607,1.889454258106158,0.03077188493458996,0.03325422612753589
Random_5852,0.11564594395627736,1.9861621276216288,0.00680581016274365,0.03192453956807751
Random_5853,0.18079506597635905,1.874537588475086,0.03575315512629079,0.031062846809839437
Random_5854,0.23245801982466158,0.3497990326517897,0.04249058080158476,0.014275184267290287
Random_5855,0.07624242174062214,0.18390528043021884,0.031532673413826005,0.03474089477726172
Random_5856,0.01985974963586124,0.3799078583558677,0.028232684729229983,0.03830855100966042
Random_5857,0.034620376420442966,1.1767062484602424,0.02050891422218882,0.01847268480897967
Random_5858,0.12886803652329926,1.584087137993393,0.029977579463135836,0.024866401398262458
Random_5859,0.187546092568385,0.1247480422084004,0.017327293622047872,0.03598214229673326
Random_5860,0.14121715500594606,1.1437551841676832,0.02372139149663311,0.02387701972293503
Random_5861,0.1721933436697715,0.339563968697292,0.033835625948020275,0.03933753348500512
Random_5862,0.2281841923345101,1.2441075092792662,0.018042903526097394,0.0023305483871869474
Random_5863,0.2537931559075402,1.9695154142977271,0.00542100460754182,0.022878336887331787
Random_5864,0.05127645056675545,1.0224815432465808,0.04767641652843086,0.0037566280157131054
Random_5865,0.050991545808580264,1.935433769386714,0.0029298474332912737,0.02410899756602807
Random_5866,0.2164706866942322,0.5928686984585297,0.04000137307542709,0.023183941700503325
Random_5867,0.016875241450164925,1.0236531474254262,0.0076192420235362875,0.0219803620723763
Random_5868,0.0853158988375784,1.3802700803695043,0.03877308422924341,0.021297475272446346
Random_5869,0.16609491090143197,0.9326578476587871,0.03249559323432376,0.015144564834664198
Random_5870,0.14113687850905537,1.5781520099435993,0.04765593709952357,0.020762010448997628
Random_5871,0.23145927984682166,1.319627387473134,0.023047424654650227,0.032824425972453976
Random_5872,0.22737049093639014,0.3061613114746886,0.02141795542417912,0.03340240011978498
Random_5873,0.22097506536621453,0.9265427208087204,0.006810321152629712,0.004079255436125155
Random_5874,0.20250634910745788,0.5106081738272176,0.004061210331605153,0.031138301203526536
Random_5875,0.2746314153203522,1.3831496940700048,0.020963828115783796,0.025469997452897932
Random_5876,0.10262498885033924,1.4277594880743685,0.04613109235802439,0.0323903807190587
Random_5877,0.16213417053432522,1.4779078705965203,0.04317647503780753,0.008350680610792846
Random_5878,0.20163340817407172,0.9528657487653623,0.036896559474726705,0.025793858065049607
Random_5879,0.2294987464052729,1.9108073477537548,0.017228243546778117,0.005371325728632855
Random_5880,0.2430119078311097,0.2741353012579534,0.026800801856444324,0.03541558817509893
Random_5881,0.007768743503381961,1.2780456579414339,0.020681091453819266,0.008478972618206133
Random_5882,0.2249865902676427,0.9098916568114376,0.01867427982224487,0.02002340428874406
Random_5883,0.03844953481769286,1.519680969366235,0.04406869473323358,0.022891177742477422
Random_5884,0.2844857840285111,1.913391964745164,0.022129091189512253,0.0292938077866866
Random_5885,0.20737709493086404,1.5186482250822726,0.0061680429157479994,0.03493348869727286
Random_5886,0.28850670814059953,0.43918525573932765,0.007578358424579524,0.03930008600991365
Random_5887,0.12458612631082575,0.43563535973659406,0.017362350894378528,0.03996255159671192
Random_5888,0.2448358869016173,0.7393155348405296,0.025321467852119316,0.005455833637632837
Random_5889,0.2942101485774501,1.6435467256267222,0.04764053546237305,0.003477590085077232
Random_5890,0.03579651379858844,1.4244399015212659,0.04052073891616746,0.03445813900589295
Random_5891,0.0665764309240575,1.9500978591303009,0.02797758938062353,0.037539912428463044
Random_5892,0.20415315886255922,0.39848845548569767,0.04908665590027494,0.016273513682706617
Random_5893,0.1822359262731952,1.5260581377458946,0.026097245453846563,0.02149229225441099
Random_5894,0.14371682423015356,1.3904561572237595,0.012934521026961372,0.03406161845798829
Random_5895,0.2004143242854812,1.8234166807363223,0.00799647609948221,0.00964763767626042
Random_5896,0.2803628327151944,1.003555825983505,0.0324952013725506,0.01111734981669069
Random_5897,0.2800385989079339,0.7261502423817215,0.025390824066173087,0.008364437580636356
Random_5898,0.15765307959703775,0.4208964756526181,0.04882344528015387,0.004510139967239025
Random_5899,0.016242366797002424,0.383562530507887,0.0391213484697957,0.014353911911266434
Random_5900,0.023208987300379222,0.7028023796631544,0.0011226818049998289,0.009932436204086844
Random_5901,0.12212494956630383,1.1432906179004605,0.04627301921484505,0.00207478736164325
Random_5902,0.20285729304173167,1.1332907615767112,0.004152099688365484,0.004964931202099657
Random_5903,0.28956768120405096,0.1175000001859482,0.03359270712103619,0.032289998418446764
Random_5904,0.19122377627883375,1.420114664702876,0.02744760250204761,0.02871971011219936
Random_5905,0.04977939660563212,0.7077539405401768,0.01706811497315946,0.01470443546421718
Random_5906,0.15419499268198067,0.3471647879202054,0.03888758264723242,0.02466490476296265
Random_5907,0.16783493645057426,1.002725695986991,0.026571271643080256,0.0013647372310852672
Random_5908,0.0655085379056117,1.3963157686598302,0.03630785346430741,0.030441126319623955
Random_5909,0.11097166486223276,0.9242527838789949,0.02483966124873758,0.03924570488139559
Random_5910,0.2548348535444231,0.9241238163196911,0.007596729020047938,0.03699154267964454
Random_5911,0.18639726636105114,0.22010792215460623,0.020850292619919154,0.0076232729706030965
Random_5912,0.29829322632686756,0.16284234218496974,0.023189654442878318,0.03473716021282741
Random_5913,0.29607631789407385,1.666402954252493,0.045312378447547576,0.022755374025283083
Random_5914,0.08478586624644036,0.47068120499808475,0.027133790386025227,0.008776030393031918
Random_5915,0.06129495473107469,1.8634246900726674,0.045396026036654005,0.03994733788480893
Random_5916,0.29420933278078065,0.6869838728640172,0.007967680520576661,0.03846587118011064
Random_5917,0.017323688910671573,1.7905114434458949,0.020014634141871376,0.011851562673277388
Random_5918,0.27466867455137817,0.48180236717265323,0.031424148564561986,0.0324135406756776
Random_5919,0.24994869544011625,1.524157602046114,0.04232990517817826,0.003914919437250657
Random_5920,0.07345226685790913,0.6218078223389784,0.019369394041687707,0.02016129371518493
Random_5921,0.2519561215919859,1.8555440928548685,0.008685182016320691,0.03178384474013566
Random_5922,0.1557222675884777,1.8007693461560963,0.023750246080090617,0.035996728890906306
Random_5923,0.18651807221627928,1.7943091266340614,0.03756882529364362,0.030809292479314934
Random_5924,0.1617658608872437,1.279856558263322,0.04537413835308058,0.02472652454010381
Random_5925,0.03727674640565574,1.675057789784197,0.013728774078066514,0.02136624479809041
Random_5926,0.07314900062640774,0.38221059823972836,0.0467110553161473,0.026447750577846072
Random_5927,0.09607582847985269,1.4356549592494368,0.007440555834532412,0.03959254922884943
Random_5928,0.14755131230731316,0.9174109124465195,0.017084955647933126,0.02746913933706921
Random_5929,0.06101354365551743,1.0591721197939166,0.0013601229986035307,0.022212895067381232
Random_5930,0.07492997373372341,1.3813090935487942,0.006098888074139777,0.024433997727828005
Random_5931,0.23555862679976394,1.7066952869421093,0.041867818748512586,0.005810028141417914
Random_5932,0.29442669569320934,1.7364426677984248,0.02274533754995761,0.022816156144971376
Random_5933,0.2960063549835468,1.082889997389124,0.015726448178904038,0.03741691472826811
Random_5934,0.13365194862629598,0.9257553259591544,0.03598737560706209,0.025390135389236346
Random_5935,0.1221855190820789,0.3035868126116438,0.029836247841952494,0.023726622523967893
Random_5936,0.1599635582553513,1.459461369310103,0.025620146236253295,0.017447644424767646
Random_5937,0.24805060540584575,1.9118084895722987,0.02356242771219319,0.03769513694205647
Random_5938,0.0920924789865364,0.7386766477466646,0.026551180654452017,0.006930957724165732
Random_5939,0.033515357330037944,0.9865733192866222,0.02950097786597542,0.019042970212313933
Random_5940,0.02324864613343665,0.6506383473643943,0.011981665264078192,0.02699634211512757
Random_5941,0.2358679504922177,0.12129191179421261,0.02609876323329553,0.03435581074420708
Random_5942,0.10999868760998152,1.1302876679878442,0.0444078200980689,0.007158558974875267
Random_5943,0.10011370806868189,0.5933466421891886,0.007546607962757914,0.03839688156508972
Random_5944,0.1600248478190458,0.2211071544147371,0.0477461326335128,0.0076484201797002
Random_5945,0.132375624615508,1.971258248934985,0.0325669004582875,0.03439719618805936
Random_5946,0.17119170740806855,1.5433027084904565,0.015432610087390872,0.010051054224879844
Random_5947,0.0077239728893277945,1.592264212432235,0.04129107627299481,0.03378997779521448
Random_5948,0.20850127184241637,0.35031272873430486,0.006819753033411998,0.034536269167348276
Random_5949,0.26525115605092325,1.3657205215702342,0.03868696925907563,0.003302143125754216
Random_5950,0.24815275955097357,1.0793989562295372,0.03829100969971385,0.0129125211726164
Random_5951,0.10193270379002625,1.2061937640090394,0.0018396129009291425,0.024047270125735338
Random_5952,0.18583241636257555,1.6332110308813659,0.013713337128580822,0.012565281497300042
Random_5953,0.2042393160271458,0.5043942830007815,0.007027490645770873,0.013834542467386492
Random_5954,0.25254637621019427,1.8265651781426337,0.02752504306690316,0.019956376509535176
Random_5955,0.1388733065199802,0.8304177937578127,0.036488675985136935,0.0034288524659880524
Random_5956,0.05412509652840713,0.19176718352490502,0.014453306967435197,0.019293742599880852
Random_5957,0.14887186598749313,0.7478583557450136,0.0242256633271572,0.030208050334018976
Random_5958,0.12516908832071824,0.8387350654375709,0.044044876265677255,0.021920350745059512
Random_5959,0.23454211656589413,1.6906741001770156,0.008827972733543448,0.012399666109787752
Random_5960,0.17376755480340184,0.22497181836741764,0.033342781213868265,0.011027452724497427
Random_5961,0.05607511144750723,0.8410573036573977,0.024164656433318315,0.019860467626685866
Random_5962,0.2150061685905937,1.3207561991122074,0.02317436214794083,0.03891363898239238
Random_5963,0.10325805212444955,0.5356880268631363,0.047527023313612436,0.01628444837210069
Random_5964,0.22665586417795772,1.7914689331352753,0.002613004816431532,0.017874398226445442
Random_5965,0.18376469794019992,1.045034480034391,0.026428296717204782,0.029857804435493993
Random_5966,0.05335424382188411,1.2507465536194722,0.008216229780589095,0.005551195682150857
Random_5967,0.12451289102853061,0.3501166466322777,0.031653097434439115,0.029188159075952534
Random_5968,0.09747680086464808,1.3243625471343403,0.023656127849487965,0.03541737309726172
Random_5969,0.16208194209614987,1.6594168229151507,0.019561964358580687,0.004870797662621583
Random_5970,0.04621294087298383,1.856024295009619,0.04865856640847441,0.03499069139210264
Random_5971,0.043468662416268455,0.8673871616629879,0.006430514974450902,0.01139344331086806
Random_5972,0.2406976379808873,1.2928311422848708,0.03401230779283765,0.018157685607053973
Random_5973,0.18323008688492998,1.7086509652820794,0.00352638322556204,0.01835808862450811
Random_5974,0.010782776770789577,0.5656764504520998,0.04692821395929507,0.037749475110214765
Random_5975,0.1654899284054283,0.4218787032237735,0.006013173231593833,0.03292636749787985
Random_5976,0.07525492725675974,0.6917307867530657,0.009148944360792517,0.016698117171021102
Random_5977,0.03366750270451046,1.436306481874502,0.04903104770386296,0.0032409418167321535
Random_5978,0.21026529425171211,1.6381466542614314,0.0011834661189622047,0.03768827940059422
Random_5979,0.15425454699691618,0.37544936984758714,0.007970535713263376,0.008979991440990195
Random_5980,0.282367152371836,0.859638291555116,0.012786939330919917,0.01563202900537611
Random_5981,0.0761472903710366,0.9411719556213369,0.005167356839210578,0.02681218615062169
Random_5982,0.11558574083424267,0.6054987564174226,0.032356693528445356,0.010853561924270928
Random_5983,0.09842968557528986,1.7530251575158815,0.01448967179634135,0.0047932799757700135
Random_5984,0.0435611320473511,1.2857520181270035,0.04534395457979087,0.037807948349273944
Random_5985,0.23632166653799294,0.4848324434244189,0.0066812803664577335,0.0096697726620374
Random_5986,0.08484742330027202,1.5770450803975347,0.02672144483748565,0.008963178945006159
Random_5987,0.24734006561264363,0.49251478025584305,0.004560849988540635,0.03997975327748544
Random_5988,0.17155788677062933,1.7838169450322763,0.044555846665634655,0.038949482334305514
Random_5989,0.037680351309583145,1.8258801410558383,0.018950563075683866,0.03767804301839364
Random_5990,0.2257107494450588,0.5597957706045179,0.017050614860708132,0.037772527495005884
Random_5991,0.03144827184006406,1.4087017896805194,0.03725854253448165,0.00135772443187787
Random_5992,0.06907375374872322,1.3793535728124582,0.008100016617728911,0.023533338047655603
Random_5993,0.17369835562982353,0.9064173664130545,0.030795379086551496,0.023109920747165374
Random_5994,0.0734543610095358,1.5395319570551294,0.04629602922168837,0.034910062120912536
Random_5995,0.1878129522591443,0.28626261459284075,0.03994364676660857,0.026917502510209374
Random_5996,0.00541367033574737,1.252206098073172,0.03786333323969529,0.009382118671831335
Random_5997,0.1473742144550101,1.477244704021775,0.012938346901213132,0.030227644073217007
Random_5998,0.17982023931872249,0.14590522922722504,0.033024522305125606,0.03984012174756533
Random_5999,0.05775257400607239,0.7412676896529222,0.02803616429775956,0.0038980367772962527
Random_6000,0.23326253325473634,1.321998614166914,0.02296721514519791,0.0022653381123761817
Random_6001,0.05061165877940761,1.6227586143186072,0.04398674065825113,0.007234237803821975
Random_6002,0.1873784922022708,1.9197332852487923,0.028218683317221854,0.025057557347610837
Random_6003,0.19666637480340077,1.0638251282364126,0.04117066601481966,0.0036352142106089104
Random_6004,0.1346576134286762,1.621456234210923,0.04148480651846573,0.005607628855994708
Random_6005,0.2866216699205519,0.7894653260604944,0.03352890074252302,0.002657289718942411
Random_6006,0.18367188666841613,0.8050648169712777,0.031847014073591653,0.01866463434455613
Random_6007,0.1554436469081242,1.6614484780229,0.009011764941787476,0.03527281219799421
Random_6008,0.28597934493156796,1.9807579532721897,0.01069417083103616,0.009809120528604203
Random_6009,0.07680107139138845,1.281907320839171,0.02441504470720758,0.009476367394772978
Random_6010,0.13553128657195618,0.1534360892304149,0.002032351473640521,0.021126425389543565
Random_6011,0.18863672839644377,0.5644521860849726,0.030456646085696044,0.039475228534201705
Random_6012,0.0073903994496653,1.9900766333413598,0.04670938366980516,0.013960944034517444
Random_6013,0.19362366526247551,1.561353036469056,0.01150756150066471,0.005430243690735739
Random_6014,0.127525860891506,1.1684415484883541,0.014482069855158226,0.029595014754009556
Random_6015,0.09014819456924088,0.2985601573479205,0.01807872139450038,0.01188964736298529
Random_6016,0.15058912345780523,0.515771136482885,0.03815581703194104,0.0317834304726067
Random_6017,0.05081536439745333,1.225165374464813,0.0253958101365505,0.0060505343014327665
Random_6018,0.05186071605624702,1.1942451432820584,0.027475083457066545,0.03135715945919521
Random_6019,0.1290851155245912,0.19692500263213067,0.013423461471494542,0.026675288705535077
Random_6020,0.08592135082319746,0.3846418707217272,0.010901238854254588,0.014377215793981657
Random_6021,0.19917875585139996,0.33556871623669693,0.0368578665341023,0.022457012623143917
Random_6022,0.03763403160793763,1.3529710032738789,0.01506883188373034,0.03820561060423313
Random_6023,0.17144102637856717,1.315978810781737,0.026101838956635058,0.014532749071171486
Random_6024,0.2712334984388523,1.3551694795749092,0.04115727948887945,0.03351430428127609
Random_6025,0.019159729283707547,0.7148160939542616,0.035155117154488665,0.015854652928434604
Random_6026,0.21334243671151726,0.8691695932669344,0.035541143164094374,0.02754312509142539
Random_6027,0.2432811935353916,1.7785627470601013,0.025632691746070534,0.011744571090878508
Random_6028,0.2814003161036038,0.5563993482219582,0.01650225791098523,0.01785475771556622
Random_6029,0.12341956144988986,1.550704747998991,0.04994833261745399,0.01784773569296088
Random_6030,0.12435946462764129,0.27229938742176824,0.008062966859938764,0.0013615247655177467
Random_6031,0.0464077151621483,1.6370424456465926,0.010431380450631102,0.02822136161661168
Random_6032,0.13628087546224338,1.4897331124553481,0.012369927227102097,0.01599084775996925
Random_6033,0.2251237630477701,0.8894591686512299,0.03669195726651884,0.037876160569053144
Random_6034,0.2902387513213551,1.5078433593727563,0.049372560501132534,0.028339289275154687
Random_6035,0.21165691377152127,1.3120040633981724,0.003637926818407217,0.032147194445906774
Random_6036,0.2226617010674578,0.4537360740210745,0.0029790552627338785,0.036472831356129096
Random_6037,0.2947585196262889,0.4586599650592452,0.0489592701105729,0.00970363778624029
Random_6038,0.2582010899065594,1.2086729625356656,0.02837155027751506,0.005381012497547586
Random_6039,0.17958409924633642,1.972768968229678,0.03434148544387714,0.010118376684157961
Random_6040,0.16762552861872024,0.6411384370168511,0.032841357842311174,0.004024970661001767
Random_6041,0.06830631739841529,0.5983399103126891,0.017580732712088005,0.015360940294675537
Random_6042,0.11106690250958035,0.6431980123043347,0.049332429539780655,0.022589821932263634
Random_6043,0.09417343127107164,1.2461672750547819,0.01440664830634852,0.022951010823644764
Random_6044,0.012842728255385311,1.5725697601893907,0.03466849988228927,0.03038867725516218
Random_6045,0.12585993154199557,1.7414139333562322,0.010739283076727262,0.022073019552890587
Random_6046,0.2594219945195245,1.5269279330010708,0.017075143026472128,0.014660565796216801
Random_6047,0.10166990152316879,0.6240134354536341,0.01724267375408625,0.018913484463363214
Random_6048,0.14516609890699644,1.7092836368588025,0.023200449684281407,0.036152618142014814
Random_6049,0.14256548796294216,1.0415538607007566,0.009950335309434722,0.015821763420425926
Random_6050,0.2715361602752918,0.7084586903349681,0.00395951416721975,0.0010512497945256096
Random_6051,0.0721916360202054,0.8996947290095374,0.026617117184899168,0.028172148873880164
Random_6052,0.2849051507782317,0.5640858918189336,0.040495079583621994,0.03560889517808928
Random_6053,0.028270184512366788,0.24436216301663638,0.0308810697618624,0.017252300532763627
Random_6054,0.11789031846644574,1.1513070013602018,0.04646627206800304,0.037090627596909426
Random_6055,0.038013172624537836,0.9265551724943958,0.03384161189376552,0.004420749508647544
Random_6056,0.08216079413463599,0.494563551692102,0.027524914034436253,0.006573090419760586
Random_6057,0.1255701354575235,0.22525542356501776,0.023197924723712966,0.017509981819548385
Random_6058,0.12895332418865038,1.1387710258874721,0.02235122497560934,0.02934435230090807
Random_6059,0.2433927370887709,0.7024708637250725,0.041898159463727845,0.030051894280024492
Random_6060,0.11573231086864866,1.671155792787322,0.010831233021232588,0.017690431371220127
Random_6061,0.291447115481265,1.3717340888845306,0.030269953872121887,0.0358764240262837
Random_6062,0.1790408922401365,0.5247146738038703,0.020261349845969567,0.025179455582812774
Random_6063,0.02944566088140134,1.8452474550446571,0.012992549437102912,0.02038345755402301
Random_6064,0.24858751000292237,0.7390349437285911,0.003068822897828982,0.0036648636613530517
Random_6065,0.18499160506809528,0.823818349137121,0.039665122345804604,0.0020613253588928127
Random_6066,0.017678820450132054,0.2611293718907194,0.04426465450811295,0.025640756131451833
Random_6067,0.09455226498835889,0.7925621934279775,0.0023005814799229468,0.005644142574131463
Random_6068,0.24930442088216914,1.3900796425852067,0.02839599795924949,0.03063151190563674
Random_6069,0.17022226034867877,1.9671235092372172,0.005407497601132935,0.02403222304886331
Random_6070,0.17911498981478421,0.23049728909331504,0.004274736733340847,0.026280986597731773
Random_6071,0.29202592069829647,1.4671348950731284,0.035975134376529876,0.02990196794027341
Random_6072,0.13470090128846154,0.31515344876722684,0.031097410358134847,0.0380605469396565
Random_6073,0.19625230954842696,1.5765616492363135,0.03179725462984502,0.029228555562185673
Random_6074,0.13887578176610887,0.41013592228728135,0.049444816014101646,0.021507782472821216
Random_6075,0.09880123196361033,0.5629191442131011,0.006918057836679925,0.011289601764877026
Random_6076,0.019554474475319893,1.4561904449731433,0.04517430371813,0.013538884409947546
Random_6077,0.056034048237356,0.5151662470224193,0.02376832799731569,0.005507407319443841
Random_6078,0.2162173535213612,1.5371008917606508,0.039689734040486084,0.027412631453308536
Random_6079,0.0792312602784953,1.4440562587151802,0.014398967001972615,0.005659227407053667
Random_6080,0.29197727511571264,0.3052217853424051,0.025776760456836606,0.03104902795005331
Random_6081,0.14272811684241787,0.7047740062120914,0.02347939306665577,0.02431828491241937
Random_6082,0.22592557252824788,0.38336099342029195,0.028189393618781294,0.01677393805052783
Random_6083,0.1890834395533434,0.1848923072588875,0.021914448225741703,0.03140703618128178
Random_6084,0.28660765257291543,1.1877421167464144,0.004489674592544461,0.023233069379794757
Random_6085,0.2228613496238211,0.5354084794915702,0.0031312079104455696,0.010288383330315124
Random_6086,0.010939588022247877,0.9034346264356197,0.012131824535246038,0.03058472807706361
Random_6087,0.042496505958152866,0.48224536487509906,0.03356758818609374,0.0022593324511853245
Random_6088,0.039699722387605926,1.9681757783965208,0.019346222185597905,0.02342660076896632
Random_6089,0.08557282527223625,0.32957405585294586,0.029990131088251444,0.030381504865688618
Random_6090,0.21561915552097377,0.8667538678097761,0.0034641321157952696,0.03906568772700134
Random_6091,0.2503668750097186,0.8130926387011621,0.02062420940756307,0.017848968489757394
Random_6092,0.05053099140442541,1.65046958845933,0.038231430564802146,0.008973711351650784
Random_6093,0.18121161566167052,1.6303333150522725,0.046042829088189095,0.024170073725106093
Random_6094,0.2627508765433916,1.645279688103648,0.04989491824223235,0.03910802193466613
Random_6095,0.07772889290756572,0.7538099752504142,0.03327165778445655,0.03724767613394757
Random_6096,0.18694643417738338,1.3571070095236515,0.028897442484161706,0.026213535425041342
Random_6097,0.16243554828883303,1.8481821903895759,0.03768247579305196,0.026543228332026932
Random_6098,0.2687150063885209,1.7061249300033106,0.03162884036201911,0.021081059430692915
Random_6099,0.010636503723260405,1.0689017748781788,0.003547939832054198,0.027049372520633653
Random_6100,0.144371453513562,0.5465843948783168,0.020887968401066433,0.016560181635834868
Random_6101,0.13574974089726516,1.8842879462937148,0.022863992638510574,0.03870289590423397
Random_6102,0.13698150417911492,0.5835648972700168,0.02842638353350473,0.024111966419629906
Random_6103,0.036977323977520044,0.4989576927802747,0.039138914253452124,0.02582695093212974
Random_6104,0.04779813112237385,1.6227399983338366,0.014468575112540225,0.016683113639083997
Random_6105,0.09985343792284365,1.9025160787634439,0.021627351841184604,0.023778252859580115
Random_6106,0.1711179630368815,1.7592535786738266,0.026247568952848223,0.016893796126780672
Random_6107,0.28239959662513936,1.8330092404521223,0.031142256998755332,0.0158186095371607
Random_6108,0.15798541341146566,1.3555394667125606,0.031386272592404306,0.030248143863003896
Random_6109,0.012544395935965427,1.2354465578203586,0.005036171661032774,0.03944976461871976
Random_6110,0.056461043954218075,0.6660114772707059,0.03603624454082691,0.02342404893295938
Random_6111,0.11489446888875339,0.5526799405741721,0.047374118369156136,0.0017541521297173182
Random_6112,0.14208939952720454,1.904802392708072,0.04900432957422887,0.0095156077336268
Random_6113,0.09840130057857854,0.8588369092897947,0.027892154416475974,0.024433095074062564
Random_6114,0.02989970680519829,0.5462271534804649,0.02573008718951994,0.033885589406803376
Random_6115,0.07171841157814032,0.7870082714610702,0.03278883749440594,0.03960810867109188
Random_6116,0.2546515414265829,1.3407942700681577,0.009593301999420344,0.039268334927973526
Random_6117,0.0751909891493343,0.3674066522868491,0.045827540982166896,0.03351089793773027
Random_6118,0.13612301952461156,0.14843281281746556,0.010474849952254381,0.015110437500287642
Random_6119,0.1830851007244726,1.3526886594643308,0.037213897367968124,0.011010670241075774
Random_6120,0.27941695716648923,0.15474350011035765,0.025848536461621517,0.017839063082269662
Random_6121,0.2998817792607212,1.264751968182673,0.03491575427233255,0.029137371883368287
Random_6122,0.12346113528488373,1.3601811524052934,0.04316525335537801,0.0011382135221261567
Random_6123,0.1161708176154146,0.8173398026781606,0.021628044608596884,0.03229009246754172
Random_6124,0.22380712296828384,1.2347411421036272,0.04617301159041072,0.03711034851812067
Random_6125,0.14129887441341216,1.9447406110548868,0.04375623518941701,0.0016246161954849687
Random_6126,0.2379141772532895,0.3787925477908244,0.0022419979095306573,0.0058299493572639615
Random_6127,0.15774970785049836,1.9283516051072183,0.010603916823280025,0.014462861323207694
Random_6128,0.2957666382323714,1.5783555896838934,0.026022068692620987,0.03192103728616684
Random_6129,0.29984693232941834,1.9993788512802995,0.004985465769706932,0.009070419828184701
Random_6130,0.27600775072004774,1.7482728495054318,0.021658994947528636,0.0171655600900103
Random_6131,0.16093111377654162,0.8427815690918625,0.02227144379499477,0.021505819249463234
Random_6132,0.28317865114496843,0.2858528203403752,0.047641288010413965,0.009781137366457898
Random_6133,0.15516378716695173,1.8035575968983788,0.03532731809981336,0.006143616453569868
Random_6134,0.023748835530464425,1.3323443137597915,0.02798404649982189,0.01662785593901942
Random_6135,0.028730840007211073,0.3013119807098744,0.04541655578138288,0.006173627137422283
Random_6136,0.2703053607634202,0.7389848362935464,0.038070334531540476,0.03659261775179887
Random_6137,0.21972848293547417,0.36505031955437406,0.009122404896581456,0.03161969871494825
Random_6138,0.2977103954844918,0.9462532444477223,0.00785304346234595,0.028045563485648912
Random_6139,0.1611871679517066,1.9561310738642181,0.009771443166609158,0.03325734508456096
Random_6140,0.1164568724202351,1.0727701346538883,0.017009976563014895,0.016718079396485543
Random_6141,0.11040448109196387,1.8442671330374798,0.023563645543721857,0.02346500136887807
Random_6142,0.12974985867557567,1.6202809972021368,0.03790152101900865,0.012516642312747728
Random_6143,0.2719568142547705,0.9420857630018167,0.0076971203053592,0.008286354002546882
Random_6144,0.07161672284588955,0.9954629712399699,0.009336313233922852,0.01220602970667779
Random_6145,0.27561073516693685,0.4351842969369366,0.025353939388458518,0.03939590256370784
Random_6146,0.17915753328232253,0.6150911567222842,0.0012981476937848854,0.03906390330756981
Random_6147,0.06833982007708221,0.29971675671301434,0.025550363538241888,0.03622904106956349
Random_6148,0.26014102844992243,1.04947514027429,0.021223590996621116,0.029158702554609874
Random_6149,0.06091523956439392,1.7619111072828244,0.013256798999315894,0.03202939222627584
Random_6150,0.17197969796341034,1.308930344550839,0.0272728197308009,0.010625749651102172
Random_6151,0.2237576640338066,1.2868342602240468,0.04993786320360888,0.0017877281291241091
Random_6152,0.07179537567258565,1.4013228324405684,0.018667450204017923,0.011370672878868802
Random_6153,0.016775431430193354,1.1531599358611992,0.0285083434047017,0.032024420646991875
Random_6154,0.18411304027890738,0.8711026345783588,0.013529818225916666,0.003444916734652511
Random_6155,0.10974003987295479,1.7814806014527,0.04705024321351188,0.005121247943147611
Random_6156,0.1107914402157463,1.3848401319699868,0.0477568473586603,0.015069626625813525
Random_6157,0.148765745455877,1.1213304850030454,0.008985562300303184,0.013559222565308525
Random_6158,0.23034543738414306,0.6478344442206385,0.022701535892948314,0.003994704232200421
Random_6159,0.12898323438160123,1.022363764217638,0.045572840839566316,0.0299911892081707
Random_6160,0.2941337904456284,1.1505642255521267,0.025588060225454436,0.03964883855564807
Random_6161,0.2502214991487196,1.8888468567008547,0.014103833610089773,0.03148890068755124
Random_6162,0.03675098307226602,1.1790432175139938,0.024340400792609945,0.009145956435791715
Random_6163,0.061996056897944005,0.9658157008861766,0.005917416423252597,0.02358993879790904
Random_6164,0.12040718082342153,1.6400267131629052,0.03483667159230686,0.018755990123253123
Random_6165,0.2384399747115566,1.4160753227551643,0.03747954333503995,0.024986145549470547
Random_6166,0.033886413409253,1.455734721624104,0.02112811191842771,0.0042062954246540035
Random_6167,0.015855552242917813,1.7528629044854127,0.013193866493195656,0.037010510284635145
Random_6168,0.08795966493556677,1.6076873893552361,0.010712275279105808,0.006456448355862974
Random_6169,0.11551380794018809,1.6096267994313262,0.01776977308702707,0.03038104129912868
Random_6170,0.06859558070950095,1.4669597226702984,0.013130935072401345,0.021227052203543928
Random_6171,0.13703536796349508,1.676177437774975,0.04279934087993081,0.021709341000471095
Random_6172,0.21847141156729957,1.193129270797178,0.026834161001163457,0.011955021933415674
Random_6173,0.0672431483703951,0.20212693649030036,0.008797579736146727,0.009113199241785226
Random_6174,0.0829887865878696,1.7986976036714324,0.018264747445035538,0.017816520250715277
Random_6175,0.09521736560081334,1.4662999634119775,0.02105328539822205,0.014556789109583197
Random_6176,0.21325021582195786,0.7862298952245358,0.026065907399279355,0.016183155234625064
Random_6177,0.12294966485629827,1.6205287755147992,0.016136567213939437,0.026758113080524656
Random_6178,0.2696969526485181,0.5975621994622481,0.019570834907665185,0.02510005881580374
Random_6179,0.20638468887874348,1.3820240803092454,0.04601693302346055,0.022050298708688947
Random_6180,0.12290421543515462,0.7186927289566857,0.0037935639990224995,0.02295466545943538
Random_6181,0.10481340384320055,0.5575224575070646,0.0015808857938583568,0.02214000383912346
Random_6182,0.1548697024378582,1.7579142879754728,0.034047737591925704,0.001979139553479594
Random_6183,0.2891787458155273,0.8946413841005776,0.017850823427888206,0.0029326474925933446
Random_6184,0.28377202333908713,0.8601779625026795,0.020872906687283466,0.007890419630388333
Random_6185,0.11045402666080964,0.10276193978396143,0.036766875288032554,0.036816661744620165
Random_6186,0.04010110920444246,1.4096615670309114,0.013569474405427464,0.026432883125578628
Random_6187,0.19531729987336546,0.7304626937478096,0.011120094672197576,0.0037883276673940404
Random_6188,0.05734947881052037,0.8400005889149073,0.047701811026872036,0.01359492639436245
Random_6189,0.19184010504042695,0.605576876761853,0.04633959213999753,0.01606018623981581
Random_6190,0.031170000857072187,0.2287734601212406,0.022438595130450042,0.024168651526678697
Random_6191,0.2821445078299475,0.26208517142254395,0.015101279564273606,0.003098000793293057
Random_6192,0.10390524129367429,0.12098874497575089,0.043071705507771646,0.036119211081288606
Random_6193,0.1554198771296947,1.8513460590800372,0.04634235162772298,0.019213174257482306
Random_6194,0.11483162529909254,0.7253252048586235,0.024491027833590067,0.03770482279023197
Random_6195,0.16414069667234038,1.542979340759366,0.0322240454490141,0.03383699678422376
Random_6196,0.26089671442874957,1.9384123893732053,0.03084115605908143,0.013981875555120784
Random_6197,0.09743161541496237,1.9526600999990087,0.008276772800744809,0.010497470660073643
Random_6198,0.2567853393939587,1.3413874527075256,0.001673271889658958,0.0086112367352899
Random_6199,0.18082437625754832,0.35782777784856534,0.03968236005788337,0.0010280629348228217
Random_6200,0.13689262271843455,1.9104273272112313,0.008981493911995517,0.02999017601700996
Random_6201,0.11435068670169635,1.7449546512234335,0.0024033702295570953,0.03288143904796496
Random_6202,0.22930038642980152,1.9224371147142956,0.012673355207417632,0.011034243307156005
Random_6203,0.1481354521880761,0.48008775528061476,0.025314448050623176,0.03094146949460801
Random_6204,0.16920193209513376,1.01140671936612,0.03139219582021252,0.03721739115314856
Random_6205,0.027950589991649295,1.1387290191952675,0.04124638933386883,0.031944625049558195
Random_6206,0.22150065341637992,0.4755659380015598,0.03776815053769586,0.004116467035419229
Random_6207,0.03199412467997639,1.6875553765661517,0.04857737452166958,0.029406266551151135
Random_6208,0.27130031078037276,0.7876085621214237,0.0312115665866959,0.028849807244130284
Random_6209,0.14718489918795055,0.5357121465757922,0.025496047701604713,0.028642136158063963
Random_6210,0.18111774021947669,0.5157960882055268,0.0210181790929971,0.013502683037503474
Random_6211,0.09326770545988043,0.5067555454313482,0.006914142439388464,0.037225130196410716
Random_6212,0.14487511451968044,0.9271351983529366,0.009703818839795573,0.028166766709753207
Random_6213,0.2639376356992618,0.21496276052595015,0.04935593406075264,0.025689999932067366
Random_6214,0.04008463676684673,0.7338571562253391,0.022507620537679376,0.02355324401201037
Random_6215,0.09452267169393287,0.23189134426174302,0.02819331742199288,0.033007850500030744
Random_6216,0.17775299307190393,1.3816706230505391,0.014434331128578462,0.032863282606310516
Random_6217,0.27776779236444626,0.33625012714861174,0.02630029964559423,0.004414061443054956
Random_6218,0.11580077577067507,0.721367975808703,0.011209881235436883,0.033175414089546724
Random_6219,0.20222682476002862,0.24422381195808446,0.028806839345535445,0.005505871062851456
Random_6220,0.2190099009357932,1.115786626165068,0.009221956263363095,0.012089154891711775
Random_6221,0.269398693155531,0.6429778106665848,0.04237879161986343,0.008082064051820713
Random_6222,0.13765546757595326,0.28825951828714214,0.013092926126339614,0.0167560288198643
Random_6223,0.22555525056708178,1.4402665536685348,0.04920010648875236,0.02603572249053382
Random_6224,0.2961906977948628,1.0350365087610904,0.021923444437721658,0.012720592073777907
Random_6225,0.08533425152042903,0.7464523023300287,0.01454960283606977,0.011336185320035181
Random_6226,0.17523130489375766,0.6078771064536586,0.029094246355173818,0.02795261451932013
Random_6227,0.297173229322562,0.5747273371969905,0.037118423542433734,0.034081303951749395
Random_6228,0.057144200735682285,1.7105975098352775,0.03959811890116594,0.02994182993246387
Random_6229,0.0263754800517833,0.29632406031958997,0.04343280026104086,0.02932389205254339
Random_6230,0.22077175439594476,0.7644767565316816,0.04767775412260644,0.01879557662129025
Random_6231,0.062414003981255,1.7105962594129065,0.020952840215758526,0.012084130827671201
Random_6232,0.05770380247662044,1.326537982461851,0.022170487670976964,0.02400849117297873
Random_6233,0.19690838941011388,1.9661488370188587,0.03942018890857881,0.0219833734671555
Random_6234,0.06768692837967605,1.6542579511110855,0.031211882403945464,0.012925004300087618
Random_6235,0.25203811387021613,1.2294690893730738,0.01753511152130484,0.018442794832421366
Random_6236,0.29539229414225204,0.4297491195024862,0.04500609612147377,0.009682574397421845
Random_6237,0.2756818637803466,0.7750475241397621,0.03968657061779952,0.011786482037531607
Random_6238,0.05938948636668925,1.1696764480512394,0.037814779322156086,0.027727716697570206
Random_6239,0.2140152355603233,1.2555315915622414,0.03167934579557832,0.002447899731039913
Random_6240,0.14149589344323238,0.7955463979914044,0.03561185915815143,0.013017196446063764
Random_6241,0.03170069225115244,1.0391336310600034,0.04101441524078066,0.003234256826536561
Random_6242,0.24373687291258242,1.2858400790654962,0.039100764826431475,0.006298521728779019
Random_6243,0.2922250518603477,1.5646259598605174,0.030081196812351156,0.031739518352668014
Random_6244,0.28034709564722027,1.6670096365648666,0.018085141341414708,0.022204981665156002
Random_6245,0.2648191800105702,0.9711853429890184,0.04071381225199945,0.03865014726043608
Random_6246,0.015045776961287737,0.19279652328937566,0.006662245564188632,0.0349344036823036
Random_6247,0.26653449575897803,1.2745567727524825,0.012484105562063995,0.03730748001682307
Random_6248,0.14680569244800434,0.5300942373629605,0.010054374733475317,0.012781487167474275
Random_6249,0.08658937619218629,0.11775675185354033,0.032829155433355156,0.0027062985513144774
Random_6250,0.020820213766882815,1.2864880887291164,0.001617687359701928,0.017687935186919707
Random_6251,0.14992577426582523,1.8197075351337013,0.007378224772730936,0.029268254694761027
Random_6252,0.2205114528223257,1.4981801425647447,0.032296655735567,0.03092382102796675
Random_6253,0.06479403426546596,0.5063702418078901,0.03134082720610575,0.03855205563850441
Random_6254,0.029781673762043232,0.7379929521019116,0.01469510363285791,0.03123575822907642
Random_6255,0.03565237620481837,1.6491553855749128,0.0075281295947864455,0.025228911099615295
Random_6256,0.20065698911670135,0.9553109043278234,0.0010150766562067141,0.03936753122415563
Random_6257,0.26866150634300745,0.6882534043638135,0.031912701404660876,0.03841991176858047
Random_6258,0.046427073188081196,1.6994981668637337,0.012551347701151811,0.010185851447276257
Random_6259,0.10305198933300902,0.9772370407168208,0.04015014132687413,0.006472963397477676
Random_6260,0.16256004873184945,1.4601091252758398,0.02005897042804628,0.028931904499102615
Random_6261,0.15872877463229423,0.3979866642558577,0.04142288202413449,0.018588225110301115
Random_6262,0.11551221798839363,0.8900319058056011,0.04735283353777662,0.01563424577897667
Random_6263,0.2146168602577708,0.3909839548987294,0.01959743548170971,0.02991336002373572
Random_6264,0.23913946387731294,1.9032271147015234,0.039767582505113704,0.00661534129237963
Random_6265,0.23771380942938788,1.8174702468142683,0.028891864848077944,0.002208274738026933
Random_6266,0.2613354202159843,0.14006562876763523,0.035832252125465536,0.02384757454414438
Random_6267,0.07870814831586487,0.8186312476026641,0.028842058524770033,0.020583590242175584
Random_6268,0.0516124053425691,1.8223059823244372,0.04448797031351829,0.01832221059718172
Random_6269,0.01828538020698434,0.5848284819255427,0.03934203834862721,0.02812237620363009
Random_6270,0.22914006951679708,1.8801085531031498,0.0324936943346347,0.03164989796713551
Random_6271,0.2860731025756935,0.9144604776054478,0.03388175471440987,0.028080433532170938
Random_6272,0.27541520522432744,0.7467026898884916,0.022861046562869882,0.024224385447382715
Random_6273,0.2466286786779008,1.2108295535963136,0.03593014774126379,0.019866977911780676
Random_6274,0.14934811894632957,1.2199783645825835,0.027955325901789417,0.03724611467522177
Random_6275,0.017282389547497137,0.39494973889545826,0.004032094781831657,0.016262289210985107
Random_6276,0.08844036593426374,0.295126037060686,0.03277105412041018,0.020485426155907475
Random_6277,0.2657912484997848,1.4366693124456997,0.04392163169440513,0.035929497880274754
Random_6278,0.045946525574774646,0.4687664970281966,0.005349789058990832,0.01981818506817806
Random_6279,0.10059233642350263,0.8853550706484252,0.003938182915735196,0.038642610530088904
Random_6280,0.24982778480261542,1.1011358850133617,0.01492520290224077,0.02045932961504983
Random_6281,0.04843069471743465,1.9801829613193553,0.0022047846412545603,0.03552901335676289
Random_6282,0.15782303389912064,1.2005369154546932,0.012868110784892153,0.0061951567198328126
Random_6283,0.14980143914003186,1.076619641350015,0.020155412131862824,0.02753920654473348
Random_6284,0.03817037343606892,1.614847522677706,0.011449057462396578,0.011780079622714473
Random_6285,0.08511719415521804,0.5852319609656694,0.015863866291400602,0.03164679905849861
Random_6286,0.02881061057269258,1.3054239107393084,0.015600233220636282,0.02523460566091394
Random_6287,0.1121424038493353,0.7037373849200428,0.0211854769315082,0.01859709188602189
Random_6288,0.2793006163845384,1.109743364006084,0.04956218763179084,0.020503655765003532
Random_6289,0.16892486581494207,0.3963820877866019,0.01342029858671678,0.01871594937342318
Random_6290,0.008210666512303923,1.130316703980714,0.03067563492839324,0.03285750258783556
Random_6291,0.11452879886400637,1.6967981334075122,0.04895448880847938,0.011967816584995752
Random_6292,0.24236566001473414,1.511143853360883,0.011749877583249694,0.021617509496977928
Random_6293,0.08853256904865724,0.7825252462843212,0.03726180075175209,0.007825598215149549
Random_6294,0.17973403015625547,1.3773884604534177,0.037512005799874876,0.007251756987909906
Random_6295,0.027647212753993317,1.7181756291317367,0.04748968640808306,0.030455548612280586
Random_6296,0.19101117113180224,1.0336775130585185,0.04301114787117499,0.03948862743596874
Random_6297,0.2257002304639863,1.4082838540512317,0.027038794973671416,0.0281602863830695
Random_6298,0.09195784564001401,0.7253567151125058,0.003628163542658611,0.037702208701019015
Random_6299,0.2603350502232183,0.4304248284505894,0.014538584100202732,0.0379316610687527
Random_6300,0.09792863393329877,1.7022055691387732,0.04488718935266205,0.024690296993200078
Random_6301,0.24107604192882923,1.323682769994448,0.03687138778505312,0.0380658933041567
Random_6302,0.24913018336126025,0.25587010844034896,0.04764710938443022,0.021342418152797873
Random_6303,0.20264100511627775,0.9611325056132713,0.008306347896941695,0.011859744723439123
Random_6304,0.2393271376683589,0.32837226996523816,0.0493985919476979,0.003718489090684093
Random_6305,0.19105420339618084,1.8707137765186095,0.0301727385903159,0.006149265723782138
Random_6306,0.2294528411352829,1.207216130410689,0.019956298927300418,0.021030273975568923
Random_6307,0.18189321738628886,0.9188151122072427,0.024942312584694065,0.03374500070293631
Random_6308,0.2453591455723266,1.7577768809192476,0.036153799493429915,0.026000757570931565
Random_6309,0.07487200362261766,0.22031715417681785,0.01044892015346379,0.02667229903465559
Random_6310,0.154974753505993,0.863318185714968,0.04764894406093502,0.03868151045312795
Random_6311,0.0822856167815756,0.5751625827051903,0.033143202524930006,0.037505995518127756
Random_6312,0.2997289756717053,1.3924978612492502,0.003602087227378058,0.020503846356258425
Random_6313,0.1560819426312473,1.6390904800530461,0.018738562754015482,0.00865663607805224
Random_6314,0.1300941977363853,1.6882510232930037,0.0038745486347539636,0.038852224919309335
Random_6315,0.05587661212477277,0.9695604929084785,0.04290309639894903,0.024717880328530416
Random_6316,0.09404841041945386,0.6730869628191777,0.040780278751722535,0.009434843016979333
Random_6317,0.29629177125293704,1.9652974066837605,0.01571977975923337,0.0162941681825927
Random_6318,0.23588561713531653,0.42814110323415944,0.013994416860641769,0.029372548309403855
Random_6319,0.23374270058837016,1.5689825615304356,0.0453882407187418,0.002481718692708677
Random_6320,0.2784664737123449,0.7216020218839627,0.024600395158244328,0.02532280409099996
Random_6321,0.2145299788877478,0.1813375123790801,0.0026900971775831433,0.004984943401510228
Random_6322,0.24557582202431233,0.5550988549796891,0.04153464247325591,0.03370049978499537
Random_6323,0.022434351803995462,1.603564121968754,0.011111434023021165,0.026022217997405377
Random_6324,0.04996715102885852,1.8284823315150518,0.04663708317784125,0.014096789021692802
Random_6325,0.08114809411917501,0.347487101393973,0.02728902937714336,0.019881821743330166
Random_6326,0.25221482768999864,0.9083379035464346,0.042054830111323424,0.018068610404598652
Random_6327,0.01872298845039031,0.8871667447716944,0.013713605016221646,0.009887149096168946
Random_6328,0.05011644627566258,1.0463260514295722,0.049772370651179614,0.02466143635438825
Random_6329,0.18152623155723618,1.3889096744964056,0.012765633682744422,0.037778652879908954
Random_6330,0.2544307902331048,1.5557514884056798,0.0048235780122144085,0.014220044989236458
Random_6331,0.24214272258085615,1.127343697615479,0.03500518515308308,0.018579784374165895
Random_6332,0.09894100061853633,1.1194461054319087,0.022785051549819486,0.032273107181300116
Random_6333,0.2787880487558672,0.7656387825920796,0.009152195459101342,0.03879676945295975
Random_6334,0.2706000167110176,0.38063017587569936,0.025707254486535512,0.02905106147306461
Random_6335,0.21041859261273715,0.18776444858461072,0.03308176765211852,0.006513645443634075
Random_6336,0.11193594336598056,1.5768863112636815,0.015646964781906997,0.03052888127963166
Random_6337,0.020486869367646775,1.1895123395234333,0.02489627914783355,0.0020831934682775458
Random_6338,0.1906884175819753,0.2740058655579414,0.0364336970399492,0.011327732490806212
Random_6339,0.2936871539683671,1.5643306505615047,0.004987880740111861,0.03420212894602434
Random_6340,0.2035153911149762,1.7914528289828917,0.01161317115775633,0.03971928053158565
Random_6341,0.15272748829025642,1.6793427842193163,0.04569089459490729,0.020702434892199036
Random_6342,0.03660314377145569,0.6823020909927483,0.04483410332974023,0.002746162761842218
Random_6343,0.08495447383887983,0.39269956455433086,0.024339127083376284,0.039659239751811966
Random_6344,0.20920229246362687,0.2968886879720549,0.019198597775232657,0.036809714149295694
Random_6345,0.010936495655927693,1.6516374466872261,0.024305780579834648,0.012679719143044898
Random_6346,0.22813256675264593,0.4117282314406866,0.011790306204674778,0.00737193733758858
Random_6347,0.2591487253009263,0.6777913772611043,0.045115889619501595,0.03139489701912698
Random_6348,0.13357108887238509,1.4334249455509078,0.036608773059222215,0.03175781040337229
Random_6349,0.011290775734299225,1.2994674659577201,0.00619004950614587,0.027173806710532936
Random_6350,0.10590019244019794,1.852895731900155,0.045363622533507154,0.012027557801524012
Random_6351,0.16718883142310867,1.33736758533708,0.007800118564581659,0.013012637567114408
Random_6352,0.11337019186163229,1.22323135980711,0.011563035709938507,0.013229196101098302
Random_6353,0.061796239110227726,0.32144528148774054,0.01387055432483884,0.03054248713290612
Random_6354,0.1004100519569464,1.963305130714512,0.03477217864016828,0.02253845052254035
Random_6355,0.10885134014205289,1.3774938538298893,0.02565352561274576,0.009926690569635088
Random_6356,0.16717898026640404,1.1335648123639512,0.03410982224418228,0.019190851875206402
Random_6357,0.13201758504381228,0.34623998336866535,0.008550237114124403,0.0018493980048831413
Random_6358,0.2705256945776896,0.9789379961829547,0.03205788541285435,0.0374086376034416
Random_6359,0.1009608520866282,0.9155059007966128,0.03903006437656228,0.0013843957486073667
Random_6360,0.08000827405923973,1.5985850489328102,0.04569261631461883,0.019157011070485765
Random_6361,0.2850366879762477,1.772756575282424,0.03860533179030243,0.012950623865098928
Random_6362,0.2514020151178921,0.4864271085806873,0.04565269302937091,0.035257764274716066
Random_6363,0.2948940482255837,1.2509534147295986,0.0010460459602684225,0.027514032908694395
Random_6364,0.29694687775794754,0.4281927699774756,0.04191128020695301,0.011195150807114439
Random_6365,0.039538079409153125,1.2222859115163005,0.008092161474613568,0.018955023222722793
Random_6366,0.039795857156794755,1.5978172211944277,0.004331674001785175,0.029805184519785026
Random_6367,0.15701851001729908,1.847057072120379,0.02215803503405972,0.003840485840222264
Random_6368,0.0161861251845799,0.9172451468544351,0.03540455238225799,0.02814508867811069
Random_6369,0.00848240144163297,0.7210159006665251,0.007684094791906573,0.004422652052866835
Random_6370,0.2505993455082793,0.5096545062634233,0.02196273717324972,0.016476375497615187
Random_6371,0.01586089334576599,1.7008982529282144,0.010422660900229811,0.03697846593807152
Random_6372,0.23979413206572003,0.5174383346809338,0.048653488820273184,0.01343993528343012
Random_6373,0.28610197325232595,1.3381161683858889,0.004494387142670666,0.03625610758150827
Random_6374,0.27937517645440535,1.2727992962596582,0.0067282018123109915,0.017184498826519002
Random_6375,0.023255344492458318,1.0702703704092247,0.014990234337290284,0.022137695726001726
Random_6376,0.20950629427486683,1.227470990003724,0.03562165519202911,0.03208355437275307
Random_6377,0.2885328679670805,0.6598693291385724,0.039781224604321305,0.01209670686431567
Random_6378,0.12789272675430075,1.8313160787902338,0.001006946564585292,0.036800701364469064
Random_6379,0.005478203449961901,1.3842256167384606,0.01661511800070663,0.0202677353546186
Random_6380,0.0209723042208997,1.9508220688119104,0.047417450175140756,0.028787935196102097
Random_6381,0.1827473602253761,0.414612972031959,0.04352875293881044,0.015911665708857447
Random_6382,0.10953553360274704,0.4649852843555897,0.013453704504136417,0.0199140991083002
Random_6383,0.22900706051268044,1.5879087165148593,0.02505488846624391,0.012441591546523835
Random_6384,0.009449560478566973,1.0739472053091188,0.023009970758137214,0.003913843944745438
Random_6385,0.20935484160181492,0.1200523278461193,0.011047850353288376,0.012737069280040581
Random_6386,0.09636074490906386,0.43385595882030725,0.0367122520726911,0.009326654262717091
Random_6387,0.23126588560591577,0.4479056472155414,0.011096015033808245,0.00682623528588165
Random_6388,0.1941607316183496,1.5226598895535073,0.04080163809037752,0.010807637712422043
Random_6389,0.23771663902344528,1.5531164466714733,0.04996382929846283,0.038644251922330744
Random_6390,0.287925439075253,0.2667596205943823,0.04116548586633542,0.029959889564857897
Random_6391,0.18900616603479553,0.37966427338004605,0.04813112630557788,0.025535386231129113
Random_6392,0.06495699903110345,1.5209184069766724,0.048803251036050675,0.005751760432658986
Random_6393,0.2951252031572402,0.334768241335352,0.03003628815834988,0.023585857358168358
Random_6394,0.09209627617269402,1.1153612683567902,0.003289370617689508,0.026783059676284526
Random_6395,0.2334476131550186,1.6363719411331945,0.024914491788611055,0.009339738271046574
Random_6396,0.1860950247604551,0.1816035878544654,0.010515931629324519,0.015098193212762925
Random_6397,0.29969036809422633,1.0956222362473824,0.015518388227364153,0.016046882852541196
Random_6398,0.05857161285449216,1.9223228383849882,0.008921438040374555,0.021847980524592598
Random_6399,0.18798340442493053,0.2589854446178751,0.03220994418199824,0.0036816394924507894
Random_6400,0.11925681000804243,1.0223425466618574,0.04003622409839531,0.02650165476658676
Random_6401,0.21259249441614228,0.9307344061565394,0.04841242385966935,0.026407109921382083
Random_6402,0.16155194896960465,0.6090802976166793,0.019431589657268225,0.03349044361456985
Random_6403,0.18101594823836603,0.4796596888164678,0.04745483687242033,0.030390347717731407
Random_6404,0.11409199335039547,0.632234202703465,0.015559213503697933,0.007249305243255657
Random_6405,0.13681390092491005,1.994917412944402,0.038232616122027975,0.005163803894862208
Random_6406,0.29161177200803434,1.5659968471093428,0.018609817008381456,0.010831349104614085
Random_6407,0.09513927393070534,1.8753971146083535,0.024938510364559963,0.013744312529220891
Random_6408,0.23232265545153305,0.5557745011025542,0.019738547226600973,0.033073745020612
Random_6409,0.0697953628289699,0.4602496629380409,0.04364702626005023,0.03974400659865904
Random_6410,0.22116978164066908,1.9685821458467512,0.011026173425376096,0.020224792148292692
Random_6411,0.19259223428886466,0.5950463336157301,0.00464640483359959,0.008912218201495202
Random_6412,0.14121972852856451,0.8407071810279191,0.00966948894178581,0.02150020013404477
Random_6413,0.015280455586384214,0.7492114939346306,0.044208543924877094,0.001288506529199942
Random_6414,0.2680924654816568,1.1214752537170125,0.03628933550854417,0.03719318386985733
Random_6415,0.03224756101058753,1.3859382605478754,0.014845121977670881,0.03347106918272761
Random_6416,0.23790588124904777,1.6000893351683982,0.0189230422726397,0.03962488891102265
Random_6417,0.22852425847946992,0.9357429642993556,0.04979574930131492,0.010448466580903582
Random_6418,0.09694741709856876,1.8149354188202875,0.03512187899451599,0.026638810642713614
Random_6419,0.12738220143206946,1.3638934165798138,0.01544466273021599,0.009565638537578764
Random_6420,0.2969181667585988,1.5357392590087846,0.03507144505243909,0.006689428911510937
Random_6421,0.12010076004098523,1.6551459874149337,0.03376591810808988,0.03742847661986121
Random_6422,0.14014319796809682,1.645846662977283,0.00902783080965425,0.03883646738612717
Random_6423,0.29263619833710264,0.6456354696218288,0.029193659744803774,0.017150116445087963
Random_6424,0.043801803123121645,0.9454374003416628,0.028701747662184612,0.030037857249774022
Random_6425,0.18564994393075304,0.4983691339926176,0.04432622078757495,0.017624214578966447
Random_6426,0.016316541999996194,0.46514407410051695,0.04426504149321845,0.0317801397685127
Random_6427,0.08406973753446212,0.757117564250351,0.03214459865012412,0.020399513441271958
Random_6428,0.054814540496351295,0.7891001966013618,0.003982308661669948,0.03791799464894439
Random_6429,0.0833496985714044,0.31881210617422406,0.002365602998210048,0.02837605518138417
Random_6430,0.16821839776924102,1.7759902950101254,0.038578276612309274,0.01913096006843399
Random_6431,0.052982283815705244,0.9868764735338891,0.013359927086525475,0.036991515441960617
Random_6432,0.1255288521608475,0.5088918752058497,0.03626459953773077,0.007994994654637797
Random_6433,0.06619136227789851,0.14963579927688447,0.020439696714504206,0.034271967927117473
Random_6434,0.15331509381810546,1.4316408710446817,0.01618488786286176,0.006661058605006137
Random_6435,0.18480625594007813,1.5955338494677678,0.03315177099160713,0.0030786717971907364
Random_6436,0.2646126219222426,1.9447708085234567,0.03070663740886061,0.0013211808588953506
Random_6437,0.22722756533638053,0.9393117987624264,0.025821580177620145,0.008761601404727148
Random_6438,0.006903874800598896,0.18783106352821224,0.037880660616956316,0.03499813173914953
Random_6439,0.0778142709357042,1.7826146330393555,0.00707216121092855,0.026977171017702365
Random_6440,0.1601267560208148,0.16611360487462146,0.0497464116938964,0.03433312858273149
Random_6441,0.04300957033450809,0.3224370574788541,0.04297083913047533,0.021137162595388007
Random_6442,0.2813903143276854,1.6346583728811945,0.040651653132364435,0.039940719887053375
Random_6443,0.07993205228849493,0.34720942013412115,0.009662168193892307,0.011578615136113947
Random_6444,0.04144939348151468,1.0325707143568235,0.04684004949071113,0.008234469503135129
Random_6445,0.26996147385617675,1.283179820115445,0.03944487430097728,0.014505267591486608
Random_6446,0.04870055069193212,0.33025394432335325,0.035457420267070446,0.013946433591426298
Random_6447,0.10204489003141637,0.9453339327924628,0.0304899198451859,0.03657359448886849
Random_6448,0.05654162996554139,0.8201608648971245,0.048125021449389856,0.025490387120493604
Random_6449,0.055452882092263366,0.5103340852404913,0.007412300022297864,0.03280662450305768
Random_6450,0.29286330779026676,1.6657603949836437,0.0055591835632780445,0.007451490111669984
Random_6451,0.226716547419288,1.9808662657493028,0.015358394884199524,0.013124027831354062
Random_6452,0.060844904298725494,1.0560522369235914,0.02472749404040984,0.03504712444751583
Random_6453,0.12436108390023824,1.1992633874356398,0.004803498457854971,0.009036038646536185
Random_6454,0.1133270442424464,1.8490273508902482,0.0193012216153142,0.007987933240776296
Random_6455,0.04970541651057449,1.9106752111616405,0.0013757002237683694,0.019858524305486864
Random_6456,0.2541519785330709,0.6239420965471673,0.04544255372797815,0.024344219827480737
Random_6457,0.015721395402475705,0.2161799430685281,0.023060452292897816,0.01919476189604012
Random_6458,0.18690379063632476,1.7375937056777473,0.0212749515719361,0.037484879079930526
Random_6459,0.11621787049977073,1.79653487803238,0.02864546576831005,0.02846751123541019
Random_6460,0.2837939936406457,0.2728517118016054,0.026758591892133556,0.009552785584915815
Random_6461,0.2472203916059544,1.5075784943520132,0.00497794150870896,0.01744180233544154
Random_6462,0.21189547770477637,0.845388462736896,0.002840641688907768,0.031006186006194706
Random_6463,0.19011920004623478,0.3340627474458334,0.011239330463621276,0.02382331553855133
Random_6464,0.1844559436665212,0.12367717334079974,0.018719222208823064,0.030621182001325253
Random_6465,0.22235548910264116,1.8818615449625906,0.043489962687339234,0.0239426222833547
Random_6466,0.11506198144243901,1.1056290738385803,0.0068112907252066935,0.0017270062597794745
Random_6467,0.15079369702106946,0.12652342506662806,0.015599232964562212,0.03876431192040379
Random_6468,0.08094807499684009,1.546380789475581,0.04517812642881636,0.01698324107143405
Random_6469,0.23571769646131158,1.398680606403015,0.025215617703438234,0.0067785257359106845
Random_6470,0.2221308121747126,0.7453012799091903,0.013344602806429857,0.0317839543680244
Random_6471,0.22454415268036224,0.9277164143467086,0.04984861612781624,0.012528572572305535
Random_6472,0.13185696765296598,1.6037041421494969,0.0076044925308046685,0.010009344970962397
Random_6473,0.10799387885339609,0.5628732210720355,0.001733540039355083,0.008663499564965888
Random_6474,0.21709574329193596,1.913085464709471,0.036820654904339056,0.007718014531604667
Random_6475,0.050063133222917174,0.9870953636386669,0.00784959012821948,0.0258665113250973
Random_6476,0.2157083570189185,0.21133656694974337,0.03992207509371387,0.017295122863871727
Random_6477,0.11729206751667229,0.6519109382948738,0.02488134709952669,0.024087017409186246
Random_6478,0.15417465867272384,0.7039278891264574,0.04643794931124818,0.002274413238582157
Random_6479,0.16088658059804686,1.005088412884711,0.002299685259572007,0.02078299181312589
Random_6480,0.045654389673471525,0.2261241398040996,0.040767648625702854,0.006051093633176237
Random_6481,0.05516861697975137,1.1094110605700225,0.009818028889768824,0.012480551908585831
Random_6482,0.24343285664247952,1.5211639723718748,0.008839279855087069,0.015705963402988823
Random_6483,0.23372813236138226,1.7837579756495452,0.01992863244883669,0.01842287142422778
Random_6484,0.15227264232026846,1.0887414682696623,0.04467055830830672,0.03342337508619934
Random_6485,0.10538583949320807,0.551472633344125,0.046118807958391496,0.02410735630247082
Random_6486,0.09840398391273482,1.2328462706311758,0.03957113385906889,0.038551315138750236
Random_6487,0.04703273663549854,1.8693282512028864,0.022612810552989002,0.03161058367864536
Random_6488,0.04324794774849117,0.4970509245919932,0.04197718360130273,0.03859321386647096
Random_6489,0.2594229747766216,0.7270749350372466,0.043348160523851924,0.028148077285200388
Random_6490,0.13269129652111256,1.1036905298072652,0.044204896480960675,0.0255900537424332
Random_6491,0.1397113174841362,0.6516039196131013,0.005062150060015191,0.0374654332599642
Random_6492,0.05921866218553017,1.4814015257358926,0.03958367163547432,0.005273139851791971
Random_6493,0.03586794335609618,0.7848942357916857,0.001137200163522375,0.01771425367703418
Random_6494,0.14518873344974537,1.7871866662157574,0.028498051717077272,0.031914387124463484
Random_6495,0.2543951033122114,0.5959021223231917,0.016877478502562188,0.022902812119337687
Random_6496,0.13787392075580399,1.252994436541604,0.005992331961420393,0.02879325686133194
Random_6497,0.07198564475517547,0.3975667702457224,0.04771991112238209,0.014867460130787949
Random_6498,0.21652234095383363,0.12238539760662848,0.046974233350562944,0.01329202511310583
Random_6499,0.1925371189118088,1.9590691999901297,0.008104712346837507,0.012093641547949723
Random_6500,0.25769534471472083,1.4502291015714364,0.036584218812305405,0.019989583676878763
Random_6501,0.08071880549628001,1.185133702612485,0.04946052363272312,0.010269724891209631
Random_6502,0.05513818569874912,1.451759612290448,0.022706593968466166,0.011590039071859438
Random_6503,0.27950873324687875,1.012879040549325,0.004866693604832072,0.02591594619882921
Random_6504,0.16399676729626256,1.3915230464655752,0.010941845766396674,0.001905755847585138
Random_6505,0.041433155304203315,1.4835450640641754,0.009964972712971525,0.013901791513385036
Random_6506,0.15154115183278075,1.2508666895747997,0.014942455189497952,0.018571395519284616
Random_6507,0.016338581556556285,0.9022934046555413,0.036189149635070327,0.012416322031295893
Random_6508,0.07315996399930139,1.045801160797967,0.01600548337686145,0.030983820031275228
Random_6509,0.07410111932005906,1.0776056355284278,0.015364037266497814,0.007344604963829015
Random_6510,0.19169315202137,1.4028284963348319,0.04278905776945803,0.03807149251804846
Random_6511,0.13772384658860382,0.11782688863153613,0.032005581336390504,0.00695721083127932
Random_6512,0.2062664092665413,1.3518385494303735,0.038375688399520824,0.03560736731707639
Random_6513,0.2045252465838373,1.4595483795302793,0.01564388205244603,0.01498956401461661
Random_6514,0.2790738798087739,1.9656471653741021,0.01883748392121434,0.028519712508535577
Random_6515,0.27983872311755636,0.6256720677631945,0.04612285721434471,0.026595936491720595
Random_6516,0.19091739829914173,0.138127863316559,0.020463673991889732,0.0022027302807590982
Random_6517,0.03976668059036403,1.6103748506283981,0.018085491823118995,0.02729951792054525
Random_6518,0.18172436063312708,0.49104104667318804,0.03536464873591614,0.00315299094347354
Random_6519,0.28131559091357394,0.9263432024487641,0.008862756873085052,0.027244687121887535
Random_6520,0.02053890503429997,0.2004993936117084,0.04942096162238152,0.011361928793650208
Random_6521,0.2630394945851834,0.4100701809962609,0.013550005658306562,0.03104332132050937
Random_6522,0.1050741337648137,0.4953427144111364,0.03558950681499603,0.033877038371684355
Random_6523,0.2839971036053258,0.7808754525774132,0.018970110592076605,0.01301373305236063
Random_6524,0.1628449051705906,0.1389686428406176,0.0181041296819276,0.0312669616027435
Random_6525,0.17527051250255302,1.9682764661084076,0.03029590671022227,0.028741094999015924
Random_6526,0.16596741435945797,1.5515276470270474,0.034268419050090856,0.010426793687266397
Random_6527,0.244639556241581,0.31194544313031125,0.01254338309850786,0.03760940160325597
Random_6528,0.05424560048476019,1.9277447611698026,0.020024150877211256,0.013500840967355723
Random_6529,0.24165145675481695,0.8199048129711678,0.03878626700602528,0.00353283713379929
Random_6530,0.22484904744831408,0.7511542595659315,0.041791760999989006,0.037576586271383466
Random_6531,0.09290908333758147,0.8573898467953808,0.036553873670082206,0.023973757886659477
Random_6532,0.08742507792906525,1.9118197277484597,0.014311737228060645,0.022867805240832408
Random_6533,0.05051653740846176,0.1633792052613917,0.0066567352260428255,0.026895467869710837
Random_6534,0.1942679274382268,1.1436340461011936,0.001990870238664441,0.022698619306637226
Random_6535,0.08060591047598789,1.8901331916069157,0.006428558639267062,0.037320158192207305
Random_6536,0.24741050575146534,1.2726237544272854,0.04145080691402811,0.02049116117022104
Random_6537,0.21956052139122947,0.11668287787363353,0.03850908222762913,0.03255232812610274
Random_6538,0.2671155944241735,0.48019857214603334,0.01772196887166019,0.02247068135321712
Random_6539,0.012675308745614185,1.3191574109185296,0.03532493083922562,0.023674238460785972
Random_6540,0.05995671519335409,1.3226156958716215,0.002137028468936107,0.008901112433954389
Random_6541,0.06024029893889122,0.5784618216142859,0.0028653820879323126,0.0014928123654771846
Random_6542,0.12809378378565173,1.8451471075883508,0.026949319453571086,0.018839149162369728
Random_6543,0.14884666101145672,0.2877097029789284,0.03710700577623288,0.03166921980804424
Random_6544,0.026154885740454402,0.2399260434020482,0.04948801874841423,0.009028223033181383
Random_6545,0.20881795191108454,0.8115818714026993,0.020322475705265547,0.008944045640765983
Random_6546,0.2873067187359604,1.7424803378464455,0.041463471194760584,0.02537718036709156
Random_6547,0.23675648295230742,0.9810114060586921,0.042630227362184435,0.0059943131493525315
Random_6548,0.14522913477472726,1.8770891182207952,0.013801014383634343,0.010426879316186796
Random_6549,0.16240377934389164,1.821018225060796,0.037361445596421905,0.002963325049399405
Random_6550,0.034148003204614974,0.8405262965453246,0.003640571701886728,0.012037823877042303
Random_6551,0.03265737379608852,0.7008348675330176,0.044191966962703076,0.014454812400163167
Random_6552,0.012841541159258535,0.6753025639593541,0.018444616744654845,0.03961993479742245
Random_6553,0.2969795517372883,0.1038772092459273,0.023685682412502986,0.02122483444374578
Random_6554,0.2380043459220263,1.972950731105116,0.0064126562534430245,0.010041036204048368
Random_6555,0.27582583979489506,1.953933965990476,0.010429409082830389,0.027827356140093202
Random_6556,0.04365023991964936,1.330151881945304,0.008149229363909376,0.006989353715931195
Random_6557,0.1409870021963299,0.8091183392612575,0.04243237388290189,0.021419569617918424
Random_6558,0.28778580021344596,1.6197191983302266,0.049937255963116725,0.01491350249039796
Random_6559,0.29596765139407893,1.3793842045015787,0.04048497521025092,0.017343506686194894
Random_6560,0.2712183126690485,1.1024042687145632,0.0326264144101615,0.017031794673553688
Random_6561,0.2940882783300427,0.5847183524930315,0.024672684863363156,0.038941232799786674
Random_6562,0.2873978293703727,1.673426547183308,0.01958572101221921,0.015143641295676094
Random_6563,0.2867241514859674,0.76580043717195,0.025828843984930502,0.009569349685150181
Random_6564,0.09318527148778627,1.8027192270791204,0.03595816697635906,0.024107310905377405
Random_6565,0.17488126295293388,1.455155407610787,0.026942110544319987,0.01331697795410591
Random_6566,0.22365957371595935,0.5196609352314974,0.04950597373378232,0.03219542554496847
Random_6567,0.043126776694502225,0.6653890654790792,0.02417687794425058,0.012468453352194205
Random_6568,0.16828181781301269,1.8928419582286318,0.032112037064433836,0.02417852417785578
Random_6569,0.03219984212522877,0.9532202511469158,0.010209979502366951,0.017430923690875948
Random_6570,0.14635185596401926,1.681510987045655,0.036362385808476526,0.02558445646180586
Random_6571,0.1584224697114746,0.1899044640875705,0.02622631739773949,0.008640139878527395
Random_6572,0.13380586068179903,1.7170968495704984,0.013105334304280618,0.023988619359396036
Random_6573,0.126788437576556,0.5744134137685074,0.004683296904904339,0.02700980920966212
Random_6574,0.11872981369425649,0.6998782213993421,0.015264887683457906,0.026564877469278173
Random_6575,0.2383356042588472,0.9881886059469587,0.025747398860646007,0.006423717026341594
Random_6576,0.2562544298268083,1.094055944543519,0.03801270776790728,0.03691292943499833
Random_6577,0.09323615265963556,1.2266161423209874,0.049252197831213894,0.03954735037452467
Random_6578,0.2812811415312916,0.7084616943628237,0.011525975232000801,0.0010433321939803042
Random_6579,0.22426698930147265,0.5312158048259473,0.013347833154346588,0.017995980680965168
Random_6580,0.02128847320763405,1.9440780630029024,0.02794359290508366,0.003713154052138554
Random_6581,0.053854194541293976,0.4844238293461466,0.01884777454473388,0.026967788220186955
Random_6582,0.17008704690992094,1.2918443859082662,0.04500990206800315,0.03263247621728001
Random_6583,0.20055269985999769,0.6335906394729822,0.022714391609231204,0.026245690711714047
Random_6584,0.010197809154093927,0.13467667269005595,0.006334297933193277,0.031110250466114462
Random_6585,0.20093362569744067,0.7247376881371063,0.01081744290958856,0.004249330661251793
Random_6586,0.23562731573172943,1.2648458220981043,0.029586952424920432,0.00632386920796902
Random_6587,0.021646914708765782,0.2010814134153931,0.042165417468293956,0.015481559423742366
Random_6588,0.08577619375647616,1.480728568930671,0.04171236893449793,0.0038288992871790065
Random_6589,0.029945677802874767,0.7371078500331704,0.04355834249489418,0.033238532919462944
Random_6590,0.20796520512675268,0.8592739459427161,0.01818137936852446,0.03918132857847715
Random_6591,0.10957028853955275,1.5368026276493714,0.02921953824429766,0.01686322807858009
Random_6592,0.038079868259881196,0.5916938531207783,0.029505825106848127,0.02838112513293157
Random_6593,0.18297357875343842,1.3328649005972604,0.03189335695886094,0.02102070347357383
Random_6594,0.29248838556137335,1.6855437278558436,0.008815152915951162,0.00895123772131284
Random_6595,0.1737340661915863,0.317419102146137,0.045573648537883114,0.0052047738520296675
Random_6596,0.0376944537748742,0.6217770250071017,0.021745003109291082,0.039169340854569294
Random_6597,0.13708650496970912,1.290546900653371,0.0034423455035483986,0.011417817168946173
Random_6598,0.28275268030794215,1.7808150240461316,0.022548484085835655,0.014587109796874737
Random_6599,0.27741427350209114,1.1584246934442233,0.028507641300643368,0.005347122613041298
Random_6600,0.2485176635014685,1.496984787057619,0.027607770714349,0.023537207591899874
Random_6601,0.020262199265059268,0.21531277592783063,0.003793432294883862,0.017312930860220947
Random_6602,0.1964244952359365,1.8613277043794787,0.03697975395464996,0.016376513696548627
Random_6603,0.1339785959037375,0.6036464385125149,0.04485229117380154,0.02594623552703335
Random_6604,0.2307584711845557,0.730175177929632,0.00737541457875314,0.004242068158174987
Random_6605,0.1334000076769953,0.9010597193607104,0.009085725879248632,0.015310895096548423
Random_6606,0.19119663760719818,0.6878357984175799,0.025163593197536208,0.03893123535482286
Random_6607,0.29885791264131994,1.9697208099930787,0.03041700126799501,0.02303196276931074
Random_6608,0.08181772327097149,0.9137267930419919,0.0365769710753125,0.01175703800093754
Random_6609,0.18972066641588978,1.0020959265072364,0.020005646472520806,0.004472733451242942
Random_6610,0.28692785876502735,0.6648202787995172,0.026491882833192187,0.019082370422943373
Random_6611,0.2058408356706006,1.8229238199755473,0.0037998273221262957,0.038379650578198726
Random_6612,0.29138966180120135,1.0077383172417336,0.020833483471751183,0.023085084359462542
Random_6613,0.206514289766627,1.5043833567223142,0.01697073984313175,0.034743776242329716
Random_6614,0.06259416410455856,0.3663757772651496,0.013218801119900068,0.02915835687912992
Random_6615,0.1687493070653673,0.5127726715881556,0.014632936012004882,0.021291398727822018
Random_6616,0.21273634680952164,0.19762464868929036,0.014880659017137254,0.004559152896006198
Random_6617,0.18614331384565722,1.4940467271021882,0.044857738107332804,0.02351082832488307
Random_6618,0.27071675598647704,0.24561641651158203,0.003073313689742092,0.0220269046049534
Random_6619,0.034648683498097896,0.9082147673082444,0.004492662792860265,0.03312954132835678
Random_6620,0.13678469103154875,1.6996066903421712,0.046377837485518776,0.03693476119652122
Random_6621,0.22934630350876103,1.0532912660023794,0.04072435887662401,0.00990012735959172
Random_6622,0.20835221008580052,0.6094109492021451,0.047465123704376506,0.009933261302454456
Random_6623,0.2704173220339756,1.1625111402976522,0.04963600298569412,0.03991429170648534
Random_6624,0.2461234639426633,1.7503582593410885,0.027972827707287286,0.03453657658945338
Random_6625,0.21747470289122486,1.3092638002348622,0.027111834962940982,0.025461400360437734
Random_6626,0.268282448138898,1.3988486426003726,0.006992820710987085,0.02216494298156377
Random_6627,0.2197843255668107,0.554846673781032,0.004296924905562249,0.002141897441506019
Random_6628,0.0668751984942117,0.7749093416357907,0.030865018985235786,0.01029292201487729
Random_6629,0.2445519440991898,1.568576565461881,0.049517318535042154,0.014785306955123954
Random_6630,0.04008752989611184,1.7656333270768858,0.030166243753852608,0.008700987257465362
Random_6631,0.0317273302114333,1.6191992842823622,0.02806981658812198,0.015063096408737542
Random_6632,0.14858562632327604,1.8966003108664677,0.022349270618687953,0.03682495124055082
Random_6633,0.24460242122840886,1.2287313277365306,0.03363031205730376,0.0024421596340755626
Random_6634,0.1953471459629542,0.16980823774459503,0.014152987028184332,0.009738957002963535
Random_6635,0.24304389190217196,1.4016886779333937,0.0219976035065852,0.030711344560322564
Random_6636,0.14660060330322627,1.562545185679004,0.004878036058790839,0.02936914130386052
Random_6637,0.12344164759202833,0.659735558329639,0.012449618376813788,0.011442032661531404
Random_6638,0.20516585136828977,1.9591194131930278,0.04250647956646789,0.0258333817328646
Random_6639,0.24741094140025066,1.1654591607757598,0.03674477485240349,0.030861912461521614
Random_6640,0.11551209270799438,0.5142017608419293,0.02579234867985826,0.004958397067497673
Random_6641,0.10236432202128147,1.1387679349880953,0.020293829900419676,0.021428157436749546
Random_6642,0.008058752315966573,0.28362304074833056,0.02658217366533272,0.005830854276379294
Random_6643,0.13422783141906253,0.66071613069866,0.004310409101605621,0.01615340145657939
Random_6644,0.009422331691185903,0.5870311964163452,0.007873213182180311,0.03446694311495099
Random_6645,0.028723860529374177,1.0275671274503426,0.03730400263911186,0.035798832672904346
Random_6646,0.09667150179399861,1.1939874220975588,0.03817951463116938,0.005682807839795392
Random_6647,0.274516363164836,0.1092690305738334,0.03663035525873553,0.031778156326071644
Random_6648,0.1886783866346031,0.6588403977994219,0.02575232095087593,0.017851310078892246
Random_6649,0.1637580191877215,0.6741522638739216,0.006734479316353519,0.030546100940064245
Random_6650,0.2809890029174008,0.8519500543501903,0.0344259488284864,0.03467788905599015
Random_6651,0.0848688473014756,1.7043550185003284,0.010915954223481544,0.013196634037679511
Random_6652,0.14553081303523016,0.9330150170217332,0.0032513748393747225,0.023189106563766902
Random_6653,0.18348451002938368,1.3088653186700039,0.04942633073083117,0.007780494478747274
Random_6654,0.27903772224833606,0.4575344208497749,0.04170473440719488,0.028254099004901084
Random_6655,0.2326952581697863,0.8411416589183738,0.025075168826256565,0.010530918473358911
Random_6656,0.0062331150017906345,0.4490523514252226,0.020716011628099315,0.022519579831616173
Random_6657,0.17250493747172835,1.4990725962631435,0.04706635557517916,0.005790553685088201
Random_6658,0.12776668947662212,0.264110409863461,0.017271154638663147,0.006424174975273587
Random_6659,0.06109450469185414,1.6531097956145675,0.017050755955060684,0.028451929653592462
Random_6660,0.12615821165706573,1.2701208171257785,0.033437289357090026,0.020945364463428047
Random_6661,0.06209644697172592,1.7848696026322548,0.014211616090669187,0.03160885592102987
Random_6662,0.07677059982746441,1.3299685472956166,0.02590927285332378,0.007533228885290432
Random_6663,0.1038517525124323,1.5068918632546318,0.036729306863205496,0.01616091055912726
Random_6664,0.1682868601716881,1.2977353051611844,0.03193885594763388,0.03752186902024286
Random_6665,0.02303039607954405,1.9148622523982097,0.043901996361601796,0.016723321166924276
Random_6666,0.11966809357948155,1.43928432179582,0.04838872080103694,0.02263916681961353
Random_6667,0.2179269694810772,0.466967226823192,0.03473682653415139,0.03994820429637048
Random_6668,0.2661851854959808,0.9106064516397082,0.015580750441969063,0.01948951532762998
Random_6669,0.228132054459875,1.9005665118257695,0.02645100129216027,0.016660118452860466
Random_6670,0.007860535382045893,0.2676822647388365,0.03257939429933006,0.01124554519379974
Random_6671,0.18128740597299955,1.6329549469890885,0.03930829192227009,0.0026868856723224034
Random_6672,0.10660945771319316,1.6924130734572613,0.04671610119123465,0.03471913896825076
Random_6673,0.08253658790973918,1.4892054245848927,0.02921991256859013,0.025525158755740796
Random_6674,0.2631519251775521,0.3188862905058044,0.03659372262047006,0.011713304123008215
Random_6675,0.25738060739539326,1.6712162481944732,0.005327239902445184,0.029219096087465736
Random_6676,0.27960836881496687,0.4593893975625116,0.02315941194432998,0.02527570587902157
Random_6677,0.1806450123065851,1.6865032018252701,0.02754271984577388,0.011351117670281755
Random_6678,0.021794022282745053,0.3938944194015901,0.0293634521257682,0.002222389548076558
Random_6679,0.16749201043024922,1.2308620265523125,0.01019089303937662,0.03302346405514094
Random_6680,0.08332469966406929,1.9246102660982296,0.03270062507587767,0.020984157144230506
Random_6681,0.25320509983238454,0.518240537332225,0.03942614549116847,0.010200067985649035
Random_6682,0.22590140702760894,1.6139766269823783,0.014086340468290572,0.002406262519950822
Random_6683,0.12448687318983104,1.6070544493241674,0.014675900528810827,0.0072877500350638
Random_6684,0.23002619317003703,1.4230714024546558,0.012752233329830765,0.00508415927167244
Random_6685,0.18396005977313454,0.47982743688478713,0.013105578435782906,0.004971160232620918
Random_6686,0.19471835910313132,0.9429529359944165,0.036259897299834636,0.038394147079678226
Random_6687,0.15011476070782237,1.9961151163677426,0.015178443816751222,0.014418274406061055
Random_6688,0.10185991808981762,1.8876340699566656,0.024845341765286136,0.03277835980783708
Random_6689,0.23218584579023055,1.792863902973915,0.04623010005823032,0.0039802329729536415
Random_6690,0.1633681055913662,0.5270108044798931,0.04542276305174596,0.014157010589505508
Random_6691,0.045820138542664424,0.22016363288553475,0.04850134090959948,0.02462222413018926
Random_6692,0.25745802179035826,1.8431755428104215,0.037810703564385935,0.02823722824595902
Random_6693,0.1018488693603897,1.1854074937240051,0.03182498033412281,0.026214465358307324
Random_6694,0.22223256192828877,0.25166448547529435,0.04058139096253572,0.0127676683663323
Random_6695,0.26831917334339467,0.7765995963535529,0.008916062288733817,0.01768859923156983
Random_6696,0.16204483068168704,1.8751300168243654,0.03627548160066509,0.022085371896718428
Random_6697,0.2910571923268578,0.12731129050398482,0.01190674758207351,0.025169979945298612
Random_6698,0.2942574939318438,0.12258777515972995,0.001317946048528185,0.010903385323699999
Random_6699,0.1469360236778558,1.2691231714888966,0.04720656031532126,0.036965732663269725
Random_6700,0.027554009510220464,0.5638333625831603,0.04165368980344408,0.020198001108734626
Random_6701,0.05815588764396714,0.15005530733938005,0.025105595379562737,0.03952873918589558
Random_6702,0.054248405561673534,0.1890150340442334,0.00862883498341015,0.008989297348295337
Random_6703,0.046712602808251326,0.4000022693428541,0.03961472197993162,0.031369949542046124
Random_6704,0.03493557841302096,0.44996962801918494,0.03470774232955512,0.033215797996165086
Random_6705,0.2108549819685046,1.7332452406574033,0.00439840875309745,0.029806486661517473
Random_6706,0.10560843091536785,1.4873754091274298,0.003912411736462595,0.03833834139472832
Random_6707,0.20724868585169004,1.4655565075536323,0.03009963669983531,0.024665963233742778
Random_6708,0.06627837535996432,0.8884943021434252,0.030577833215102265,0.020545217134373975
Random_6709,0.17529855010784312,1.2322688847687735,0.018751228942707168,0.013202028830097863
Random_6710,0.08777673039790614,0.1438178813598502,0.04107835887932009,0.020652551778398535
Random_6711,0.12472965567153604,0.15604417056823977,0.014869769670212744,0.02507293802130235
Random_6712,0.23473887410618088,0.37242358516289953,0.030250876178929995,0.01775004210082889
Random_6713,0.05140951318002162,0.49488923526450634,0.0031325804782157533,0.02002401825355477
Random_6714,0.04926735187950079,0.754120850998321,0.04545198327886004,0.023095667476677264
Random_6715,0.06775634553179578,0.6597019726823,0.024326570238067793,0.025542305003998702
Random_6716,0.18497088848955018,0.22644453533282674,0.00855580318313392,0.03641561148171789
Random_6717,0.18646150542765266,1.1745967794838015,0.04144775827287822,0.003438842937429
Random_6718,0.24697778294454978,0.3145884516069109,0.023677622342456947,0.03761726335867495
Random_6719,0.15160635002916217,1.9864337650970412,0.040976371124243675,0.013551756380037784
Random_6720,0.0622686170196153,0.49375927001131414,0.028903250665655696,0.011751958813518773
Random_6721,0.1487665110401777,1.0522930546662856,0.01251560785656183,0.013410982479513764
Random_6722,0.15674586515058822,1.915868943050612,0.015898592256132136,0.03972946519856126
Random_6723,0.23171659629590396,1.9576107483852632,0.011720111182057503,0.013221113253370456
Random_6724,0.07877631691051085,1.8573156563843796,0.030317563491466804,0.009364320065946171
Random_6725,0.14188994691558815,1.0191669332603308,0.016001854576594816,0.02257344616882145
Random_6726,0.1194477439960216,1.6387661741151758,0.028311398237158985,0.015124732995079982
Random_6727,0.11074518159232245,0.731674190527497,0.049241121603575216,0.025106847289636153
Random_6728,0.1696614410244534,1.2675155340596918,0.016895619636429618,0.03636226312610142
Random_6729,0.2345998106874393,0.22771866052934012,0.009982850447098686,0.030835179156901076
Random_6730,0.14524195040833987,0.27588117149729285,0.02533752488479162,0.005174320017438854
Random_6731,0.06112265187309163,1.1225770109867772,0.04864165893121566,0.03160150760084656
Random_6732,0.1762875747014167,0.9269884730101914,0.029589797313169415,0.03087214413197173
Random_6733,0.22977871985874043,1.1355648543792571,0.028523325655366184,0.03382299059160217
Random_6734,0.20941034991866925,1.931331795805985,0.03742342595542411,0.024568911819331154
Random_6735,0.05469442673107408,1.4649411116299074,0.0362406255618118,0.008113996716350054
Random_6736,0.10011091907039456,0.692708720160368,0.037990833012347555,0.03719373254626449
Random_6737,0.05890675971697829,0.5706212436239066,0.04140093067578333,0.008310389973503134
Random_6738,0.2085487370962274,0.5111862727016433,0.0441754476065697,0.01627585529505682
Random_6739,0.15825367528675077,1.7022368318639525,0.005232889748469994,0.03321165844139242
Random_6740,0.2878715567550822,0.7228015587734113,0.034913945855974356,0.02797476972939065
Random_6741,0.06762958102489387,0.5106649601136706,0.02793581633911274,0.025437309514154377
Random_6742,0.15740330753116255,0.7932576206958981,0.01055349125904128,0.025894285119150068
Random_6743,0.03919634200040537,1.2529345748135123,0.046577103160905686,0.023723720201367534
Random_6744,0.04520791171915237,0.8998648169587725,0.039140928196416826,0.02182629660823509
Random_6745,0.29090223900294193,0.3753927446232139,0.03069008047842195,0.0031725912280946692
Random_6746,0.1864021375793383,0.36787913719820575,0.012724697799074498,0.001359850004926539
Random_6747,0.23132281798021348,0.7663982296734433,0.04515634453189097,0.006685681804737782
Random_6748,0.17446510712598642,0.9847832206449533,0.0400174554609022,0.009594415403386857
Random_6749,0.11691858266313819,1.0457815737018172,0.010507477801018305,0.001605408733160053
Random_6750,0.2456672697371607,1.524138163328108,0.038024438129903346,0.027048486011423966
Random_6751,0.02041408755147828,1.6084344841408555,0.03812453868530251,0.02129175475020587
Random_6752,0.04994093604850124,0.12401011949884157,0.02925699919069424,0.012998623452920213
Random_6753,0.08659951101814498,0.49037340804341056,0.029867247576754758,0.00167166792560423
Random_6754,0.254926252316603,1.7325652958281281,0.010421939029156467,0.01190722076932206
Random_6755,0.14203130464829397,0.5163739500888574,0.013291643548259659,0.02648006281428982
Random_6756,0.21817722611867002,1.7806484113576726,0.011450316349061056,0.0021262942663704
Random_6757,0.18399323347694638,1.1976411292413163,0.03351154779106938,0.0035985308740021983
Random_6758,0.18406611922789246,0.4719167283271877,0.04384141268723423,0.006635322217490034
Random_6759,0.2702037122817546,1.8715128000724586,0.03320718648404021,0.010905538765880872
Random_6760,0.11978274525368554,0.592145577191414,0.005421533511129195,0.027453378710028387
Random_6761,0.09524663984666216,0.6226156778516647,0.003975674663393643,0.014723613821563675
Random_6762,0.14473256788662173,0.8006446060566915,0.03678938401048644,0.008959621486353556
Random_6763,0.041205109860367704,0.26405426738863375,0.04221693497281194,0.012149884688701668
Random_6764,0.2699625684040552,0.689829035768051,0.04104395501540034,0.005462174786154372
Random_6765,0.27426288440752683,1.7649700375484854,0.03932027715260504,0.026775853765234118
Random_6766,0.05951205671082431,0.9244178205661169,0.017734650168971886,0.007712509977777627
Random_6767,0.13635886552727614,0.7223973160574272,0.018815496821875548,0.03236763349699367
Random_6768,0.13513329199965082,0.940514702292521,0.008942999391696665,0.028822211957636183
Random_6769,0.06080343371947575,0.7655905726936924,0.032869464458384796,0.013660999428420549
Random_6770,0.055908294887261255,1.51809077131614,0.03700055171356399,0.033894359122253095
Random_6771,0.16560395384075424,1.233115502578464,0.04015018290203891,0.024515659564116225
Random_6772,0.25969501650625876,0.6082721777630827,0.006552692662876129,0.025103420751187253
Random_6773,0.14048990062003944,0.8151485071436712,0.03420149264125494,0.02559534569307248
Random_6774,0.23984754009340659,1.3476904164161534,0.011284339764619601,0.01881270143044522
Random_6775,0.17845163748254564,0.5867572034590081,0.026672176314285753,0.012527590865453644
Random_6776,0.10782707814177588,0.9875294347048184,0.031170594278307116,0.0074710022578531
Random_6777,0.29134648829381093,0.35689979429565355,0.040954718712343796,0.011904143790024635
Random_6778,0.01663658484775888,1.0831346432575057,0.02627440357867581,0.015833794849850577
Random_6779,0.20637154382797668,1.827167674212978,0.011609643227965528,0.012516568317275156
Random_6780,0.22065755059724132,1.7281032863881483,0.012672021436878601,0.024623548068214544
Random_6781,0.2901152785815586,1.4825326393909517,0.021120505293718988,0.038584634234921325
Random_6782,0.02771254984716201,1.0834031347986675,0.009817547387173997,0.02294162794835623
Random_6783,0.09195294786386085,0.5456874110259936,0.008910055330013548,0.017181843372228712
Random_6784,0.271035689150267,0.9397639469606863,0.003938697494626662,0.03422435524487066
Random_6785,0.17166121754242922,1.393847302937161,0.021406047696270337,0.012796345551361124
Random_6786,0.04638934343740953,1.041878018706356,0.02496767645223445,0.0314504803893094
Random_6787,0.11838898689525633,0.18426668207957864,0.0178147471773713,0.039830756255844556
Random_6788,0.20138449997033148,1.4314554799829746,0.03556583483486679,0.031949886992150726
Random_6789,0.23165316237511,1.7827617313072273,0.038058183984125124,0.03568669319518591
Random_6790,0.09013109247241438,1.9398784194808818,0.021734359565084016,0.02308037862674453
Random_6791,0.09390015925154736,0.82661299404723,0.024941348198335864,0.028748522996882606
Random_6792,0.14881204833879216,0.208562146277669,0.02059329718600325,0.009276353286133202
Random_6793,0.22539767576965195,0.4606089511493475,0.0446720349527199,0.012743953462274062
Random_6794,0.1129307808763925,0.8527918473033277,0.03946978011261446,0.0014152933295539197
Random_6795,0.07432499030761522,0.41580261501299953,0.014157123621754697,0.002726486077306557
Random_6796,0.03764527219639403,1.1607510808562616,0.027646345558829246,0.02215450281919365
Random_6797,0.022066203581115326,1.091022128487636,0.04192502433160203,0.02051656877496411
Random_6798,0.0797778254994776,1.8961146899082533,0.014726889541489149,0.01806839723291902
Random_6799,0.08603748330117966,0.8052115127263899,0.03948130172494209,0.03507107764985737
Random_6800,0.1631625192430256,1.803671539638312,0.003914544929374767,0.026998636134236875
Random_6801,0.11515689599744428,1.650398101455248,0.018656925362502096,0.003121043427588255
Random_6802,0.043673558091846476,1.2477777098925922,0.015664445980947104,0.02441076013883691
Random_6803,0.03796745013645554,1.6642104049035502,0.047565439627235834,0.0038781818257958706
Random_6804,0.019429380100386424,0.5025017178899275,0.02728015748827966,0.01936414719927956
Random_6805,0.11008651967997,1.9356242776456096,0.012505395132617551,0.011447662793782995
Random_6806,0.11875357175748043,1.1222486853232725,0.03212975765438158,0.022762679592598083
Random_6807,0.1771118308076644,0.5210149730138275,0.0163361472397971,0.004303688553312007
Random_6808,0.21226602917724885,1.1654083791948313,0.027201912739940992,0.015719665949404108
Random_6809,0.2811399845791436,1.9174668266470498,0.03818854375714366,0.014520414258461806
Random_6810,0.29259750218349984,1.897075446325248,0.011732114354914419,0.012326061301684819
Random_6811,0.16767681996554418,1.712525404012818,0.01948799410737595,0.004416029701892827
Random_6812,0.15541527174279862,1.909531727662025,0.024670152640053723,0.0037645470157719593
Random_6813,0.20015528121280993,0.4768653559966668,0.006599873145217922,0.017862093558013246
Random_6814,0.21559719690323104,1.6909016717563494,0.009660725721635285,0.0058815264260963975
Random_6815,0.013247543108818791,1.8328676083051554,0.03523400225435507,0.02856302536003762
Random_6816,0.24110177445383757,0.5019034316659002,0.04217957900087425,0.015429377329334259
Random_6817,0.1287862741959705,1.3189905842077965,0.01119391174815371,0.015628121658967643
Random_6818,0.06875195790761272,0.21272136208690565,0.04750536328063791,0.02037832286251782
Random_6819,0.11671446074723818,1.6658683761373325,0.02670019201599676,0.01610272657919003
Random_6820,0.25306686062342604,0.6818574322546591,0.025296398152773538,0.03700706390416718
Random_6821,0.03508304982059634,0.14902543767497642,0.04015745263824776,0.03381485735720604
Random_6822,0.12637208947839745,0.8923676368605193,0.03124688683226896,0.023821528435821915
Random_6823,0.1982012789050737,0.8865802156236379,0.006772290674381065,0.022511292683079942
Random_6824,0.29376932565962577,0.13324257030949674,0.014432834686888007,0.030135865532179108
Random_6825,0.1598539603218299,0.6542842928941143,0.03054728683867561,0.007253779560860519
Random_6826,0.03039589889534541,1.4377076428061102,0.027241782387449277,0.03736476716955705
Random_6827,0.2643559645582962,0.6627854713249859,0.04526288710903919,0.034430000132857956
Random_6828,0.29581186582119806,1.9527664207856161,0.020327375690924195,0.012770831441625746
Random_6829,0.17802760833171435,0.2308309494736525,0.03459786880728711,0.00488471372805586
Random_6830,0.15331051608765123,1.9649306281647299,0.02289681238588238,0.012466924324384902
Random_6831,0.1090619684359948,0.42111580388504266,0.04284302150683244,0.011723959801842581
Random_6832,0.055156554406658176,1.290154592403767,0.005511901201987353,0.023887203996323034
Random_6833,0.09389389166000718,0.6172648872191681,0.026960271614910394,0.003856733286084712
Random_6834,0.14489648910416714,0.356002173749831,0.037994498354674014,0.009006360674840213
Random_6835,0.012204206733347557,1.2225040141222479,0.0461153214872651,0.025092669870570038
Random_6836,0.1699173770778114,1.0942994363197818,0.025671646833505368,0.014586510470057098
Random_6837,0.1332883810600114,1.6226790507317876,0.015549736911632868,0.023953647806311387
Random_6838,0.0818283685025872,0.4100179190086197,0.03276566103115604,0.030234810491183
Random_6839,0.21520305209777885,1.3080990092869078,0.02606216780976761,0.029099084290822183
Random_6840,0.10432956616513622,1.141791323641096,0.012559297574630722,0.003099752771564644
Random_6841,0.10523410391054115,0.2268688677991901,0.03520944142161811,0.008614871813511326
Random_6842,0.23785161136666796,0.860934023324571,0.0408941816780617,0.0296488776942699
Random_6843,0.044856458678748296,1.8456198245652704,0.012580856984249301,0.0010905742809688868
Random_6844,0.09645976996643559,0.21093091001488817,0.028682793617686678,0.007087030075823333
Random_6845,0.256778797783601,0.6596749192234265,0.030217271081442145,0.01624490684271118
Random_6846,0.1820250782676923,1.7885082419283687,0.0403623432380531,0.02393627936036501
Random_6847,0.17475757766071762,1.6382943826796612,0.0077775173476065,0.001176928116640504
Random_6848,0.19224586037343583,1.1605255135625432,0.04207186762949749,0.007829063572777554
Random_6849,0.10218591894755352,1.873249937487856,0.0193373650614064,0.005130367223666711
Random_6850,0.08615593395456703,0.5851442341442704,0.045987476213573256,0.026741211636474985
Random_6851,0.18426489026709755,1.0379346781716707,0.004655595574079101,0.01332436059837313
Random_6852,0.027890283686745707,1.801009307359397,0.04169147719472349,0.005125312185090839
Random_6853,0.2596808811350828,0.5340554407168936,0.005854058983398234,0.008290272944790065
Random_6854,0.024821876025050454,0.884658910749215,0.031921830325957495,0.020683471792964075
Random_6855,0.12191327472185415,1.9173973118497012,0.04475998367577626,0.0065641678397103075
Random_6856,0.21241490784982575,1.4093656245095068,0.007690273643834493,0.012751400045311508
Random_6857,0.020136936958770106,0.868817046606312,0.025668339826018276,0.024563495813735934
Random_6858,0.25184599694800897,1.2108311439223238,0.0450196445077598,0.011897043142160703
Random_6859,0.12793502435402676,1.0490391848793692,0.041894630093528826,0.03183342453871146
Random_6860,0.1145531972095588,0.5098758221297983,0.024044943344238096,0.013920612797998218
Random_6861,0.1974595805421928,0.9599180015546273,0.04285997673247219,0.035125859510595075
Random_6862,0.048550163400084424,1.6976208274212339,0.022757147725239946,0.03314871040680084
Random_6863,0.1484014803068881,1.3132849816758339,0.02607778138008916,0.01810659686100391
Random_6864,0.2908627574917705,1.4676134583416087,0.018642531792096365,0.033977772794538355
Random_6865,0.2820200059051898,1.681326828752877,0.005877101902703549,0.006052696564007729
Random_6866,0.25959513153385044,0.2507198422052021,0.013797728031801751,0.011122765759844479
Random_6867,0.2871131034390215,1.9525987950678374,0.034621655793501994,0.022902814470293367
Random_6868,0.11535799847321224,1.6885595843464871,0.0017584306797388816,0.0013572371556882607
Random_6869,0.14658000505943924,0.857291069132235,0.0018936343160853787,0.030470953239695744
Random_6870,0.11710727564688242,1.9928094888056884,0.04180628503920127,0.03229324985516411
Random_6871,0.24558604022192282,0.2895228489900261,0.016687633116677238,0.03593861607549996
Random_6872,0.10407891062433049,0.7802343353637177,0.017825617610103924,0.03528695690856502
Random_6873,0.24842149871038863,1.8733784241562859,0.04213511512705121,0.03608362162472047
Random_6874,0.13609447416323117,1.0143291993040748,0.0024471039648751142,0.01018819490711573
Random_6875,0.15785582314969654,1.109922288256359,0.010270415230172032,0.0027763951211240345
Random_6876,0.01570317117234962,0.4316714119325977,0.015266156604604939,0.01212322729199184
Random_6877,0.010614631849544358,0.33961677347963554,0.0260528668946732,0.005627507358423254
Random_6878,0.12074440016381235,0.3191731239360289,0.01674807478477444,0.011146949251386363
Random_6879,0.08555222214072673,1.02815817948015,0.022821579172205803,0.035155107527446806
Random_6880,0.1399379471446679,0.419345817633756,0.025425289547714773,0.03201271544645857
Random_6881,0.05279996560439063,1.613833871091343,0.0391184459586987,0.03863387752074046
Random_6882,0.23783509464899644,0.4448414318445493,0.022363382820993368,0.013931004273032857
Random_6883,0.1259083125345416,1.9859381502335458,0.04287200938327598,0.0032254226378218027
Random_6884,0.26145894034222317,1.8405882710478927,0.01240413015173306,0.017602310232922153
Random_6885,0.29265225045228355,1.7049113633957635,0.04468131199593106,0.021464738485779594
Random_6886,0.2789579924960918,1.5798915000895404,0.01128558577273758,0.020369772547812713
Random_6887,0.09255909380686445,1.630433331525914,0.025854079071193043,0.03183414859381871
Random_6888,0.29740805084267136,0.23337984839024462,0.04324004645469938,0.03389906307517333
Random_6889,0.2039938817561781,1.0970239670423667,0.01645779053095144,0.017708232824678996
Random_6890,0.194117523482614,1.4037849282822752,0.045111886442702746,0.02508607856468308
Random_6891,0.11862435297365313,1.7544648113985346,0.0023814180280091746,0.02360282803688881
Random_6892,0.02532625078497696,0.5734406186447001,0.03674808716686776,0.024166174109443328
Random_6893,0.26882853521522837,0.4746136351276332,0.03340493812343466,0.012886180570020635
Random_6894,0.2956420671993139,0.2681476530166418,0.0029690429701815686,0.0029451357503909453
Random_6895,0.01976049715395665,0.8214395014602529,0.03457704272577261,0.008979488424617904
Random_6896,0.04246351312901658,0.70157556690826,0.018643352122465838,0.004910865604168862
Random_6897,0.1797949428722411,0.47710798562644774,0.033126214676997466,0.02748388292174834
Random_6898,0.2669576842906538,0.9191016647345541,0.0401778716896732,0.025374769503077686
Random_6899,0.10758014770126785,1.9299916354640896,0.014280699671208694,0.02551611757729274
Random_6900,0.23277746861461612,0.31512175749560856,0.02478853868572292,0.022508715678746533
Random_6901,0.031007901930141624,1.0001160816883934,0.03285202331233971,0.010501795342052422
Random_6902,0.06657419911459102,0.8232662169279665,0.010521515535656494,0.004136611312396019
Random_6903,0.25288727328475086,0.6166744564836758,0.019357358658887533,0.0010555320764816726
Random_6904,0.18769035600990933,0.3606941711407311,0.017449328154076193,0.02254315942326007
Random_6905,0.0639085985630442,0.3942686945633206,0.003161347370134596,0.03350810080280663
Random_6906,0.10867290015868056,1.9973839372077073,0.0037490011178621407,0.03441286370171804
Random_6907,0.09801344141267491,1.6737631754111817,0.03281847598959587,0.02396933108750317
Random_6908,0.27028864057607677,0.29129996126753477,0.015275738491479222,0.027115176773167535
Random_6909,0.22306618635507997,1.84726664011313,0.025191039332636268,0.011909682423634431
Random_6910,0.11147894918313947,0.5766343418635044,0.022534498691414506,0.010498034926913747
Random_6911,0.019325319337988655,1.5694265722858307,0.03559854205214459,0.016905274816645496
Random_6912,0.10697840399037063,1.3084481943277426,0.031125857239928927,0.013169236973356032
Random_6913,0.0718468352910961,1.5989096100457783,0.02831496090096104,0.016041048603034902
Random_6914,0.2558415820341185,1.2132439145022351,0.024965499078975474,0.025422431339985802
Random_6915,0.24488719129520362,0.7405405307089377,0.016562069530633,0.03241035389922752
Random_6916,0.22849165055975273,1.1583402622887728,0.030087088230941576,0.02262557892246688
Random_6917,0.28182276759042346,1.7645815624583605,0.025325795425669623,0.034925985233290685
Random_6918,0.11372490649280355,0.4855041484023954,0.02879501166203216,0.00119694419401718
Random_6919,0.19925307850348054,1.8225727624832768,0.040093352528443156,0.03806098011314442
Random_6920,0.06473551713238873,0.20254747036984044,0.035969719697689945,0.001312593119366611
Random_6921,0.0941253375043982,1.20128413215102,0.016500752918090736,0.008730403097444519
Random_6922,0.07456242101164375,0.6279200055287099,0.04585789340148772,0.004867780716227275
Random_6923,0.03991643474566372,1.894584100055866,0.04888046218582779,0.02449742856262667
Random_6924,0.12250308036801594,1.9212031367561155,0.007719361558893286,0.022795182824989678
Random_6925,0.09429872903559652,1.6488213578393403,0.021632740348113744,0.029354325610227452
Random_6926,0.12542627284428065,1.2668793001793048,0.04350366159237828,0.01926111105011723
Random_6927,0.29862980987483656,1.7313645002775089,0.031168516140268818,0.00751131912598547
Random_6928,0.18198170130653699,1.733201494093802,0.006680577646883783,0.009577935886782973
Random_6929,0.03458353678376827,1.585487180805474,0.020859980263610182,0.007902947831358337
Random_6930,0.05148294560993203,1.1195908346572712,0.006507806554623529,0.00877054698730555
Random_6931,0.08916669018067404,1.9703946133397214,0.024159368622375943,0.027443669577198182
Random_6932,0.2249679655772767,0.35358700237539187,0.04339735115029857,0.03248629683933279
Random_6933,0.23781020094869584,1.130022162530087,0.0253774646875966,0.025221787199141966
Random_6934,0.2527163476030995,0.8656507134737446,0.0262377738538378,0.031370741653888735
Random_6935,0.22643045239354545,0.23327518580752873,0.043507065718067305,0.037343722609213974
Random_6936,0.2339153215800778,1.2551177301468104,0.049341172528952815,0.03208054687286847
Random_6937,0.20159469565193486,1.9743748244740813,0.049666269559394044,0.035994983697600576
Random_6938,0.11873141435270441,1.9779670672892604,0.009487500478792217,0.026396697065431653
Random_6939,0.1901211470840284,1.504815801476731,0.039630871517525694,0.017908172976806646
Random_6940,0.11878509088435867,0.26588554247422747,0.02955503014632061,0.03203951079573441
Random_6941,0.18960495074420072,1.46431235917367,0.023367236088988854,0.006595938357004929
Random_6942,0.1956069266478584,0.8091991323182719,0.017719301463993305,0.008309372362877133
Random_6943,0.05789869926060804,1.2538575757216295,0.016650433641766,0.01424965684856911
Random_6944,0.11372052693543415,1.5586834801891447,0.046507745103023516,0.03219441343307618
Random_6945,0.21137262226971026,0.69237398849615,0.020480359768902223,0.030451130462421424
Random_6946,0.11473214778315688,1.7695288116932926,0.043537883777873085,0.02666790944680119
Random_6947,0.09090549393217667,0.20223649631703747,0.04490594307302869,0.023879320342054606
Random_6948,0.030176443091840748,1.504491820818671,0.03532807004041725,0.0352867003440901
Random_6949,0.15660915262172956,0.31549969790949317,0.04612202505637768,0.006895912469824337
Random_6950,0.21882657170587713,1.2668665361123352,0.019651556453360457,0.013070814668247065
Random_6951,0.2293376157514229,1.7454814473906237,0.021227076056156507,0.033616945177786184
Random_6952,0.016645405794959694,0.1492548643748754,0.034986670453449574,0.021601209037463036
Random_6953,0.17259226503165684,0.14927050592357147,0.04512344404291352,0.03357373764320758
Random_6954,0.24309340297384016,1.7834678177145036,0.04647823346104408,0.01130676618330646
Random_6955,0.15990842218802243,1.7173594813527548,0.012637986290710928,0.03939536433740788
Random_6956,0.06636515757024712,0.5796939197786738,0.007105871612708864,0.01679112037784859
Random_6957,0.21847748699822292,1.9376372469051235,0.012651669547828488,0.007005532378185658
Random_6958,0.1327230820689245,0.257844137529823,0.03392629643316924,0.018397184531851435
Random_6959,0.24870215544961516,1.671228835053098,0.030022775126207102,0.01397766509381164
Random_6960,0.05903985632224263,0.8982369909422129,0.025496523765617427,0.03856025015022909
Random_6961,0.26643963352155964,1.2050106671681455,0.045272205193069466,0.025867141835137785
Random_6962,0.10145526774188963,0.5495911854869576,0.023500123121683456,0.012362334027274057
Random_6963,0.036207184036758634,0.4946614111590515,0.04667357609028048,0.028711693654670283
Random_6964,0.019449458187319586,1.9669529951765419,0.02348950747776298,0.002576669971664263
Random_6965,0.16874646728705262,1.5698650216931866,0.03373687594717973,0.033470082587765036
Random_6966,0.26738594017278555,0.6881386951966575,0.0403125512288005,0.016905422841955047
Random_6967,0.14251840448655517,1.4726684423427354,0.036956472257328794,0.033139178906215774
Random_6968,0.2061266539586,1.5496345849122284,0.03520727879021045,0.021731466236454937
Random_6969,0.017618087844481076,1.437946259276209,0.04618407515148846,0.02431565631199928
Random_6970,0.10839217389706247,0.2595275659115617,0.011909220624978217,0.004619189533002033
Random_6971,0.10760048213248517,1.9403562112900188,0.030484349193634075,0.015904816331122548
Random_6972,0.16240051932653157,0.9557911838390009,0.04841963747311706,0.0024285791896890762
Random_6973,0.264587716767553,0.7852884185930035,0.015133788015044995,0.03039099434462578
Random_6974,0.02708836128820795,0.5960162706752813,0.040423870709852906,0.011141781849920228
Random_6975,0.194693033137386,0.7244358092929839,0.021230811632774765,0.018643513719445004
Random_6976,0.16885634922763498,0.1309867460225247,0.033652787319367106,0.011160556838324193
Random_6977,0.1236216346817753,0.6628817688558932,0.021879421549162396,0.003544841959697101
Random_6978,0.0686913258123859,1.9772035112547584,0.0030112773853344732,0.0378099428628908
Random_6979,0.10785998298717578,1.603403059670208,0.03872065548660772,0.026415724386305062
Random_6980,0.04926482235051288,0.7138651094378878,0.013215256566041871,0.008107646599954107
Random_6981,0.2579004527026689,0.47911098782679207,0.04809082764857048,0.017095648078441075
Random_6982,0.10227398925024656,0.34272962022979525,0.004476373678164775,0.025156291603634615
Random_6983,0.12145063167495466,1.6549673879620177,0.0018040280013748447,0.025637081715601737
Random_6984,0.029419084129855413,0.19767246824608287,0.049369212263246885,0.02252879767051919
Random_6985,0.2885723208443424,1.7287649231387794,0.04519357111505954,0.005536745258548688
Random_6986,0.008444074235525817,1.4057184730092396,0.015298848463615282,0.022724251306056355
Random_6987,0.2534507372036873,0.7300134406464864,0.037781745166149634,0.011218137868257316
Random_6988,0.2936118152215559,1.0349999405842738,0.014775956783158413,0.028948375250776866
Random_6989,0.23878276680457658,0.131787063411343,0.03766901163015325,0.021572578366471556
Random_6990,0.285194727377809,1.6953492080984935,0.035385983177833966,0.020592118149631942
Random_6991,0.29051762950483184,0.14288248529183772,0.029440434733606108,0.02741248289296917
Random_6992,0.2379012299366322,0.24140345843223282,0.006543407810164726,0.01279890464870868
Random_6993,0.17400175619855746,1.3418255095059433,0.019093693950855858,0.0024709866477159435
Random_6994,0.24767702542443792,0.3146492334836266,0.017756056047884734,0.03716048927842838
Random_6995,0.011757609675265759,0.5953888739785173,0.001339207801628023,0.019717083077204274
Random_6996,0.06293619009604233,0.40163349396538106,0.003613883976201791,0.0254871541452301
Random_6997,0.2527371697064706,0.5314385729176923,0.008371575754573786,0.003878886029224262
Random_6998,0.11954590803774083,1.5611401391700734,0.019596908126911217,0.0038206888932547896
Random_6999,0.25831808455583744,0.3721788287704595,0.04772108155786459,0.030994441540840603
Random_7000,0.1616567881604084,1.9391261626703686,0.04339768808926492,0.0038424887776237326
Random_7001,0.19070735310288267,1.542865925638569,0.030257529821263764,0.028862491454181984
Random_7002,0.03440440831392244,1.3655213670791115,0.027488707142375945,0.015031139841189228
Random_7003,0.03817151331269546,1.1436604838574185,0.033239696385557536,0.010773034062555833
Random_7004,0.16563152281746524,1.1309647665042648,0.02911501208215136,0.007407078060815155
Random_7005,0.26593496848264164,1.1997696875085353,0.024497609603890125,0.004162080641553413
Random_7006,0.24391361012948204,0.2663956095490493,0.03223950167650429,0.028352590837357205
Random_7007,0.03778665654626089,0.1672892870920915,0.04512403917774836,0.028162996086404345
Random_7008,0.28413979276987045,0.3184632014509993,0.04076407640863537,0.027208639259423448
Random_7009,0.29721129500532545,1.8624065552907054,0.020597362223459585,0.021605072367277246
Random_7010,0.09090232183455707,1.975230898428703,0.031937543470925846,0.01602814851501173
Random_7011,0.008036946796081043,1.6521315712400537,0.020568844629664323,0.008507076158175699
Random_7012,0.12261958764500604,1.2377124726751059,0.0037127990592539318,0.0179609131968968
Random_7013,0.264896006032224,0.44722767522847784,0.010902498530642908,0.0314466589303725
Random_7014,0.2686936363612495,1.3653314209622096,0.03405217753299924,0.03792608342075512
Random_7015,0.111224359838031,0.9856925203725546,0.022590941802406714,0.011857185145573022
Random_7016,0.21926946227618474,1.6532924038619505,0.029919264407066815,0.02413497646227999
Random_7017,0.08317731080659986,0.43216138635796086,0.014922784088135549,0.009798509065847887
Random_7018,0.2289141830154405,1.3194358661336834,0.006720780358933781,0.019331496905887365
Random_7019,0.03388509684811632,0.9748778820753013,0.019503605216230402,0.034451531206491214
Random_7020,0.1057146335882887,0.42242467092330127,0.02030333576156845,0.039403173340126586
Random_7021,0.0707261968015657,1.3158205994848409,0.04185876957659948,0.03585414011223471
Random_7022,0.2278075953429106,0.5699216321512041,0.04085778973826035,0.024717577063424215
Random_7023,0.09380679476686272,1.565408115998988,0.014534378994940256,0.014586279051465877
Random_7024,0.06136674020330927,1.0363104721760166,0.004444145486658522,0.01375976543013013
Random_7025,0.2877755592033792,0.3706299070439014,0.0011690334345644164,0.022188354302821046
Random_7026,0.2098124535691525,1.4975994465756834,0.004728168170256772,0.012787560494953616
Random_7027,0.2741830364383168,1.3295414389241653,0.00651562085383592,0.030346716287320944
Random_7028,0.22255013367361243,1.5442431065098277,0.03918998394441346,0.008954492028956172
Random_7029,0.09073723909352588,0.6346061894536642,0.011279005367557098,0.011293611447223455
Random_7030,0.15224533314068292,1.2390454034174536,0.022713114485084226,0.02425377735128264
Random_7031,0.03839654559179124,0.9431766280205205,0.01690151003852069,0.008366847536247541
Random_7032,0.14439112763593812,0.4077059456770674,0.02068016388932884,0.00545159272995886
Random_7033,0.26541713577066406,1.5613536189211765,0.029177415462523597,0.037624019232097974
Random_7034,0.1426290375120665,0.8237441010867342,0.0499713683170989,0.026882376859968898
Random_7035,0.16923935971158638,1.523683950746811,0.005556865811783198,0.01436240447878637
Random_7036,0.011557884452615116,1.7353462360364293,0.001611985136798178,0.010833095449575468
Random_7037,0.03686544023409108,1.5435516851313307,0.0416258986006321,0.013024153709997363
Random_7038,0.2278098802787967,0.16195387339743622,0.013901023964101249,0.03553463266455401
Random_7039,0.015510558838249706,0.9869189144656617,0.0027401048458676053,0.023314801239416497
Random_7040,0.26720784488476723,0.629810869832077,0.03962003019806822,0.015370783521351038
Random_7041,0.06395463838478203,0.4993834850621628,0.01617472063026128,0.01683774175199184
Random_7042,0.26971656179098963,0.5136426307266614,0.014699088236799485,0.03482896191016396
Random_7043,0.13443964538611905,1.7729947785862916,0.02231979103175251,0.010546772855933285
Random_7044,0.24143586389296304,0.365319001589991,0.04638406889628167,0.012232963183478114
Random_7045,0.18349415377303976,0.8932213165954601,0.019240392178944184,0.02135067963178323
Random_7046,0.22959862647964768,0.20538613655521587,0.037852859988556434,0.02870465548810499
Random_7047,0.15694993530346818,1.7298361756544245,0.011437334003250674,0.03885126701231242
Random_7048,0.16857363562469288,0.12229832606120315,0.04704354690882144,0.004524328583742802
Random_7049,0.2941248440947313,0.7537546571447215,0.005707872057390838,0.005380998449105122
Random_7050,0.08506632303296852,1.4137027412673848,0.015332736051407846,0.03626123286105182
Random_7051,0.009190734606776663,0.31146054876199625,0.043901915900776134,0.01243219874549116
Random_7052,0.23197216485932864,1.9923985328038898,0.002442926719999658,0.019415186440466588
Random_7053,0.03753043717012974,0.6381475843456779,0.0028150028577881817,0.02073961288483735
Random_7054,0.27978610862475173,1.6381660151037993,0.015580402744916087,0.00665728210467818
Random_7055,0.013353762268448366,0.20602842335982466,0.04682906923663617,0.03348422816091434
Random_7056,0.1528442802648217,0.9333917443662094,0.039010456383497344,0.008952244863988157
Random_7057,0.10807619251759178,0.15249236193573204,0.020538407238224487,0.01782959812547457
Random_7058,0.19420828077434976,1.779987249792365,0.040056462183150114,0.026493361269511847
Random_7059,0.27286961894509576,1.4958620880368776,0.016362718976631968,0.013884535364069289
Random_7060,0.09139352293234781,1.7201295511894517,0.0012788138093098188,0.019075232847302413
Random_7061,0.11962746603599832,0.4157057883144596,0.030852532284118748,0.007192860686119748
Random_7062,0.02935472318170856,0.5912575413653729,0.02579901144019427,0.031154353007639204
Random_7063,0.012881054545086347,1.7882548340749875,0.03152028518987034,0.019775824835680914
Random_7064,0.04116527485524599,0.4467346475752819,0.049667353738650125,0.006417694742336245
Random_7065,0.010278040123454037,0.7102551055917142,0.03905880716908406,0.012019634139241196
Random_7066,0.026935617947944433,1.2181336217530399,0.02967210711453525,0.002416178365950479
Random_7067,0.02560406424521181,1.6616998946887567,0.021104222447253376,0.034711011900167024
Random_7068,0.07170777402272378,0.1754122624612334,0.03386152706654726,0.012257036825709725
Random_7069,0.12250664649111621,0.5173284511573062,0.04930258622295064,0.007389812870187847
Random_7070,0.17196417452349,1.3332702565826067,0.0033565008310612247,0.014654017389122129
Random_7071,0.1719599690201915,1.4537715790441101,0.04528893634282077,0.022157808184307206
Random_7072,0.2282599961361475,0.8952822459133787,0.0399176688666533,0.015370342953141353
Random_7073,0.2746385488996369,1.8484261243712043,0.024073119143454533,0.036333960496215394
Random_7074,0.02809209905740015,1.6832163748796602,0.01440324354696327,0.03226575594188829
Random_7075,0.14951822976692494,1.4338629340277365,0.03672346018892264,0.025748905871342802
Random_7076,0.250320062228262,1.2381893058492948,0.046267361487278925,0.037260815842553974
Random_7077,0.26819210993759207,0.13969736464685342,0.006532505853955958,0.030879536009257205
Random_7078,0.11955686806133557,0.5642297674967536,0.03964264947330565,0.022436088424612324
Random_7079,0.10820241407904026,0.9080764181046572,0.015300563397051655,0.021201771826148037
Random_7080,0.020467213054880074,1.3099529153941127,0.03225874597435166,0.025228486686249843
Random_7081,0.1495426170784825,0.8083822874787266,0.02999952323726387,0.010320863376996704
Random_7082,0.12895143484167118,0.6141015025715665,0.02821939255260175,0.029515389054493836
Random_7083,0.2332606119791801,1.2910302487588607,0.03517512475635074,0.015147233085453682
Random_7084,0.1672449271397571,0.5107552754564052,0.001946562960597259,0.010601572252813107
Random_7085,0.019365501235059902,0.6597175567100961,0.009822539222482,0.0304523065832811
Random_7086,0.2517412323945122,0.8598259280623797,0.04449281673202836,0.014822182373157529
Random_7087,0.09746094349603866,1.555185259566245,0.007682291785535827,0.02149003168111734
Random_7088,0.07620920959035529,1.6316225942637352,0.02543952485438773,0.034402231584222676
Random_7089,0.21141473292365398,1.1908697303833047,0.04514087487547613,0.011333069069615651
Random_7090,0.16717013843023046,1.3056695042606596,0.009773239191799604,0.035124660579591196
Random_7091,0.16204056720456417,0.6174106243446851,0.02947716528733154,0.006854498979353676
Random_7092,0.12802372211291713,0.31058378391328817,0.008525431120951516,0.03529426790506709
Random_7093,0.24638426165133648,0.13039179863985056,0.025728965497686256,0.02892517271399571
Random_7094,0.15865674511026426,0.9548178206084058,0.039802417175475294,0.03195324208094867
Random_7095,0.05915176575480416,1.7091623828543268,0.032051488756861334,0.016048860214242094
Random_7096,0.165065602900798,1.4309855180356226,0.04626141023887374,0.00279944058810836
Random_7097,0.2404056876862761,1.2949683371626395,0.048740459931941225,0.015616648577901428
Random_7098,0.09296601459887367,1.8930517271984808,0.04442547285776797,0.026698987418937548
Random_7099,0.08685060371247776,1.8856582851024724,0.004186343307677835,0.002181698557391612
Random_7100,0.22173970874248847,0.8071996392548916,0.013323770306223743,0.022062207602984964
Random_7101,0.14368357432938053,1.0179805780421805,0.046545778776769214,0.015293757981211343
Random_7102,0.2514608990544346,1.8501155340951905,0.012800309383208405,0.004045420888173947
Random_7103,0.11393427617185028,1.3514749139005433,0.036988962649396495,0.03229831410675873
Random_7104,0.06220722203102147,1.8469627782938947,0.0386684758056966,0.017104798589201615
Random_7105,0.1570464024134209,0.7813401024849566,0.04771697568341271,0.03714315329488255
Random_7106,0.18506989725339754,1.5185183335665504,0.01369195095856409,0.03527161047325489
Random_7107,0.14251413535392574,0.477339517723807,0.03048090284489389,0.01473968457128796
Random_7108,0.011933660585248362,1.5081298471325357,0.023640265770145268,0.03868994247888876
Random_7109,0.06908437081055316,0.5227331159732653,0.04826063457645355,0.02811891945812707
Random_7110,0.23017589350646284,1.696862370390347,0.028967733107623992,0.03256451140692728
Random_7111,0.23966220062815036,0.4586021727820815,0.01519404705371779,0.02820657939873438
Random_7112,0.06406630889282601,1.382450374025795,0.007303966966231384,0.02946839992281574
Random_7113,0.25110524860055383,1.3863983933886983,0.035448188840077534,0.009704140758773645
Random_7114,0.15678950653698973,1.5846079929702692,0.041402330561495865,0.02404381090967767
Random_7115,0.2717722540266527,1.4533859628550074,0.04175925365221592,0.030747275257787664
Random_7116,0.2751975733791422,1.7084550601565456,0.03251088077472835,0.02319336478662513
Random_7117,0.037621246933916254,0.8094404828015379,0.02240581337511088,0.00963894847669269
Random_7118,0.015218907414297888,1.6333525678404728,0.04963253229358157,0.023906947186281613
Random_7119,0.27523991115330754,1.5334894477519299,0.002162002325392395,0.03229439256615635
Random_7120,0.18295528097973282,0.5188584598895986,0.003416247402416615,0.005326229620985538
Random_7121,0.19997404501831983,0.7295088824620964,0.04921390932855456,0.0037710388037886663
Random_7122,0.14842473803738931,0.21145387745688712,0.010048064402730539,0.012694934430997982
Random_7123,0.21272181970022128,1.536838313236757,0.0452609443155464,0.004180682837554862
Random_7124,0.2988692860670558,0.8563277623854512,0.03536692009594104,0.022847002323585493
Random_7125,0.15576887753075375,0.8929753392686565,0.036292504879795066,0.03754215851118971
Random_7126,0.0349118226095508,1.8159706672792444,0.019806434851849644,0.01532772827719044
Random_7127,0.2724720082971835,0.2799606612578535,0.030671245627365187,0.01157162399617152
Random_7128,0.04239928410011381,0.7368892148258832,0.02061752269487805,0.01784844995468934
Random_7129,0.07325027142992303,1.921589816037984,0.003249752829604524,0.01825568763723647
Random_7130,0.28986604786657544,1.946883416037815,0.009555526479541825,0.03403213507113421
Random_7131,0.13769900598693974,1.8271734385863476,0.01671451278614318,0.006758239765973562
Random_7132,0.07349546194347178,1.7346840180483432,0.024758906685914038,0.02947529165285094
Random_7133,0.0914170661342982,0.31778147863196393,0.018574366006069817,0.03920579701984272
Random_7134,0.21997235221409203,0.7044829941744429,0.030030962343513348,0.0027330445936861415
Random_7135,0.20880759843126434,0.16695850454858327,0.04194800461201144,0.014501356150113914
Random_7136,0.05370985930357406,1.2321204499121547,0.008839715853998436,0.007461455593876045
Random_7137,0.24398132695271024,0.9833559992970822,0.02325712232279965,0.019433160900661266
Random_7138,0.08571630345353348,0.460491055218719,0.02829659128179549,0.02821020810381149
Random_7139,0.28968290303144945,1.8357685097855023,0.0020956360907380405,0.025898643330360863
Random_7140,0.2623678489348051,0.8834871312824448,0.001608905003990079,0.033575901508659974
Random_7141,0.024143475841516705,0.9901306910405981,0.031103229615587816,0.030293238513877472
Random_7142,0.12710350853856286,0.15863891113979217,0.013697038277187854,0.022131135008070433
Random_7143,0.052687689772376874,0.6396752532140638,0.04503306091218164,0.035591334256171225
Random_7144,0.2607855522788973,1.5707911267913868,0.038003535012176334,0.03816953332748903
Random_7145,0.11089842289150215,0.736626919959545,0.03154443358840301,0.007868956275845957
Random_7146,0.0807103139494343,0.9416850508730447,0.037440390103554426,0.005983590523452895
Random_7147,0.06363104409692744,1.092883819354298,0.0470234699448092,0.037392915156082535
Random_7148,0.2891865301866432,0.6843070934149612,0.010792219873770676,0.034652958183827826
Random_7149,0.2570230297712994,0.344964824910445,0.03802111487245949,0.008117709657858154
Random_7150,0.21722276759723408,1.4022073656405292,0.049311493585397805,0.00557018343522238
Random_7151,0.14121542170123977,1.7343099248587326,0.03870142890011739,0.010975597629345111
Random_7152,0.1457882408890988,0.8088719564827479,0.0493736367304246,0.016289146010257795
Random_7153,0.28829042447503844,1.9913964406420135,0.04101241715969519,0.019335539570013046
Random_7154,0.07482360521748067,1.0957056985206652,0.021376572331219208,0.022507027214787017
Random_7155,0.177849444781264,1.84757297595515,0.039709104582018775,0.035603629745929
Random_7156,0.007271221190741851,1.47070648091869,0.01612720698354219,0.023538132650781952
Random_7157,0.20270717833084967,1.2290196594447167,0.04194076030255505,0.014705659965350885
Random_7158,0.20126127325320073,1.9197910074056133,0.03257747799747274,0.024742424491177382
Random_7159,0.07216809189723057,1.4164073425325445,0.04190597760507072,0.027094743044376444
Random_7160,0.1176131378487446,1.1299720165103977,0.03297863686575372,0.016810217781242906
Random_7161,0.25287792562581807,0.7988518133143776,0.033230757483954175,0.031675085455026536
Random_7162,0.031163674660986528,0.2723771972748442,0.039890607301947816,0.021864307345473122
Random_7163,0.022691094088761927,1.3253720133431544,0.03940995630594322,0.0215539028970159
Random_7164,0.25584955252509983,0.4328495291899227,0.008489597931904297,0.013509761131728866
Random_7165,0.08632957198299014,0.3033234074848533,0.028821690771801422,0.03091288925567101
Random_7166,0.12012881022401942,0.4890806473590241,0.003053573576025421,0.033599260706498386
Random_7167,0.1110352035180813,1.9611399486656445,0.012294740224412858,0.017650894752404188
Random_7168,0.005485205600769854,1.5580068450970932,0.04499424425308185,0.014731126422196449
Random_7169,0.2131149004234244,1.9737964321329204,0.01751614904834949,0.019819061344559272
Random_7170,0.26756354504567903,1.1346461288542782,0.004874369745127866,0.011859515767223175
Random_7171,0.230084091024933,1.3663367134524587,0.015700859450523054,0.013338035535258183
Random_7172,0.09955502324304523,1.487647731595871,0.04880586071536982,0.02163746174806089
Random_7173,0.08826421285548579,0.22566189974617754,0.037635233036998963,0.009639473748305122
Random_7174,0.24022245555174457,0.3082872525426153,0.019460215149176004,0.02153206306378017
Random_7175,0.08186697802292361,1.455313785672501,0.0063056781604048494,0.023208656507088574
Random_7176,0.14615561108791358,1.5723269278706227,0.02866455529173673,0.014159868193953144
Random_7177,0.18560033126027248,0.8751351251894512,0.03123469669683675,0.016138804944453942
Random_7178,0.09698693860896847,1.8765158777202435,0.027476452665764494,0.032530180625734
Random_7179,0.23310600148900967,1.0092480693951893,0.03467267387049754,0.02688344475984633
Random_7180,0.14953699176941002,1.57124136148082,0.04628706204814675,0.013369068047701015
Random_7181,0.040647858378394956,1.625730649266345,0.037986653578294005,0.015052067483893757
Random_7182,0.1219144638446794,1.2712259478255281,0.011520922433051188,0.022330672596784656
Random_7183,0.012557878981767759,0.8785519985948966,0.002416884073645956,0.010382029343880418
Random_7184,0.26278756258560343,0.599477770829665,0.019069244399940267,0.02762117703786471
Random_7185,0.2075125913247864,1.8613953683523854,0.005935799816112145,0.017445394951025817
Random_7186,0.12618760481030425,1.6521038511452204,0.013620243745218308,0.0323589468614787
Random_7187,0.028466533371031864,1.0997359747912114,0.011616988293474753,0.0029116431803032847
Random_7188,0.00609674085797845,1.7236184903886707,0.03882346216227183,0.022743680010733333
Random_7189,0.0786488203068336,1.5790490749490007,0.04550987668702623,0.013193233069152047
Random_7190,0.2588444281877408,1.2904705878946716,0.04850953672445367,0.0024810520068130355
Random_7191,0.10645767881856581,0.42062251955780094,0.008039876648191367,0.00930722741617656
Random_7192,0.12067731000948118,0.6618130602731646,0.04367338565287115,0.02948181570851352
Random_7193,0.23998218958845768,1.4709886331805253,0.029637435167324266,0.02948098889143713
Random_7194,0.2348677481481888,1.554617655212547,0.019609520558108457,0.03628245123562188
Random_7195,0.11085323751700912,0.24763330789580149,0.029164498595312425,0.009674488938233333
Random_7196,0.2674266669531459,0.7727058713283124,0.02662768389474008,0.039357210190098704
Random_7197,0.14918644166369865,1.3844210983603547,0.03274467544079899,0.0012170042128001228
Random_7198,0.050338604823043684,1.1264852108157666,0.03954177698914103,0.0209839201109448
Random_7199,0.187278296609973,1.3188046529354396,0.030986932036139645,0.03353740932471948
Random_7200,0.2336670687813899,0.1709004357952164,0.010239266905294565,0.02949026281410791
Random_7201,0.14752218170798828,1.228329936151409,0.03821664742365843,0.012234558928418758
Random_7202,0.19625582784552262,1.250812070233007,0.02524995964214429,0.03166296669966598
Random_7203,0.1915454238804248,1.745124242635735,0.002535559574778086,0.027475185871700183
Random_7204,0.06400141894209142,0.7500296237544317,0.03761353650653609,0.007038030373190085
Random_7205,0.06504921775011682,1.6601495367872123,0.030029362568007305,0.0017028505252168918
Random_7206,0.24187479949341287,0.14779045892236495,0.027380676162400155,0.01870881549703256
Random_7207,0.12940654644784236,0.9553543027966104,0.04855040403551596,0.03982062926300313
Random_7208,0.1439223326180145,1.3324700968230043,0.008433779803045507,0.039653647325617755
Random_7209,0.04096836875399603,1.9859084769494673,0.0030152923482689945,0.018341967670851236
Random_7210,0.18887182124254778,0.6469188986904976,0.023382449065588853,0.026180252618623272
Random_7211,0.009241746813975465,0.9186192491700637,0.033209184619341664,0.037728458828638956
Random_7212,0.1668156577799368,1.5949010652480786,0.048607108243577286,0.007169944436575418
Random_7213,0.16483660321169763,0.2577220252257295,0.016513197366236142,0.012255565676914767
Random_7214,0.030732969573657586,0.17507639055233482,0.04812363769505189,0.018888076649007452
Random_7215,0.23675066050438726,1.3959989585716075,0.030387438403958446,0.01993771876061494
Random_7216,0.0437662603023219,1.322628216181584,0.032223460045027866,0.010294434009654636
Random_7217,0.20351664534406397,0.26141105070348947,0.008476124442578673,0.022604557189944537
Random_7218,0.26221985215979576,0.9653709799696427,0.049776887046568685,0.030491022692247342
Random_7219,0.04917977682759838,1.1250611120486291,0.012800326000552555,0.029236252549398718
Random_7220,0.09884781668285174,0.19188829387756862,0.030883562390306846,0.03786387013927741
Random_7221,0.17689315915384402,0.33567321732289324,0.03972715065884869,0.007570620227489229
Random_7222,0.07355331329912214,1.7577436267847084,0.0189921928411611,0.013709494627475057
Random_7223,0.257638263830192,1.0919872607301362,0.031674688453937144,0.004537662728045138
Random_7224,0.059844569893456226,1.9188327251939605,0.01856115126464752,0.01542418722371628
Random_7225,0.254313669428341,0.40968763443965284,0.04137879964777924,0.020897775660722612
Random_7226,0.16066471083685016,0.9190017492689827,0.005647993998408108,0.019096627650466193
Random_7227,0.1640118321031568,0.8525028296426712,0.03357159440030547,0.024145337423559617
Random_7228,0.19949098985624153,0.6256034770358062,0.019316465431181255,0.00983927201021595
Random_7229,0.17068221513501403,1.9041317136224316,0.031336880365419435,0.025535559279635387
Random_7230,0.10266154098264313,1.2226399222648192,0.024246122207096505,0.015811888733495125
Random_7231,0.16799787147444725,0.17543490331756112,0.008897010140981907,0.017648309468927335
Random_7232,0.07807830500273207,1.2274998162718314,0.01298055891197938,0.014108607421808434
Random_7233,0.05903916215431292,0.38082038159448084,0.040445337847932764,0.03167463327153217
Random_7234,0.2044713145533698,0.5850954052658152,0.03995751622325493,0.0065550211809840475
Random_7235,0.2793341282423359,1.1443395705245143,0.014857226607462012,0.01979870507350069
Random_7236,0.009911178612013793,1.7834363740360328,0.002386081910531828,0.002868056141650463
Random_7237,0.11053206683894229,1.5554281701871138,0.04765268581428885,0.02039549515386073
Random_7238,0.17202836282899872,1.9972730451770364,0.021923005154399867,0.004542541909991069
Random_7239,0.26970941657387704,1.1656968224357536,0.02069990811351755,0.024755846180590676
Random_7240,0.170261453295717,1.2483976717917595,0.010929436165881403,0.025231748376090712
Random_7241,0.016426990184159763,0.2012995120781953,0.03588731005519093,0.0028160681490206406
Random_7242,0.024984283165453106,0.9042414712841552,0.024331376077796354,0.024635619380658638
Random_7243,0.09183850856514061,0.460583056917099,0.011718135710025512,0.0333475574773738
Random_7244,0.015065524220496975,0.9750406651649209,0.025616727544378947,0.005104600288135698
Random_7245,0.03726641086004097,1.046889221339342,0.019990470201095602,0.013419075288108217
Random_7246,0.07867187684286098,1.7686073057625593,0.03944146816731233,0.03503769018225659
Random_7247,0.06006041083132189,0.6167215199634394,0.0020738816649472254,0.015726874969408354
Random_7248,0.013102600284899537,1.3922595907993545,0.020517287193958504,0.03595474743049258
Random_7249,0.12204305546371658,1.1630072651061543,0.006250900146597751,0.019555341665289147
Random_7250,0.06768733401741198,0.8893693484381899,0.004849146743259548,0.014526321937771314
Random_7251,0.23670953777203774,0.5332010754216031,0.047451107902196664,0.009621663058356426
Random_7252,0.11730399798490047,0.5316895465737872,0.03463064698245013,0.03714955870514572
Random_7253,0.07827105700698178,0.5759836875155575,0.0338882098269287,0.01204575227674757
Random_7254,0.13133989552820935,1.2444981119846468,0.009539877304176807,0.02138945606581225
Random_7255,0.15291166677535925,0.6102960274654079,0.03466402969949985,0.03450846378315775
Random_7256,0.0109923281080133,1.6887195979791074,0.029671383062240184,0.013085183446792416
Random_7257,0.1906834586271992,1.3868675992465993,0.011120592851257237,0.00925440380309512
Random_7258,0.23265155583935554,0.38869888673074404,0.0092744835150655,0.007964680335410684
Random_7259,0.017560481529995262,0.956128320189467,0.010453446710838237,0.021441604634964924
Random_7260,0.11401987457788008,0.5335444159808161,0.012534724563220346,0.018215593934621615
Random_7261,0.15325682537942284,1.7639456837384198,0.009915512302477319,0.009380098689725464
Random_7262,0.2571373062954606,0.892189510410146,0.04540260446987895,0.012566567049412568
Random_7263,0.10188462197662443,1.7767982631028396,0.013442074369273437,0.008994276036527006
Random_7264,0.16525817697085773,1.3149778231991962,0.019152585760623314,0.017730836455037136
Random_7265,0.22721602071699346,0.16696249312303008,0.04752067519671055,0.024699245473333315
Random_7266,0.1447895403435577,0.5954513723762065,0.025954582714836142,0.011957354098034296
Random_7267,0.034102719705114096,0.3058529533791362,0.006619533552733819,0.013929748658964628
Random_7268,0.15114970535750685,1.5942681502522038,0.0482869906983397,0.0182064163714108
Random_7269,0.060118046877870965,0.5369112681633613,0.03788542457126945,0.008151712869467549
Random_7270,0.06715291309791205,1.0093071771883702,0.004409650125715885,0.017501162856585966
Random_7271,0.2582317811315707,0.8024535004702514,0.011414688896611028,0.023482579299654843
Random_7272,0.2858419382349767,1.3474937562065452,0.02479165434323967,0.028101184278224434
Random_7273,0.023684786227184014,1.065734936264011,0.027466073097372493,0.030620687855497413
Random_7274,0.05803115960094107,0.3120453396381548,0.02586489401832458,0.013616640132323443
Random_7275,0.23642584295490268,1.5519742736560986,0.019323784754924956,0.032207355784463036
Random_7276,0.2102786748161013,1.0805187689510407,0.010977603891119892,0.003721531381474807
Random_7277,0.07889197946888558,1.1020490095269369,0.013152014221288123,0.024843053181719213
Random_7278,0.20301569488663773,1.9275997782657595,0.04827039210405779,0.033943405816193484
Random_7279,0.16856555114917257,1.8276538279559362,0.03213581922828511,0.003159936753692307
Random_7280,0.15484851365182142,0.9217903193317453,0.03676083372417932,0.023558215658712883
Random_7281,0.045440731726795136,1.960661711604744,0.03939363313699273,0.016399570030771107
Random_7282,0.016407957115150036,1.210678536625104,0.01391522397036216,0.010266593325737334
Random_7283,0.12026159959596268,1.2836009004628852,0.03730606424318877,0.01895921460792485
Random_7284,0.11255283167131501,0.17074314236799554,0.010432889512499426,0.018563963568329372
Random_7285,0.2536677665065369,0.6235918173977657,0.03180770492565994,0.017777031448502657
Random_7286,0.20513072250116607,0.6356247330903864,0.005439352154067563,0.002510441400574443
Random_7287,0.1267711364236725,0.8773573696776333,0.027437244557923162,0.01616899517981356
Random_7288,0.08347187005681776,1.06011351905368,0.04128005375779116,0.030250090240795724
Random_7289,0.19626069620289396,0.1172816520509366,0.04796148823042174,0.0032090383936654045
Random_7290,0.19314346869965518,1.5454467052069467,0.0234277824364683,0.03493527657947245
Random_7291,0.2313764844767321,0.7518431241234806,0.04608212512803805,0.017880586406251474
Random_7292,0.14083984055399743,1.5852372733498445,0.03827504462153593,0.016720227432328413
Random_7293,0.014743260755260276,1.9153635917818381,0.04145714161198842,0.02470736760955907
Random_7294,0.18662978911068695,0.19164986062915798,0.04472416298118372,0.015938066106992423
Random_7295,0.20675667018481253,0.429847180244912,0.046906698950065884,0.016791170484077692
Random_7296,0.16600234413315101,1.480133056443045,0.017387074469821396,0.021264486374209704
Random_7297,0.17855076323733812,1.284540833998536,0.0038749236926886254,0.036174655534149794
Random_7298,0.01719949152454351,1.6740465143043628,0.03954825675455504,0.026973980865223495
Random_7299,0.07467474720225961,1.0868606175388018,0.02637042217165322,0.014304860553927545
Random_7300,0.17303668076912884,0.3290665014618068,0.04525081266858935,0.025443056911282375
Random_7301,0.13920751173387444,0.11209110746260874,0.01527090225789858,0.03721630266906444
Random_7302,0.11713165977467094,0.44476755957751934,0.0018682495465673888,0.036936588247983355
Random_7303,0.2560617414308705,1.6455385967772074,0.019320726068162992,0.03188217362981322
Random_7304,0.18523742570537663,0.3104700909357021,0.01546892796678883,0.026168430163956913
Random_7305,0.23188593656798465,1.0326451256438258,0.01101544922150231,0.026629192549081634
Random_7306,0.22957587930460682,1.8644899515317936,0.006620633375457943,0.03150744096942637
Random_7307,0.01820491458536946,0.6362621930146232,0.02181377269212882,0.014023940066698746
Random_7308,0.25117212974166225,0.1239786924102284,0.04162050840541161,0.021480979989630125
Random_7309,0.1748862068182086,1.3922628475142196,0.044757023682586695,0.030606751387319407
Random_7310,0.291512152330981,0.5381876966671483,0.025243086996951547,0.03829913662408521
Random_7311,0.2903153542110068,1.8209874411591556,0.008285169022737605,0.007211659366143032
Random_7312,0.18458918522023557,0.21112110428251787,0.03258299009851437,0.02703386349716957
Random_7313,0.08610988598198963,1.093935754891174,0.01582219226441859,0.039909187570738615
Random_7314,0.19495183699433596,1.3561104144668414,0.030783593248520823,0.02485099177306578
Random_7315,0.08471426459152957,0.12846428011952127,0.027521133246008016,0.03784956324172111
Random_7316,0.10830207905040617,0.6178336399977784,0.008525186949986153,0.03212102181096662
Random_7317,0.2174472895243316,0.575059207317628,0.0379039112213819,0.00946563356559962
Random_7318,0.006191057413993842,0.3437682013422252,0.0465704531294152,0.011497752818413441
Random_7319,0.10900071988740674,1.4496982016769064,0.01302284482442894,0.01647437322235637
Random_7320,0.23369320638272867,1.7238025807433852,0.018174280223412363,0.012697016911496339
Random_7321,0.10040921223077459,1.4722235004214932,0.014915768695204949,0.03563947484442068
Random_7322,0.29433890554480185,1.9465448850637417,0.023723737431986934,0.027273764506773268
Random_7323,0.19231228225944969,1.6684482299129426,0.0032445614500528634,0.029935391076274666
Random_7324,0.21721439830007774,1.4884309076910387,0.010812637657660426,0.023374274435116447
Random_7325,0.12858466681271016,1.445574358754457,0.026509399573244677,0.030274363675353463
Random_7326,0.22968740176963637,1.149023398216379,0.045820202630221685,0.039959333324978065
Random_7327,0.23693441364890466,0.45523229217772654,0.04146588581834904,0.030001388649942166
Random_7328,0.07740447851075993,1.8499202236199705,0.025381966286037467,0.034662248167147
Random_7329,0.2790486525481614,1.992972212383471,0.041033228104143546,0.022287643094562007
Random_7330,0.14410168886578678,1.7330425073425384,0.022370451795743693,0.026462536397626524
Random_7331,0.07110980686006102,1.1172551382413423,0.019737808422101315,0.01980219377572753
Random_7332,0.21856787415734893,1.511910413648598,0.04368064373675157,0.03486129068139073
Random_7333,0.2021809932231232,0.5241251620162294,0.02508602268548778,0.035700877010881774
Random_7334,0.19447643424210354,1.2533269711776998,0.04738710833120769,0.036958320893471966
Random_7335,0.06170056477407927,1.8458458022409667,0.03779763111723168,0.023984632481893586
Random_7336,0.08201931573968806,1.2929805404041477,0.005831979286759652,0.0374831535871588
Random_7337,0.06224996274355351,1.3921810910030057,0.02513663573950395,0.032195446676247665
Random_7338,0.14255681084689562,0.36250323063358214,0.004511896873133478,0.027796903335584672
Random_7339,0.08934608026962751,1.8079459737504657,0.02762088556093157,0.003200262297385583
Random_7340,0.12829512776423307,1.1762663909946953,0.018720214030582983,0.028229216674455035
Random_7341,0.23106373777031256,1.7977496779822155,0.026749610267681603,0.012783437958035784
Random_7342,0.21027207887671545,0.2680068533957133,0.03784862679018351,0.0350051524030506
Random_7343,0.1866320945683201,0.8094861905747283,0.03564389106617039,0.022799127826035777
Random_7344,0.08209480834620969,1.7241757626298193,0.039058909193427006,0.0087290610525971
Random_7345,0.25169293340185506,0.737384180981641,0.021129501569893763,0.00905897186705091
Random_7346,0.1583949100356447,0.39281493293284964,0.03349041896467039,0.019343486092124093
Random_7347,0.025520628076453927,0.7644555734387256,0.04358119878308587,0.012866178194030527
Random_7348,0.09963627104015697,0.5732679557319786,0.033926888295953334,0.017848279213587524
Random_7349,0.2620980970972962,0.5599458975507967,0.014452048623862061,0.034733983359181535
Random_7350,0.06790294621974262,0.19793801406131845,0.04116895827643687,0.005273034005198162
Random_7351,0.00890452377324198,0.995254219065695,0.0492396827110846,0.012087362472369852
Random_7352,0.21203413426155507,0.8433328270057954,0.0400605321085568,0.025211859616182518
Random_7353,0.01199515633813036,1.165421157158318,0.0022421921004419833,0.00205532999511066
Random_7354,0.07053824587184174,0.5992657211854979,0.023275407710711966,0.037844473586090804
Random_7355,0.2994760860766553,1.6053430961918247,0.03562397245166241,0.009119284579789631
Random_7356,0.24286343499723928,0.4501114843992311,0.03782030973072397,0.009540974578984972
Random_7357,0.19284504564561894,1.0049366908541755,0.018374557568518322,0.02721666306792175
Random_7358,0.05659740203660921,0.4204198765929785,0.024023248606865083,0.006293265273796633
Random_7359,0.24870940878618578,0.4031958075651525,0.030783139685277253,0.006172910391345657
Random_7360,0.08433927947033219,1.260119543777246,0.006045292746928025,0.005065698550068598
Random_7361,0.2716766896022034,1.4673510785259285,0.012128010475362959,0.0375534964082574
Random_7362,0.24041154202166884,0.9283852325532644,0.04371329386502324,0.024802303860543995
Random_7363,0.07732667915743306,0.36994002533043224,0.03814409114152007,0.030472056785236224
Random_7364,0.24330669191341725,0.33956692837851954,0.03020727398324178,0.03104703856569079
Random_7365,0.11095844282741212,1.740049410539037,0.01499689135816477,0.005459775660781542
Random_7366,0.07315198122020253,0.6671570882004152,0.03965858688612913,0.03285620448742374
Random_7367,0.14298345801083148,1.2136809971129356,0.03060349148863811,0.03222964876708334
Random_7368,0.24491248844519994,0.7371706408489167,0.04130152795031552,0.008240101623574164
Random_7369,0.03659807084008075,0.11546576901439692,0.020972851393883066,0.03358319455229518
Random_7370,0.17208470312287166,1.0705922231353624,0.049640019652104635,0.002811673864560726
Random_7371,0.22444591356157229,1.195185950062909,0.005208889163936072,0.018001275952029404
Random_7372,0.06044136390350806,1.0115870891759922,0.00494167139168301,0.012907203404112964
Random_7373,0.26547586657384187,1.9794175539267191,0.01743553759282152,0.020792066016243078
Random_7374,0.10786839538127495,0.2698762937803196,0.005491328235630255,0.02510040082189778
Random_7375,0.12276530709374146,1.951510817525217,0.022836336721117408,0.00876456311897768
Random_7376,0.112447869146614,0.2139059631745788,0.010269207456611487,0.017176880034544473
Random_7377,0.0836669169191312,0.13228837943383925,0.010029596901011514,0.0075890685801766845
Random_7378,0.21883414465683357,1.3236292025996228,0.04346721007396813,0.017652848394456227
Random_7379,0.035749227715213036,1.7971919403190137,0.018966126982530068,0.011789928698347777
Random_7380,0.21252857354566587,1.7393790432598621,0.018342137472622005,0.009956634965029541
Random_7381,0.06591351689161541,1.7227051676081446,0.04351768846574145,0.036755405345676694
Random_7382,0.0607353445031529,0.5885394974771979,0.010982347982511638,0.01627149634464238
Random_7383,0.039644435985289786,0.205947821416396,0.03757905019136104,0.025258242665913557
Random_7384,0.12067951388434904,0.38110731709427303,0.02605105946017512,0.006729439023106762
Random_7385,0.20518420163232778,1.3609319515344038,0.03730777119685334,0.030969444018664062
Random_7386,0.11376025300958219,1.0689031856156996,0.002570567360304075,0.014464267954815025
Random_7387,0.29513251583272193,0.5768775733558151,0.018250294850853332,0.021469580229503807
Random_7388,0.055832046381846634,0.7421935812050465,0.03704651923401584,0.03125060067579367
Random_7389,0.13229915206706372,0.6849784596178209,0.049625750920104676,0.038278047275337096
Random_7390,0.20090878686956998,0.10468115407559067,0.045182235734531624,0.002623124452407313
Random_7391,0.23560392705362151,1.0617932105075056,0.017962454998611453,0.0017314204685923641
Random_7392,0.019310286440812528,1.9587211604120691,0.020927391700715513,0.026461888186003663
Random_7393,0.04679449822088154,1.672705592718886,0.005726839726458733,0.01593610813986271
Random_7394,0.047910845204547595,0.9479402898560487,0.019937193875146825,0.026693335085863353
Random_7395,0.22881116425908177,1.5008664648710037,0.00496586842779937,0.039098109938693296
Random_7396,0.11919253093270617,1.5458641024580866,0.04217755216999057,0.004999105178517608
Random_7397,0.2901096191554588,1.5608553413961637,0.03540133752519914,0.020551602397270288
Random_7398,0.010273322725440022,0.9568843111651306,0.022745143483739256,0.021569533142106107
Random_7399,0.2719840623517895,0.37294701489503534,0.010298380830430092,0.003611041127994757
Random_7400,0.27760222235981835,0.16729645538032606,0.032889056967176436,0.0033577939586185257
Random_7401,0.08383858521251474,0.802558271016659,0.001993008596808325,0.031801791292520136
Random_7402,0.2669812304344957,1.7343170342512628,0.0032384790556723914,0.01143322968733057
Random_7403,0.2834992420463458,1.9127739603164224,0.04692368490582712,0.010219879354543278
Random_7404,0.22092565013238166,1.9339542611191471,0.03734040456517322,0.0014341434470743215
Random_7405,0.28754396637081914,0.512102465401032,0.008731397503298578,0.007422421689028521
Random_7406,0.2527531176974541,1.4815043585280274,0.04095810790139053,0.03475857902964666
Random_7407,0.18340477538998598,0.9836562625256033,0.03772558772342177,0.015495543134070974
Random_7408,0.20132814132537613,0.3879045610802737,0.033857253041396265,0.0072660075164625625
Random_7409,0.014353624295192977,0.1394009977150495,0.01310309020016473,0.0394257759194994
Random_7410,0.17864164409008343,1.773995049262458,0.03478784451457892,0.008792252688009247
Random_7411,0.0649858122620726,1.0762170656510648,0.03856928550770744,0.030094211737894595
Random_7412,0.16021967633979364,0.8071655856461393,0.035849451740834405,0.007358687081693762
Random_7413,0.19012476977637235,0.5014882601249171,0.01728017455055253,0.030054964525813976
Random_7414,0.1580599565299672,0.34155641714814533,0.007609819943112951,0.02745552535342368
Random_7415,0.08910716896643156,1.5490549635161395,0.01219789903837698,0.016158680019958984
Random_7416,0.07854726197423775,1.0012545512730053,0.03313985655794999,0.013762629948184297
Random_7417,0.20664985132349767,1.9349826290666845,0.020590770832512283,0.004631318470837541
Random_7418,0.15340515502667482,0.43260581837328627,0.004021664826717161,0.033927674293264355
Random_7419,0.058767877496351664,1.8225344732883122,0.034370166579839975,0.03796445828916283
Random_7420,0.08756547323021006,1.9293465975832702,0.048788246520348626,0.030863192804640522
Random_7421,0.20611562888433999,1.7890110975421945,0.014962117692202789,0.03753717434207205
Random_7422,0.07984081136981554,1.486439538795392,0.006686794716589649,0.03081648105701418
Random_7423,0.17314307624411096,1.1774719554208435,0.04424541389718329,0.022511969642564935
Random_7424,0.14289913972686172,1.1968602578879293,0.01640245115584447,0.01767878217117217
Random_7425,0.09627145320909107,1.321605339400966,0.030669243601681363,0.013814190592856723
Random_7426,0.20491940050918547,0.5967132115797223,0.0032669823635256556,0.03305012422160049
Random_7427,0.13312215209024417,0.6121602494567173,0.0037827354009526857,0.021543345905864365
Random_7428,0.10366972967801154,1.9637524372935884,0.0474574039288018,0.011623975406742738
Random_7429,0.17174425823912498,0.36875200975005584,0.031293956539772544,0.03937459969117502
Random_7430,0.2364984975445599,0.4090924481048389,0.04466572263692446,0.005967677137896047
Random_7431,0.11998058008235922,0.5388243113875181,0.007569957516084848,0.03686152108256829
Random_7432,0.10553565724928228,0.9225756581211612,0.03150468700030883,0.0024552970497023867
Random_7433,0.12927831402479237,0.15615627958481196,0.006642215296333784,0.03627261227950007
Random_7434,0.2718031601994144,1.5379195681079882,0.03819278281238249,0.010654338528644447
Random_7435,0.1650092086584032,1.316079692192194,0.026995615134776524,0.027783578612383477
Random_7436,0.13589138892765695,1.5122967057177195,0.009261872726934708,0.014798775084013598
Random_7437,0.2878402207805063,1.5981073064190987,0.043773100020264966,0.010084658065015368
Random_7438,0.11255845366972424,0.2669057990515066,0.011141733058705947,0.022537529121678047
Random_7439,0.10733072520185802,0.9091650026637111,0.033733594707160953,0.034539823385302496
Random_7440,0.18806889623947953,0.22968433391023338,0.011095383243717723,0.02341711452417495
Random_7441,0.017820388354681863,1.5285904595165825,0.028513442670107456,0.016492432119295637
Random_7442,0.1334381576541057,0.7421986397382465,0.02689590027459872,0.013567770288708182
Random_7443,0.18915525809389194,0.6173806797199547,0.021296961043391894,0.00893710425674546
Random_7444,0.19113217484676187,0.839725360915297,0.04448755118333151,0.029705250037190645
Random_7445,0.03916404564006794,1.0189285371779269,0.019849105680771396,0.02636945987526896
Random_7446,0.2589864532552134,1.4663440547149331,0.0487504994408728,0.01849615921827574
Random_7447,0.08215093476510439,0.12862669310343808,0.02935428239725148,0.03964354063751388
Random_7448,0.23472212130336606,0.35895920441628026,0.0027850873108370053,0.033872358043018476
Random_7449,0.2696755814209076,1.9369112774497774,0.034581694759291313,0.028080989144183346
Random_7450,0.09254239343815568,1.0570803323516154,0.019380921032853125,0.019473087188699667
Random_7451,0.15195236842651433,0.8330527747008926,0.03871368276954648,0.00789032496005801
Random_7452,0.12993880833586954,1.0545981804788018,0.029193388753466012,0.03025259033681316
Random_7453,0.22282258576215908,0.41536824951900797,0.030721419036967706,0.011123499711472511
Random_7454,0.20077384105777119,1.117504336729395,0.01246981287900115,0.020838563292009282
Random_7455,0.089521011296972,0.48816676891454736,0.04481427625048466,0.010246192138376103
Random_7456,0.09114397156403244,1.067437683252885,0.019972408754335844,0.008416582972429868
Random_7457,0.28454456232616726,0.9506383728319524,0.011398108734974845,0.0032523579942063696
Random_7458,0.009624353702354793,0.38429135143135185,0.028861643161119242,0.024962498456832474
Random_7459,0.29526230721218116,1.0071469553507806,0.03813399386558917,0.01348084683027045
Random_7460,0.2490299958240387,0.44627285204686895,0.010429487437884279,0.010363846535081805
Random_7461,0.01503070781187512,0.7184119531045285,0.01073183316919377,0.0074408866858050055
Random_7462,0.005153483556776907,1.9820268063029955,0.015074773588707256,0.033133400399140256
Random_7463,0.04971262056598048,1.2696028851094348,0.035048002260989496,0.019448293408498452
Random_7464,0.09845914800586826,1.5573727775885977,0.04859972675776616,0.037000957421246775
Random_7465,0.27170906475489726,1.5126450486808911,0.044659211760519124,0.03739618496581188
Random_7466,0.01613178754048432,1.060791288979293,0.010790539018862278,0.023798727354125193
Random_7467,0.04848975140385595,1.9462145675199392,0.005098097311098613,0.018675182556190474
Random_7468,0.28229931053652035,0.7464852833563984,0.04844912138809676,0.03767242587233525
Random_7469,0.16166744540641806,1.325650635192952,0.046130156862574614,0.03598815013530761
Random_7470,0.08667012239793428,1.2392733321053386,0.017547417816456648,0.03486323790101252
Random_7471,0.2762793405387065,1.8431774436808708,0.042606472693296996,0.03117717098141634
Random_7472,0.09451701705379732,0.9379868142937776,0.044850640801291454,0.0305153783166835
Random_7473,0.17127946400987631,1.9728349233305202,0.035270568322748726,0.01595997521794623
Random_7474,0.26571869817199384,1.7956002912491156,0.03665613345879399,0.02568674751004082
Random_7475,0.16912227150171183,0.718362402477972,0.044095352809084026,0.03074642854162608
Random_7476,0.2585408787422459,1.2946127922523896,0.030865604447353066,0.0066771655996607174
Random_7477,0.2352581013306448,1.633832486943418,0.0364061467244539,0.0014684413756079625
Random_7478,0.295052642740495,1.698296219027496,0.02253086952589789,0.02698202133630321
Random_7479,0.2249879253845801,1.8873478130740469,0.049037513293606866,0.0021162720965382043
Random_7480,0.15027967930571468,1.9383890070282899,0.028041319284806836,0.006369465240388853
Random_7481,0.14508483191666244,1.1348413998536135,0.02688059045508977,0.0038467055003637146
Random_7482,0.2814872030910065,0.9627078538851152,0.024239854425760824,0.031291750299240535
Random_7483,0.08090392907937613,0.4443268918793075,0.0037625902916584536,0.0384385357087663
Random_7484,0.10709263770627855,0.29984864685783064,0.0061832766967384704,0.0031084872203683916
Random_7485,0.1653493720489945,0.996827670836598,0.009765005494764153,0.03235978222781497
Random_7486,0.12679398193004696,0.6949806463259479,0.006495305051936777,0.010965030400358164
Random_7487,0.006974916084815373,1.688985402963006,0.045772379920884884,0.035472922908626726
Random_7488,0.02804205313246371,0.2835967008518275,0.03477427152871075,0.038328154199532685
Random_7489,0.08586863658860505,1.9910289420503329,0.04526997716240668,0.00630646552529818
Random_7490,0.16622892572893974,1.8499799183112335,0.044499137786574335,0.005012950051773421
Random_7491,0.20123584519818663,1.0438399894698098,0.006570430495570435,0.0017312439610228138
Random_7492,0.175340013041847,1.6744072780483767,0.04426029445896522,0.022241210760950154
Random_7493,0.10904949657072249,1.8063419640773666,0.022085124579988357,0.03874969274481659
Random_7494,0.06828050127136034,0.15289405827240451,0.048074218701854944,0.021780309000718173
Random_7495,0.18806735387890394,0.21087872300220667,0.03469502711859144,0.0370809464665313
Random_7496,0.2167830949868777,1.9474015917453382,0.008362172309333483,0.01053767717245532
Random_7497,0.22601956948997978,0.26361950629716585,0.01299467880751791,0.03341455555660246
Random_7498,0.2010250337138209,1.633740668058545,0.039530307638605246,0.0016085307828151369
Random_7499,0.16203249827419003,1.999154985214369,0.008217684563204982,0.03551350288709091
Random_7500,0.12573452419033218,0.2517568865684613,0.03822819769970272,0.03648383205819086
Random_7501,0.057186520653517876,1.0087242450487117,0.0392477730720921,0.012411885670283118
Random_7502,0.08409195640505543,1.0422932543090524,0.024245587953106874,0.013703500247353513
Random_7503,0.2722912209688397,0.6900421534569915,0.01974433818406953,0.02738620640187861
Random_7504,0.035087339261569324,0.31266911717133994,0.032796243649218765,0.007316688243466617
Random_7505,0.19500671010774365,0.5863856777665212,0.04753778745091436,0.0066344622959890595
Random_7506,0.06471609387098295,1.4170271648831967,0.02766673334168978,0.03660515472872776
Random_7507,0.13148056841940375,0.1221759006063309,0.022434488397198984,0.03553257234515111
Random_7508,0.1393142978590877,0.7219919865817758,0.0016744216038412632,0.01070242869287304
Random_7509,0.17764074283159498,1.1224519323859825,0.027482819186986907,0.009399797150756038
Random_7510,0.27104949016867974,0.9444509144818455,0.03475677199129011,0.02108005580585483
Random_7511,0.15962239195464287,1.9600450202496678,0.032769401481103175,0.004867442900058812
Random_7512,0.19961947364941035,1.63075163483005,0.030010291007013655,0.01991019515381677
Random_7513,0.1425436837842863,0.5130482767066794,0.006294322483021952,0.011449203401544279
Random_7514,0.28528239953914014,1.4729721480869418,0.008624583628353054,0.001087472796493375
Random_7515,0.08114924122280351,1.0182352811167754,0.025896573802436436,0.005867914342855173
Random_7516,0.2650761199774985,1.4545187554223593,0.01229125979727037,0.03605181387775195
Random_7517,0.08344499825121816,0.6032402975108556,0.017529198325775024,0.008419107131455036
Random_7518,0.08709209249666998,1.5474290144867888,0.045032446073732225,0.009005026110060172
Random_7519,0.008888163428539953,1.8621090409276753,0.029626434866627586,0.020997412874870627
Random_7520,0.11810755994252954,1.312312960571693,0.03209418863248456,0.010115159045689496
Random_7521,0.1676402719308785,1.3239951567958994,0.02365784914975251,0.0024552701040756195
Random_7522,0.10420532763907721,1.6099358596238054,0.016432311031288043,0.004872721354226633
Random_7523,0.2521584028253537,1.149846718864969,0.0026156958372766897,0.020249996477452282
Random_7524,0.28830986390275404,1.62696113456187,0.03815187775587437,0.008925460603981184
Random_7525,0.23459445906651186,0.9954134335360684,0.013400275077200326,0.0032603249631606157
Random_7526,0.01819256643809263,1.045085397641636,0.03817884535922157,0.01056146179939339
Random_7527,0.27564266753257166,1.2731201451423972,0.045706610697191764,0.012754895193794805
Random_7528,0.02268604763792836,1.5532185370498348,0.03829016604430165,0.035362550459236135
Random_7529,0.2632787437518141,0.4192080437339115,0.03765672411598105,0.01168623243837397
Random_7530,0.21075834736596719,0.7470876007482968,0.014786774220265145,0.038748956155648565
Random_7531,0.09950390997697249,1.583034934047329,0.02656543165192466,0.0194463659648744
Random_7532,0.08371237612630684,1.6600974761946268,0.019412942700386716,0.03593627070772053
Random_7533,0.0894373753012182,1.0298367616881476,0.012671812345313293,0.011218670643643087
Random_7534,0.006609741845496291,1.8584540486882053,0.0477220007289019,0.03726057821243249
Random_7535,0.23181515567185726,1.484292413935642,0.04239695231398972,0.02725409341321484
Random_7536,0.13610543850507809,0.6978721065901279,0.007387386285272878,0.015006186628912694
Random_7537,0.07038416413876034,1.4025537563794004,0.035009273978743184,0.02905921936930113
Random_7538,0.14628751068023452,1.579681845681423,0.010730731243178433,0.0012961116346370712
Random_7539,0.15379218721789617,0.8140505646317439,0.03120257605589971,0.038798466202979234
Random_7540,0.18468934845180238,1.4743537328795502,0.012301347770137777,0.024168914593034982
Random_7541,0.03237214231603848,0.6948809614967566,0.04271051154674955,0.023992418678571527
Random_7542,0.0453753537108676,0.15784789100235963,0.022590533073442293,0.009430239586597028
Random_7543,0.06753938584806006,1.482952820086825,0.030750444140247683,0.03108654985055724
Random_7544,0.1221598202068934,0.3700872752720292,0.012101729132015394,0.02976917769425411
Random_7545,0.25546589983468326,1.4728394756688956,0.0117925140705765,0.0327726080340775
Random_7546,0.02158620197643803,1.271305259708768,0.045251551396233866,0.016494422875124336
Random_7547,0.10941034387266375,1.85806903954704,0.033416508411934394,0.03629987960945803
Random_7548,0.0519275818263571,1.5860033261035476,0.026775144115944418,0.0032634830539432728
Random_7549,0.18016323722177127,1.8485848358890011,0.02479018345208951,0.005330213003279416
Random_7550,0.2853837225318723,0.329067533226969,0.039660897983483205,0.019786222839205024
Random_7551,0.26272270963469224,0.9456850863976788,0.018609558735632088,0.0219054839145434
Random_7552,0.12194598560293532,0.5890810033908098,0.009760925562921841,0.036050887105956796
Random_7553,0.11070170076901414,1.4057463809877757,0.04948273826452221,0.03671194773666239
Random_7554,0.19728077945205344,1.954801240811196,0.004813352556523095,0.026316511555545534
Random_7555,0.18190281258675398,0.3646413071306588,0.016168516332390956,0.035147354275365646
Random_7556,0.07238634301134475,0.88995318814739,0.00953213333326573,0.03552168385218401
Random_7557,0.10751688077973658,1.5285870529852157,0.010784042711768683,0.004143738723871711
Random_7558,0.19507782180842603,1.2711331885429829,0.025475676978458983,0.028222512216056858
Random_7559,0.23972195423924836,1.3304255269372438,0.04630981271127336,0.01693263780866703
Random_7560,0.06752583626019588,1.1389639425991578,0.029067835688354415,0.014200313860352188
Random_7561,0.045737424802594025,1.4243787851000416,0.03783865432383283,0.01078107795020675
Random_7562,0.2358005724640462,1.3591647990632187,0.03952325203833305,0.037389508392857644
Random_7563,0.060663697196700256,0.5054274942256067,0.032936823123247076,0.024155361570582217
Random_7564,0.18698230413537403,1.2514318395228528,0.04543473713886731,0.026645754385518576
Random_7565,0.0585983278206313,0.6667483908822776,0.04357969547295272,0.020109446831106187
Random_7566,0.29621980468630094,0.3502583794057088,0.018411364296365956,0.01208442724234229
Random_7567,0.1308641153220284,1.9277871005875662,0.048489774599144816,0.020991587032445885
Random_7568,0.0632159537972855,1.865423947675292,0.03276834762077945,0.0227655852191044
Random_7569,0.033941872397442764,1.7281123231929327,0.03614024568833503,0.005244115027044801
Random_7570,0.06376372766846244,0.7439365249834128,0.018498860450645225,0.03850340223594619
Random_7571,0.08683865232077483,0.7872405590586932,0.026834766618938938,0.0236648835632336
Random_7572,0.046553323992498764,1.8765942876437376,0.030444832266868383,0.029003919567502513
Random_7573,0.007626185582575491,0.23171940766328375,0.01844437664925901,0.038699297985664925
Random_7574,0.17835301142498297,0.8141034534768425,0.020850062524879646,0.006291955291515185
Random_7575,0.22528808334757655,0.9540338900797917,0.010874879091526232,0.021166939435144205
Random_7576,0.16927785766872014,1.13739160685604,0.023469271943982725,0.03325911287431588
Random_7577,0.07100540986685003,1.0248968552095163,0.041086928500094655,0.019965746358021706
Random_7578,0.131632015306495,1.4526453470766945,0.03585989855730136,0.03484140369706883
Random_7579,0.24553056483338045,0.4273927405385731,0.013323281265200305,0.011049322144791703
Random_7580,0.24736826340417056,1.5256722655740036,0.04512337054095739,0.009352892518282307
Random_7581,0.19709924580297827,0.20010679213827606,0.03831778989211907,0.020780896725304056
Random_7582,0.1462934358623381,1.622418102397049,0.010805344761267283,0.02994746931515895
Random_7583,0.11357878630587953,1.9912240592087909,0.02917331485161747,0.023342514576914195
Random_7584,0.2226225953567309,1.8976964972287116,0.0218807072581706,0.03914344993142431
Random_7585,0.02256741611703617,0.2827148540133756,0.04507617291748709,0.014838383706044202
Random_7586,0.17964418451871333,1.8159303089360683,0.0018573145455333083,0.029957457199629976
Random_7587,0.04997408527275928,1.67965903238627,0.03835463680360751,0.020242965457720054
Random_7588,0.055580296415637435,1.6879268050955858,0.006482540518394089,0.030916564271304965
Random_7589,0.17129202043842923,1.4372809531266117,0.007947489482455843,0.02158132278949494
Random_7590,0.17566384141076816,0.6746822586441926,0.044562524875563704,0.021817909393944082
Random_7591,0.13611185547648993,0.6264216553694745,0.00885127419392993,0.03317832465630432
Random_7592,0.12020332662418723,0.7330061346651437,0.010424340676208437,0.03851002347228243
Random_7593,0.1859837430831578,0.40335291786494165,0.011617994710023779,0.02090084022395422
Random_7594,0.21795352979206473,1.8382731253341666,0.04401566689750937,0.037195221071198964
Random_7595,0.2584269459143981,0.4600069179016124,0.03334426624332286,0.029037371883313887
Random_7596,0.1888053074717872,0.593881057130387,0.013351529403934848,0.031205295635293527
Random_7597,0.17410552113798905,1.4702013984407514,0.004231369202166255,0.007143313781878364
Random_7598,0.043310943260149094,0.17929905059854956,0.02345737033548694,0.02550079107410317
Random_7599,0.24064289259238617,0.822596981259207,0.03725637760602687,0.03499338371804259
Random_7600,0.09034788133963183,1.3489549520647737,0.04135120878823691,0.01847199132537133
Random_7601,0.0887994056157542,1.8823088180938528,0.044784664167930505,0.008517436880598892
Random_7602,0.14631163350551488,0.10204293235476833,0.007002966792692898,0.024123764317025127
Random_7603,0.02746032298491408,0.2671519884919785,0.019090090523164013,0.029867896558065217
Random_7604,0.1127287377396179,1.477600070335694,0.018248628263988136,0.014155857139993039
Random_7605,0.06227227435126372,1.9800435261195952,0.047621629275644665,0.03273950384758767
Random_7606,0.10902753791794277,0.8766180330230726,0.012484576898537526,0.0323116577338885
Random_7607,0.11619247713348596,1.4478740177281406,0.03588859429441381,0.010566880995702542
Random_7608,0.03261279013219378,1.373881429662972,0.015002389676864111,0.020873291585745992
Random_7609,0.054944602762978946,1.572447656767176,0.012158161786804404,0.02851671475816293
Random_7610,0.2773609402883542,0.5656397887540371,0.043102825777976035,0.035893321441145355
Random_7611,0.2648890464743904,1.1774098621598479,0.024711418138496626,0.03303562847470748
Random_7612,0.12187905802749806,1.720999191374872,0.013388510843496057,0.037497473679399436
Random_7613,0.06930633864046938,1.1635147964891444,0.04548392144228289,0.036000174723955676
Random_7614,0.14575788958366045,1.8777710341554614,0.02878652916027321,0.018673837203289488
Random_7615,0.27587405797076514,0.27035081369066133,0.0037409114493153327,0.014992470525608998
Random_7616,0.29477305180773306,0.4307725522956134,0.033048879372839006,0.03165944479582509
Random_7617,0.20976022169945996,0.19314289278760952,0.004863275497459292,0.023957519329457378
Random_7618,0.12358303661128997,0.438027337750307,0.03590671159807108,0.008005372638124737
Random_7619,0.2694082136169924,1.4932190981032367,0.012341350175204848,0.003570781566772337
Random_7620,0.08222281924580838,0.9047413928390179,0.0024186167138267427,0.014288559839270083
Random_7621,0.29049889889004077,1.6116886478614292,0.0041042835311809415,0.039365064877828634
Random_7622,0.0258034236503752,1.8081565271231115,0.04840231143096467,0.008371936726273722
Random_7623,0.013398410555022413,0.5684574429241597,0.03519352100966739,0.039120504598637196
Random_7624,0.2481581603491553,1.7756975671720117,0.0186975894608603,0.0020216544136462244
Random_7625,0.27407965406893997,1.3857922805829535,0.016695525802987592,0.03004020632507096
Random_7626,0.19175663697901005,0.1325388962282259,0.040282771514799386,0.012287839104511651
Random_7627,0.015517420530216226,1.3079012787393884,0.00858806649837683,0.01779397262118596
Random_7628,0.21665980668404972,1.606126367232243,0.049466620385239864,0.0018424372499399454
Random_7629,0.24676978417245274,0.4727710104350872,0.04412731276847668,0.03161506157875108
Random_7630,0.2674634079576356,0.9309573849219369,0.007312471048616689,0.004519589129044637
Random_7631,0.10987568395931388,1.1458642938256618,0.045526148086653485,0.009374519866708775
Random_7632,0.05123820727931349,1.482550847331337,0.027710072901735792,0.026525162428312165
Random_7633,0.2994034910833379,1.1800926183765053,0.03840587198114047,0.01480913283216731
Random_7634,0.12645695246380115,1.3949031072063633,0.02123955284559506,0.026608634860912948
Random_7635,0.25968191284007625,1.6836403780119562,0.049975119858415455,0.019282590660531503
Random_7636,0.24893331099751922,1.6366723171762672,0.0026225060774229935,0.004434319870236439
Random_7637,0.020692900683552343,0.7947160485297743,0.045141131726876005,0.030309183813289054
Random_7638,0.23309300313933934,0.3115206089287278,0.010445549880645711,0.036910339178840734
Random_7639,0.2345222949023379,1.3566193535455977,0.005749221647467605,0.014143199575562367
Random_7640,0.20154901304932102,1.403831046528203,0.011578432440370223,0.009365938279672723
Random_7641,0.2751109834814063,0.46793790904667576,0.008565787337378979,0.027996618306730472
Random_7642,0.06316899804527278,0.12451972690374745,0.04016050793836702,0.010778408049264335
Random_7643,0.20244407949222798,0.6863448437945708,0.024618594729371793,0.02695940341198003
Random_7644,0.09824541034479214,1.7100470024320706,0.020615209869051725,0.024486435334407516
Random_7645,0.2863209902100308,1.8628154375965946,0.008523919288363335,0.021088824001470278
Random_7646,0.18123643098640693,1.0849439317385068,0.008664087480438933,0.021586649251829317
Random_7647,0.11113735200772969,1.3825815635131253,0.030963605387157835,0.035782718363202445
Random_7648,0.22000398481792602,1.0355846955846282,0.03784343390480041,0.02756925132328599
Random_7649,0.010085472548148948,1.9464325310371149,0.013315452784223438,0.03336595652463654
Random_7650,0.20795091597122195,1.7987752580616243,0.017409178950718675,0.03197295433398459
Random_7651,0.13245332267674217,1.4190750211941832,0.02454838090996601,0.002783488135348654
Random_7652,0.13499747522270106,1.6756140165792126,0.010719739760732202,0.007666278347994176
Random_7653,0.16898573318018653,1.1490385078354746,0.01955707651602815,0.01440473490310647
Random_7654,0.14084836360799707,0.9043468787999668,0.03280254105986236,0.024526268905550156
Random_7655,0.27416223827655634,0.19250450886460496,0.004097817224743346,0.02430017378203249
Random_7656,0.18690561921015117,1.7752362132506305,0.020342051701750016,0.033336784937557956
Random_7657,0.18859786125023253,0.5106171792234886,0.02937718658867252,0.028016458231698856
Random_7658,0.1928866426857739,1.931195527027342,0.04377017709643597,0.0115879885548002
Random_7659,0.14366042711306665,1.379803738912704,0.031126873884486542,0.03606901760639744
Random_7660,0.15790324445146925,1.8639629694270954,0.02201749935549146,0.034977658499157356
Random_7661,0.06947102576438571,1.7653502493538642,0.012135667361274503,0.025304264243689034
Random_7662,0.07531407052573019,1.5175665611139333,0.015158438568133224,0.018959040774481465
Random_7663,0.21122179098548885,0.8279653059979702,0.03698217832789502,0.03605799276839609
Random_7664,0.09376869468051217,0.8185257372989939,0.012358783651475417,0.009919002883883709
Random_7665,0.29377673561774137,1.2059152596804095,0.01960055537423874,0.02288724197482526
Random_7666,0.05332582610245597,0.1324209081710365,0.04554952785331043,0.023851325119446893
Random_7667,0.219805682042289,0.6308151542119877,0.04860062336993321,0.028809219311777042
Random_7668,0.04621484684802113,1.5319292887542828,0.015157744336025934,0.021199540624466055
Random_7669,0.10147091247904473,0.5880928687269898,0.016444728931683597,0.01721510303552107
Random_7670,0.02633958865527923,0.36158566328017294,0.0406073182222086,0.02551185883242378
Random_7671,0.20361141220715318,1.7215286353453638,0.010779800960036591,0.033410078626349066
Random_7672,0.12392009797735257,0.9191287992762959,0.008906859769326616,0.006926573040214289
Random_7673,0.16882511720409807,1.3856641631351179,0.04487525060624401,0.018647176783615608
Random_7674,0.2833825036460577,1.8929919756316955,0.0033311453490441944,0.028062840971284773
Random_7675,0.01973702578867476,1.6002204565835403,0.04482857524953828,0.03028851537865058
Random_7676,0.016075103245075054,1.1550370687994398,0.015146124822951471,0.016261324138455522
Random_7677,0.25032468177762,1.990889509369092,0.037771088804958095,0.025842972501656014
Random_7678,0.20906699385314886,1.3105149297007035,0.01259657646159901,0.012573836867183299
Random_7679,0.005328325056088965,0.3585064382845814,0.0014875501762528771,0.033125147151468984
Random_7680,0.14875316571156527,1.2952176397068393,0.027421022369346043,0.00931426894082171
Random_7681,0.175617730978035,0.87609297652042,0.005649367065500888,0.03456794622593456
Random_7682,0.15724216796462115,0.9141358869919305,0.010909141746555662,0.00757761408301419
Random_7683,0.21671128628787298,1.5413952129112212,0.003714657261714187,0.009243337250250724
Random_7684,0.24494113940840165,0.544922780561706,0.0365435826763214,0.034231430423154366
Random_7685,0.16253663267225715,1.999341982100651,0.029304387591901192,0.01215958026558878
Random_7686,0.18505186527334305,0.838310036560585,0.010817132898569292,0.021083486718320082
Random_7687,0.1597243140843448,0.3658298790857948,0.02604022290918385,0.003176104870515477
Random_7688,0.24342454534373242,0.28477163818300816,0.028265037979594957,0.021794421714563323
Random_7689,0.024803527588760282,0.13238907400233185,0.030322708332943288,0.034489149753626845
Random_7690,0.054210281946029754,0.5832595593915604,0.044850159453076736,0.03614979011939157
Random_7691,0.19788976802755548,0.4096822425310098,0.007392912612171531,0.026365563330509326
Random_7692,0.043925298855478856,0.8155652355879717,0.018937617574773326,0.03404346078114272
Random_7693,0.15934769946606125,1.619666693254668,0.04458835897689388,0.02722869257290892
Random_7694,0.0304811639925906,0.938309561527897,0.026825062080964465,0.01196983135040492
Random_7695,0.29469767843294004,0.6371707939210773,0.008985341412567523,0.027698322545342918
Random_7696,0.11482710434164158,0.8309237326144181,0.0422180091046274,0.029476442533761017
Random_7697,0.23500213537197814,0.907577411153757,0.03673129031559226,0.03930481797141896
Random_7698,0.2132520436033819,1.4118443240895886,0.00863468261656801,0.009117146009089788
Random_7699,0.01851484479426724,0.6348681916608232,0.04536713997921811,0.02386611051537086
Random_7700,0.25962322032994684,1.305693834572021,0.030409977378305218,0.018253868482225412
Random_7701,0.057218731331453575,1.4856358464898407,0.03740252677759843,0.03541614522150643
Random_7702,0.05088350248861999,0.12788838733672453,0.031072740350802857,0.0037254053819329464
Random_7703,0.17115177426724335,1.6183176396091028,0.017453051132998144,0.01129035011861194
Random_7704,0.14851864342946514,0.9571425814019067,0.01491430307321956,0.03422448055764584
Random_7705,0.10315930313387421,1.4395105278067155,0.017274557065775815,0.013221891145634514
Random_7706,0.20415639438366795,1.145485557411537,0.049234951188320414,0.03725521922633926
Random_7707,0.2152236374093534,0.7373901678518763,0.024377339383791705,0.03505062069791743
Random_7708,0.09937507015757706,0.49011766551768843,0.03128040545163702,0.022064469435862
Random_7709,0.20397186875305373,0.23812310263023587,0.011636008856658806,0.007665327995828886
Random_7710,0.02579458035513689,0.6576095553611101,0.0047472767505134465,0.007122594600084247
Random_7711,0.22668831312584503,0.4744770548319178,0.004711601513358662,0.018873973214226514
Random_7712,0.09896956274352914,0.5228955051018926,0.0476134698222607,0.03635749329499578
Random_7713,0.2398246233224939,1.9982282545523828,0.04176813189518114,0.039229564632848886
Random_7714,0.09557375059825715,0.1824098005563543,0.04923502417379197,0.03794803578882736
Random_7715,0.20460142534422135,0.2943532875769145,0.03892201676535219,0.029475729330676017
Random_7716,0.045160645900100174,0.40597180329628846,0.031137791571399395,0.031131781318892382
Random_7717,0.18021683036626412,0.8390871027724123,0.011439302170637149,0.022197830413177265
Random_7718,0.2182653541545992,1.1812365362466803,0.029315122384455005,0.017910841039858877
Random_7719,0.2198279102459316,0.6131904103676319,0.006253522167760364,0.02070786227505505
Random_7720,0.015199876271239147,0.16064833391373853,0.037808040536219355,0.01993635458064714
Random_7721,0.12887526233691424,0.3099599178219557,0.03053307198588756,0.01681774439225182
Random_7722,0.20185580740010112,1.4564907098301418,0.0031039012390406025,0.014781736934442787
Random_7723,0.2186788204035148,0.553832334384408,0.04969275724701295,0.020076727999206782
Random_7724,0.12260451194469221,1.6547742294145784,0.023896643206386427,0.03600184542564273
Random_7725,0.249220951115659,0.19600317272522166,0.03662017728783141,0.010404164470536548
Random_7726,0.015995608275341328,1.9107012507800583,0.04347612172177957,0.018523885520026193
Random_7727,0.24873983517325957,1.665227719884221,0.012872274338733267,0.007628516840520385
Random_7728,0.060664394793790356,1.702499380127946,0.02097359257188418,0.027264350996428884
Random_7729,0.03889606540010322,1.4600948971565342,0.04723853897985918,0.027248829641694977
Random_7730,0.13759067309163597,0.68598664312938,0.025316110252476546,0.00817209025750507
Random_7731,0.16630188250133685,0.2819902229250898,0.02343078333803368,0.010662922693673364
Random_7732,0.06952266898106428,1.8250021657120852,0.013894104016688037,0.027674714207605783
Random_7733,0.12818315899387078,0.1517067210717934,0.02105532835593824,0.02183927777595258
Random_7734,0.25921088339980325,1.5726970642369722,0.016150690927391142,0.008425951704864286
Random_7735,0.11521856782366816,1.0567501845198097,0.011844230948599693,0.008148324141882532
Random_7736,0.04147545490067542,1.6897892672571702,0.02347861461406007,0.022845595547027107
Random_7737,0.10735327810041355,1.9827907969134677,0.02551797686993552,0.014349402453634658
Random_7738,0.11893234983518709,1.5853524797179435,0.024210714451246014,0.010373080993891861
Random_7739,0.19692357488257892,1.9763551045196488,0.015599287307364294,0.03406679580597113
Random_7740,0.2023222239916987,1.6987136864545778,0.011575489779411686,0.03474875714589913
Random_7741,0.18931420922570583,0.45972597143683913,0.017613440290673105,0.026542935594884798
Random_7742,0.11018703345438398,1.3802087895200112,0.010874224330461434,0.02886023561634899
Random_7743,0.07849365014583645,1.9797938552900372,0.008858101835055105,0.02839432062851216
Random_7744,0.12569983018563824,1.901499248366274,0.048728616298741895,0.02908728798619545
Random_7745,0.029984811164508112,1.1353865486170693,0.03958107332629161,0.02521461524768913
Random_7746,0.07142275771259769,1.0433651795962202,0.03584322942137642,0.03293769914439229
Random_7747,0.12277327087750724,0.2314636313067774,0.0140943763563696,0.03781405889519274
Random_7748,0.030579680006045804,0.16114731916305713,0.0036674396735112947,0.008107359448383204
Random_7749,0.04987687547697361,1.2261352599763093,0.03381943894254142,0.018308197122965695
Random_7750,0.19470658666801102,1.6195383370239331,0.04971617019430811,0.02771267738497821
Random_7751,0.22977243976237607,1.6963329085377525,0.023443224738523415,0.03286468027548763
Random_7752,0.050695377498172586,1.6016138453624702,0.027631745371808847,0.031039320390549685
Random_7753,0.22382244336600152,0.3094831372001983,0.046679379674453764,0.029691537590269285
Random_7754,0.011408070082592762,1.772219934071799,0.017869985163763247,0.006815695096618415
Random_7755,0.08522754064005751,1.602869623839254,0.0476454144178551,0.01137535859175012
Random_7756,0.14049582690264834,1.4531989423619136,0.030019671943286256,0.0046650171503512935
Random_7757,0.09246285851109079,0.14378655382626282,0.039872512423693676,0.027729447844966344
Random_7758,0.10102438998181194,0.19624876912890837,0.04240789262383742,0.003694125048681631
Random_7759,0.061082498074650673,1.8760573855438147,0.012608136644469914,0.03713437229080496
Random_7760,0.19856286094842576,1.3248833645708193,0.014152566441697927,0.03812322998782221
Random_7761,0.09222740477560684,1.9848565574418375,0.03144838796785717,0.009204876130112255
Random_7762,0.24043446712639108,0.7590619633364255,0.016292625241074762,0.03056786776061435
Random_7763,0.1300485804574097,1.1497802526929655,0.026267311692174007,0.03266159958888656
Random_7764,0.06384705122598162,0.40170115235666637,0.008531482817718369,0.02145491586725961
Random_7765,0.17790637432943454,1.2152741921868027,0.023659996693761665,0.002571605993213125
Random_7766,0.029551198252948725,1.502935490408682,0.04213883462609213,0.03234483330201785
Random_7767,0.10890569458373195,0.2030038324707883,0.025333310190347465,0.02968192740174728
Random_7768,0.06261064185315045,0.26212514232383916,0.03230956616685124,0.010803213639208359
Random_7769,0.0587634326427501,1.7212201319093878,0.03643768871389852,0.00424076197657804
Random_7770,0.030920940122896635,0.6204083459601439,0.03769430459148239,0.03127180434499159
Random_7771,0.036685000958620255,1.8958663991319533,0.03466907238048543,0.03444167266648676
Random_7772,0.12964439380956205,0.5421260812345559,0.025077888029826866,0.011802798938349176
Random_7773,0.06723548943768556,0.3532099831955061,0.037401492270774495,0.03802911025918923
Random_7774,0.23895814944892727,1.5959837296521213,0.029869928164216113,0.03032580662686109
Random_7775,0.2090170182911319,1.6513325835590231,0.0032114601034512868,0.016968530592094314
Random_7776,0.165477244614638,0.45239269306661656,0.008297209424638529,0.015565235574230164
Random_7777,0.26529230907493145,0.17065388337228404,0.028031106248090906,0.02743124618508911
Random_7778,0.19318355829151468,0.38959178705892406,0.0153810250589199,0.004158707877239093
Random_7779,0.21177917892460782,0.9146973819294028,0.02434172041985525,0.027473226358550533
Random_7780,0.13979519415227964,0.321197951491274,0.023424349170600545,0.0316702032637906
Random_7781,0.11457269233243791,1.5843182295685265,0.0211802792319515,0.01032554911016854
Random_7782,0.21695023836772498,0.6663041445276622,0.04098755781321305,0.03945980964352708
Random_7783,0.19982135565966402,0.5517945144443109,0.019590890798485423,0.022727421988501518
Random_7784,0.03241763197977494,0.486248359495025,0.028990861815037343,0.0016159090881348909
Random_7785,0.13152081344156943,0.2562056335530845,0.049288248030389004,0.00732263637226293
Random_7786,0.03791405244202629,1.4123421602030635,0.04653111861274877,0.02166508975481505
Random_7787,0.2679467624645021,0.2590406511424193,0.026981475073121645,0.009002151216676843
Random_7788,0.29893372123278156,0.8172647422548784,0.04616746776110465,0.01231184919811636
Random_7789,0.08249380318609205,0.5072987189479313,0.024576650743455282,0.006890359439188442
Random_7790,0.007233382000943154,0.4106101477262979,0.01870988482023805,0.021678305267557995
Random_7791,0.2003565369322121,0.25681582568936207,0.031979816904046436,0.030035431152657076
Random_7792,0.16551942649941848,0.35391429464340485,0.026975488232550898,0.03814906392682359
Random_7793,0.2521242567898823,0.3477070577389888,0.006485844101286883,0.023115934217300647
Random_7794,0.10403325630339838,1.064448006854122,0.030751113892540243,0.009954424952217926
Random_7795,0.22842995237817001,0.16631037372651397,0.0036366130171791096,0.03295337195524522
Random_7796,0.14811723257580062,1.9965442450814213,0.01125494777212864,0.022128042005506037
Random_7797,0.0868084506900414,1.761873884360002,0.029561655202506937,0.03658425119269881
Random_7798,0.18772405410008325,1.1732533931301368,0.045159458996781664,0.007352694745861845
Random_7799,0.1834705877076461,0.7251390355281521,0.03528707586996918,0.011407094432250992
Random_7800,0.02065689349879723,1.9673613871990376,0.025263313175545744,0.034371033770084033
Random_7801,0.18137286870707245,1.8175599645431089,0.030260284252170578,0.0032984741091033978
Random_7802,0.18345055547463857,1.2412927431571703,0.0029028848786094926,0.03981893797678264
Random_7803,0.14119426346052355,1.578469531216255,0.004144239525289555,0.014276074388900929
Random_7804,0.18438420287403895,0.3292304561841697,0.0038679943870271612,0.016942380605610693
Random_7805,0.12304588579117065,0.6446593716702024,0.033431389328909177,0.011700936546714627
Random_7806,0.24347228174542862,1.870515401455882,0.03418657929975828,0.003189027977255207
Random_7807,0.1765102219946242,1.8517392295491126,0.021011102112960502,0.010873775671361378
Random_7808,0.28091017989437167,0.581421552225667,0.004761931034169796,0.009684368807167804
Random_7809,0.04649130034709179,0.9875874314008317,0.04348719245901883,0.037466485292452834
Random_7810,0.1659421773150651,1.540514997245675,0.01819012378663676,0.03557050952844859
Random_7811,0.24942043934785854,0.18363154034811685,0.040184226029687325,0.011461016536303433
Random_7812,0.03217282313311977,1.6934007646670621,0.031608729288935405,0.022621035641527617
Random_7813,0.13170276100719577,0.12096039050181924,0.03254172201967853,0.0014844334358530915
Random_7814,0.2879675753327874,0.21829482962795205,0.00933998621534841,0.024772898882449147
Random_7815,0.08110635869012119,0.9459018043150741,0.010064599259352481,0.0332312511320947
Random_7816,0.006290936155853045,1.0586107822146846,0.04456171655811995,0.03123675746579239
Random_7817,0.10844508342538373,0.8742023613664928,0.047435236296969885,0.011523529508002749
Random_7818,0.10366520761218849,1.161134638663141,0.0343095671079203,0.02904262401689439
Random_7819,0.08683308173440785,0.40161576662595744,0.02255853000329144,0.03591735697991148
Random_7820,0.009877124993386718,0.3291925491461998,0.020984238362193954,0.031720558521582065
Random_7821,0.030581511999575567,1.4378297504882036,0.037477416452062456,0.006031870990197998
Random_7822,0.19298269900573548,0.10930030937135109,0.03601415638105291,0.026588566833448866
Random_7823,0.11407369151444127,0.18421816937153485,0.029448671281721267,0.01877441412108471
Random_7824,0.06662651766175483,0.4385603531277713,0.037318131190121194,0.01195595523182804
Random_7825,0.16679497224290468,1.809692463357372,0.020154642341128258,0.007175400772562985
Random_7826,0.2962186456864087,0.15774469290334467,0.02076241214125471,0.009371570282010678
Random_7827,0.13809758264926972,0.5262538408523438,0.022050985988648568,0.03239171082174548
Random_7828,0.26341888807803265,1.4053287263980512,0.02578794286854236,0.024943312866749067
Random_7829,0.24014452221746493,1.631913866753659,0.013005908308257229,0.023768784066391834
Random_7830,0.25821108162497847,0.8728849859329814,0.019117774053867956,0.03045914710980043
Random_7831,0.21509949688537658,1.3867469744152416,0.04633213017700075,0.030020658047109097
Random_7832,0.11776067776121987,1.3654431756670815,0.004623592925842084,0.03190011389472373
Random_7833,0.142444040762596,0.2921096033428986,0.0423538717988864,0.01991204738830327
Random_7834,0.055082517978634324,1.3806376254049775,0.0022710245709867787,0.013338788497176245
Random_7835,0.22648120896936785,0.9759796718530493,0.04405359077977096,0.014541782375711076
Random_7836,0.16848431229555286,1.3180942115552654,0.029195361596746235,0.025447698063588296
Random_7837,0.027300040266168616,0.6938258250490188,0.0445952815065854,0.012461072115521745
Random_7838,0.27031633136081834,1.393893930631436,0.007096363612481945,0.004641644128723734
Random_7839,0.1424681116133975,1.3911543269894575,0.02380695300306541,0.00519694752265934
Random_7840,0.014092780683175429,1.7897937790286242,0.0409351679164388,0.02111725894032506
Random_7841,0.23135717994794275,1.8808561812207558,0.02272557325316773,0.02782393997632586
Random_7842,0.08710085815133682,0.1288990259575693,0.010610299027336734,0.010970781392754217
Random_7843,0.2409667659967419,0.4957246835906448,0.017675117444131777,0.002521289640604615
Random_7844,0.22141431452014118,0.8770900587268307,0.014050927826882546,0.0012547343221804912
Random_7845,0.1889625564083187,0.6296945948017272,0.02620765689482968,0.027406999135167327
Random_7846,0.15638366482897859,1.889876856490725,0.013108468575331184,0.011969186536794546
Random_7847,0.020920755930100125,0.9484873893918719,0.011261760803150604,0.015924061719082838
Random_7848,0.2508688320424788,0.40099117932570416,0.01887687940241262,0.03718457656224114
Random_7849,0.039967552714629304,1.2046986968769693,0.039846835681714085,0.029062058290521567
Random_7850,0.09763680611683691,1.0930116233451783,0.022564545637092894,0.03419568738454313
Random_7851,0.1126438218888424,0.5761851182213015,0.04182287592263763,0.037212040624714775
Random_7852,0.07147596825222924,1.5548685722812359,0.026356849910549388,0.029370159190695105
Random_7853,0.13928251065693853,0.5498771925359769,0.015093093486591908,0.02627158507835072
Random_7854,0.012900164466184118,1.1105430613845215,0.009098345427408745,0.004995155026509861
Random_7855,0.11236659337301064,0.42646915750339176,0.024602368682349267,0.032782561046437446
Random_7856,0.2298402146324026,0.40212523600342476,0.03569304690674147,0.034829791859637416
Random_7857,0.07354858083458556,1.900718575307044,0.03185900509998325,0.03584936692107622
Random_7858,0.05995449863117066,0.6614731433993151,0.005872167123964411,0.007824129309098433
Random_7859,0.2852451239163895,0.752571329540854,0.03809983276826922,0.0399334676447679
Random_7860,0.15188555639384735,0.7456439396016918,0.046889074962834724,0.017932263929945833
Random_7861,0.1398244780137243,1.783196157463988,0.0194194782590035,0.02568888288504088
Random_7862,0.08304977980767324,0.2817418847018658,0.030354468218952404,0.03656195516196184
Random_7863,0.29947482404623993,0.6838760972950142,0.02544355705912304,0.015084295669653271
Random_7864,0.1253970615018761,0.7345068676738649,0.003834918922831647,0.028249774895116295
Random_7865,0.20547408514720086,0.711594567396489,0.0323241616758614,0.027504131208010752
Random_7866,0.29902992982400456,1.245349692645134,0.04202062485559632,0.016215165349797386
Random_7867,0.03532784817024143,1.8645704511615602,0.01553601776950633,0.01799209689972379
Random_7868,0.018924736011181015,0.7025940900399132,0.020447981674175324,0.005735288581192404
Random_7869,0.10303857819806293,1.6345322731084395,0.03364704354519643,0.0018029860077345549
Random_7870,0.2622691017207065,1.1125803288311114,0.03361567374693537,0.031007270349181076
Random_7871,0.17898938085741017,1.9163006673869254,0.023700275058641508,0.033590469780685576
Random_7872,0.28687830006048626,1.1776701683300874,0.020076899619759503,0.022205276044891836
Random_7873,0.2367003727583783,0.7064735631836652,0.004392102745045445,0.027001767794462145
Random_7874,0.13406640349017307,0.4481195586189225,0.031672272478418605,0.013183371771081795
Random_7875,0.24645956558524804,1.6857372851623396,0.004534235199301533,0.007788252813606773
Random_7876,0.06034568579430026,0.24659811668262188,0.01661691743366027,0.026695497898528427
Random_7877,0.04861043263919155,1.8131014881932497,0.035778920304582046,0.007269990001336482
Random_7878,0.1843642739874209,0.6872602473451302,0.03368159278336401,0.0037404638848222006
Random_7879,0.062059038381624895,1.3063599151881349,0.020439609695099593,0.03937810614796811
Random_7880,0.14151506798989988,0.658234430063777,0.03272140011121807,0.00958812658492629
Random_7881,0.275427737645549,1.8750248970854784,0.03861749630470432,0.02154837532534491
Random_7882,0.2740246791873771,0.30435814510364756,0.005979735437767364,0.0010548009966456224
Random_7883,0.027572231779074658,1.519387180333112,0.028711321420767,0.03003936739565548
Random_7884,0.2059751317544036,1.431964755605419,0.03723840354811368,0.035153124687551954
Random_7885,0.04921250326979748,0.6008333367423464,0.031452064522170156,0.0323511631454129
Random_7886,0.09076601577740229,1.6161658289568313,0.04220782364545298,0.012475233765469218
Random_7887,0.11008497409893765,0.7620607045441826,0.038936284160857704,0.0019368674213992153
Random_7888,0.0883712450676227,1.6635039519895174,0.006141481551079181,0.018089983733189263
Random_7889,0.29466349843309203,1.7956106234675078,0.008863826846324297,0.023399936403540034
Random_7890,0.2942463106229194,1.3664184487091229,0.027475181666903967,0.02916051430514193
Random_7891,0.03158526312742933,0.16718647087895983,0.02080568203369087,0.016617842152939082
Random_7892,0.13214568943669078,0.9568144198517665,0.04234261514975631,0.011521079467977285
Random_7893,0.2931455923788414,1.9950322246932324,0.03800297232357496,0.020405158215189463
Random_7894,0.20591017159295752,1.1151597791965993,0.03517529210774155,0.033742087571993776
Random_7895,0.21541360118848715,1.1484272135670643,0.025394466104221206,0.018134266727956393
Random_7896,0.019974626919296638,1.1433943393659665,0.026039540351534253,0.0354777328976432
Random_7897,0.03462817665066164,1.478553741037762,0.023052577894602237,0.02383740294607769
Random_7898,0.1271515825442726,0.1470372439720551,0.001842345527172026,0.0057642784126373265
Random_7899,0.14049187570556,1.5753885890469193,0.024420868883964445,0.03947377222981323
Random_7900,0.22342130324147422,0.9661100907144503,0.023288637409973303,0.010875003808191386
Random_7901,0.2622198167286847,0.7358263780574085,0.01222714149109537,0.011557647563327854
Random_7902,0.2893845572626393,0.8703483699004705,0.02074343005077552,0.008027423297588175
Random_7903,0.16894095346886218,0.5724932420558666,0.022034563225780443,0.011390794708257195
Random_7904,0.20601678036106297,1.6632924930865662,0.046038824481365814,0.031494815360535125
Random_7905,0.02767808246467102,1.6032055971593688,0.032269468636251665,0.03332855537142287
Random_7906,0.1043507864230472,0.8244212852016997,0.01816306394932026,0.0033057673322299252
Random_7907,0.007038952114661847,1.4707482119354758,0.028574025214540003,0.0027332493193241406
Random_7908,0.1305232676779336,0.7195396235061285,0.040754863746470506,0.0321246308217314
Random_7909,0.2512812017376931,1.0593182526046538,0.027567899517753305,0.012880003050064669
Random_7910,0.25148061337466426,0.9134584980122527,0.02789808574146487,0.004011540600174975
Random_7911,0.08764840835566272,1.0871744486473125,0.044084826007355755,0.013795237724047414
Random_7912,0.013785984743880292,0.9414529548501321,0.04412336021878489,0.023096715354074118
Random_7913,0.04296159227547795,1.7274968170632508,0.02553049918397555,0.032024758220048466
Random_7914,0.125910255592094,1.5920131675376723,0.01589412868054658,0.019489798097240274
Random_7915,0.15032395368584978,1.672062616716466,0.018957293987457758,0.018999684504736887
Random_7916,0.19996541706934354,1.2658601500174915,0.01311959034872541,0.007807459121374786
Random_7917,0.152780842893321,0.36242365077644056,0.04957195142069499,0.008063469288260558
Random_7918,0.2962893240032236,0.7474764944459718,0.0453289808324762,0.034080344741563094
Random_7919,0.09743795232112122,1.9266104019832608,0.03872071622851195,0.002898062063426379
Random_7920,0.2888853749147189,0.8510366990931592,0.02103126312113486,0.006123131436280024
Random_7921,0.10084746750593122,1.9504347603212597,0.04078503121076842,0.0021796653758362
Random_7922,0.024592339273976895,0.9866850762652607,0.020328301682490477,0.03342744952789897
Random_7923,0.24682813253719763,1.708591257104991,0.016208188612273227,0.030548813256425163
Random_7924,0.03782042215194222,0.620511535763015,0.037258215533915284,0.017822064972444925
Random_7925,0.13826597426058979,0.10161059607945386,0.014797061333431758,0.032010296936015786
Random_7926,0.050313466417447085,0.7561220001608675,0.045373188338533266,0.0331215714098771
Random_7927,0.29024712796399993,1.2517679935687374,0.02852627216415971,0.02156994399976065
Random_7928,0.005279098547706224,1.6691931700472284,0.019401594642695728,0.03036091092910721
Random_7929,0.2928263543120875,0.6612085837672012,0.03124784749314838,0.004580913219399482
Random_7930,0.27942668744714033,1.8474003023808088,0.045818583723089126,0.014444311684877791
Random_7931,0.26233120436725715,0.3991176642815084,0.047122327071116486,0.03680270577371761
Random_7932,0.2739692952713005,0.6052341132275754,0.04651227924163172,0.03239068448052015
Random_7933,0.06300413771260066,1.9216182466288863,0.008680541030602465,0.0030263059505367972
Random_7934,0.14401038609014372,1.5982128252868322,0.04077499769070018,0.01890699371495313
Random_7935,0.13807478733778952,1.7657784374939336,0.024577469009928875,0.01702808626427921
Random_7936,0.28949712418509116,0.6893613956098162,0.010009005118070829,0.010765806828899348
Random_7937,0.046344387595890095,0.8644340970950041,0.013771044814777898,0.030703240581023798
Random_7938,0.23994013045505866,1.5646350310415456,0.0381338983885594,0.02670381307798466
Random_7939,0.22339423177434756,0.566158977166698,0.041189368334887795,0.028238393847393718
Random_7940,0.27273458783480403,1.497750858566652,0.009057525117249741,0.03959286259256623
Random_7941,0.0420499766582293,1.0161630280720138,0.015264233261228766,0.004047020959500405
Random_7942,0.16843078024520647,1.1024160821165476,0.024476161623476336,0.027556861906914643
Random_7943,0.1366480839776187,0.5838538297340142,0.0011253076963460575,0.013966118318962387
Random_7944,0.16655491330327366,0.1638093871356902,0.04434045871137997,0.01375051960257069
Random_7945,0.050623433960178384,1.4320541150326664,0.0166736635381417,0.039561620928132424
Random_7946,0.02567241756705864,0.4628880558975387,0.013694790832633912,0.010065569312490627
Random_7947,0.23177664640145199,1.0860546999042622,0.02348056526976144,0.011576678764694114
Random_7948,0.25279017827772554,1.6239956792427948,0.03872788819483606,0.017036004955170693
Random_7949,0.05659457238117278,1.6543519924470085,0.024944945282560853,0.00692622088928554
Random_7950,0.2318694381868711,1.793182138558569,0.013959071686767202,0.020279462227334004
Random_7951,0.06655091342593777,1.033499184713592,0.03273961016846583,0.027902766075357445
Random_7952,0.09715339863621099,0.41234688381158113,0.036085113156459014,0.02002158479217966
Random_7953,0.04612458811356457,1.1387775376252136,0.009418483125554038,0.034397622679930996
Random_7954,0.1407461881912877,1.2445308652983749,0.010542834472009838,0.012119815946092901
Random_7955,0.15661662353799863,1.5848018711576066,0.01462265575606092,0.008627263372531929
Random_7956,0.26397869100805765,0.5517492460680642,0.03699401514380336,0.021713667907747824
Random_7957,0.22133013991376324,1.3152623157660526,0.004510532525823445,0.02483614145138297
Random_7958,0.23105336361301182,0.8575402081645035,0.005017243289801642,0.002630241984974437
Random_7959,0.18425215996484076,1.6014889332747526,0.031142504833251986,0.006635398317914321
Random_7960,0.21264893466601428,1.2367017061002155,0.025601993966496463,0.03068798372555271
Random_7961,0.057731907617705934,0.6397955428641061,0.02486843414461339,0.03224970191768661
Random_7962,0.2702688861500021,0.9190243384465518,0.017776194756319027,0.025711244067295476
Random_7963,0.06941535861285107,0.5073327733089503,0.018493819437980338,0.005349588730196105
Random_7964,0.2797863814741867,0.1531865431597755,0.03665274700115239,0.02155600179577966
Random_7965,0.03384100076341708,1.4861696125449162,0.03739726613635257,0.0012445131313354066
Random_7966,0.19759630725267957,1.2947205077822042,0.02948564223809215,0.030412492666753742
Random_7967,0.03441969865567747,0.23201374746849304,0.02450535719788848,0.006700010979183501
Random_7968,0.059510926042372354,0.4118646005209209,0.039302445092150924,0.014524495171268859
Random_7969,0.16463072914650764,0.9444159624495275,0.02333767873877001,0.025661676090390877
Random_7970,0.032357775053319535,1.9670300216721948,0.022929963540133,0.007965146534502955
Random_7971,0.022959359501842636,1.5425140817081595,0.014695438493351285,0.025252247721549253
Random_7972,0.05245402611642775,1.6288866587000583,0.035206802682143205,0.023486957135871487
Random_7973,0.22469469724664962,0.3618460621231967,0.014892066977167773,0.03640711940903178
Random_7974,0.19958889698141075,0.27123718792305884,0.0036633716520547113,0.02996243758083766
Random_7975,0.13566077848856128,0.6842366472071278,0.01958756471475074,0.034995879184310526
Random_7976,0.2774411034351836,1.2015145727895649,0.02573768667668702,0.020040445676011733
Random_7977,0.03534564393453617,0.5291009652240793,0.01884611039307713,0.010746927319195892
Random_7978,0.12191678371667464,0.9243207262201469,0.003186522891131304,0.0041423559400345575
Random_7979,0.2638856872868994,1.4125776416220754,0.02221616112819929,0.0383945073255673
Random_7980,0.15216512593011955,1.716105127940241,0.03999554018313781,0.010151294176340961
Random_7981,0.14496450941417174,0.5026249017746877,0.020794274412191463,0.02520100305815506
Random_7982,0.17299166435400964,1.5871306298312708,0.02815099830095935,0.03202095438823728
Random_7983,0.0775583518421091,0.3911957994743741,0.038749989594505284,0.023100508182866165
Random_7984,0.11214002837968579,1.8450132482452184,0.019195856552924835,0.004425867197055464
Random_7985,0.28425525434594784,1.714930135727938,0.03965023677799809,0.010965042816341464
Random_7986,0.24249314397516994,0.13720617730712842,0.03152449138431895,0.029099776121940927
Random_7987,0.2949223960580311,1.6618518983799904,0.02379013012949291,0.0019506595752376763
Random_7988,0.22073032620723657,1.3901544163337254,0.010473387051571335,0.028034009466649825
Random_7989,0.16248063497265933,1.013090859486637,0.04765452690709812,0.007276269957827043
Random_7990,0.12095167968427376,0.9663232228416836,0.03833058468062544,0.025483998378090518
Random_7991,0.1407513195500139,0.13229524587379587,0.04362367807949775,0.004610468111665921
Random_7992,0.2001435014591044,0.9879606133020157,0.03901589755196439,0.023140550881661517
Random_7993,0.22283932822820623,0.8510597404021327,0.027983200961949964,0.0156107090149211
Random_7994,0.2829221654318627,1.1605197835609324,0.010379438774582757,0.019263590017101054
Random_7995,0.13701874658621277,1.4119113292379157,0.022114886496736003,0.025997468917286826
Random_7996,0.1813887905273392,0.6961730198077594,0.0016503386119469075,0.01763350151436218
Random_7997,0.15800381267116698,1.1827900999078178,0.024839201384567494,0.01559766351101963
Random_7998,0.1822027135802534,0.4095492890068526,0.00887385060634828,0.005570095893255002
Random_7999,0.02039880084134802,1.749895089233848,0.009158501476250618,0.0025577574621520535
